2025-10-31 10:16:52,733 - INFO - ====== WebDriver manager ======
2025-10-31 10:16:57,218 - INFO - Get LATEST chromedriver version for google-chrome
2025-10-31 10:16:57,561 - INFO - Get LATEST chromedriver version for google-chrome
2025-10-31 10:16:57,810 - INFO - Get LATEST chromedriver version for google-chrome
2025-10-31 10:16:58,450 - INFO - WebDriver version 141.0.7390.122 selected
2025-10-31 10:16:58,454 - INFO - Modern chrome version https://storage.googleapis.com/chrome-for-testing-public/141.0.7390.122/win32/chromedriver-win32.zip
2025-10-31 10:16:58,454 - INFO - About to download new driver from https://storage.googleapis.com/chrome-for-testing-public/141.0.7390.122/win32/chromedriver-win32.zip
2025-10-31 10:16:58,701 - INFO - Driver downloading response is 200
2025-10-31 10:17:00,883 - INFO - Get LATEST chromedriver version for google-chrome
2025-10-31 10:17:01,282 - INFO - Driver has been saved in cache [C:\Users\Plutomen Tech1\.wdm\drivers\chromedriver\win64\141.0.7390.122]
2025-10-31 10:17:05,300 - ERROR - Failed to initialize WebDriver: Message: session not created: Chrome failed to start: crashed.
  (session not created: DevToolsActivePort file doesn't exist)
  (The process started from chrome location C:\Program Files\Google\Chrome\Application\chrome.exe is no longer running, so ChromeDriver is assuming that Chrome has crashed.); For documentation on this error, please visit: https://www.selenium.dev/documentation/webdriver/troubleshooting/errors#sessionnotcreatedexception
Stacktrace:
	GetHandleVerifier [0x0xaffe43+66515]
	GetHandleVerifier [0x0xaffe84+66580]
	(No symbol) [0x0x8edc48]
	(No symbol) [0x0x923923]
	(No symbol) [0x0x91ea2a]
	(No symbol) [0x0x966ffc]
	(No symbol) [0x0x9668fa]
	(No symbol) [0x0x95afc6]
	(No symbol) [0x0x92c2ca]
	(No symbol) [0x0x92d154]
	GetHandleVerifier [0x0xd57353+2521315]
	GetHandleVerifier [0x0xd522d3+2500707]
	GetHandleVerifier [0x0xb27c94+229924]
	GetHandleVerifier [0x0xb181f8+165768]
	GetHandleVerifier [0x0xb1ecad+193085]
	GetHandleVerifier [0x0xb08158+100072]
	GetHandleVerifier [0x0xb082f0+100480]
	GetHandleVerifier [0x0xaf25aa+11066]
	BaseThreadInitThunk [0x0x752d5d49+25]
	RtlInitializeExceptionChain [0x0x7708d6db+107]
	RtlGetAppContainerNamedObjectPath [0x0x7708d661+561]

2025-10-31 10:17:05,303 - ERROR - Failed to initialize WhatsApp sender: Message: session not created: Chrome failed to start: crashed.
  (session not created: DevToolsActivePort file doesn't exist)
  (The process started from chrome location C:\Program Files\Google\Chrome\Application\chrome.exe is no longer running, so ChromeDriver is assuming that Chrome has crashed.); For documentation on this error, please visit: https://www.selenium.dev/documentation/webdriver/troubleshooting/errors#sessionnotcreatedexception
Stacktrace:
	GetHandleVerifier [0x0xaffe43+66515]
	GetHandleVerifier [0x0xaffe84+66580]
	(No symbol) [0x0x8edc48]
	(No symbol) [0x0x923923]
	(No symbol) [0x0x91ea2a]
	(No symbol) [0x0x966ffc]
	(No symbol) [0x0x9668fa]
	(No symbol) [0x0x95afc6]
	(No symbol) [0x0x92c2ca]
	(No symbol) [0x0x92d154]
	GetHandleVerifier [0x0xd57353+2521315]
	GetHandleVerifier [0x0xd522d3+2500707]
	GetHandleVerifier [0x0xb27c94+229924]
	GetHandleVerifier [0x0xb181f8+165768]
	GetHandleVerifier [0x0xb1ecad+193085]
	GetHandleVerifier [0x0xb08158+100072]
	GetHandleVerifier [0x0xb082f0+100480]
	GetHandleVerifier [0x0xaf25aa+11066]
	BaseThreadInitThunk [0x0x752d5d49+25]
	RtlInitializeExceptionChain [0x0x7708d6db+107]
	RtlGetAppContainerNamedObjectPath [0x0x7708d661+561]

2025-10-31 10:17:18,374 - INFO - ====== WebDriver manager ======
2025-10-31 10:17:22,100 - INFO - Get LATEST chromedriver version for google-chrome
2025-10-31 10:17:22,411 - INFO - Get LATEST chromedriver version for google-chrome
2025-10-31 10:17:22,652 - INFO - Driver [C:\Users\Plutomen Tech1\.wdm\drivers\chromedriver\win64\141.0.7390.122\chromedriver-win32/chromedriver.exe] found in cache
2025-10-31 10:17:25,384 - ERROR - Failed to initialize WebDriver: Message: session not created: Chrome failed to start: crashed.
  (session not created: DevToolsActivePort file doesn't exist)
  (The process started from chrome location C:\Program Files\Google\Chrome\Application\chrome.exe is no longer running, so ChromeDriver is assuming that Chrome has crashed.); For documentation on this error, please visit: https://www.selenium.dev/documentation/webdriver/troubleshooting/errors#sessionnotcreatedexception
Stacktrace:
	GetHandleVerifier [0x0xaffe43+66515]
	GetHandleVerifier [0x0xaffe84+66580]
	(No symbol) [0x0x8edc48]
	(No symbol) [0x0x923923]
	(No symbol) [0x0x91ea2a]
	(No symbol) [0x0x966ffc]
	(No symbol) [0x0x9668fa]
	(No symbol) [0x0x95afc6]
	(No symbol) [0x0x92c2ca]
	(No symbol) [0x0x92d154]
	GetHandleVerifier [0x0xd57353+2521315]
	GetHandleVerifier [0x0xd522d3+2500707]
	GetHandleVerifier [0x0xb27c94+229924]
	GetHandleVerifier [0x0xb181f8+165768]
	GetHandleVerifier [0x0xb1ecad+193085]
	GetHandleVerifier [0x0xb08158+100072]
	GetHandleVerifier [0x0xb082f0+100480]
	GetHandleVerifier [0x0xaf25aa+11066]
	BaseThreadInitThunk [0x0x752d5d49+25]
	RtlInitializeExceptionChain [0x0x7708d6db+107]
	RtlGetAppContainerNamedObjectPath [0x0x7708d661+561]

2025-10-31 10:17:25,397 - ERROR - Failed to initialize WhatsApp sender: Message: session not created: Chrome failed to start: crashed.
  (session not created: DevToolsActivePort file doesn't exist)
  (The process started from chrome location C:\Program Files\Google\Chrome\Application\chrome.exe is no longer running, so ChromeDriver is assuming that Chrome has crashed.); For documentation on this error, please visit: https://www.selenium.dev/documentation/webdriver/troubleshooting/errors#sessionnotcreatedexception
Stacktrace:
	GetHandleVerifier [0x0xaffe43+66515]
	GetHandleVerifier [0x0xaffe84+66580]
	(No symbol) [0x0x8edc48]
	(No symbol) [0x0x923923]
	(No symbol) [0x0x91ea2a]
	(No symbol) [0x0x966ffc]
	(No symbol) [0x0x9668fa]
	(No symbol) [0x0x95afc6]
	(No symbol) [0x0x92c2ca]
	(No symbol) [0x0x92d154]
	GetHandleVerifier [0x0xd57353+2521315]
	GetHandleVerifier [0x0xd522d3+2500707]
	GetHandleVerifier [0x0xb27c94+229924]
	GetHandleVerifier [0x0xb181f8+165768]
	GetHandleVerifier [0x0xb1ecad+193085]
	GetHandleVerifier [0x0xb08158+100072]
	GetHandleVerifier [0x0xb082f0+100480]
	GetHandleVerifier [0x0xaf25aa+11066]
	BaseThreadInitThunk [0x0x752d5d49+25]
	RtlInitializeExceptionChain [0x0x7708d6db+107]
	RtlGetAppContainerNamedObjectPath [0x0x7708d661+561]

2025-10-31 11:02:35,724 - ERROR - Failed to initialize WebDriver: No module named 'psutil'
2025-10-31 11:02:35,725 - ERROR - Failed to initialize WhatsApp sender: No module named 'psutil'
2025-10-31 11:03:30,613 - ERROR - Failed to initialize WebDriver: No module named 'psutil'
2025-10-31 11:03:30,613 - ERROR - Failed to initialize WhatsApp sender: No module named 'psutil'
2025-10-31 11:19:33,623 - ERROR - Failed to initialize WebDriver: No module named 'psutil'
2025-10-31 11:19:33,624 - ERROR - Failed to initialize WhatsApp sender: No module named 'psutil'
2025-10-31 11:38:02,128 - INFO - Attempting to close existing Chrome processes...
2025-10-31 11:38:04,362 - INFO - ====== WebDriver manager ======
2025-10-31 11:38:08,139 - INFO - Get LATEST chromedriver version for google-chrome
2025-10-31 11:38:08,857 - INFO - Get LATEST chromedriver version for google-chrome
2025-10-31 11:38:09,424 - INFO - Driver [C:\Users\Plutomen Tech1\.wdm\drivers\chromedriver\win64\141.0.7390.122\chromedriver-win32/chromedriver.exe] found in cache
2025-10-31 11:38:14,384 - INFO - WebDriver initialized successfully
2025-10-31 11:39:08,058 - INFO - WhatsApp Web loaded successfully
2025-10-31 11:42:02,524 - INFO - ====== WebDriver manager ======
2025-10-31 11:42:06,000 - INFO - Get LATEST chromedriver version for google-chrome
2025-10-31 11:42:06,612 - INFO - Get LATEST chromedriver version for google-chrome
2025-10-31 11:42:07,270 - INFO - Driver [C:\Users\Plutomen Tech1\.wdm\drivers\chromedriver\win64\141.0.7390.122\chromedriver-win32/chromedriver.exe] found in cache
2025-10-31 11:42:11,187 - INFO - WebDriver initialized successfully
2025-10-31 11:42:52,003 - INFO - WhatsApp Web loaded successfully
2025-10-31 11:42:53,065 - INFO - Starting to send invitations to 1 contacts...
2025-10-31 11:42:55,198 - INFO - Completed: 0/1 sent
2025-10-31 11:44:52,679 - ERROR - Failed to initialize WebDriver: No module named 'psutil'
2025-10-31 11:44:52,680 - ERROR - Failed to initialize WhatsApp sender: No module named 'psutil'
2025-10-31 11:45:00,132 - INFO - ====== WebDriver manager ======
2025-10-31 11:45:03,691 - INFO - Get LATEST chromedriver version for google-chrome
2025-10-31 11:45:04,307 - INFO - Get LATEST chromedriver version for google-chrome
2025-10-31 11:45:04,915 - INFO - Driver [C:\Users\Plutomen Tech1\.wdm\drivers\chromedriver\win64\141.0.7390.122\chromedriver-win32/chromedriver.exe] found in cache
2025-10-31 11:45:13,406 - INFO - WebDriver initialized successfully
2025-10-31 11:45:37,418 - INFO - WhatsApp Web loaded successfully
2025-10-31 11:45:38,003 - INFO - Starting to send invitations to 1 contacts...
2025-10-31 11:45:40,037 - INFO - Completed: 0/1 sent
2025-10-31 11:50:55,222 - INFO - ====== WebDriver manager ======
2025-10-31 11:50:58,365 - INFO - Get LATEST chromedriver version for google-chrome
2025-10-31 11:50:59,058 - INFO - Get LATEST chromedriver version for google-chrome
2025-10-31 11:50:59,730 - INFO - Driver [C:\Users\Plutomen Tech1\.wdm\drivers\chromedriver\win64\141.0.7390.122\chromedriver-win32/chromedriver.exe] found in cache
2025-10-31 11:51:07,474 - INFO - WebDriver initialized successfully
2025-10-31 11:51:15,288 - ERROR - Failed to initialize WebDriver: Message: no such window: target window already closed
from unknown error: web view not found
  (Session info: chrome=141.0.7390.123)
Stacktrace:
	GetHandleVerifier [0x0xd5fe43+66515]
	GetHandleVerifier [0x0xd5fe84+66580]
	(No symbol) [0x0xb4dc48]
	(No symbol) [0x0xb2c18d]
	(No symbol) [0x0xbc1a4e]
	(No symbol) [0x0xbdc4d9]
	(No symbol) [0x0xbbafc6]
	(No symbol) [0x0xb8c2ca]
	(No symbol) [0x0xb8d154]
	GetHandleVerifier [0x0xfb7353+2521315]
	GetHandleVerifier [0x0xfb22d3+2500707]
	GetHandleVerifier [0x0xd87c94+229924]
	GetHandleVerifier [0x0xd781f8+165768]
	GetHandleVerifier [0x0xd7ecad+193085]
	GetHandleVerifier [0x0xd68158+100072]
	GetHandleVerifier [0x0xd682f0+100480]
	GetHandleVerifier [0x0xd525aa+11066]
	BaseThreadInitThunk [0x0x752d5d49+25]
	RtlInitializeExceptionChain [0x0x7708d6db+107]
	RtlGetAppContainerNamedObjectPath [0x0x7708d661+561]

2025-10-31 11:51:18,203 - ERROR - Failed to initialize WhatsApp sender: Message: no such window: target window already closed
from unknown error: web view not found
  (Session info: chrome=141.0.7390.123)
Stacktrace:
	GetHandleVerifier [0x0xd5fe43+66515]
	GetHandleVerifier [0x0xd5fe84+66580]
	(No symbol) [0x0xb4dc48]
	(No symbol) [0x0xb2c18d]
	(No symbol) [0x0xbc1a4e]
	(No symbol) [0x0xbdc4d9]
	(No symbol) [0x0xbbafc6]
	(No symbol) [0x0xb8c2ca]
	(No symbol) [0x0xb8d154]
	GetHandleVerifier [0x0xfb7353+2521315]
	GetHandleVerifier [0x0xfb22d3+2500707]
	GetHandleVerifier [0x0xd87c94+229924]
	GetHandleVerifier [0x0xd781f8+165768]
	GetHandleVerifier [0x0xd7ecad+193085]
	GetHandleVerifier [0x0xd68158+100072]
	GetHandleVerifier [0x0xd682f0+100480]
	GetHandleVerifier [0x0xd525aa+11066]
	BaseThreadInitThunk [0x0x752d5d49+25]
	RtlInitializeExceptionChain [0x0x7708d6db+107]
	RtlGetAppContainerNamedObjectPath [0x0x7708d661+561]

2025-10-31 11:52:12,959 - ERROR - Failed to initialize WebDriver: No module named 'psutil'
2025-10-31 11:52:12,959 - ERROR - Failed to initialize WhatsApp sender: No module named 'psutil'
2025-10-31 11:52:41,559 - INFO - ====== WebDriver manager ======
2025-10-31 11:52:44,825 - INFO - Get LATEST chromedriver version for google-chrome
2025-10-31 11:52:45,101 - INFO - Get LATEST chromedriver version for google-chrome
2025-10-31 11:52:45,349 - INFO - Driver [C:\Users\Plutomen Tech1\.wdm\drivers\chromedriver\win64\141.0.7390.122\chromedriver-win32/chromedriver.exe] found in cache
2025-10-31 11:52:49,068 - INFO - WebDriver initialized successfully
2025-10-31 11:53:21,160 - INFO - WhatsApp Web loaded successfully
2025-10-31 11:53:22,107 - INFO - Starting to send invitations to 1 contacts...
2025-10-31 11:53:43,883 - ERROR - Failed to attach file: Message: no such element: Unable to locate element: {"method":"css selector","selector":"span[data-icon="attach-menu-plus"]"}
  (Session info: chrome=141.0.7390.123); For documentation on this error, please visit: https://www.selenium.dev/documentation/webdriver/troubleshooting/errors#nosuchelementexception
Stacktrace:
	GetHandleVerifier [0x0xd5fe43+66515]
	GetHandleVerifier [0x0xd5fe84+66580]
	(No symbol) [0x0xb4dc48]
	(No symbol) [0x0xb98704]
	(No symbol) [0x0xb98aab]
	(No symbol) [0x0xbdf482]
	(No symbol) [0x0xbbb214]
	(No symbol) [0x0xbdcba7]
	(No symbol) [0x0xbbafc6]
	(No symbol) [0x0xb8c2ca]
	(No symbol) [0x0xb8d154]
	GetHandleVerifier [0x0xfb7353+2521315]
	GetHandleVerifier [0x0xfb22d3+2500707]
	GetHandleVerifier [0x0xd87c94+229924]
	GetHandleVerifier [0x0xd781f8+165768]
	GetHandleVerifier [0x0xd7ecad+193085]
	GetHandleVerifier [0x0xd68158+100072]
	GetHandleVerifier [0x0xd682f0+100480]
	GetHandleVerifier [0x0xd525aa+11066]
	BaseThreadInitThunk [0x0x752d5d49+25]
	RtlInitializeExceptionChain [0x0x7708d6db+107]
	RtlGetAppContainerNamedObjectPath [0x0x7708d661+561]

2025-10-31 11:53:45,888 - INFO - Completed: 0/1 sent
2025-10-31 11:55:48,746 - INFO - WebDriver initialized successfully
2025-10-31 11:55:53,225 - INFO - WhatsApp Web loaded successfully
2025-10-31 11:55:54,048 - INFO - Starting to send invitations to 1 contacts...
2025-10-31 11:55:54,049 - INFO - Processing 1/1: કાંબલિયા
2025-10-31 11:56:11,270 - ERROR - Failed to attach file: Message: no such element: Unable to locate element: {"method":"css selector","selector":"span[data-icon="attach-menu-plus"]"}
  (Session info: chrome=141.0.7390.123); For documentation on this error, please visit: https://www.selenium.dev/documentation/webdriver/troubleshooting/errors#nosuchelementexception
Stacktrace:
	GetHandleVerifier [0x0xd5fe43+66515]
	GetHandleVerifier [0x0xd5fe84+66580]
	(No symbol) [0x0xb4dc48]
	(No symbol) [0x0xb98704]
	(No symbol) [0x0xb98aab]
	(No symbol) [0x0xbdf482]
	(No symbol) [0x0xbbb214]
	(No symbol) [0x0xbdcba7]
	(No symbol) [0x0xbbafc6]
	(No symbol) [0x0xb8c2ca]
	(No symbol) [0x0xb8d154]
	GetHandleVerifier [0x0xfb7353+2521315]
	GetHandleVerifier [0x0xfb22d3+2500707]
	GetHandleVerifier [0x0xd87c94+229924]
	GetHandleVerifier [0x0xd781f8+165768]
	GetHandleVerifier [0x0xd7ecad+193085]
	GetHandleVerifier [0x0xd68158+100072]
	GetHandleVerifier [0x0xd682f0+100480]
	GetHandleVerifier [0x0xd525aa+11066]
	BaseThreadInitThunk [0x0x752d5d49+25]
	RtlInitializeExceptionChain [0x0x7708d6db+107]
	RtlGetAppContainerNamedObjectPath [0x0x7708d661+561]

2025-10-31 11:56:11,271 - WARNING - X Not sent to કાંબલિયા
2025-10-31 11:56:13,272 - INFO - Completed: 0/1 sent
2025-10-31 11:57:30,086 - INFO - WebDriver initialized successfully
2025-10-31 11:57:34,259 - INFO - WhatsApp Web loaded successfully
2025-10-31 11:57:35,135 - INFO - Starting to send invitations to 1 contacts...
2025-10-31 11:57:35,135 - INFO - Processing 1/1: કાંબલિયા
2025-10-31 11:57:54,850 - ERROR - Failed to attach file: Message: no such element: Unable to locate element: {"method":"css selector","selector":"span[data-icon="clip"]"}
  (Session info: chrome=141.0.7390.123); For documentation on this error, please visit: https://www.selenium.dev/documentation/webdriver/troubleshooting/errors#nosuchelementexception
Stacktrace:
	GetHandleVerifier [0x0xd5fe43+66515]
	GetHandleVerifier [0x0xd5fe84+66580]
	(No symbol) [0x0xb4dc48]
	(No symbol) [0x0xb98704]
	(No symbol) [0x0xb98aab]
	(No symbol) [0x0xbdf482]
	(No symbol) [0x0xbbb214]
	(No symbol) [0x0xbdcba7]
	(No symbol) [0x0xbbafc6]
	(No symbol) [0x0xb8c2ca]
	(No symbol) [0x0xb8d154]
	GetHandleVerifier [0x0xfb7353+2521315]
	GetHandleVerifier [0x0xfb22d3+2500707]
	GetHandleVerifier [0x0xd87c94+229924]
	GetHandleVerifier [0x0xd781f8+165768]
	GetHandleVerifier [0x0xd7ecad+193085]
	GetHandleVerifier [0x0xd68158+100072]
	GetHandleVerifier [0x0xd682f0+100480]
	GetHandleVerifier [0x0xd525aa+11066]
	BaseThreadInitThunk [0x0x752d5d49+25]
	RtlInitializeExceptionChain [0x0x7708d6db+107]
	RtlGetAppContainerNamedObjectPath [0x0x7708d661+561]

2025-10-31 11:57:54,851 - WARNING - X Not sent to કાંબલિયા
2025-10-31 11:57:56,852 - INFO - Completed: 0/1 sent
2025-10-31 12:00:53,641 - INFO - WebDriver initialized successfully
2025-10-31 12:02:36,068 - ERROR - Error while waiting for WhatsApp Web: Message: invalid session id: session deleted as the browser has closed the connection
from disconnected: not connected to DevTools
  (Session info: chrome=141.0.7390.123); For documentation on this error, please visit: https://www.selenium.dev/documentation/webdriver/troubleshooting/errors#invalidsessionidexception
Stacktrace:
	GetHandleVerifier [0x0xd5fe43+66515]
	GetHandleVerifier [0x0xd5fe84+66580]
	(No symbol) [0x0xb4dc48]
	(No symbol) [0x0xb3ce80]
	(No symbol) [0x0xb5b81b]
	(No symbol) [0x0xbc1c25]
	(No symbol) [0x0xbdc4d9]
	(No symbol) [0x0xbbafc6]
	(No symbol) [0x0xb8c2ca]
	(No symbol) [0x0xb8d154]
	GetHandleVerifier [0x0xfb7353+2521315]
	GetHandleVerifier [0x0xfb22d3+2500707]
	GetHandleVerifier [0x0xd87c94+229924]
	GetHandleVerifier [0x0xd781f8+165768]
	GetHandleVerifier [0x0xd7ecad+193085]
	GetHandleVerifier [0x0xd68158+100072]
	GetHandleVerifier [0x0xd682f0+100480]
	GetHandleVerifier [0x0xd525aa+11066]
	BaseThreadInitThunk [0x0x752d5d49+25]
	RtlInitializeExceptionChain [0x0x7708d6db+107]
	RtlGetAppContainerNamedObjectPath [0x0x7708d661+561]

2025-10-31 12:02:36,072 - INFO - WhatsApp Web loaded successfully
2025-10-31 12:02:36,550 - INFO - Starting to send invitations to 1 contacts...
2025-10-31 12:02:36,552 - INFO - Processing 1/1: કાંબલિયા
2025-10-31 12:02:44,343 - ERROR - Error sending message: Message: invalid session id; For documentation on this error, please visit: https://www.selenium.dev/documentation/webdriver/troubleshooting/errors#invalidsessionidexception
Stacktrace:
	GetHandleVerifier [0x0xd5fe43+66515]
	GetHandleVerifier [0x0xd5fe84+66580]
	(No symbol) [0x0xb4da6b]
	(No symbol) [0x0xb8b5ab]
	(No symbol) [0x0xbbb086]
	(No symbol) [0x0xbb667c]
	(No symbol) [0x0xbb5bf3]
	(No symbol) [0x0xb1e72d]
	(No symbol) [0x0xb1ecae]
	(No symbol) [0x0xb1f14d]
	GetHandleVerifier [0x0xfb7353+2521315]
	GetHandleVerifier [0x0xfb22d3+2500707]
	GetHandleVerifier [0x0xd87c94+229924]
	GetHandleVerifier [0x0xd781f8+165768]
	GetHandleVerifier [0x0xd7ecad+193085]
	(No symbol) [0x0xb1e3e3]
	(No symbol) [0x0xb1db60]
	GetHandleVerifier [0x0x10fc20f+3852191]
	BaseThreadInitThunk [0x0x752d5d49+25]
	RtlInitializeExceptionChain [0x0x7708d6db+107]
	RtlGetAppContainerNamedObjectPath [0x0x7708d661+561]

2025-10-31 12:02:44,344 - WARNING - X Not sent to કાંબલિયા
2025-10-31 12:02:46,345 - INFO - Completed: 0/1 sent
2025-10-31 12:03:00,517 - INFO - WebDriver initialized successfully
2025-10-31 12:05:04,753 - WARNING - Timed out waiting for WhatsApp Web after 120 seconds
2025-10-31 12:05:04,754 - INFO - WhatsApp Web loaded successfully
2025-10-31 12:05:05,007 - INFO - Starting to send invitations to 1 contacts...
2025-10-31 12:05:05,008 - INFO - Processing 1/1: કાંબલિયા
2025-10-31 12:05:42,490 - INFO - Attempting to close existing Chrome processes...
2025-10-31 12:05:44,825 - INFO - Starting WebDriver initialization...
2025-10-31 12:05:50,929 - INFO - Chrome browser launched
2025-10-31 12:05:50,991 - INFO - Browser window maximized
2025-10-31 12:05:50,998 - INFO - Loading WhatsApp Web...
2025-10-31 12:05:52,552 - INFO - WhatsApp Web page loaded, waiting for initialization...
2025-10-31 12:05:52,565 - INFO - Waiting for initial loading screen to disappear...
2025-10-31 12:05:52,806 - INFO - Initial loading screen disappeared
2025-10-31 12:05:52,806 - INFO - Checking for QR code...
2025-10-31 12:05:52,834 - INFO - No QR code found, assuming already logged in
2025-10-31 12:05:52,834 - INFO - Waiting for main chat interface...
2025-10-31 12:05:56,598 - INFO - Main chat interface loaded
2025-10-31 12:05:56,604 - INFO - Performing final checks...
2025-10-31 12:09:57,727 - INFO - Attempting to close existing Chrome processes...
2025-10-31 12:09:59,996 - INFO - Starting WebDriver initialization...
2025-10-31 12:10:06,330 - INFO - Chrome browser launched
2025-10-31 12:10:06,340 - INFO - Browser window maximized
2025-10-31 12:10:06,341 - INFO - Loading WhatsApp Web...
2025-10-31 12:10:08,033 - INFO - WhatsApp Web page loaded, waiting for initialization...
2025-10-31 12:10:08,041 - INFO - Waiting for initial loading screen to disappear...
2025-10-31 12:10:08,625 - INFO - Initial loading screen disappeared
2025-10-31 12:10:08,635 - INFO - Checking for QR code...
2025-10-31 12:10:08,751 - INFO - No QR code found, assuming already logged in
2025-10-31 12:10:08,755 - INFO - Waiting for main chat interface...
2025-10-31 12:10:11,373 - INFO - Main chat interface loaded
2025-10-31 12:10:11,373 - INFO - Performing final checks...
2025-10-31 12:12:11,809 - WARNING - Timed out waiting for WhatsApp Web after 120 seconds
2025-10-31 12:12:11,811 - ERROR - Failed to initialize WebDriver: WhatsApp Web failed to load properly
2025-10-31 12:12:14,207 - ERROR - Failed to initialize WhatsApp sender: WhatsApp Web failed to load properly
2025-10-31 13:57:59,256 - INFO - Attempting to close existing Chrome processes...
2025-10-31 13:58:03,597 - INFO - Starting WebDriver initialization...
2025-10-31 13:58:11,700 - INFO - Chrome browser launched
2025-10-31 13:58:11,710 - INFO - Browser window maximized
2025-10-31 13:58:11,711 - INFO - Loading WhatsApp Web...
2025-10-31 13:58:21,951 - INFO - Checking WhatsApp Web status (attempt 1/3)...
2025-10-31 13:58:25,742 - INFO - Found WhatsApp UI element: #pane-side
2025-10-31 13:58:25,743 - INFO - WhatsApp Web loaded successfully after 3s
2025-10-31 13:58:26,865 - INFO - Starting to send invitations to 1 contacts...
2025-10-31 13:58:26,866 - INFO - Processing 1/1: કાંબલિયા
2025-10-31 13:58:49,063 - INFO - Found WhatsApp UI element: #pane-side
2025-10-31 13:58:49,443 - ERROR - Failed to attach file: Message: no such element: Unable to locate element: {"method":"css selector","selector":"span[data-icon="clip"]"}
  (Session info: chrome=141.0.7390.123); For documentation on this error, please visit: https://www.selenium.dev/documentation/webdriver/troubleshooting/errors#nosuchelementexception
Stacktrace:
	GetHandleVerifier [0x0xadfe43+66515]
	GetHandleVerifier [0x0xadfe84+66580]
	(No symbol) [0x0x8cdc48]
	(No symbol) [0x0x918704]
	(No symbol) [0x0x918aab]
	(No symbol) [0x0x95f482]
	(No symbol) [0x0x93b214]
	(No symbol) [0x0x95cba7]
	(No symbol) [0x0x93afc6]
	(No symbol) [0x0x90c2ca]
	(No symbol) [0x0x90d154]
	GetHandleVerifier [0x0xd37353+2521315]
	GetHandleVerifier [0x0xd322d3+2500707]
	GetHandleVerifier [0x0xb07c94+229924]
	GetHandleVerifier [0x0xaf81f8+165768]
	GetHandleVerifier [0x0xafecad+193085]
	GetHandleVerifier [0x0xae8158+100072]
	GetHandleVerifier [0x0xae82f0+100480]
	GetHandleVerifier [0x0xad25aa+11066]
	BaseThreadInitThunk [0x0x752d5d49+25]
	RtlInitializeExceptionChain [0x0x7708d6db+107]
	RtlGetAppContainerNamedObjectPath [0x0x7708d661+561]

2025-10-31 13:58:49,445 - WARNING - X Not sent to કાંબલિયા
2025-10-31 13:58:51,446 - INFO - Completed: 0/1 sent
2025-10-31 13:59:27,160 - INFO - Starting WebDriver initialization...
2025-10-31 13:59:33,632 - INFO - Chrome browser launched
2025-10-31 13:59:33,665 - INFO - Browser window maximized
2025-10-31 13:59:33,665 - INFO - Loading WhatsApp Web...
2025-10-31 13:59:35,746 - INFO - Checking WhatsApp Web status (attempt 1/3)...
2025-10-31 13:59:40,745 - INFO - Found WhatsApp UI element: #pane-side
2025-10-31 13:59:40,746 - INFO - WhatsApp Web loaded successfully after 4s
2025-10-31 13:59:42,139 - INFO - Starting to send invitations to 1 contacts...
2025-10-31 13:59:42,140 - INFO - Processing 1/1: કાંબલિયા
2025-10-31 13:59:53,672 - INFO - Found WhatsApp UI element: #pane-side
2025-10-31 14:00:14,980 - ERROR - Failed to attach file: Could not find attach button
2025-10-31 14:00:14,980 - WARNING - X Not sent to કાંબલિયા
2025-10-31 14:00:16,981 - INFO - Completed: 0/1 sent
2025-10-31 14:01:26,316 - INFO - Starting WebDriver initialization...
2025-10-31 14:01:33,846 - INFO - Chrome browser launched
2025-10-31 14:01:34,358 - INFO - Browser window maximized
2025-10-31 14:01:34,358 - INFO - Loading WhatsApp Web...
2025-10-31 14:01:38,309 - INFO - Checking WhatsApp Web status (attempt 1/3)...
2025-10-31 14:01:43,459 - INFO - Found WhatsApp UI element: #pane-side
2025-10-31 14:01:43,463 - INFO - WhatsApp Web loaded successfully after 5s
2025-10-31 14:01:44,102 - INFO - Starting to send invitations to 1 contacts...
2025-10-31 14:01:44,105 - INFO - Processing 1/1: કાંબલિયા
2025-10-31 14:02:12,821 - INFO - Found WhatsApp UI element: #pane-side
2025-10-31 14:02:45,487 - ERROR - Could not find attach button. Screenshot saved to debug_whatsapp\missing_attach_button_1761899565.png
2025-10-31 14:02:45,593 - ERROR - Page source saved to debug_whatsapp\missing_attach_button_1761899565.html
2025-10-31 14:02:45,594 - ERROR - Failed to attach file: Could not find attach button - debug info saved
2025-10-31 14:02:45,595 - WARNING - X Not sent to કાંબલિયા
2025-10-31 14:02:47,596 - INFO - Completed: 0/1 sent
2025-10-31 14:09:27,795 - INFO - Starting WebDriver initialization...
2025-10-31 14:09:34,781 - INFO - Chrome browser launched
2025-10-31 14:09:34,789 - INFO - Browser window maximized
2025-10-31 14:09:34,790 - INFO - Loading WhatsApp Web...
2025-10-31 14:09:36,635 - INFO - Checking WhatsApp Web status (attempt 1/3)...
2025-10-31 14:09:46,814 - WARNING - Missing required element Menu icon: Message: 
Stacktrace:
	GetHandleVerifier [0x0xfcfe43+66515]
	GetHandleVerifier [0x0xfcfe84+66580]
	(No symbol) [0x0xdbdc48]
	(No symbol) [0x0xe08704]
	(No symbol) [0x0xe08aab]
	(No symbol) [0x0xe4f482]
	(No symbol) [0x0xe2b214]
	(No symbol) [0x0xe4cba7]
	(No symbol) [0x0xe2afc6]
	(No symbol) [0x0xdfc2ca]
	(No symbol) [0x0xdfd154]
	GetHandleVerifier [0x0x1227353+2521315]
	GetHandleVerifier [0x0x12222d3+2500707]
	GetHandleVerifier [0x0xff7c94+229924]
	GetHandleVerifier [0x0xfe81f8+165768]
	GetHandleVerifier [0x0xfeecad+193085]
	GetHandleVerifier [0x0xfd8158+100072]
	GetHandleVerifier [0x0xfd82f0+100480]
	GetHandleVerifier [0x0xfc25aa+11066]
	BaseThreadInitThunk [0x0x752d5d49+25]
	RtlInitializeExceptionChain [0x0x7708d6db+107]
	RtlGetAppContainerNamedObjectPath [0x0x7708d661+561]

2025-10-31 14:09:57,176 - WARNING - Missing required element Chat list: Message: 
Stacktrace:
	GetHandleVerifier [0x0xfcfe43+66515]
	GetHandleVerifier [0x0xfcfe84+66580]
	(No symbol) [0x0xdbdc48]
	(No symbol) [0x0xe08704]
	(No symbol) [0x0xe08aab]
	(No symbol) [0x0xe4f482]
	(No symbol) [0x0xe2b214]
	(No symbol) [0x0xe4cba7]
	(No symbol) [0x0xe2afc6]
	(No symbol) [0x0xdfc2ca]
	(No symbol) [0x0xdfd154]
	GetHandleVerifier [0x0x1227353+2521315]
	GetHandleVerifier [0x0x12222d3+2500707]
	GetHandleVerifier [0x0xff7c94+229924]
	GetHandleVerifier [0x0xfe81f8+165768]
	GetHandleVerifier [0x0xfeecad+193085]
	GetHandleVerifier [0x0xfd8158+100072]
	GetHandleVerifier [0x0xfd82f0+100480]
	GetHandleVerifier [0x0xfc25aa+11066]
	BaseThreadInitThunk [0x0x752d5d49+25]
	RtlInitializeExceptionChain [0x0x7708d6db+107]
	RtlGetAppContainerNamedObjectPath [0x0x7708d661+561]

2025-10-31 14:09:57,204 - INFO - Found required element: Message input
2025-10-31 14:10:07,663 - WARNING - Missing required element Main app container: Message: 
Stacktrace:
	GetHandleVerifier [0x0xfcfe43+66515]
	GetHandleVerifier [0x0xfcfe84+66580]
	(No symbol) [0x0xdbdc48]
	(No symbol) [0x0xe08704]
	(No symbol) [0x0xe08aab]
	(No symbol) [0x0xe4f482]
	(No symbol) [0x0xe2b214]
	(No symbol) [0x0xe4cba7]
	(No symbol) [0x0xe2afc6]
	(No symbol) [0x0xdfc2ca]
	(No symbol) [0x0xdfd154]
	GetHandleVerifier [0x0x1227353+2521315]
	GetHandleVerifier [0x0x12222d3+2500707]
	GetHandleVerifier [0x0xff7c94+229924]
	GetHandleVerifier [0x0xfe81f8+165768]
	GetHandleVerifier [0x0xfeecad+193085]
	GetHandleVerifier [0x0xfd8158+100072]
	GetHandleVerifier [0x0xfd82f0+100480]
	GetHandleVerifier [0x0xfc25aa+11066]
	BaseThreadInitThunk [0x0x752d5d49+25]
	RtlInitializeExceptionChain [0x0x7708d6db+107]
	RtlGetAppContainerNamedObjectPath [0x0x7708d661+561]

2025-10-31 14:10:07,710 - WARNING - Only found 1/4 required elements
2025-10-31 14:10:07,711 - WARNING - WhatsApp Web loaded but required UI elements not found
2025-10-31 14:10:07,805 - INFO - Refreshing page and waiting 5 seconds...
2025-10-31 14:10:13,719 - INFO - Checking WhatsApp Web status (attempt 2/3)...
2025-10-31 14:10:24,141 - WARNING - Missing required element Menu icon: Message: 
Stacktrace:
	GetHandleVerifier [0x0xfcfe43+66515]
	GetHandleVerifier [0x0xfcfe84+66580]
	(No symbol) [0x0xdbdc48]
	(No symbol) [0x0xe08704]
	(No symbol) [0x0xe08aab]
	(No symbol) [0x0xe4f482]
	(No symbol) [0x0xe2b214]
	(No symbol) [0x0xe4cba7]
	(No symbol) [0x0xe2afc6]
	(No symbol) [0x0xdfc2ca]
	(No symbol) [0x0xdfd154]
	GetHandleVerifier [0x0x1227353+2521315]
	GetHandleVerifier [0x0x12222d3+2500707]
	GetHandleVerifier [0x0xff7c94+229924]
	GetHandleVerifier [0x0xfe81f8+165768]
	GetHandleVerifier [0x0xfeecad+193085]
	GetHandleVerifier [0x0xfd8158+100072]
	GetHandleVerifier [0x0xfd82f0+100480]
	GetHandleVerifier [0x0xfc25aa+11066]
	BaseThreadInitThunk [0x0x752d5d49+25]
	RtlInitializeExceptionChain [0x0x7708d6db+107]
	RtlGetAppContainerNamedObjectPath [0x0x7708d661+561]

2025-10-31 14:10:34,469 - WARNING - Missing required element Chat list: Message: 
Stacktrace:
	GetHandleVerifier [0x0xfcfe43+66515]
	GetHandleVerifier [0x0xfcfe84+66580]
	(No symbol) [0x0xdbdc48]
	(No symbol) [0x0xe08704]
	(No symbol) [0x0xe08aab]
	(No symbol) [0x0xe4f482]
	(No symbol) [0x0xe2b214]
	(No symbol) [0x0xe4cba7]
	(No symbol) [0x0xe2afc6]
	(No symbol) [0x0xdfc2ca]
	(No symbol) [0x0xdfd154]
	GetHandleVerifier [0x0x1227353+2521315]
	GetHandleVerifier [0x0x12222d3+2500707]
	GetHandleVerifier [0x0xff7c94+229924]
	GetHandleVerifier [0x0xfe81f8+165768]
	GetHandleVerifier [0x0xfeecad+193085]
	GetHandleVerifier [0x0xfd8158+100072]
	GetHandleVerifier [0x0xfd82f0+100480]
	GetHandleVerifier [0x0xfc25aa+11066]
	BaseThreadInitThunk [0x0x752d5d49+25]
	RtlInitializeExceptionChain [0x0x7708d6db+107]
	RtlGetAppContainerNamedObjectPath [0x0x7708d661+561]

2025-10-31 14:10:34,488 - INFO - Found required element: Message input
2025-10-31 14:10:44,886 - WARNING - Missing required element Main app container: Message: 
Stacktrace:
	GetHandleVerifier [0x0xfcfe43+66515]
	GetHandleVerifier [0x0xfcfe84+66580]
	(No symbol) [0x0xdbdc48]
	(No symbol) [0x0xe08704]
	(No symbol) [0x0xe08aab]
	(No symbol) [0x0xe4f482]
	(No symbol) [0x0xe2b214]
	(No symbol) [0x0xe4cba7]
	(No symbol) [0x0xe2afc6]
	(No symbol) [0x0xdfc2ca]
	(No symbol) [0x0xdfd154]
	GetHandleVerifier [0x0x1227353+2521315]
	GetHandleVerifier [0x0x12222d3+2500707]
	GetHandleVerifier [0x0xff7c94+229924]
	GetHandleVerifier [0x0xfe81f8+165768]
	GetHandleVerifier [0x0xfeecad+193085]
	GetHandleVerifier [0x0xfd8158+100072]
	GetHandleVerifier [0x0xfd82f0+100480]
	GetHandleVerifier [0x0xfc25aa+11066]
	BaseThreadInitThunk [0x0x752d5d49+25]
	RtlInitializeExceptionChain [0x0x7708d6db+107]
	RtlGetAppContainerNamedObjectPath [0x0x7708d661+561]

2025-10-31 14:10:44,924 - WARNING - Only found 1/4 required elements
2025-10-31 14:10:44,925 - WARNING - WhatsApp Web loaded but required UI elements not found
2025-10-31 14:10:45,055 - INFO - Refreshing page and waiting 5 seconds...
2025-10-31 14:10:51,073 - INFO - Checking WhatsApp Web status (attempt 3/3)...
2025-10-31 14:11:01,776 - WARNING - Missing required element Menu icon: Message: 
Stacktrace:
	GetHandleVerifier [0x0xfcfe43+66515]
	GetHandleVerifier [0x0xfcfe84+66580]
	(No symbol) [0x0xdbdc48]
	(No symbol) [0x0xe08704]
	(No symbol) [0x0xe08aab]
	(No symbol) [0x0xe4f482]
	(No symbol) [0x0xe2b214]
	(No symbol) [0x0xe4cba7]
	(No symbol) [0x0xe2afc6]
	(No symbol) [0x0xdfc2ca]
	(No symbol) [0x0xdfd154]
	GetHandleVerifier [0x0x1227353+2521315]
	GetHandleVerifier [0x0x12222d3+2500707]
	GetHandleVerifier [0x0xff7c94+229924]
	GetHandleVerifier [0x0xfe81f8+165768]
	GetHandleVerifier [0x0xfeecad+193085]
	GetHandleVerifier [0x0xfd8158+100072]
	GetHandleVerifier [0x0xfd82f0+100480]
	GetHandleVerifier [0x0xfc25aa+11066]
	BaseThreadInitThunk [0x0x752d5d49+25]
	RtlInitializeExceptionChain [0x0x7708d6db+107]
	RtlGetAppContainerNamedObjectPath [0x0x7708d661+561]

2025-10-31 14:11:12,100 - WARNING - Missing required element Chat list: Message: 
Stacktrace:
	GetHandleVerifier [0x0xfcfe43+66515]
	GetHandleVerifier [0x0xfcfe84+66580]
	(No symbol) [0x0xdbdc48]
	(No symbol) [0x0xe08704]
	(No symbol) [0x0xe08aab]
	(No symbol) [0x0xe4f482]
	(No symbol) [0x0xe2b214]
	(No symbol) [0x0xe4cba7]
	(No symbol) [0x0xe2afc6]
	(No symbol) [0x0xdfc2ca]
	(No symbol) [0x0xdfd154]
	GetHandleVerifier [0x0x1227353+2521315]
	GetHandleVerifier [0x0x12222d3+2500707]
	GetHandleVerifier [0x0xff7c94+229924]
	GetHandleVerifier [0x0xfe81f8+165768]
	GetHandleVerifier [0x0xfeecad+193085]
	GetHandleVerifier [0x0xfd8158+100072]
	GetHandleVerifier [0x0xfd82f0+100480]
	GetHandleVerifier [0x0xfc25aa+11066]
	BaseThreadInitThunk [0x0x752d5d49+25]
	RtlInitializeExceptionChain [0x0x7708d6db+107]
	RtlGetAppContainerNamedObjectPath [0x0x7708d661+561]

2025-10-31 14:11:12,115 - INFO - Found required element: Message input
2025-10-31 14:11:22,303 - WARNING - Missing required element Main app container: Message: 
Stacktrace:
	GetHandleVerifier [0x0xfcfe43+66515]
	GetHandleVerifier [0x0xfcfe84+66580]
	(No symbol) [0x0xdbdc48]
	(No symbol) [0x0xe08704]
	(No symbol) [0x0xe08aab]
	(No symbol) [0x0xe4f482]
	(No symbol) [0x0xe2b214]
	(No symbol) [0x0xe4cba7]
	(No symbol) [0x0xe2afc6]
	(No symbol) [0x0xdfc2ca]
	(No symbol) [0x0xdfd154]
	GetHandleVerifier [0x0x1227353+2521315]
	GetHandleVerifier [0x0x12222d3+2500707]
	GetHandleVerifier [0x0xff7c94+229924]
	GetHandleVerifier [0x0xfe81f8+165768]
	GetHandleVerifier [0x0xfeecad+193085]
	GetHandleVerifier [0x0xfd8158+100072]
	GetHandleVerifier [0x0xfd82f0+100480]
	GetHandleVerifier [0x0xfc25aa+11066]
	BaseThreadInitThunk [0x0x752d5d49+25]
	RtlInitializeExceptionChain [0x0x7708d6db+107]
	RtlGetAppContainerNamedObjectPath [0x0x7708d661+561]

2025-10-31 14:11:22,336 - WARNING - Only found 1/4 required elements
2025-10-31 14:11:22,337 - WARNING - WhatsApp Web loaded but required UI elements not found
2025-10-31 14:11:22,569 - ERROR - WhatsApp Web not ready after 105s. Please check:
2025-10-31 14:11:22,570 - ERROR - 1. Is the Chrome window visible?
2025-10-31 14:11:22,571 - ERROR - 2. Do you need to scan the QR code?
2025-10-31 14:11:22,571 - ERROR - 3. Is your internet connection stable?
2025-10-31 14:11:22,571 - ERROR - Debug screenshots saved in D:\WorkflowAuto\Invitation\debug_whatsapp/
2025-10-31 14:11:22,572 - ERROR - Failed to initialize WebDriver: WhatsApp Web failed to initialize
2025-10-31 14:11:25,034 - ERROR - Failed to initialize WhatsApp sender: WhatsApp Web failed to initialize
2025-10-31 14:13:52,307 - INFO - Starting WebDriver initialization...
2025-10-31 14:13:58,466 - INFO - Chrome browser launched
2025-10-31 14:13:58,480 - INFO - Browser window maximized
2025-10-31 14:13:58,490 - INFO - Loading WhatsApp Web (attempt 1/3)...
2025-10-31 14:14:02,417 - INFO - Checking WhatsApp Web status (attempt 1/3)...
2025-10-31 14:14:19,613 - INFO - Found required element: Message input
2025-10-31 14:14:29,983 - WARNING - Missing required element Chat panel: Message: 
Stacktrace:
	GetHandleVerifier [0x0xfcfe43+66515]
	GetHandleVerifier [0x0xfcfe84+66580]
	(No symbol) [0x0xdbdc48]
	(No symbol) [0x0xe08704]
	(No symbol) [0x0xe08aab]
	(No symbol) [0x0xe4f482]
	(No symbol) [0x0xe2b214]
	(No symbol) [0x0xe4cba7]
	(No symbol) [0x0xe2afc6]
	(No symbol) [0x0xdfc2ca]
	(No symbol) [0x0xdfd154]
	GetHandleVerifier [0x0x1227353+2521315]
	GetHandleVerifier [0x0x12222d3+2500707]
	GetHandleVerifier [0x0xff7c94+229924]
	GetHandleVerifier [0x0xfe81f8+165768]
	GetHandleVerifier [0x0xfeecad+193085]
	GetHandleVerifier [0x0xfd8158+100072]
	GetHandleVerifier [0x0xfd82f0+100480]
	GetHandleVerifier [0x0xfc25aa+11066]
	BaseThreadInitThunk [0x0x752d5d49+25]
	RtlInitializeExceptionChain [0x0x7708d6db+107]
	RtlGetAppContainerNamedObjectPath [0x0x7708d661+561]

2025-10-31 14:14:40,490 - WARNING - Missing required element Menu icon: Message: 
Stacktrace:
	GetHandleVerifier [0x0xfcfe43+66515]
	GetHandleVerifier [0x0xfcfe84+66580]
	(No symbol) [0x0xdbdc48]
	(No symbol) [0x0xe08704]
	(No symbol) [0x0xe08aab]
	(No symbol) [0x0xe4f482]
	(No symbol) [0x0xe2b214]
	(No symbol) [0x0xe4cba7]
	(No symbol) [0x0xe2afc6]
	(No symbol) [0x0xdfc2ca]
	(No symbol) [0x0xdfd154]
	GetHandleVerifier [0x0x1227353+2521315]
	GetHandleVerifier [0x0x12222d3+2500707]
	GetHandleVerifier [0x0xff7c94+229924]
	GetHandleVerifier [0x0xfe81f8+165768]
	GetHandleVerifier [0x0xfeecad+193085]
	GetHandleVerifier [0x0xfd8158+100072]
	GetHandleVerifier [0x0xfd82f0+100480]
	GetHandleVerifier [0x0xfc25aa+11066]
	BaseThreadInitThunk [0x0x752d5d49+25]
	RtlInitializeExceptionChain [0x0x7708d6db+107]
	RtlGetAppContainerNamedObjectPath [0x0x7708d661+561]

2025-10-31 14:14:50,882 - WARNING - Missing required element Search box: Message: 
Stacktrace:
	GetHandleVerifier [0x0xfcfe43+66515]
	GetHandleVerifier [0x0xfcfe84+66580]
	(No symbol) [0x0xdbdc48]
	(No symbol) [0x0xe08704]
	(No symbol) [0x0xe08aab]
	(No symbol) [0x0xe4f482]
	(No symbol) [0x0xe2b214]
	(No symbol) [0x0xe4cba7]
	(No symbol) [0x0xe2afc6]
	(No symbol) [0x0xdfc2ca]
	(No symbol) [0x0xdfd154]
	GetHandleVerifier [0x0x1227353+2521315]
	GetHandleVerifier [0x0x12222d3+2500707]
	GetHandleVerifier [0x0xff7c94+229924]
	GetHandleVerifier [0x0xfe81f8+165768]
	GetHandleVerifier [0x0xfeecad+193085]
	GetHandleVerifier [0x0xfd8158+100072]
	GetHandleVerifier [0x0xfd82f0+100480]
	GetHandleVerifier [0x0xfc25aa+11066]
	BaseThreadInitThunk [0x0x752d5d49+25]
	RtlInitializeExceptionChain [0x0x7708d6db+107]
	RtlGetAppContainerNamedObjectPath [0x0x7708d661+561]

2025-10-31 14:14:50,926 - WARNING - Only found 1/4 required elements
2025-10-31 14:14:50,926 - WARNING - WhatsApp Web loaded but required UI elements not found
2025-10-31 14:14:51,007 - INFO - Refreshing page and waiting 5 seconds...
2025-10-31 14:14:56,762 - INFO - Checking WhatsApp Web status (attempt 2/3)...
2025-10-31 14:15:13,528 - INFO - Found required element: Message input
2025-10-31 14:15:23,898 - WARNING - Missing required element Chat panel: Message: 
Stacktrace:
	GetHandleVerifier [0x0xfcfe43+66515]
	GetHandleVerifier [0x0xfcfe84+66580]
	(No symbol) [0x0xdbdc48]
	(No symbol) [0x0xe08704]
	(No symbol) [0x0xe08aab]
	(No symbol) [0x0xe4f482]
	(No symbol) [0x0xe2b214]
	(No symbol) [0x0xe4cba7]
	(No symbol) [0x0xe2afc6]
	(No symbol) [0x0xdfc2ca]
	(No symbol) [0x0xdfd154]
	GetHandleVerifier [0x0x1227353+2521315]
	GetHandleVerifier [0x0x12222d3+2500707]
	GetHandleVerifier [0x0xff7c94+229924]
	GetHandleVerifier [0x0xfe81f8+165768]
	GetHandleVerifier [0x0xfeecad+193085]
	GetHandleVerifier [0x0xfd8158+100072]
	GetHandleVerifier [0x0xfd82f0+100480]
	GetHandleVerifier [0x0xfc25aa+11066]
	BaseThreadInitThunk [0x0x752d5d49+25]
	RtlInitializeExceptionChain [0x0x7708d6db+107]
	RtlGetAppContainerNamedObjectPath [0x0x7708d661+561]

2025-10-31 14:15:34,261 - WARNING - Missing required element Menu icon: Message: 
Stacktrace:
	GetHandleVerifier [0x0xfcfe43+66515]
	GetHandleVerifier [0x0xfcfe84+66580]
	(No symbol) [0x0xdbdc48]
	(No symbol) [0x0xe08704]
	(No symbol) [0x0xe08aab]
	(No symbol) [0x0xe4f482]
	(No symbol) [0x0xe2b214]
	(No symbol) [0x0xe4cba7]
	(No symbol) [0x0xe2afc6]
	(No symbol) [0x0xdfc2ca]
	(No symbol) [0x0xdfd154]
	GetHandleVerifier [0x0x1227353+2521315]
	GetHandleVerifier [0x0x12222d3+2500707]
	GetHandleVerifier [0x0xff7c94+229924]
	GetHandleVerifier [0x0xfe81f8+165768]
	GetHandleVerifier [0x0xfeecad+193085]
	GetHandleVerifier [0x0xfd8158+100072]
	GetHandleVerifier [0x0xfd82f0+100480]
	GetHandleVerifier [0x0xfc25aa+11066]
	BaseThreadInitThunk [0x0x752d5d49+25]
	RtlInitializeExceptionChain [0x0x7708d6db+107]
	RtlGetAppContainerNamedObjectPath [0x0x7708d661+561]

2025-10-31 14:15:44,636 - WARNING - Missing required element Search box: Message: 
Stacktrace:
	GetHandleVerifier [0x0xfcfe43+66515]
	GetHandleVerifier [0x0xfcfe84+66580]
	(No symbol) [0x0xdbdc48]
	(No symbol) [0x0xe08704]
	(No symbol) [0x0xe08aab]
	(No symbol) [0x0xe4f482]
	(No symbol) [0x0xe2b214]
	(No symbol) [0x0xe4cba7]
	(No symbol) [0x0xe2afc6]
	(No symbol) [0x0xdfc2ca]
	(No symbol) [0x0xdfd154]
	GetHandleVerifier [0x0x1227353+2521315]
	GetHandleVerifier [0x0x12222d3+2500707]
	GetHandleVerifier [0x0xff7c94+229924]
	GetHandleVerifier [0x0xfe81f8+165768]
	GetHandleVerifier [0x0xfeecad+193085]
	GetHandleVerifier [0x0xfd8158+100072]
	GetHandleVerifier [0x0xfd82f0+100480]
	GetHandleVerifier [0x0xfc25aa+11066]
	BaseThreadInitThunk [0x0x752d5d49+25]
	RtlInitializeExceptionChain [0x0x7708d6db+107]
	RtlGetAppContainerNamedObjectPath [0x0x7708d661+561]

2025-10-31 14:15:44,666 - WARNING - Only found 1/4 required elements
2025-10-31 14:15:44,667 - WARNING - WhatsApp Web loaded but required UI elements not found
2025-10-31 14:15:44,742 - INFO - Refreshing page and waiting 5 seconds...
2025-10-31 14:15:50,628 - INFO - Checking WhatsApp Web status (attempt 3/3)...
2025-10-31 14:16:07,424 - INFO - Found required element: Message input
2025-10-31 14:16:17,793 - WARNING - Missing required element Chat panel: Message: 
Stacktrace:
	GetHandleVerifier [0x0xfcfe43+66515]
	GetHandleVerifier [0x0xfcfe84+66580]
	(No symbol) [0x0xdbdc48]
	(No symbol) [0x0xe08704]
	(No symbol) [0x0xe08aab]
	(No symbol) [0x0xe4f482]
	(No symbol) [0x0xe2b214]
	(No symbol) [0x0xe4cba7]
	(No symbol) [0x0xe2afc6]
	(No symbol) [0x0xdfc2ca]
	(No symbol) [0x0xdfd154]
	GetHandleVerifier [0x0x1227353+2521315]
	GetHandleVerifier [0x0x12222d3+2500707]
	GetHandleVerifier [0x0xff7c94+229924]
	GetHandleVerifier [0x0xfe81f8+165768]
	GetHandleVerifier [0x0xfeecad+193085]
	GetHandleVerifier [0x0xfd8158+100072]
	GetHandleVerifier [0x0xfd82f0+100480]
	GetHandleVerifier [0x0xfc25aa+11066]
	BaseThreadInitThunk [0x0x752d5d49+25]
	RtlInitializeExceptionChain [0x0x7708d6db+107]
	RtlGetAppContainerNamedObjectPath [0x0x7708d661+561]

2025-10-31 14:16:28,179 - WARNING - Missing required element Menu icon: Message: 
Stacktrace:
	GetHandleVerifier [0x0xfcfe43+66515]
	GetHandleVerifier [0x0xfcfe84+66580]
	(No symbol) [0x0xdbdc48]
	(No symbol) [0x0xe08704]
	(No symbol) [0x0xe08aab]
	(No symbol) [0x0xe4f482]
	(No symbol) [0x0xe2b214]
	(No symbol) [0x0xe4cba7]
	(No symbol) [0x0xe2afc6]
	(No symbol) [0x0xdfc2ca]
	(No symbol) [0x0xdfd154]
	GetHandleVerifier [0x0x1227353+2521315]
	GetHandleVerifier [0x0x12222d3+2500707]
	GetHandleVerifier [0x0xff7c94+229924]
	GetHandleVerifier [0x0xfe81f8+165768]
	GetHandleVerifier [0x0xfeecad+193085]
	GetHandleVerifier [0x0xfd8158+100072]
	GetHandleVerifier [0x0xfd82f0+100480]
	GetHandleVerifier [0x0xfc25aa+11066]
	BaseThreadInitThunk [0x0x752d5d49+25]
	RtlInitializeExceptionChain [0x0x7708d6db+107]
	RtlGetAppContainerNamedObjectPath [0x0x7708d661+561]

2025-10-31 14:16:38,216 - WARNING - Missing required element Search box: Message: 
Stacktrace:
	GetHandleVerifier [0x0xfcfe43+66515]
	GetHandleVerifier [0x0xfcfe84+66580]
	(No symbol) [0x0xdbdc48]
	(No symbol) [0x0xe08704]
	(No symbol) [0x0xe08aab]
	(No symbol) [0x0xe4f482]
	(No symbol) [0x0xe2b214]
	(No symbol) [0x0xe4cba7]
	(No symbol) [0x0xe2afc6]
	(No symbol) [0x0xdfc2ca]
	(No symbol) [0x0xdfd154]
	GetHandleVerifier [0x0x1227353+2521315]
	GetHandleVerifier [0x0x12222d3+2500707]
	GetHandleVerifier [0x0xff7c94+229924]
	GetHandleVerifier [0x0xfe81f8+165768]
	GetHandleVerifier [0x0xfeecad+193085]
	GetHandleVerifier [0x0xfd8158+100072]
	GetHandleVerifier [0x0xfd82f0+100480]
	GetHandleVerifier [0x0xfc25aa+11066]
	BaseThreadInitThunk [0x0x752d5d49+25]
	RtlInitializeExceptionChain [0x0x7708d6db+107]
	RtlGetAppContainerNamedObjectPath [0x0x7708d661+561]

2025-10-31 14:16:38,265 - WARNING - Only found 1/4 required elements
2025-10-31 14:16:38,265 - WARNING - WhatsApp Web loaded but required UI elements not found
2025-10-31 14:16:38,344 - ERROR - WhatsApp Web not ready after 155s. Please check:
2025-10-31 14:16:38,344 - ERROR - 1. Is the Chrome window visible?
2025-10-31 14:16:38,344 - ERROR - 2. Do you need to scan the QR code?
2025-10-31 14:16:38,347 - ERROR - 3. Is your internet connection stable?
2025-10-31 14:16:38,347 - ERROR - Debug screenshots saved in D:\WorkflowAuto\Invitation\debug_whatsapp/
2025-10-31 14:16:38,348 - WARNING - WhatsApp Web not ready, refreshing...
2025-10-31 14:16:44,202 - INFO - Loading WhatsApp Web (attempt 2/3)...
2025-10-31 14:16:47,425 - INFO - Checking WhatsApp Web status (attempt 1/3)...
2025-10-31 14:17:04,181 - INFO - Found required element: Message input
2025-10-31 14:17:14,513 - WARNING - Missing required element Chat panel: Message: 
Stacktrace:
	GetHandleVerifier [0x0xfcfe43+66515]
	GetHandleVerifier [0x0xfcfe84+66580]
	(No symbol) [0x0xdbdc48]
	(No symbol) [0x0xe08704]
	(No symbol) [0x0xe08aab]
	(No symbol) [0x0xe4f482]
	(No symbol) [0x0xe2b214]
	(No symbol) [0x0xe4cba7]
	(No symbol) [0x0xe2afc6]
	(No symbol) [0x0xdfc2ca]
	(No symbol) [0x0xdfd154]
	GetHandleVerifier [0x0x1227353+2521315]
	GetHandleVerifier [0x0x12222d3+2500707]
	GetHandleVerifier [0x0xff7c94+229924]
	GetHandleVerifier [0x0xfe81f8+165768]
	GetHandleVerifier [0x0xfeecad+193085]
	GetHandleVerifier [0x0xfd8158+100072]
	GetHandleVerifier [0x0xfd82f0+100480]
	GetHandleVerifier [0x0xfc25aa+11066]
	BaseThreadInitThunk [0x0x752d5d49+25]
	RtlInitializeExceptionChain [0x0x7708d6db+107]
	RtlGetAppContainerNamedObjectPath [0x0x7708d661+561]

2025-10-31 14:17:24,903 - WARNING - Missing required element Menu icon: Message: 
Stacktrace:
	GetHandleVerifier [0x0xfcfe43+66515]
	GetHandleVerifier [0x0xfcfe84+66580]
	(No symbol) [0x0xdbdc48]
	(No symbol) [0x0xe08704]
	(No symbol) [0x0xe08aab]
	(No symbol) [0x0xe4f482]
	(No symbol) [0x0xe2b214]
	(No symbol) [0x0xe4cba7]
	(No symbol) [0x0xe2afc6]
	(No symbol) [0x0xdfc2ca]
	(No symbol) [0x0xdfd154]
	GetHandleVerifier [0x0x1227353+2521315]
	GetHandleVerifier [0x0x12222d3+2500707]
	GetHandleVerifier [0x0xff7c94+229924]
	GetHandleVerifier [0x0xfe81f8+165768]
	GetHandleVerifier [0x0xfeecad+193085]
	GetHandleVerifier [0x0xfd8158+100072]
	GetHandleVerifier [0x0xfd82f0+100480]
	GetHandleVerifier [0x0xfc25aa+11066]
	BaseThreadInitThunk [0x0x752d5d49+25]
	RtlInitializeExceptionChain [0x0x7708d6db+107]
	RtlGetAppContainerNamedObjectPath [0x0x7708d661+561]

2025-10-31 14:17:35,354 - WARNING - Missing required element Search box: Message: 
Stacktrace:
	GetHandleVerifier [0x0xfcfe43+66515]
	GetHandleVerifier [0x0xfcfe84+66580]
	(No symbol) [0x0xdbdc48]
	(No symbol) [0x0xe08704]
	(No symbol) [0x0xe08aab]
	(No symbol) [0x0xe4f482]
	(No symbol) [0x0xe2b214]
	(No symbol) [0x0xe4cba7]
	(No symbol) [0x0xe2afc6]
	(No symbol) [0x0xdfc2ca]
	(No symbol) [0x0xdfd154]
	GetHandleVerifier [0x0x1227353+2521315]
	GetHandleVerifier [0x0x12222d3+2500707]
	GetHandleVerifier [0x0xff7c94+229924]
	GetHandleVerifier [0x0xfe81f8+165768]
	GetHandleVerifier [0x0xfeecad+193085]
	GetHandleVerifier [0x0xfd8158+100072]
	GetHandleVerifier [0x0xfd82f0+100480]
	GetHandleVerifier [0x0xfc25aa+11066]
	BaseThreadInitThunk [0x0x752d5d49+25]
	RtlInitializeExceptionChain [0x0x7708d6db+107]
	RtlGetAppContainerNamedObjectPath [0x0x7708d661+561]

2025-10-31 14:17:35,413 - WARNING - Only found 1/4 required elements
2025-10-31 14:17:35,413 - WARNING - WhatsApp Web loaded but required UI elements not found
2025-10-31 14:17:35,514 - INFO - Refreshing page and waiting 5 seconds...
2025-10-31 14:17:42,088 - INFO - Checking WhatsApp Web status (attempt 2/3)...
2025-10-31 14:17:58,961 - INFO - Found required element: Message input
2025-10-31 14:18:09,300 - WARNING - Missing required element Chat panel: Message: 
Stacktrace:
	GetHandleVerifier [0x0xfcfe43+66515]
	GetHandleVerifier [0x0xfcfe84+66580]
	(No symbol) [0x0xdbdc48]
	(No symbol) [0x0xe08704]
	(No symbol) [0x0xe08aab]
	(No symbol) [0x0xe4f482]
	(No symbol) [0x0xe2b214]
	(No symbol) [0x0xe4cba7]
	(No symbol) [0x0xe2afc6]
	(No symbol) [0x0xdfc2ca]
	(No symbol) [0x0xdfd154]
	GetHandleVerifier [0x0x1227353+2521315]
	GetHandleVerifier [0x0x12222d3+2500707]
	GetHandleVerifier [0x0xff7c94+229924]
	GetHandleVerifier [0x0xfe81f8+165768]
	GetHandleVerifier [0x0xfeecad+193085]
	GetHandleVerifier [0x0xfd8158+100072]
	GetHandleVerifier [0x0xfd82f0+100480]
	GetHandleVerifier [0x0xfc25aa+11066]
	BaseThreadInitThunk [0x0x752d5d49+25]
	RtlInitializeExceptionChain [0x0x7708d6db+107]
	RtlGetAppContainerNamedObjectPath [0x0x7708d661+561]

2025-10-31 14:18:19,690 - WARNING - Missing required element Menu icon: Message: 
Stacktrace:
	GetHandleVerifier [0x0xfcfe43+66515]
	GetHandleVerifier [0x0xfcfe84+66580]
	(No symbol) [0x0xdbdc48]
	(No symbol) [0x0xe08704]
	(No symbol) [0x0xe08aab]
	(No symbol) [0x0xe4f482]
	(No symbol) [0x0xe2b214]
	(No symbol) [0x0xe4cba7]
	(No symbol) [0x0xe2afc6]
	(No symbol) [0x0xdfc2ca]
	(No symbol) [0x0xdfd154]
	GetHandleVerifier [0x0x1227353+2521315]
	GetHandleVerifier [0x0x12222d3+2500707]
	GetHandleVerifier [0x0xff7c94+229924]
	GetHandleVerifier [0x0xfe81f8+165768]
	GetHandleVerifier [0x0xfeecad+193085]
	GetHandleVerifier [0x0xfd8158+100072]
	GetHandleVerifier [0x0xfd82f0+100480]
	GetHandleVerifier [0x0xfc25aa+11066]
	BaseThreadInitThunk [0x0x752d5d49+25]
	RtlInitializeExceptionChain [0x0x7708d6db+107]
	RtlGetAppContainerNamedObjectPath [0x0x7708d661+561]

2025-10-31 14:18:30,068 - WARNING - Missing required element Search box: Message: 
Stacktrace:
	GetHandleVerifier [0x0xfcfe43+66515]
	GetHandleVerifier [0x0xfcfe84+66580]
	(No symbol) [0x0xdbdc48]
	(No symbol) [0x0xe08704]
	(No symbol) [0x0xe08aab]
	(No symbol) [0x0xe4f482]
	(No symbol) [0x0xe2b214]
	(No symbol) [0x0xe4cba7]
	(No symbol) [0x0xe2afc6]
	(No symbol) [0x0xdfc2ca]
	(No symbol) [0x0xdfd154]
	GetHandleVerifier [0x0x1227353+2521315]
	GetHandleVerifier [0x0x12222d3+2500707]
	GetHandleVerifier [0x0xff7c94+229924]
	GetHandleVerifier [0x0xfe81f8+165768]
	GetHandleVerifier [0x0xfeecad+193085]
	GetHandleVerifier [0x0xfd8158+100072]
	GetHandleVerifier [0x0xfd82f0+100480]
	GetHandleVerifier [0x0xfc25aa+11066]
	BaseThreadInitThunk [0x0x752d5d49+25]
	RtlInitializeExceptionChain [0x0x7708d6db+107]
	RtlGetAppContainerNamedObjectPath [0x0x7708d661+561]

2025-10-31 14:18:30,113 - WARNING - Only found 1/4 required elements
2025-10-31 14:18:30,113 - WARNING - WhatsApp Web loaded but required UI elements not found
2025-10-31 14:18:30,180 - INFO - Refreshing page and waiting 5 seconds...
2025-10-31 14:18:36,121 - INFO - Checking WhatsApp Web status (attempt 3/3)...
2025-10-31 14:18:52,914 - INFO - Found required element: Message input
2025-10-31 14:19:03,311 - WARNING - Missing required element Chat panel: Message: 
Stacktrace:
	GetHandleVerifier [0x0xfcfe43+66515]
	GetHandleVerifier [0x0xfcfe84+66580]
	(No symbol) [0x0xdbdc48]
	(No symbol) [0x0xe08704]
	(No symbol) [0x0xe08aab]
	(No symbol) [0x0xe4f482]
	(No symbol) [0x0xe2b214]
	(No symbol) [0x0xe4cba7]
	(No symbol) [0x0xe2afc6]
	(No symbol) [0x0xdfc2ca]
	(No symbol) [0x0xdfd154]
	GetHandleVerifier [0x0x1227353+2521315]
	GetHandleVerifier [0x0x12222d3+2500707]
	GetHandleVerifier [0x0xff7c94+229924]
	GetHandleVerifier [0x0xfe81f8+165768]
	GetHandleVerifier [0x0xfeecad+193085]
	GetHandleVerifier [0x0xfd8158+100072]
	GetHandleVerifier [0x0xfd82f0+100480]
	GetHandleVerifier [0x0xfc25aa+11066]
	BaseThreadInitThunk [0x0x752d5d49+25]
	RtlInitializeExceptionChain [0x0x7708d6db+107]
	RtlGetAppContainerNamedObjectPath [0x0x7708d661+561]

2025-10-31 14:19:13,701 - WARNING - Missing required element Menu icon: Message: 
Stacktrace:
	GetHandleVerifier [0x0xfcfe43+66515]
	GetHandleVerifier [0x0xfcfe84+66580]
	(No symbol) [0x0xdbdc48]
	(No symbol) [0x0xe08704]
	(No symbol) [0x0xe08aab]
	(No symbol) [0x0xe4f482]
	(No symbol) [0x0xe2b214]
	(No symbol) [0x0xe4cba7]
	(No symbol) [0x0xe2afc6]
	(No symbol) [0x0xdfc2ca]
	(No symbol) [0x0xdfd154]
	GetHandleVerifier [0x0x1227353+2521315]
	GetHandleVerifier [0x0x12222d3+2500707]
	GetHandleVerifier [0x0xff7c94+229924]
	GetHandleVerifier [0x0xfe81f8+165768]
	GetHandleVerifier [0x0xfeecad+193085]
	GetHandleVerifier [0x0xfd8158+100072]
	GetHandleVerifier [0x0xfd82f0+100480]
	GetHandleVerifier [0x0xfc25aa+11066]
	BaseThreadInitThunk [0x0x752d5d49+25]
	RtlInitializeExceptionChain [0x0x7708d6db+107]
	RtlGetAppContainerNamedObjectPath [0x0x7708d661+561]

2025-10-31 14:19:24,056 - WARNING - Missing required element Search box: Message: 
Stacktrace:
	GetHandleVerifier [0x0xfcfe43+66515]
	GetHandleVerifier [0x0xfcfe84+66580]
	(No symbol) [0x0xdbdc48]
	(No symbol) [0x0xe08704]
	(No symbol) [0x0xe08aab]
	(No symbol) [0x0xe4f482]
	(No symbol) [0x0xe2b214]
	(No symbol) [0x0xe4cba7]
	(No symbol) [0x0xe2afc6]
	(No symbol) [0x0xdfc2ca]
	(No symbol) [0x0xdfd154]
	GetHandleVerifier [0x0x1227353+2521315]
	GetHandleVerifier [0x0x12222d3+2500707]
	GetHandleVerifier [0x0xff7c94+229924]
	GetHandleVerifier [0x0xfe81f8+165768]
	GetHandleVerifier [0x0xfeecad+193085]
	GetHandleVerifier [0x0xfd8158+100072]
	GetHandleVerifier [0x0xfd82f0+100480]
	GetHandleVerifier [0x0xfc25aa+11066]
	BaseThreadInitThunk [0x0x752d5d49+25]
	RtlInitializeExceptionChain [0x0x7708d6db+107]
	RtlGetAppContainerNamedObjectPath [0x0x7708d661+561]

2025-10-31 14:19:24,097 - WARNING - Only found 1/4 required elements
2025-10-31 14:19:24,097 - WARNING - WhatsApp Web loaded but required UI elements not found
2025-10-31 14:19:24,181 - ERROR - WhatsApp Web not ready after 156s. Please check:
2025-10-31 14:19:24,181 - ERROR - 1. Is the Chrome window visible?
2025-10-31 14:19:24,182 - ERROR - 2. Do you need to scan the QR code?
2025-10-31 14:19:24,182 - ERROR - 3. Is your internet connection stable?
2025-10-31 14:19:24,182 - ERROR - Debug screenshots saved in D:\WorkflowAuto\Invitation\debug_whatsapp/
2025-10-31 14:19:24,182 - WARNING - WhatsApp Web not ready, refreshing...
2025-10-31 14:19:30,151 - INFO - Loading WhatsApp Web (attempt 3/3)...
2025-10-31 14:19:33,365 - INFO - Checking WhatsApp Web status (attempt 1/3)...
2025-10-31 14:19:50,721 - INFO - Found required element: Message input
2025-10-31 14:20:01,084 - WARNING - Missing required element Chat panel: Message: 
Stacktrace:
	GetHandleVerifier [0x0xfcfe43+66515]
	GetHandleVerifier [0x0xfcfe84+66580]
	(No symbol) [0x0xdbdc48]
	(No symbol) [0x0xe08704]
	(No symbol) [0x0xe08aab]
	(No symbol) [0x0xe4f482]
	(No symbol) [0x0xe2b214]
	(No symbol) [0x0xe4cba7]
	(No symbol) [0x0xe2afc6]
	(No symbol) [0x0xdfc2ca]
	(No symbol) [0x0xdfd154]
	GetHandleVerifier [0x0x1227353+2521315]
	GetHandleVerifier [0x0x12222d3+2500707]
	GetHandleVerifier [0x0xff7c94+229924]
	GetHandleVerifier [0x0xfe81f8+165768]
	GetHandleVerifier [0x0xfeecad+193085]
	GetHandleVerifier [0x0xfd8158+100072]
	GetHandleVerifier [0x0xfd82f0+100480]
	GetHandleVerifier [0x0xfc25aa+11066]
	BaseThreadInitThunk [0x0x752d5d49+25]
	RtlInitializeExceptionChain [0x0x7708d6db+107]
	RtlGetAppContainerNamedObjectPath [0x0x7708d661+561]

2025-10-31 14:20:11,441 - WARNING - Missing required element Menu icon: Message: 
Stacktrace:
	GetHandleVerifier [0x0xfcfe43+66515]
	GetHandleVerifier [0x0xfcfe84+66580]
	(No symbol) [0x0xdbdc48]
	(No symbol) [0x0xe08704]
	(No symbol) [0x0xe08aab]
	(No symbol) [0x0xe4f482]
	(No symbol) [0x0xe2b214]
	(No symbol) [0x0xe4cba7]
	(No symbol) [0x0xe2afc6]
	(No symbol) [0x0xdfc2ca]
	(No symbol) [0x0xdfd154]
	GetHandleVerifier [0x0x1227353+2521315]
	GetHandleVerifier [0x0x12222d3+2500707]
	GetHandleVerifier [0x0xff7c94+229924]
	GetHandleVerifier [0x0xfe81f8+165768]
	GetHandleVerifier [0x0xfeecad+193085]
	GetHandleVerifier [0x0xfd8158+100072]
	GetHandleVerifier [0x0xfd82f0+100480]
	GetHandleVerifier [0x0xfc25aa+11066]
	BaseThreadInitThunk [0x0x752d5d49+25]
	RtlInitializeExceptionChain [0x0x7708d6db+107]
	RtlGetAppContainerNamedObjectPath [0x0x7708d661+561]

2025-10-31 14:20:21,826 - WARNING - Missing required element Search box: Message: 
Stacktrace:
	GetHandleVerifier [0x0xfcfe43+66515]
	GetHandleVerifier [0x0xfcfe84+66580]
	(No symbol) [0x0xdbdc48]
	(No symbol) [0x0xe08704]
	(No symbol) [0x0xe08aab]
	(No symbol) [0x0xe4f482]
	(No symbol) [0x0xe2b214]
	(No symbol) [0x0xe4cba7]
	(No symbol) [0x0xe2afc6]
	(No symbol) [0x0xdfc2ca]
	(No symbol) [0x0xdfd154]
	GetHandleVerifier [0x0x1227353+2521315]
	GetHandleVerifier [0x0x12222d3+2500707]
	GetHandleVerifier [0x0xff7c94+229924]
	GetHandleVerifier [0x0xfe81f8+165768]
	GetHandleVerifier [0x0xfeecad+193085]
	GetHandleVerifier [0x0xfd8158+100072]
	GetHandleVerifier [0x0xfd82f0+100480]
	GetHandleVerifier [0x0xfc25aa+11066]
	BaseThreadInitThunk [0x0x752d5d49+25]
	RtlInitializeExceptionChain [0x0x7708d6db+107]
	RtlGetAppContainerNamedObjectPath [0x0x7708d661+561]

2025-10-31 14:20:21,888 - WARNING - Only found 1/4 required elements
2025-10-31 14:20:21,889 - WARNING - WhatsApp Web loaded but required UI elements not found
2025-10-31 14:20:21,965 - INFO - Refreshing page and waiting 5 seconds...
2025-10-31 14:20:27,827 - INFO - Checking WhatsApp Web status (attempt 2/3)...
2025-10-31 14:20:44,593 - INFO - Found required element: Message input
2025-10-31 14:20:55,000 - WARNING - Missing required element Chat panel: Message: 
Stacktrace:
	GetHandleVerifier [0x0xfcfe43+66515]
	GetHandleVerifier [0x0xfcfe84+66580]
	(No symbol) [0x0xdbdc48]
	(No symbol) [0x0xe08704]
	(No symbol) [0x0xe08aab]
	(No symbol) [0x0xe4f482]
	(No symbol) [0x0xe2b214]
	(No symbol) [0x0xe4cba7]
	(No symbol) [0x0xe2afc6]
	(No symbol) [0x0xdfc2ca]
	(No symbol) [0x0xdfd154]
	GetHandleVerifier [0x0x1227353+2521315]
	GetHandleVerifier [0x0x12222d3+2500707]
	GetHandleVerifier [0x0xff7c94+229924]
	GetHandleVerifier [0x0xfe81f8+165768]
	GetHandleVerifier [0x0xfeecad+193085]
	GetHandleVerifier [0x0xfd8158+100072]
	GetHandleVerifier [0x0xfd82f0+100480]
	GetHandleVerifier [0x0xfc25aa+11066]
	BaseThreadInitThunk [0x0x752d5d49+25]
	RtlInitializeExceptionChain [0x0x7708d6db+107]
	RtlGetAppContainerNamedObjectPath [0x0x7708d661+561]

2025-10-31 14:21:05,386 - WARNING - Missing required element Menu icon: Message: 
Stacktrace:
	GetHandleVerifier [0x0xfcfe43+66515]
	GetHandleVerifier [0x0xfcfe84+66580]
	(No symbol) [0x0xdbdc48]
	(No symbol) [0x0xe08704]
	(No symbol) [0x0xe08aab]
	(No symbol) [0x0xe4f482]
	(No symbol) [0x0xe2b214]
	(No symbol) [0x0xe4cba7]
	(No symbol) [0x0xe2afc6]
	(No symbol) [0x0xdfc2ca]
	(No symbol) [0x0xdfd154]
	GetHandleVerifier [0x0x1227353+2521315]
	GetHandleVerifier [0x0x12222d3+2500707]
	GetHandleVerifier [0x0xff7c94+229924]
	GetHandleVerifier [0x0xfe81f8+165768]
	GetHandleVerifier [0x0xfeecad+193085]
	GetHandleVerifier [0x0xfd8158+100072]
	GetHandleVerifier [0x0xfd82f0+100480]
	GetHandleVerifier [0x0xfc25aa+11066]
	BaseThreadInitThunk [0x0x752d5d49+25]
	RtlInitializeExceptionChain [0x0x7708d6db+107]
	RtlGetAppContainerNamedObjectPath [0x0x7708d661+561]

2025-10-31 14:21:15,766 - WARNING - Missing required element Search box: Message: 
Stacktrace:
	GetHandleVerifier [0x0xfcfe43+66515]
	GetHandleVerifier [0x0xfcfe84+66580]
	(No symbol) [0x0xdbdc48]
	(No symbol) [0x0xe08704]
	(No symbol) [0x0xe08aab]
	(No symbol) [0x0xe4f482]
	(No symbol) [0x0xe2b214]
	(No symbol) [0x0xe4cba7]
	(No symbol) [0x0xe2afc6]
	(No symbol) [0x0xdfc2ca]
	(No symbol) [0x0xdfd154]
	GetHandleVerifier [0x0x1227353+2521315]
	GetHandleVerifier [0x0x12222d3+2500707]
	GetHandleVerifier [0x0xff7c94+229924]
	GetHandleVerifier [0x0xfe81f8+165768]
	GetHandleVerifier [0x0xfeecad+193085]
	GetHandleVerifier [0x0xfd8158+100072]
	GetHandleVerifier [0x0xfd82f0+100480]
	GetHandleVerifier [0x0xfc25aa+11066]
	BaseThreadInitThunk [0x0x752d5d49+25]
	RtlInitializeExceptionChain [0x0x7708d6db+107]
	RtlGetAppContainerNamedObjectPath [0x0x7708d661+561]

2025-10-31 14:21:15,799 - WARNING - Only found 1/4 required elements
2025-10-31 14:21:15,800 - WARNING - WhatsApp Web loaded but required UI elements not found
2025-10-31 14:21:15,872 - INFO - Refreshing page and waiting 5 seconds...
2025-10-31 14:21:21,839 - INFO - Checking WhatsApp Web status (attempt 3/3)...
2025-10-31 14:21:38,632 - INFO - Found required element: Message input
2025-10-31 14:21:49,016 - WARNING - Missing required element Chat panel: Message: 
Stacktrace:
	GetHandleVerifier [0x0xfcfe43+66515]
	GetHandleVerifier [0x0xfcfe84+66580]
	(No symbol) [0x0xdbdc48]
	(No symbol) [0x0xe08704]
	(No symbol) [0x0xe08aab]
	(No symbol) [0x0xe4f482]
	(No symbol) [0x0xe2b214]
	(No symbol) [0x0xe4cba7]
	(No symbol) [0x0xe2afc6]
	(No symbol) [0x0xdfc2ca]
	(No symbol) [0x0xdfd154]
	GetHandleVerifier [0x0x1227353+2521315]
	GetHandleVerifier [0x0x12222d3+2500707]
	GetHandleVerifier [0x0xff7c94+229924]
	GetHandleVerifier [0x0xfe81f8+165768]
	GetHandleVerifier [0x0xfeecad+193085]
	GetHandleVerifier [0x0xfd8158+100072]
	GetHandleVerifier [0x0xfd82f0+100480]
	GetHandleVerifier [0x0xfc25aa+11066]
	BaseThreadInitThunk [0x0x752d5d49+25]
	RtlInitializeExceptionChain [0x0x7708d6db+107]
	RtlGetAppContainerNamedObjectPath [0x0x7708d661+561]

2025-10-31 14:21:59,406 - WARNING - Missing required element Menu icon: Message: 
Stacktrace:
	GetHandleVerifier [0x0xfcfe43+66515]
	GetHandleVerifier [0x0xfcfe84+66580]
	(No symbol) [0x0xdbdc48]
	(No symbol) [0x0xe08704]
	(No symbol) [0x0xe08aab]
	(No symbol) [0x0xe4f482]
	(No symbol) [0x0xe2b214]
	(No symbol) [0x0xe4cba7]
	(No symbol) [0x0xe2afc6]
	(No symbol) [0x0xdfc2ca]
	(No symbol) [0x0xdfd154]
	GetHandleVerifier [0x0x1227353+2521315]
	GetHandleVerifier [0x0x12222d3+2500707]
	GetHandleVerifier [0x0xff7c94+229924]
	GetHandleVerifier [0x0xfe81f8+165768]
	GetHandleVerifier [0x0xfeecad+193085]
	GetHandleVerifier [0x0xfd8158+100072]
	GetHandleVerifier [0x0xfd82f0+100480]
	GetHandleVerifier [0x0xfc25aa+11066]
	BaseThreadInitThunk [0x0x752d5d49+25]
	RtlInitializeExceptionChain [0x0x7708d6db+107]
	RtlGetAppContainerNamedObjectPath [0x0x7708d661+561]

2025-10-31 14:22:09,788 - WARNING - Missing required element Search box: Message: 
Stacktrace:
	GetHandleVerifier [0x0xfcfe43+66515]
	GetHandleVerifier [0x0xfcfe84+66580]
	(No symbol) [0x0xdbdc48]
	(No symbol) [0x0xe08704]
	(No symbol) [0x0xe08aab]
	(No symbol) [0x0xe4f482]
	(No symbol) [0x0xe2b214]
	(No symbol) [0x0xe4cba7]
	(No symbol) [0x0xe2afc6]
	(No symbol) [0x0xdfc2ca]
	(No symbol) [0x0xdfd154]
	GetHandleVerifier [0x0x1227353+2521315]
	GetHandleVerifier [0x0x12222d3+2500707]
	GetHandleVerifier [0x0xff7c94+229924]
	GetHandleVerifier [0x0xfe81f8+165768]
	GetHandleVerifier [0x0xfeecad+193085]
	GetHandleVerifier [0x0xfd8158+100072]
	GetHandleVerifier [0x0xfd82f0+100480]
	GetHandleVerifier [0x0xfc25aa+11066]
	BaseThreadInitThunk [0x0x752d5d49+25]
	RtlInitializeExceptionChain [0x0x7708d6db+107]
	RtlGetAppContainerNamedObjectPath [0x0x7708d661+561]

2025-10-31 14:22:09,822 - WARNING - Only found 1/4 required elements
2025-10-31 14:22:09,822 - WARNING - WhatsApp Web loaded but required UI elements not found
2025-10-31 14:22:09,904 - ERROR - WhatsApp Web not ready after 156s. Please check:
2025-10-31 14:22:09,904 - ERROR - 1. Is the Chrome window visible?
2025-10-31 14:22:09,904 - ERROR - 2. Do you need to scan the QR code?
2025-10-31 14:22:09,904 - ERROR - 3. Is your internet connection stable?
2025-10-31 14:22:09,904 - ERROR - Debug screenshots saved in D:\WorkflowAuto\Invitation\debug_whatsapp/
2025-10-31 14:22:09,905 - ERROR - Failed to initialize WebDriver: WhatsApp Web failed to initialize
2025-10-31 14:22:12,230 - ERROR - Failed to initialize WhatsApp sender: WhatsApp Web failed to initialize
2025-10-31 14:23:22,995 - INFO - Starting WebDriver initialization...
2025-10-31 14:23:29,388 - INFO - Chrome browser launched
2025-10-31 14:23:29,401 - INFO - Browser window maximized
2025-10-31 14:23:29,408 - INFO - Loading WhatsApp Web (attempt 1/3)...
2025-10-31 14:23:33,194 - INFO - Checking WhatsApp Web status (attempt 1/3)...
2025-10-31 14:23:52,446 - INFO - Found UI element: div[contenteditable="true"]
2025-10-31 14:23:54,539 - INFO - Found UI element: #pane-side
2025-10-31 14:24:03,232 - INFO - WhatsApp Web interface appears fully loaded
2025-10-31 14:24:03,232 - INFO - WhatsApp Web loaded successfully after 30s
2025-10-31 14:24:03,233 - INFO - WhatsApp Web initialized successfully
2025-10-31 14:24:03,233 - INFO - Running contact search test...
2025-10-31 14:24:03,233 - INFO - Testing search for number: 9662043954
2025-10-31 14:24:03,233 - INFO - Loading WhatsApp Web with phone number...
2025-10-31 14:24:07,577 - INFO - Successfully found contact chat window
2025-10-31 14:24:07,579 - INFO - ✓ Contact search test successful
2025-10-31 14:24:46,198 - INFO - Starting WebDriver initialization...
2025-10-31 14:24:51,701 - INFO - Chrome browser launched
2025-10-31 14:24:51,756 - INFO - Browser window maximized
2025-10-31 14:24:51,777 - INFO - Loading WhatsApp Web (attempt 1/3)...
2025-10-31 14:24:55,463 - INFO - Checking WhatsApp Web status (attempt 1/3)...
2025-10-31 14:25:14,374 - INFO - Found UI element: div[contenteditable="true"]
2025-10-31 14:25:16,478 - INFO - Found UI element: #pane-side
2025-10-31 14:25:24,952 - INFO - WhatsApp Web interface appears fully loaded
2025-10-31 14:25:24,952 - INFO - WhatsApp Web loaded successfully after 29s
2025-10-31 14:25:24,953 - INFO - WhatsApp Web initialized successfully
2025-10-31 14:25:25,413 - INFO - Starting to send invitations to 1 contacts...
2025-10-31 14:25:25,414 - INFO - Processing 1/1: કાંબલિયા
2025-10-31 14:26:00,598 - INFO - Found UI element: div[contenteditable="true"]
2025-10-31 14:26:02,679 - INFO - Found UI element: #pane-side
2025-10-31 14:26:06,841 - INFO - Found UI element: #main
2025-10-31 14:26:06,876 - INFO - WhatsApp Web interface appears fully loaded
2025-10-31 14:26:48,492 - INFO - Successfully clicked attach button with selector: [aria-label*="Attach"]
2025-10-31 14:26:48,493 - ERROR - Failed to attach file: cannot unpack non-iterable bool object
2025-10-31 14:26:48,493 - WARNING - X Not sent to કાંબલિયા
2025-10-31 14:26:50,494 - INFO - Completed: 0/1 sent
2025-10-31 14:29:48,737 - INFO - Starting WebDriver initialization...
2025-10-31 14:29:54,709 - INFO - Chrome browser launched
2025-10-31 14:29:54,750 - INFO - Browser window maximized
2025-10-31 14:29:54,760 - INFO - Loading WhatsApp Web (attempt 1/3)...
2025-10-31 14:29:58,783 - INFO - Checking WhatsApp Web status (attempt 1/3)...
2025-10-31 14:30:18,543 - INFO - Found UI element: div[contenteditable="true"]
2025-10-31 14:30:20,628 - INFO - Found UI element: #pane-side
2025-10-31 14:30:29,082 - INFO - WhatsApp Web interface appears fully loaded
2025-10-31 14:30:29,082 - INFO - WhatsApp Web loaded successfully after 30s
2025-10-31 14:30:29,082 - INFO - WhatsApp Web initialized successfully
2025-10-31 14:30:29,376 - INFO - Starting to send invitations to 1 contacts...
2025-10-31 14:30:29,376 - INFO - Processing 1/1: કાંબલિયા
2025-10-31 14:30:57,915 - INFO - Found UI element: div[contenteditable="true"]
2025-10-31 14:30:59,992 - INFO - Found UI element: #pane-side
2025-10-31 14:31:04,148 - INFO - Found UI element: #main
2025-10-31 14:31:04,182 - INFO - WhatsApp Web interface appears fully loaded
2025-10-31 14:31:45,835 - INFO - Successfully clicked attach button with selector: [aria-label*="Attach"]
2025-10-31 14:31:50,995 - ERROR - Attachment menu did not appear after clicking attach button
2025-10-31 14:31:50,995 - ERROR - Failed to attach file: Failed to open attachment menu
2025-10-31 14:31:50,995 - WARNING - X Not sent to કાંબલિયા
2025-10-31 14:31:52,996 - INFO - Completed: 0/1 sent
2025-10-31 14:32:26,564 - INFO - Starting WebDriver initialization...
2025-10-31 14:32:33,020 - INFO - Chrome browser launched
2025-10-31 14:32:33,031 - INFO - Browser window maximized
2025-10-31 14:32:33,033 - INFO - Loading WhatsApp Web (attempt 1/3)...
2025-10-31 14:32:36,935 - INFO - Checking WhatsApp Web status (attempt 1/3)...
2025-10-31 14:32:56,528 - INFO - Found UI element: div[contenteditable="true"]
2025-10-31 14:32:58,621 - INFO - Found UI element: #pane-side
2025-10-31 14:33:02,820 - INFO - Found UI element: #main
2025-10-31 14:33:02,864 - INFO - WhatsApp Web interface appears fully loaded
2025-10-31 14:33:02,865 - INFO - WhatsApp Web loaded successfully after 25s
2025-10-31 14:33:02,865 - INFO - WhatsApp Web initialized successfully
2025-10-31 14:33:03,151 - INFO - Starting to send invitations to 1 contacts...
2025-10-31 14:33:03,152 - INFO - Processing 1/1: કાંબલિયા
2025-10-31 14:33:32,272 - INFO - Found UI element: div[contenteditable="true"]
2025-10-31 14:33:34,364 - INFO - Found UI element: #pane-side
2025-10-31 14:33:38,522 - INFO - Found UI element: #main
2025-10-31 14:33:38,561 - INFO - WhatsApp Web interface appears fully loaded
2025-10-31 14:34:20,135 - INFO - Successfully clicked attach button with selector: [aria-label*="Attach"]
2025-10-31 14:34:25,339 - ERROR - Attachment menu did not appear after clicking attach button
2025-10-31 14:34:25,340 - ERROR - Failed to attach file: Failed to open attachment menu
2025-10-31 14:34:25,340 - WARNING - X Not sent to કાંબલિયા
2025-10-31 14:34:27,341 - INFO - Completed: 0/1 sent
2025-10-31 14:39:34,591 - INFO - Attempting to close existing Chrome processes...
2025-10-31 14:39:37,342 - INFO - Starting WebDriver initialization...
2025-10-31 14:39:44,200 - INFO - Chrome browser launched
2025-10-31 14:39:44,209 - INFO - Browser window maximized
2025-10-31 14:39:44,211 - INFO - Loading WhatsApp Web (attempt 1/3)...
2025-10-31 14:39:47,557 - INFO - Checking WhatsApp Web status (attempt 1/3)...
2025-10-31 14:40:08,269 - INFO - Found UI element: div[contenteditable="true"]
2025-10-31 14:40:10,662 - INFO - Found UI element: #pane-side
2025-10-31 14:40:22,314 - INFO - WhatsApp Web interface appears fully loaded
2025-10-31 14:40:22,322 - INFO - WhatsApp Web loaded successfully after 34s
2025-10-31 14:40:22,323 - INFO - WhatsApp Web initialized successfully
2025-10-31 14:40:25,861 - INFO - Starting to send invitations to 1 contacts...
2025-10-31 14:40:25,885 - INFO - Processing 1/1: કાંબલિયા
2025-10-31 14:42:42,938 - INFO - Found UI element: div[contenteditable="true"]
2025-10-31 14:42:45,198 - INFO - Found UI element: #pane-side
2025-10-31 14:42:49,568 - INFO - Found UI element: #main
2025-10-31 14:42:49,677 - INFO - WhatsApp Web interface appears fully loaded
2025-10-31 14:43:32,579 - INFO - Successfully clicked attach button with selector: [aria-label*="Attach"]
2025-10-31 14:43:32,788 - INFO - Attachment menu is open
2025-10-31 14:43:32,820 - ERROR - Failed to attach file: move_to requires a WebElement
2025-10-31 14:43:32,822 - WARNING - X Not sent to કાંબલિયા
2025-10-31 14:43:34,834 - INFO - Completed: 0/1 sent
2025-10-31 22:43:53,288 - INFO - Attempting to close existing Chrome processes...
2025-10-31 22:43:56,055 - INFO - Starting WebDriver initialization...
2025-10-31 22:44:03,093 - INFO - Chrome browser launched
2025-10-31 22:44:03,120 - INFO - Browser window maximized
2025-10-31 22:44:03,131 - INFO - Loading WhatsApp Web (attempt 1/3)...
2025-10-31 22:44:10,135 - INFO - Checking WhatsApp Web status (attempt 1/3)...
2025-10-31 22:44:29,567 - INFO - Found UI element: div[contenteditable="true"]
2025-10-31 22:44:31,728 - INFO - Found UI element: #pane-side
2025-10-31 22:44:36,142 - INFO - Found UI element: #main
2025-10-31 22:44:36,190 - INFO - WhatsApp Web interface appears fully loaded
2025-10-31 22:44:36,191 - INFO - WhatsApp Web loaded successfully after 26s
2025-10-31 22:44:36,191 - INFO - WhatsApp Web initialized successfully
2025-10-31 22:44:36,604 - INFO - Starting to send invitations to 1 contacts...
2025-10-31 22:44:36,604 - INFO - Processing 1/1: કાંબલિયા
2025-10-31 22:45:06,434 - INFO - Found UI element: div[contenteditable="true"]
2025-10-31 22:45:08,508 - INFO - Found UI element: #pane-side
2025-10-31 22:45:12,691 - INFO - Found UI element: #main
2025-10-31 22:45:12,731 - INFO - WhatsApp Web interface appears fully loaded
2025-10-31 22:45:54,764 - INFO - Successfully clicked attach button with selector: [aria-label*="Attach"]
2025-10-31 22:45:54,869 - INFO - Attachment menu is open
2025-10-31 22:45:54,870 - ERROR - Failed to attach file: move_to requires a WebElement
2025-10-31 22:45:54,870 - WARNING - X Not sent to કાંબલિયા
2025-10-31 22:45:56,871 - INFO - Completed: 0/1 sent
2025-10-31 22:50:37,754 - INFO - Starting WebDriver initialization...
2025-10-31 22:50:45,659 - INFO - Chrome browser launched
2025-10-31 22:50:46,058 - INFO - Browser window maximized
2025-10-31 22:50:46,060 - INFO - Loading WhatsApp Web (attempt 1/3)...
2025-10-31 22:50:49,459 - INFO - Checking WhatsApp Web status (attempt 1/3)...
2025-10-31 22:51:09,160 - INFO - Found UI element: div[contenteditable="true"]
2025-10-31 22:51:11,254 - INFO - Found UI element: #pane-side
2025-10-31 22:51:19,626 - INFO - WhatsApp Web interface appears fully loaded
2025-10-31 22:51:19,626 - INFO - WhatsApp Web loaded successfully after 30s
2025-10-31 22:51:19,626 - INFO - WhatsApp Web initialized successfully
2025-10-31 22:51:20,025 - INFO - Starting to send invitations to 1 contacts...
2025-10-31 22:51:20,026 - INFO - Processing 1/1: કાંબલિયા
2025-10-31 22:51:49,184 - INFO - Found UI element: div[contenteditable="true"]
2025-10-31 22:51:51,340 - INFO - Found UI element: #pane-side
2025-10-31 22:51:55,511 - INFO - Found UI element: #main
2025-10-31 22:51:55,556 - INFO - WhatsApp Web interface appears fully loaded
2025-10-31 22:52:37,782 - INFO - Successfully clicked attach button with selector: [aria-label*="Attach"]
2025-10-31 22:52:37,809 - INFO - Attachment menu is open
2025-10-31 22:52:39,913 - INFO - Found file input using selector: input[type="file"]
2025-10-31 22:52:39,919 - INFO - Sending file: D:\WorkflowAuto\Invitation\invitations\invitation_કાંબલિયા.pdf
2025-10-31 22:52:40,006 - INFO - Waiting for upload to complete...
2025-10-31 22:52:42,252 - INFO - Upload complete, found indicator: [role="button"][aria-label*="Send"]
2025-10-31 22:52:42,304 - ERROR - Failed to input message: Message: unknown error: ChromeDriver only supports characters in the BMP
  (Session info: chrome=141.0.7390.123)
Stacktrace:
	GetHandleVerifier [0x0xecfe43+66515]
	GetHandleVerifier [0x0xecfe84+66580]
	(No symbol) [0x0xcbdc48]
	(No symbol) [0x0xd42872]
	(No symbol) [0x0xd02e4b]
	(No symbol) [0x0xd02425]
	(No symbol) [0x0xd2b1cc]
	(No symbol) [0x0xcfdb74]
	(No symbol) [0x0xd2b384]
	(No symbol) [0x0xd4cba7]
	(No symbol) [0x0xd2afc6]
	(No symbol) [0x0xcfc2ca]
	(No symbol) [0x0xcfd154]
	GetHandleVerifier [0x0x1127353+2521315]
	GetHandleVerifier [0x0x11222d3+2500707]
	GetHandleVerifier [0x0xef7c94+229924]
	GetHandleVerifier [0x0xee81f8+165768]
	GetHandleVerifier [0x0xeeecad+193085]
	GetHandleVerifier [0x0xed8158+100072]
	GetHandleVerifier [0x0xed82f0+100480]
	GetHandleVerifier [0x0xec25aa+11066]
	BaseThreadInitThunk [0x0x752d5d49+25]
	RtlInitializeExceptionChain [0x0x7708d6db+107]
	RtlGetAppContainerNamedObjectPath [0x0x7708d661+561]

2025-10-31 22:52:42,305 - WARNING - X Not sent to કાંબલિયા
2025-10-31 22:52:44,306 - INFO - Completed: 0/1 sent
2025-10-31 22:54:30,949 - INFO - Attempting to close existing Chrome processes...
2025-10-31 22:54:33,314 - INFO - Starting WebDriver initialization...
2025-10-31 22:54:39,184 - INFO - Chrome browser launched
2025-10-31 22:54:39,196 - INFO - Browser window maximized
2025-10-31 22:54:39,200 - INFO - Loading WhatsApp Web (attempt 1/3)...
2025-10-31 22:54:43,135 - INFO - Checking WhatsApp Web status (attempt 1/3)...
2025-10-31 22:55:03,703 - INFO - Found UI element: div[contenteditable="true"]
2025-10-31 22:55:05,792 - INFO - Found UI element: #pane-side
2025-10-31 22:55:10,168 - INFO - Found UI element: #main
2025-10-31 22:55:10,316 - INFO - WhatsApp Web interface appears fully loaded
2025-10-31 22:55:10,316 - INFO - WhatsApp Web loaded successfully after 27s
2025-10-31 22:55:10,317 - INFO - WhatsApp Web initialized successfully
2025-10-31 22:55:10,715 - INFO - Starting to send invitations to 1 contacts...
2025-10-31 22:55:10,715 - INFO - Processing 1/1: કાંબલીયા
2025-10-31 22:55:46,593 - INFO - Found UI element: div[contenteditable="true"]
2025-10-31 22:55:48,700 - INFO - Found UI element: #pane-side
2025-10-31 22:55:53,087 - INFO - Found UI element: #main
2025-10-31 22:55:53,123 - INFO - WhatsApp Web interface appears fully loaded
2025-10-31 22:56:34,981 - INFO - Successfully clicked attach button with selector: [aria-label*="Attach"]
2025-10-31 22:56:35,156 - INFO - Attachment menu is open
2025-10-31 22:56:37,327 - INFO - Found file input using selector: input[type="file"]
2025-10-31 22:56:37,334 - INFO - Sending file: D:\WorkflowAuto\Invitation\invitations\invitation_કાંબલીયા.pdf
2025-10-31 22:56:37,441 - INFO - Waiting for upload to complete...
2025-10-31 22:56:38,767 - INFO - Upload complete, found indicator: [role="button"][aria-label*="Send"]
2025-10-31 22:56:38,962 - WARNING - send_keys failed due to BMP limitation, using JS fallback to input message
2025-10-31 22:56:39,336 - ERROR - Failed to click send button: Message: no such element: Unable to locate element: {"method":"css selector","selector":"span[data-icon="send"]"}
  (Session info: chrome=141.0.7390.123); For documentation on this error, please visit: https://www.selenium.dev/documentation/webdriver/troubleshooting/errors#nosuchelementexception
Stacktrace:
	GetHandleVerifier [0x0xecfe43+66515]
	GetHandleVerifier [0x0xecfe84+66580]
	(No symbol) [0x0xcbdc48]
	(No symbol) [0x0xd08704]
	(No symbol) [0x0xd08aab]
	(No symbol) [0x0xd4f482]
	(No symbol) [0x0xd2b214]
	(No symbol) [0x0xd4cba7]
	(No symbol) [0x0xd2afc6]
	(No symbol) [0x0xcfc2ca]
	(No symbol) [0x0xcfd154]
	GetHandleVerifier [0x0x1127353+2521315]
	GetHandleVerifier [0x0x11222d3+2500707]
	GetHandleVerifier [0x0xef7c94+229924]
	GetHandleVerifier [0x0xee81f8+165768]
	GetHandleVerifier [0x0xeeecad+193085]
	GetHandleVerifier [0x0xed8158+100072]
	GetHandleVerifier [0x0xed82f0+100480]
	GetHandleVerifier [0x0xec25aa+11066]
	BaseThreadInitThunk [0x0x752d5d49+25]
	RtlInitializeExceptionChain [0x0x7708d6db+107]
	RtlGetAppContainerNamedObjectPath [0x0x7708d661+561]

2025-10-31 22:56:39,339 - WARNING - X Not sent to કાંબલીયા
2025-10-31 22:56:41,342 - INFO - Completed: 0/1 sent
2025-10-31 23:00:03,261 - INFO - Attempting to close existing Chrome processes...
2025-10-31 23:00:05,578 - INFO - Starting WebDriver initialization...
2025-10-31 23:00:12,331 - INFO - Chrome browser launched
2025-10-31 23:00:12,341 - INFO - Browser window maximized
2025-10-31 23:00:12,343 - INFO - Loading WhatsApp Web (attempt 1/3)...
2025-10-31 23:00:16,063 - INFO - Checking WhatsApp Web status (attempt 1/3)...
2025-10-31 23:00:35,440 - INFO - Found UI element: div[contenteditable="true"]
2025-10-31 23:00:37,526 - INFO - Found UI element: #pane-side
2025-10-31 23:00:41,725 - INFO - Found UI element: #main
2025-10-31 23:00:41,770 - INFO - WhatsApp Web interface appears fully loaded
2025-10-31 23:00:41,770 - INFO - WhatsApp Web loaded successfully after 25s
2025-10-31 23:00:41,770 - INFO - WhatsApp Web initialized successfully
2025-10-31 23:00:42,562 - INFO - Starting to send invitations to 1 contacts...
2025-10-31 23:00:42,563 - INFO - Processing 1/1: કાંબલીયા
2025-10-31 23:01:25,047 - INFO - Found UI element: div[contenteditable="true"]
2025-10-31 23:01:27,131 - INFO - Found UI element: #pane-side
2025-10-31 23:01:31,515 - INFO - Found UI element: #main
2025-10-31 23:01:31,556 - INFO - WhatsApp Web interface appears fully loaded
2025-10-31 23:02:13,607 - INFO - Successfully clicked attach button with selector: [aria-label*="Attach"]
2025-10-31 23:02:13,639 - INFO - Attachment menu is open
2025-10-31 23:02:15,772 - INFO - Found file input using selector: input[type="file"]
2025-10-31 23:02:15,782 - INFO - Sending file: D:\WorkflowAuto\Invitation\invitations\invitation_કાંબલીયા.pdf
2025-10-31 23:02:15,895 - INFO - Waiting for upload to complete...
2025-10-31 23:02:17,134 - INFO - Upload complete, found indicator: [role="button"][aria-label*="Send"]
2025-10-31 23:02:17,202 - WARNING - send_keys failed due to BMP limitation, using JS fallback to set message
2025-10-31 23:02:27,014 - INFO - Clicked send button using selector: div[role="button"][aria-label*="Send"]
2025-10-31 23:02:28,014 - INFO - ✓ Sent to કાંબલીયા
2025-10-31 23:02:30,016 - INFO - Completed: 1/1 sent
2025-10-31 23:10:19,741 - INFO - Starting WebDriver initialization...
2025-10-31 23:10:26,110 - INFO - Chrome browser launched
2025-10-31 23:10:26,171 - INFO - Browser window maximized
2025-10-31 23:10:26,181 - INFO - Loading WhatsApp Web...
2025-10-31 23:10:28,646 - INFO - Checking WhatsApp Web status (attempt 1/3)...
2025-10-31 23:10:38,882 - WARNING - Missing required element Menu icon: Message: 
Stacktrace:
	GetHandleVerifier [0x0x71fe43+66515]
	GetHandleVerifier [0x0x71fe84+66580]
	(No symbol) [0x0x50dc48]
	(No symbol) [0x0x558704]
	(No symbol) [0x0x558aab]
	(No symbol) [0x0x59f482]
	(No symbol) [0x0x57b214]
	(No symbol) [0x0x59cba7]
	(No symbol) [0x0x57afc6]
	(No symbol) [0x0x54c2ca]
	(No symbol) [0x0x54d154]
	GetHandleVerifier [0x0x977353+2521315]
	GetHandleVerifier [0x0x9722d3+2500707]
	GetHandleVerifier [0x0x747c94+229924]
	GetHandleVerifier [0x0x7381f8+165768]
	GetHandleVerifier [0x0x73ecad+193085]
	GetHandleVerifier [0x0x728158+100072]
	GetHandleVerifier [0x0x7282f0+100480]
	GetHandleVerifier [0x0x7125aa+11066]
	BaseThreadInitThunk [0x0x752d5d49+25]
	RtlInitializeExceptionChain [0x0x7708d6db+107]
	RtlGetAppContainerNamedObjectPath [0x0x7708d661+561]

2025-10-31 23:10:49,215 - WARNING - Missing required element Chat list: Message: 
Stacktrace:
	GetHandleVerifier [0x0x71fe43+66515]
	GetHandleVerifier [0x0x71fe84+66580]
	(No symbol) [0x0x50dc48]
	(No symbol) [0x0x558704]
	(No symbol) [0x0x558aab]
	(No symbol) [0x0x59f482]
	(No symbol) [0x0x57b214]
	(No symbol) [0x0x59cba7]
	(No symbol) [0x0x57afc6]
	(No symbol) [0x0x54c2ca]
	(No symbol) [0x0x54d154]
	GetHandleVerifier [0x0x977353+2521315]
	GetHandleVerifier [0x0x9722d3+2500707]
	GetHandleVerifier [0x0x747c94+229924]
	GetHandleVerifier [0x0x7381f8+165768]
	GetHandleVerifier [0x0x73ecad+193085]
	GetHandleVerifier [0x0x728158+100072]
	GetHandleVerifier [0x0x7282f0+100480]
	GetHandleVerifier [0x0x7125aa+11066]
	BaseThreadInitThunk [0x0x752d5d49+25]
	RtlInitializeExceptionChain [0x0x7708d6db+107]
	RtlGetAppContainerNamedObjectPath [0x0x7708d661+561]

2025-10-31 23:10:49,252 - INFO - Found required element: Message input
2025-10-31 23:10:59,411 - WARNING - Missing required element Main app container: Message: 
Stacktrace:
	GetHandleVerifier [0x0x71fe43+66515]
	GetHandleVerifier [0x0x71fe84+66580]
	(No symbol) [0x0x50dc48]
	(No symbol) [0x0x558704]
	(No symbol) [0x0x558aab]
	(No symbol) [0x0x59f482]
	(No symbol) [0x0x57b214]
	(No symbol) [0x0x59cba7]
	(No symbol) [0x0x57afc6]
	(No symbol) [0x0x54c2ca]
	(No symbol) [0x0x54d154]
	GetHandleVerifier [0x0x977353+2521315]
	GetHandleVerifier [0x0x9722d3+2500707]
	GetHandleVerifier [0x0x747c94+229924]
	GetHandleVerifier [0x0x7381f8+165768]
	GetHandleVerifier [0x0x73ecad+193085]
	GetHandleVerifier [0x0x728158+100072]
	GetHandleVerifier [0x0x7282f0+100480]
	GetHandleVerifier [0x0x7125aa+11066]
	BaseThreadInitThunk [0x0x752d5d49+25]
	RtlInitializeExceptionChain [0x0x7708d6db+107]
	RtlGetAppContainerNamedObjectPath [0x0x7708d661+561]

2025-10-31 23:10:59,459 - WARNING - Only found 1/4 required elements
2025-10-31 23:10:59,460 - WARNING - WhatsApp Web loaded but required UI elements not found
2025-10-31 23:10:59,634 - INFO - Refreshing page and waiting 5 seconds...
2025-10-31 23:11:05,245 - INFO - Checking WhatsApp Web status (attempt 2/3)...
2025-10-31 23:11:15,363 - WARNING - Missing required element Menu icon: Message: 
Stacktrace:
	GetHandleVerifier [0x0x71fe43+66515]
	GetHandleVerifier [0x0x71fe84+66580]
	(No symbol) [0x0x50dc48]
	(No symbol) [0x0x558704]
	(No symbol) [0x0x558aab]
	(No symbol) [0x0x59f482]
	(No symbol) [0x0x57b214]
	(No symbol) [0x0x59cba7]
	(No symbol) [0x0x57afc6]
	(No symbol) [0x0x54c2ca]
	(No symbol) [0x0x54d154]
	GetHandleVerifier [0x0x977353+2521315]
	GetHandleVerifier [0x0x9722d3+2500707]
	GetHandleVerifier [0x0x747c94+229924]
	GetHandleVerifier [0x0x7381f8+165768]
	GetHandleVerifier [0x0x73ecad+193085]
	GetHandleVerifier [0x0x728158+100072]
	GetHandleVerifier [0x0x7282f0+100480]
	GetHandleVerifier [0x0x7125aa+11066]
	BaseThreadInitThunk [0x0x752d5d49+25]
	RtlInitializeExceptionChain [0x0x7708d6db+107]
	RtlGetAppContainerNamedObjectPath [0x0x7708d661+561]

2025-10-31 23:11:25,719 - WARNING - Missing required element Chat list: Message: 
Stacktrace:
	GetHandleVerifier [0x0x71fe43+66515]
	GetHandleVerifier [0x0x71fe84+66580]
	(No symbol) [0x0x50dc48]
	(No symbol) [0x0x558704]
	(No symbol) [0x0x558aab]
	(No symbol) [0x0x59f482]
	(No symbol) [0x0x57b214]
	(No symbol) [0x0x59cba7]
	(No symbol) [0x0x57afc6]
	(No symbol) [0x0x54c2ca]
	(No symbol) [0x0x54d154]
	GetHandleVerifier [0x0x977353+2521315]
	GetHandleVerifier [0x0x9722d3+2500707]
	GetHandleVerifier [0x0x747c94+229924]
	GetHandleVerifier [0x0x7381f8+165768]
	GetHandleVerifier [0x0x73ecad+193085]
	GetHandleVerifier [0x0x728158+100072]
	GetHandleVerifier [0x0x7282f0+100480]
	GetHandleVerifier [0x0x7125aa+11066]
	BaseThreadInitThunk [0x0x752d5d49+25]
	RtlInitializeExceptionChain [0x0x7708d6db+107]
	RtlGetAppContainerNamedObjectPath [0x0x7708d661+561]

2025-10-31 23:11:25,738 - INFO - Found required element: Message input
2025-10-31 23:11:36,090 - WARNING - Missing required element Main app container: Message: 
Stacktrace:
	GetHandleVerifier [0x0x71fe43+66515]
	GetHandleVerifier [0x0x71fe84+66580]
	(No symbol) [0x0x50dc48]
	(No symbol) [0x0x558704]
	(No symbol) [0x0x558aab]
	(No symbol) [0x0x59f482]
	(No symbol) [0x0x57b214]
	(No symbol) [0x0x59cba7]
	(No symbol) [0x0x57afc6]
	(No symbol) [0x0x54c2ca]
	(No symbol) [0x0x54d154]
	GetHandleVerifier [0x0x977353+2521315]
	GetHandleVerifier [0x0x9722d3+2500707]
	GetHandleVerifier [0x0x747c94+229924]
	GetHandleVerifier [0x0x7381f8+165768]
	GetHandleVerifier [0x0x73ecad+193085]
	GetHandleVerifier [0x0x728158+100072]
	GetHandleVerifier [0x0x7282f0+100480]
	GetHandleVerifier [0x0x7125aa+11066]
	BaseThreadInitThunk [0x0x752d5d49+25]
	RtlInitializeExceptionChain [0x0x7708d6db+107]
	RtlGetAppContainerNamedObjectPath [0x0x7708d661+561]

2025-10-31 23:11:36,156 - WARNING - Only found 1/4 required elements
2025-10-31 23:11:36,157 - WARNING - WhatsApp Web loaded but required UI elements not found
2025-10-31 23:11:36,235 - INFO - Refreshing page and waiting 5 seconds...
2025-10-31 23:11:42,231 - INFO - Checking WhatsApp Web status (attempt 3/3)...
2025-10-31 23:11:52,359 - WARNING - Missing required element Menu icon: Message: 
Stacktrace:
	GetHandleVerifier [0x0x71fe43+66515]
	GetHandleVerifier [0x0x71fe84+66580]
	(No symbol) [0x0x50dc48]
	(No symbol) [0x0x558704]
	(No symbol) [0x0x558aab]
	(No symbol) [0x0x59f482]
	(No symbol) [0x0x57b214]
	(No symbol) [0x0x59cba7]
	(No symbol) [0x0x57afc6]
	(No symbol) [0x0x54c2ca]
	(No symbol) [0x0x54d154]
	GetHandleVerifier [0x0x977353+2521315]
	GetHandleVerifier [0x0x9722d3+2500707]
	GetHandleVerifier [0x0x747c94+229924]
	GetHandleVerifier [0x0x7381f8+165768]
	GetHandleVerifier [0x0x73ecad+193085]
	GetHandleVerifier [0x0x728158+100072]
	GetHandleVerifier [0x0x7282f0+100480]
	GetHandleVerifier [0x0x7125aa+11066]
	BaseThreadInitThunk [0x0x752d5d49+25]
	RtlInitializeExceptionChain [0x0x7708d6db+107]
	RtlGetAppContainerNamedObjectPath [0x0x7708d661+561]

2025-10-31 23:12:02,859 - WARNING - Missing required element Chat list: Message: 
Stacktrace:
	GetHandleVerifier [0x0x71fe43+66515]
	GetHandleVerifier [0x0x71fe84+66580]
	(No symbol) [0x0x50dc48]
	(No symbol) [0x0x558704]
	(No symbol) [0x0x558aab]
	(No symbol) [0x0x59f482]
	(No symbol) [0x0x57b214]
	(No symbol) [0x0x59cba7]
	(No symbol) [0x0x57afc6]
	(No symbol) [0x0x54c2ca]
	(No symbol) [0x0x54d154]
	GetHandleVerifier [0x0x977353+2521315]
	GetHandleVerifier [0x0x9722d3+2500707]
	GetHandleVerifier [0x0x747c94+229924]
	GetHandleVerifier [0x0x7381f8+165768]
	GetHandleVerifier [0x0x73ecad+193085]
	GetHandleVerifier [0x0x728158+100072]
	GetHandleVerifier [0x0x7282f0+100480]
	GetHandleVerifier [0x0x7125aa+11066]
	BaseThreadInitThunk [0x0x752d5d49+25]
	RtlInitializeExceptionChain [0x0x7708d6db+107]
	RtlGetAppContainerNamedObjectPath [0x0x7708d661+561]

2025-10-31 23:12:02,885 - INFO - Found required element: Message input
2025-10-31 23:12:13,194 - WARNING - Missing required element Main app container: Message: 
Stacktrace:
	GetHandleVerifier [0x0x71fe43+66515]
	GetHandleVerifier [0x0x71fe84+66580]
	(No symbol) [0x0x50dc48]
	(No symbol) [0x0x558704]
	(No symbol) [0x0x558aab]
	(No symbol) [0x0x59f482]
	(No symbol) [0x0x57b214]
	(No symbol) [0x0x59cba7]
	(No symbol) [0x0x57afc6]
	(No symbol) [0x0x54c2ca]
	(No symbol) [0x0x54d154]
	GetHandleVerifier [0x0x977353+2521315]
	GetHandleVerifier [0x0x9722d3+2500707]
	GetHandleVerifier [0x0x747c94+229924]
	GetHandleVerifier [0x0x7381f8+165768]
	GetHandleVerifier [0x0x73ecad+193085]
	GetHandleVerifier [0x0x728158+100072]
	GetHandleVerifier [0x0x7282f0+100480]
	GetHandleVerifier [0x0x7125aa+11066]
	BaseThreadInitThunk [0x0x752d5d49+25]
	RtlInitializeExceptionChain [0x0x7708d6db+107]
	RtlGetAppContainerNamedObjectPath [0x0x7708d661+561]

2025-10-31 23:12:13,224 - WARNING - Only found 1/4 required elements
2025-10-31 23:12:13,224 - WARNING - WhatsApp Web loaded but required UI elements not found
2025-10-31 23:12:13,411 - ERROR - WhatsApp Web not ready after 104s. Please check:
2025-10-31 23:12:13,411 - ERROR - 1. Is the Chrome window visible?
2025-10-31 23:12:13,412 - ERROR - 2. Do you need to scan the QR code?
2025-10-31 23:12:13,413 - ERROR - 3. Is your internet connection stable?
2025-10-31 23:12:13,415 - ERROR - Debug screenshots saved in D:\WorkflowAuto\Invitation\debug_whatsapp/
2025-10-31 23:12:13,416 - ERROR - Failed to initialize WebDriver: WhatsApp Web failed to initialize
2025-10-31 23:12:15,764 - ERROR - Failed to initialize WhatsApp sender: WhatsApp Web failed to initialize
2025-10-31 23:12:30,575 - INFO - Starting WebDriver initialization...
2025-10-31 23:12:37,332 - INFO - Chrome browser launched
2025-10-31 23:12:37,358 - INFO - Browser window maximized
2025-10-31 23:12:37,358 - INFO - Loading WhatsApp Web...
2025-10-31 23:12:38,709 - INFO - Checking WhatsApp Web status (attempt 1/3)...
2025-10-31 23:12:49,108 - WARNING - Missing required element Menu icon: Message: 
Stacktrace:
	GetHandleVerifier [0x0x71fe43+66515]
	GetHandleVerifier [0x0x71fe84+66580]
	(No symbol) [0x0x50dc48]
	(No symbol) [0x0x558704]
	(No symbol) [0x0x558aab]
	(No symbol) [0x0x59f482]
	(No symbol) [0x0x57b214]
	(No symbol) [0x0x59cba7]
	(No symbol) [0x0x57afc6]
	(No symbol) [0x0x54c2ca]
	(No symbol) [0x0x54d154]
	GetHandleVerifier [0x0x977353+2521315]
	GetHandleVerifier [0x0x9722d3+2500707]
	GetHandleVerifier [0x0x747c94+229924]
	GetHandleVerifier [0x0x7381f8+165768]
	GetHandleVerifier [0x0x73ecad+193085]
	GetHandleVerifier [0x0x728158+100072]
	GetHandleVerifier [0x0x7282f0+100480]
	GetHandleVerifier [0x0x7125aa+11066]
	BaseThreadInitThunk [0x0x752d5d49+25]
	RtlInitializeExceptionChain [0x0x7708d6db+107]
	RtlGetAppContainerNamedObjectPath [0x0x7708d661+561]

2025-10-31 23:12:59,500 - WARNING - Missing required element Chat list: Message: 
Stacktrace:
	GetHandleVerifier [0x0x71fe43+66515]
	GetHandleVerifier [0x0x71fe84+66580]
	(No symbol) [0x0x50dc48]
	(No symbol) [0x0x558704]
	(No symbol) [0x0x558aab]
	(No symbol) [0x0x59f482]
	(No symbol) [0x0x57b214]
	(No symbol) [0x0x59cba7]
	(No symbol) [0x0x57afc6]
	(No symbol) [0x0x54c2ca]
	(No symbol) [0x0x54d154]
	GetHandleVerifier [0x0x977353+2521315]
	GetHandleVerifier [0x0x9722d3+2500707]
	GetHandleVerifier [0x0x747c94+229924]
	GetHandleVerifier [0x0x7381f8+165768]
	GetHandleVerifier [0x0x73ecad+193085]
	GetHandleVerifier [0x0x728158+100072]
	GetHandleVerifier [0x0x7282f0+100480]
	GetHandleVerifier [0x0x7125aa+11066]
	BaseThreadInitThunk [0x0x752d5d49+25]
	RtlInitializeExceptionChain [0x0x7708d6db+107]
	RtlGetAppContainerNamedObjectPath [0x0x7708d661+561]

2025-10-31 23:12:59,536 - INFO - Found required element: Message input
2025-10-31 23:13:09,931 - WARNING - Missing required element Main app container: Message: 
Stacktrace:
	GetHandleVerifier [0x0x71fe43+66515]
	GetHandleVerifier [0x0x71fe84+66580]
	(No symbol) [0x0x50dc48]
	(No symbol) [0x0x558704]
	(No symbol) [0x0x558aab]
	(No symbol) [0x0x59f482]
	(No symbol) [0x0x57b214]
	(No symbol) [0x0x59cba7]
	(No symbol) [0x0x57afc6]
	(No symbol) [0x0x54c2ca]
	(No symbol) [0x0x54d154]
	GetHandleVerifier [0x0x977353+2521315]
	GetHandleVerifier [0x0x9722d3+2500707]
	GetHandleVerifier [0x0x747c94+229924]
	GetHandleVerifier [0x0x7381f8+165768]
	GetHandleVerifier [0x0x73ecad+193085]
	GetHandleVerifier [0x0x728158+100072]
	GetHandleVerifier [0x0x7282f0+100480]
	GetHandleVerifier [0x0x7125aa+11066]
	BaseThreadInitThunk [0x0x752d5d49+25]
	RtlInitializeExceptionChain [0x0x7708d6db+107]
	RtlGetAppContainerNamedObjectPath [0x0x7708d661+561]

2025-10-31 23:13:09,996 - WARNING - Only found 1/4 required elements
2025-10-31 23:13:09,997 - WARNING - WhatsApp Web loaded but required UI elements not found
2025-10-31 23:13:10,087 - INFO - Refreshing page and waiting 5 seconds...
2025-10-31 23:13:15,673 - INFO - Checking WhatsApp Web status (attempt 2/3)...
2025-10-31 23:13:26,207 - WARNING - Missing required element Menu icon: Message: 
Stacktrace:
	GetHandleVerifier [0x0x71fe43+66515]
	GetHandleVerifier [0x0x71fe84+66580]
	(No symbol) [0x0x50dc48]
	(No symbol) [0x0x558704]
	(No symbol) [0x0x558aab]
	(No symbol) [0x0x59f482]
	(No symbol) [0x0x57b214]
	(No symbol) [0x0x59cba7]
	(No symbol) [0x0x57afc6]
	(No symbol) [0x0x54c2ca]
	(No symbol) [0x0x54d154]
	GetHandleVerifier [0x0x977353+2521315]
	GetHandleVerifier [0x0x9722d3+2500707]
	GetHandleVerifier [0x0x747c94+229924]
	GetHandleVerifier [0x0x7381f8+165768]
	GetHandleVerifier [0x0x73ecad+193085]
	GetHandleVerifier [0x0x728158+100072]
	GetHandleVerifier [0x0x7282f0+100480]
	GetHandleVerifier [0x0x7125aa+11066]
	BaseThreadInitThunk [0x0x752d5d49+25]
	RtlInitializeExceptionChain [0x0x7708d6db+107]
	RtlGetAppContainerNamedObjectPath [0x0x7708d661+561]

2025-10-31 23:13:36,665 - WARNING - Missing required element Chat list: Message: 
Stacktrace:
	GetHandleVerifier [0x0x71fe43+66515]
	GetHandleVerifier [0x0x71fe84+66580]
	(No symbol) [0x0x50dc48]
	(No symbol) [0x0x558704]
	(No symbol) [0x0x558aab]
	(No symbol) [0x0x59f482]
	(No symbol) [0x0x57b214]
	(No symbol) [0x0x59cba7]
	(No symbol) [0x0x57afc6]
	(No symbol) [0x0x54c2ca]
	(No symbol) [0x0x54d154]
	GetHandleVerifier [0x0x977353+2521315]
	GetHandleVerifier [0x0x9722d3+2500707]
	GetHandleVerifier [0x0x747c94+229924]
	GetHandleVerifier [0x0x7381f8+165768]
	GetHandleVerifier [0x0x73ecad+193085]
	GetHandleVerifier [0x0x728158+100072]
	GetHandleVerifier [0x0x7282f0+100480]
	GetHandleVerifier [0x0x7125aa+11066]
	BaseThreadInitThunk [0x0x752d5d49+25]
	RtlInitializeExceptionChain [0x0x7708d6db+107]
	RtlGetAppContainerNamedObjectPath [0x0x7708d661+561]

2025-10-31 23:13:36,683 - INFO - Found required element: Message input
2025-10-31 23:13:47,058 - WARNING - Missing required element Main app container: Message: 
Stacktrace:
	GetHandleVerifier [0x0x71fe43+66515]
	GetHandleVerifier [0x0x71fe84+66580]
	(No symbol) [0x0x50dc48]
	(No symbol) [0x0x558704]
	(No symbol) [0x0x558aab]
	(No symbol) [0x0x59f482]
	(No symbol) [0x0x57b214]
	(No symbol) [0x0x59cba7]
	(No symbol) [0x0x57afc6]
	(No symbol) [0x0x54c2ca]
	(No symbol) [0x0x54d154]
	GetHandleVerifier [0x0x977353+2521315]
	GetHandleVerifier [0x0x9722d3+2500707]
	GetHandleVerifier [0x0x747c94+229924]
	GetHandleVerifier [0x0x7381f8+165768]
	GetHandleVerifier [0x0x73ecad+193085]
	GetHandleVerifier [0x0x728158+100072]
	GetHandleVerifier [0x0x7282f0+100480]
	GetHandleVerifier [0x0x7125aa+11066]
	BaseThreadInitThunk [0x0x752d5d49+25]
	RtlInitializeExceptionChain [0x0x7708d6db+107]
	RtlGetAppContainerNamedObjectPath [0x0x7708d661+561]

2025-10-31 23:13:47,089 - WARNING - Only found 1/4 required elements
2025-10-31 23:13:47,089 - WARNING - WhatsApp Web loaded but required UI elements not found
2025-10-31 23:13:47,157 - INFO - Refreshing page and waiting 5 seconds...
2025-10-31 23:13:52,988 - INFO - Checking WhatsApp Web status (attempt 3/3)...
2025-10-31 23:14:03,483 - WARNING - Missing required element Menu icon: Message: 
Stacktrace:
	GetHandleVerifier [0x0x71fe43+66515]
	GetHandleVerifier [0x0x71fe84+66580]
	(No symbol) [0x0x50dc48]
	(No symbol) [0x0x558704]
	(No symbol) [0x0x558aab]
	(No symbol) [0x0x59f482]
	(No symbol) [0x0x57b214]
	(No symbol) [0x0x59cba7]
	(No symbol) [0x0x57afc6]
	(No symbol) [0x0x54c2ca]
	(No symbol) [0x0x54d154]
	GetHandleVerifier [0x0x977353+2521315]
	GetHandleVerifier [0x0x9722d3+2500707]
	GetHandleVerifier [0x0x747c94+229924]
	GetHandleVerifier [0x0x7381f8+165768]
	GetHandleVerifier [0x0x73ecad+193085]
	GetHandleVerifier [0x0x728158+100072]
	GetHandleVerifier [0x0x7282f0+100480]
	GetHandleVerifier [0x0x7125aa+11066]
	BaseThreadInitThunk [0x0x752d5d49+25]
	RtlInitializeExceptionChain [0x0x7708d6db+107]
	RtlGetAppContainerNamedObjectPath [0x0x7708d661+561]

2025-10-31 23:14:13,778 - WARNING - Missing required element Chat list: Message: 
Stacktrace:
	GetHandleVerifier [0x0x71fe43+66515]
	GetHandleVerifier [0x0x71fe84+66580]
	(No symbol) [0x0x50dc48]
	(No symbol) [0x0x558704]
	(No symbol) [0x0x558aab]
	(No symbol) [0x0x59f482]
	(No symbol) [0x0x57b214]
	(No symbol) [0x0x59cba7]
	(No symbol) [0x0x57afc6]
	(No symbol) [0x0x54c2ca]
	(No symbol) [0x0x54d154]
	GetHandleVerifier [0x0x977353+2521315]
	GetHandleVerifier [0x0x9722d3+2500707]
	GetHandleVerifier [0x0x747c94+229924]
	GetHandleVerifier [0x0x7381f8+165768]
	GetHandleVerifier [0x0x73ecad+193085]
	GetHandleVerifier [0x0x728158+100072]
	GetHandleVerifier [0x0x7282f0+100480]
	GetHandleVerifier [0x0x7125aa+11066]
	BaseThreadInitThunk [0x0x752d5d49+25]
	RtlInitializeExceptionChain [0x0x7708d6db+107]
	RtlGetAppContainerNamedObjectPath [0x0x7708d661+561]

2025-10-31 23:14:13,797 - INFO - Found required element: Message input
2025-10-31 23:14:24,076 - WARNING - Missing required element Main app container: Message: 
Stacktrace:
	GetHandleVerifier [0x0x71fe43+66515]
	GetHandleVerifier [0x0x71fe84+66580]
	(No symbol) [0x0x50dc48]
	(No symbol) [0x0x558704]
	(No symbol) [0x0x558aab]
	(No symbol) [0x0x59f482]
	(No symbol) [0x0x57b214]
	(No symbol) [0x0x59cba7]
	(No symbol) [0x0x57afc6]
	(No symbol) [0x0x54c2ca]
	(No symbol) [0x0x54d154]
	GetHandleVerifier [0x0x977353+2521315]
	GetHandleVerifier [0x0x9722d3+2500707]
	GetHandleVerifier [0x0x747c94+229924]
	GetHandleVerifier [0x0x7381f8+165768]
	GetHandleVerifier [0x0x73ecad+193085]
	GetHandleVerifier [0x0x728158+100072]
	GetHandleVerifier [0x0x7282f0+100480]
	GetHandleVerifier [0x0x7125aa+11066]
	BaseThreadInitThunk [0x0x752d5d49+25]
	RtlInitializeExceptionChain [0x0x7708d6db+107]
	RtlGetAppContainerNamedObjectPath [0x0x7708d661+561]

2025-10-31 23:14:24,105 - WARNING - Only found 1/4 required elements
2025-10-31 23:14:24,109 - WARNING - WhatsApp Web loaded but required UI elements not found
2025-10-31 23:14:24,220 - ERROR - WhatsApp Web not ready after 105s. Please check:
2025-10-31 23:14:24,220 - ERROR - 1. Is the Chrome window visible?
2025-10-31 23:14:24,220 - ERROR - 2. Do you need to scan the QR code?
2025-10-31 23:14:24,221 - ERROR - 3. Is your internet connection stable?
2025-10-31 23:14:24,221 - ERROR - Debug screenshots saved in D:\WorkflowAuto\Invitation\debug_whatsapp/
2025-10-31 23:14:24,221 - ERROR - Failed to initialize WebDriver: WhatsApp Web failed to initialize
2025-10-31 23:14:26,534 - ERROR - Failed to initialize WhatsApp sender: WhatsApp Web failed to initialize
2025-10-31 23:15:31,356 - INFO - Starting WebDriver initialization...
2025-10-31 23:15:36,751 - INFO - Chrome browser launched
2025-10-31 23:15:36,864 - INFO - Browser window maximized
2025-10-31 23:15:36,875 - INFO - Loading WhatsApp Web...
2025-10-31 23:15:38,596 - INFO - Checking WhatsApp Web status (attempt 1/3)...
2025-10-31 23:15:48,752 - WARNING - Missing required element Menu icon: Message: 
Stacktrace:
	GetHandleVerifier [0x0x71fe43+66515]
	GetHandleVerifier [0x0x71fe84+66580]
	(No symbol) [0x0x50dc48]
	(No symbol) [0x0x558704]
	(No symbol) [0x0x558aab]
	(No symbol) [0x0x59f482]
	(No symbol) [0x0x57b214]
	(No symbol) [0x0x59cba7]
	(No symbol) [0x0x57afc6]
	(No symbol) [0x0x54c2ca]
	(No symbol) [0x0x54d154]
	GetHandleVerifier [0x0x977353+2521315]
	GetHandleVerifier [0x0x9722d3+2500707]
	GetHandleVerifier [0x0x747c94+229924]
	GetHandleVerifier [0x0x7381f8+165768]
	GetHandleVerifier [0x0x73ecad+193085]
	GetHandleVerifier [0x0x728158+100072]
	GetHandleVerifier [0x0x7282f0+100480]
	GetHandleVerifier [0x0x7125aa+11066]
	BaseThreadInitThunk [0x0x752d5d49+25]
	RtlInitializeExceptionChain [0x0x7708d6db+107]
	RtlGetAppContainerNamedObjectPath [0x0x7708d661+561]

2025-10-31 23:15:59,085 - WARNING - Missing required element Chat list: Message: 
Stacktrace:
	GetHandleVerifier [0x0x71fe43+66515]
	GetHandleVerifier [0x0x71fe84+66580]
	(No symbol) [0x0x50dc48]
	(No symbol) [0x0x558704]
	(No symbol) [0x0x558aab]
	(No symbol) [0x0x59f482]
	(No symbol) [0x0x57b214]
	(No symbol) [0x0x59cba7]
	(No symbol) [0x0x57afc6]
	(No symbol) [0x0x54c2ca]
	(No symbol) [0x0x54d154]
	GetHandleVerifier [0x0x977353+2521315]
	GetHandleVerifier [0x0x9722d3+2500707]
	GetHandleVerifier [0x0x747c94+229924]
	GetHandleVerifier [0x0x7381f8+165768]
	GetHandleVerifier [0x0x73ecad+193085]
	GetHandleVerifier [0x0x728158+100072]
	GetHandleVerifier [0x0x7282f0+100480]
	GetHandleVerifier [0x0x7125aa+11066]
	BaseThreadInitThunk [0x0x752d5d49+25]
	RtlInitializeExceptionChain [0x0x7708d6db+107]
	RtlGetAppContainerNamedObjectPath [0x0x7708d661+561]

2025-10-31 23:15:59,114 - INFO - Found required element: Message input
2025-10-31 23:16:09,596 - WARNING - Missing required element Main app container: Message: 
Stacktrace:
	GetHandleVerifier [0x0x71fe43+66515]
	GetHandleVerifier [0x0x71fe84+66580]
	(No symbol) [0x0x50dc48]
	(No symbol) [0x0x558704]
	(No symbol) [0x0x558aab]
	(No symbol) [0x0x59f482]
	(No symbol) [0x0x57b214]
	(No symbol) [0x0x59cba7]
	(No symbol) [0x0x57afc6]
	(No symbol) [0x0x54c2ca]
	(No symbol) [0x0x54d154]
	GetHandleVerifier [0x0x977353+2521315]
	GetHandleVerifier [0x0x9722d3+2500707]
	GetHandleVerifier [0x0x747c94+229924]
	GetHandleVerifier [0x0x7381f8+165768]
	GetHandleVerifier [0x0x73ecad+193085]
	GetHandleVerifier [0x0x728158+100072]
	GetHandleVerifier [0x0x7282f0+100480]
	GetHandleVerifier [0x0x7125aa+11066]
	BaseThreadInitThunk [0x0x752d5d49+25]
	RtlInitializeExceptionChain [0x0x7708d6db+107]
	RtlGetAppContainerNamedObjectPath [0x0x7708d661+561]

2025-10-31 23:16:09,652 - WARNING - Only found 1/4 required elements; need >=2
2025-10-31 23:16:09,653 - WARNING - WhatsApp Web loaded but required UI elements not found
2025-10-31 23:16:09,833 - INFO - Refreshing page and waiting 5 seconds...
2025-10-31 23:16:15,606 - INFO - Checking WhatsApp Web status (attempt 2/3)...
2025-10-31 23:16:26,162 - WARNING - Missing required element Menu icon: Message: 
Stacktrace:
	GetHandleVerifier [0x0x71fe43+66515]
	GetHandleVerifier [0x0x71fe84+66580]
	(No symbol) [0x0x50dc48]
	(No symbol) [0x0x558704]
	(No symbol) [0x0x558aab]
	(No symbol) [0x0x59f482]
	(No symbol) [0x0x57b214]
	(No symbol) [0x0x59cba7]
	(No symbol) [0x0x57afc6]
	(No symbol) [0x0x54c2ca]
	(No symbol) [0x0x54d154]
	GetHandleVerifier [0x0x977353+2521315]
	GetHandleVerifier [0x0x9722d3+2500707]
	GetHandleVerifier [0x0x747c94+229924]
	GetHandleVerifier [0x0x7381f8+165768]
	GetHandleVerifier [0x0x73ecad+193085]
	GetHandleVerifier [0x0x728158+100072]
	GetHandleVerifier [0x0x7282f0+100480]
	GetHandleVerifier [0x0x7125aa+11066]
	BaseThreadInitThunk [0x0x752d5d49+25]
	RtlInitializeExceptionChain [0x0x7708d6db+107]
	RtlGetAppContainerNamedObjectPath [0x0x7708d661+561]

2025-10-31 23:16:36,478 - WARNING - Missing required element Chat list: Message: 
Stacktrace:
	GetHandleVerifier [0x0x71fe43+66515]
	GetHandleVerifier [0x0x71fe84+66580]
	(No symbol) [0x0x50dc48]
	(No symbol) [0x0x558704]
	(No symbol) [0x0x558aab]
	(No symbol) [0x0x59f482]
	(No symbol) [0x0x57b214]
	(No symbol) [0x0x59cba7]
	(No symbol) [0x0x57afc6]
	(No symbol) [0x0x54c2ca]
	(No symbol) [0x0x54d154]
	GetHandleVerifier [0x0x977353+2521315]
	GetHandleVerifier [0x0x9722d3+2500707]
	GetHandleVerifier [0x0x747c94+229924]
	GetHandleVerifier [0x0x7381f8+165768]
	GetHandleVerifier [0x0x73ecad+193085]
	GetHandleVerifier [0x0x728158+100072]
	GetHandleVerifier [0x0x7282f0+100480]
	GetHandleVerifier [0x0x7125aa+11066]
	BaseThreadInitThunk [0x0x752d5d49+25]
	RtlInitializeExceptionChain [0x0x7708d6db+107]
	RtlGetAppContainerNamedObjectPath [0x0x7708d661+561]

2025-10-31 23:16:36,495 - INFO - Found required element: Message input
2025-10-31 23:16:46,750 - WARNING - Missing required element Main app container: Message: 
Stacktrace:
	GetHandleVerifier [0x0x71fe43+66515]
	GetHandleVerifier [0x0x71fe84+66580]
	(No symbol) [0x0x50dc48]
	(No symbol) [0x0x558704]
	(No symbol) [0x0x558aab]
	(No symbol) [0x0x59f482]
	(No symbol) [0x0x57b214]
	(No symbol) [0x0x59cba7]
	(No symbol) [0x0x57afc6]
	(No symbol) [0x0x54c2ca]
	(No symbol) [0x0x54d154]
	GetHandleVerifier [0x0x977353+2521315]
	GetHandleVerifier [0x0x9722d3+2500707]
	GetHandleVerifier [0x0x747c94+229924]
	GetHandleVerifier [0x0x7381f8+165768]
	GetHandleVerifier [0x0x73ecad+193085]
	GetHandleVerifier [0x0x728158+100072]
	GetHandleVerifier [0x0x7282f0+100480]
	GetHandleVerifier [0x0x7125aa+11066]
	BaseThreadInitThunk [0x0x752d5d49+25]
	RtlInitializeExceptionChain [0x0x7708d6db+107]
	RtlGetAppContainerNamedObjectPath [0x0x7708d661+561]

2025-10-31 23:16:46,776 - WARNING - Only found 1/4 required elements; need >=2
2025-10-31 23:16:46,776 - WARNING - WhatsApp Web loaded but required UI elements not found
2025-10-31 23:16:46,870 - INFO - Refreshing page and waiting 5 seconds...
2025-10-31 23:16:53,277 - INFO - Checking WhatsApp Web status (attempt 3/3)...
2025-10-31 23:17:03,626 - WARNING - Missing required element Menu icon: Message: 
Stacktrace:
	GetHandleVerifier [0x0x71fe43+66515]
	GetHandleVerifier [0x0x71fe84+66580]
	(No symbol) [0x0x50dc48]
	(No symbol) [0x0x558704]
	(No symbol) [0x0x558aab]
	(No symbol) [0x0x59f482]
	(No symbol) [0x0x57b214]
	(No symbol) [0x0x59cba7]
	(No symbol) [0x0x57afc6]
	(No symbol) [0x0x54c2ca]
	(No symbol) [0x0x54d154]
	GetHandleVerifier [0x0x977353+2521315]
	GetHandleVerifier [0x0x9722d3+2500707]
	GetHandleVerifier [0x0x747c94+229924]
	GetHandleVerifier [0x0x7381f8+165768]
	GetHandleVerifier [0x0x73ecad+193085]
	GetHandleVerifier [0x0x728158+100072]
	GetHandleVerifier [0x0x7282f0+100480]
	GetHandleVerifier [0x0x7125aa+11066]
	BaseThreadInitThunk [0x0x752d5d49+25]
	RtlInitializeExceptionChain [0x0x7708d6db+107]
	RtlGetAppContainerNamedObjectPath [0x0x7708d661+561]

2025-10-31 23:17:13,971 - WARNING - Missing required element Chat list: Message: 
Stacktrace:
	GetHandleVerifier [0x0x71fe43+66515]
	GetHandleVerifier [0x0x71fe84+66580]
	(No symbol) [0x0x50dc48]
	(No symbol) [0x0x558704]
	(No symbol) [0x0x558aab]
	(No symbol) [0x0x59f482]
	(No symbol) [0x0x57b214]
	(No symbol) [0x0x59cba7]
	(No symbol) [0x0x57afc6]
	(No symbol) [0x0x54c2ca]
	(No symbol) [0x0x54d154]
	GetHandleVerifier [0x0x977353+2521315]
	GetHandleVerifier [0x0x9722d3+2500707]
	GetHandleVerifier [0x0x747c94+229924]
	GetHandleVerifier [0x0x7381f8+165768]
	GetHandleVerifier [0x0x73ecad+193085]
	GetHandleVerifier [0x0x728158+100072]
	GetHandleVerifier [0x0x7282f0+100480]
	GetHandleVerifier [0x0x7125aa+11066]
	BaseThreadInitThunk [0x0x752d5d49+25]
	RtlInitializeExceptionChain [0x0x7708d6db+107]
	RtlGetAppContainerNamedObjectPath [0x0x7708d661+561]

2025-10-31 23:17:13,991 - INFO - Found required element: Message input
2025-10-31 23:17:24,324 - WARNING - Missing required element Main app container: Message: 
Stacktrace:
	GetHandleVerifier [0x0x71fe43+66515]
	GetHandleVerifier [0x0x71fe84+66580]
	(No symbol) [0x0x50dc48]
	(No symbol) [0x0x558704]
	(No symbol) [0x0x558aab]
	(No symbol) [0x0x59f482]
	(No symbol) [0x0x57b214]
	(No symbol) [0x0x59cba7]
	(No symbol) [0x0x57afc6]
	(No symbol) [0x0x54c2ca]
	(No symbol) [0x0x54d154]
	GetHandleVerifier [0x0x977353+2521315]
	GetHandleVerifier [0x0x9722d3+2500707]
	GetHandleVerifier [0x0x747c94+229924]
	GetHandleVerifier [0x0x7381f8+165768]
	GetHandleVerifier [0x0x73ecad+193085]
	GetHandleVerifier [0x0x728158+100072]
	GetHandleVerifier [0x0x7282f0+100480]
	GetHandleVerifier [0x0x7125aa+11066]
	BaseThreadInitThunk [0x0x752d5d49+25]
	RtlInitializeExceptionChain [0x0x7708d6db+107]
	RtlGetAppContainerNamedObjectPath [0x0x7708d661+561]

2025-10-31 23:17:24,352 - WARNING - Only found 1/4 required elements; need >=2
2025-10-31 23:17:24,352 - WARNING - WhatsApp Web loaded but required UI elements not found
2025-10-31 23:17:24,447 - ERROR - WhatsApp Web not ready after 105s. Please check:
2025-10-31 23:17:24,447 - ERROR - 1. Is the Chrome window visible?
2025-10-31 23:17:24,448 - ERROR - 2. Do you need to scan the QR code?
2025-10-31 23:17:24,448 - ERROR - 3. Is your internet connection stable?
2025-10-31 23:17:24,449 - ERROR - Debug screenshots saved in D:\WorkflowAuto\Invitation\debug_whatsapp/
2025-10-31 23:17:24,449 - ERROR - Failed to initialize WebDriver: WhatsApp Web failed to initialize
2025-10-31 23:17:26,810 - ERROR - Failed to initialize WhatsApp sender: WhatsApp Web failed to initialize
2025-10-31 23:19:30,951 - INFO - Starting WebDriver initialization...
2025-10-31 23:19:36,577 - INFO - Chrome browser launched
2025-10-31 23:19:36,653 - INFO - Browser window maximized
2025-10-31 23:19:36,658 - INFO - Loading WhatsApp Web...
2025-10-31 23:19:38,238 - INFO - Checking WhatsApp Web status (attempt 1/3)...
2025-10-31 23:19:45,330 - INFO - Found menu using selector: div[aria-label="Menu"]
2025-10-31 23:19:47,936 - INFO - Found chat_list using selector: #pane-side
2025-10-31 23:19:47,986 - INFO - Found message_input using selector: div[contenteditable="true"]
2025-10-31 23:19:50,091 - INFO - Found main_area using selector: #main
2025-10-31 23:19:50,092 - INFO - WhatsApp readiness probe found selectors: [('menu', 'div[aria-label="Menu"]'), ('chat_list', '#pane-side'), ('message_input', 'div[contenteditable="true"]'), ('main_area', '#main')]
2025-10-31 23:19:50,092 - INFO - WhatsApp Web interface appears ready (message input + main/chat detected)
2025-10-31 23:19:50,092 - INFO - WhatsApp Web loaded successfully after 11s
2025-10-31 23:19:50,670 - INFO - Starting to send invitations to 1 contacts...
2025-10-31 23:19:50,671 - INFO - Processing 1/1: કાંબલીયા
2025-10-31 23:20:07,879 - INFO - Found menu using selector: div[aria-label="Menu"]
2025-10-31 23:20:09,999 - INFO - Found chat_list using selector: #pane-side
2025-10-31 23:20:10,040 - INFO - Found message_input using selector: div[contenteditable="true"]
2025-10-31 23:20:12,116 - INFO - Found main_area using selector: #main
2025-10-31 23:20:12,117 - INFO - WhatsApp readiness probe found selectors: [('menu', 'div[aria-label="Menu"]'), ('chat_list', '#pane-side'), ('message_input', 'div[contenteditable="true"]'), ('main_area', '#main')]
2025-10-31 23:20:12,117 - INFO - WhatsApp Web interface appears ready (message input + main/chat detected)
2025-10-31 23:20:53,701 - INFO - Successfully clicked attach button with selector: [aria-label*="Attach"]
2025-10-31 23:20:53,701 - ERROR - Failed to attach file: cannot unpack non-iterable bool object
2025-10-31 23:20:53,702 - WARNING - X Not sent to કાંબલીયા
2025-10-31 23:20:55,703 - INFO - Completed: 0/1 sent
2025-10-31 23:22:06,293 - INFO - Starting WebDriver initialization...
2025-10-31 23:22:11,890 - INFO - Chrome browser launched
2025-10-31 23:22:11,958 - INFO - Browser window maximized
2025-10-31 23:22:11,986 - INFO - Loading WhatsApp Web...
2025-10-31 23:22:13,630 - INFO - Checking WhatsApp Web status (attempt 1/3)...
2025-10-31 23:22:20,958 - INFO - Found menu using selector: div[aria-label="Menu"]
2025-10-31 23:22:23,056 - INFO - Found chat_list using selector: #pane-side
2025-10-31 23:22:23,076 - INFO - Found message_input using selector: div[contenteditable="true"]
2025-10-31 23:22:25,189 - INFO - Found main_area using selector: #main
2025-10-31 23:22:25,190 - INFO - WhatsApp readiness probe found selectors: [('menu', 'div[aria-label="Menu"]'), ('chat_list', '#pane-side'), ('message_input', 'div[contenteditable="true"]'), ('main_area', '#main')]
2025-10-31 23:22:25,190 - INFO - WhatsApp Web interface appears ready (message input + main/chat detected)
2025-10-31 23:22:25,190 - INFO - WhatsApp Web loaded successfully after 11s
2025-10-31 23:22:25,633 - INFO - Starting to send invitations to 1 contacts...
2025-10-31 23:22:25,634 - INFO - Processing 1/1: કાંબલીયા
2025-10-31 23:22:38,848 - INFO - Found menu using selector: div[aria-label="Menu"]
2025-10-31 23:22:41,299 - INFO - Found chat_list using selector: #pane-side
2025-10-31 23:22:41,561 - INFO - Found message_input using selector: div[contenteditable="true"]
2025-10-31 23:22:43,727 - INFO - Found main_area using selector: #main
2025-10-31 23:22:43,727 - INFO - WhatsApp readiness probe found selectors: [('menu', 'div[aria-label="Menu"]'), ('chat_list', '#pane-side'), ('message_input', 'div[contenteditable="true"]'), ('main_area', '#main')]
2025-10-31 23:22:43,728 - INFO - WhatsApp Web interface appears ready (message input + main/chat detected)
2025-10-31 23:23:25,609 - INFO - Successfully clicked attach button with selector: [aria-label*="Attach"]
2025-10-31 23:23:25,611 - ERROR - Failed to attach file: cannot unpack non-iterable bool object
2025-10-31 23:23:25,611 - WARNING - X Not sent to કાંબલીયા
2025-10-31 23:23:27,614 - INFO - Completed: 0/1 sent
2025-10-31 23:29:49,106 - INFO - Starting WebDriver initialization...
2025-10-31 23:29:57,092 - INFO - Chrome browser launched
2025-10-31 23:29:57,208 - INFO - Browser window maximized
2025-10-31 23:29:57,232 - INFO - Loading WhatsApp Web...
2025-10-31 23:30:01,113 - INFO - Checking WhatsApp Web status (attempt 1/3)...
2025-10-31 23:30:09,790 - INFO - Found menu using selector: div[aria-label="Menu"]
2025-10-31 23:30:12,121 - INFO - Found chat_list using selector: #pane-side
2025-10-31 23:30:12,201 - INFO - Found message_input using selector: div[contenteditable="true"]
2025-10-31 23:30:14,675 - INFO - Found main_area using selector: #main
2025-10-31 23:30:14,675 - INFO - WhatsApp readiness probe found selectors: [('menu', 'div[aria-label="Menu"]'), ('chat_list', '#pane-side'), ('message_input', 'div[contenteditable="true"]'), ('main_area', '#main')]
2025-10-31 23:30:14,676 - INFO - WhatsApp Web interface appears ready (message input + main/chat detected)
2025-10-31 23:30:14,676 - INFO - WhatsApp Web loaded successfully after 13s
2025-10-31 23:30:15,192 - INFO - Starting to send invitations to 1 contacts...
2025-10-31 23:30:15,192 - INFO - Processing 1/1: કાંબલીયા
2025-10-31 23:30:32,898 - INFO - Found menu using selector: div[aria-label="Menu"]
2025-10-31 23:30:35,093 - INFO - Found chat_list using selector: #pane-side
2025-10-31 23:30:35,138 - INFO - Found message_input using selector: div[contenteditable="true"]
2025-10-31 23:30:37,331 - INFO - Found main_area using selector: #main
2025-10-31 23:30:37,332 - INFO - WhatsApp readiness probe found selectors: [('menu', 'div[aria-label="Menu"]'), ('chat_list', '#pane-side'), ('message_input', 'div[contenteditable="true"]'), ('main_area', '#main')]
2025-10-31 23:30:37,333 - INFO - WhatsApp Web interface appears ready (message input + main/chat detected)
2025-10-31 23:31:20,378 - INFO - Successfully clicked attach button with selector: [aria-label*="Attach"]
2025-10-31 23:31:22,699 - INFO - Found file input element
2025-10-31 23:31:22,704 - INFO - Sending file: D:\WorkflowAuto\Invitation\invitations\invitation_કાંબલીયા.pdf
2025-10-31 23:31:53,118 - ERROR - Failed to attach file: File upload timed out
2025-10-31 23:31:53,119 - WARNING - X Not sent to કાંબલીયા
2025-10-31 23:31:55,120 - INFO - Completed: 0/1 sent
2025-10-31 23:34:29,180 - INFO - Starting WebDriver initialization...
2025-10-31 23:34:39,632 - INFO - Chrome browser launched
2025-10-31 23:34:39,638 - INFO - Browser window maximized
2025-10-31 23:34:39,640 - INFO - Loading WhatsApp Web...
2025-10-31 23:34:41,643 - INFO - Checking WhatsApp Web status (attempt 1/3)...
2025-10-31 23:34:51,687 - INFO - Found menu using selector: div[aria-label="Menu"]
2025-10-31 23:34:54,837 - INFO - Found chat_list using selector: #pane-side
2025-10-31 23:34:55,186 - INFO - Found message_input using selector: div[contenteditable="true"]
2025-10-31 23:34:57,402 - INFO - Found main_area using selector: #main
2025-10-31 23:34:57,402 - INFO - WhatsApp readiness probe found selectors: [('menu', 'div[aria-label="Menu"]'), ('chat_list', '#pane-side'), ('message_input', 'div[contenteditable="true"]'), ('main_area', '#main')]
2025-10-31 23:34:57,402 - INFO - WhatsApp Web interface appears ready (message input + main/chat detected)
2025-10-31 23:34:57,402 - INFO - WhatsApp Web loaded successfully after 15s
2025-10-31 23:34:57,779 - INFO - Starting to send invitations to 1 contacts...
2025-10-31 23:34:57,779 - INFO - Processing 1/1: કાંબલીયા
2025-10-31 23:35:17,479 - INFO - Found menu using selector: div[aria-label="Menu"]
2025-10-31 23:35:19,765 - INFO - Found chat_list using selector: #pane-side
2025-10-31 23:35:19,820 - INFO - Found message_input using selector: div[contenteditable="true"]
2025-10-31 23:35:22,226 - INFO - Found main_area using selector: #main
2025-10-31 23:35:22,228 - INFO - WhatsApp readiness probe found selectors: [('menu', 'div[aria-label="Menu"]'), ('chat_list', '#pane-side'), ('message_input', 'div[contenteditable="true"]'), ('main_area', '#main')]
2025-10-31 23:35:22,229 - INFO - WhatsApp Web interface appears ready (message input + main/chat detected)
2025-10-31 23:36:05,510 - INFO - Successfully clicked attach button with selector: [aria-label*="Attach"]
2025-10-31 23:36:07,943 - INFO - Found file input element
2025-10-31 23:36:07,944 - INFO - Sending file: D:\WorkflowAuto\Invitation\invitations\invitation_કાંબલીયા.pdf
2025-10-31 23:36:38,323 - ERROR - Failed to attach file: File upload timed out
2025-10-31 23:36:38,324 - WARNING - X Not sent to કાંબલીયા
2025-10-31 23:36:40,325 - INFO - Completed: 0/1 sent
2025-10-31 23:50:29,985 - INFO - Attempting to close existing Chrome processes...
2025-10-31 23:50:32,479 - INFO - Starting WebDriver initialization...
2025-10-31 23:50:41,427 - INFO - Chrome browser launched
2025-10-31 23:50:42,427 - INFO - Browser window maximized
2025-10-31 23:50:42,428 - INFO - Loading WhatsApp Web...
2025-10-31 23:50:44,029 - INFO - Checking WhatsApp Web status (attempt 1/3)...
2025-10-31 23:50:52,317 - INFO - Found menu using selector: div[aria-label="Menu"]
2025-10-31 23:50:54,640 - INFO - Found chat_list using selector: #pane-side
2025-10-31 23:50:54,690 - INFO - Found message_input using selector: div[contenteditable="true"]
2025-10-31 23:50:56,855 - INFO - Found main_area using selector: #main
2025-10-31 23:50:56,855 - INFO - WhatsApp readiness probe found selectors: [('menu', 'div[aria-label="Menu"]'), ('chat_list', '#pane-side'), ('message_input', 'div[contenteditable="true"]'), ('main_area', '#main')]
2025-10-31 23:50:56,856 - INFO - WhatsApp Web interface appears ready (message input + main/chat detected)
2025-10-31 23:50:56,856 - INFO - WhatsApp Web loaded successfully after 12s
2025-10-31 23:50:57,472 - INFO - Starting to send invitations to 1 contacts...
2025-10-31 23:50:57,472 - INFO - Processing 1/1: કાંબલીયા
2025-10-31 23:50:57,473 - ERROR - Failed creating invitation for કાંબલીયા: PyMuPDF (fitz) is required to create personalized PDFs. Install pymupdf.
2025-10-31 23:50:57,474 - WARNING - X Not sent to કાંબલીયા
2025-10-31 23:50:59,475 - INFO - Completed: 0/1 sent
2025-10-31 23:56:12,859 - INFO - Attempting to close existing Chrome processes...
2025-10-31 23:56:15,323 - INFO - Starting WebDriver initialization...
2025-10-31 23:56:24,016 - INFO - Chrome browser launched
2025-10-31 23:56:24,089 - INFO - Browser window maximized
2025-10-31 23:56:24,092 - INFO - Loading WhatsApp Web...
2025-10-31 23:56:31,084 - INFO - Checking WhatsApp Web status (attempt 1/3)...
2025-10-31 23:56:38,992 - INFO - Found menu using selector: div[aria-label="Menu"]
2025-10-31 23:56:41,257 - INFO - Found chat_list using selector: #pane-side
2025-10-31 23:56:41,321 - INFO - Found message_input using selector: div[contenteditable="true"]
2025-10-31 23:56:43,509 - INFO - Found main_area using selector: #main
2025-10-31 23:56:43,510 - INFO - WhatsApp readiness probe found selectors: [('menu', 'div[aria-label="Menu"]'), ('chat_list', '#pane-side'), ('message_input', 'div[contenteditable="true"]'), ('main_area', '#main')]
2025-10-31 23:56:43,511 - INFO - WhatsApp Web interface appears ready (message input + main/chat detected)
2025-10-31 23:56:43,511 - INFO - WhatsApp Web loaded successfully after 12s
2025-10-31 23:56:44,643 - INFO - Starting to send invitations to 1 contacts...
2025-10-31 23:56:44,644 - INFO - Processing 1/1: કાંબલીયા
2025-10-31 23:56:44,645 - ERROR - Failed creating invitation for કાંબલીયા: PyMuPDF (fitz) is required to create personalized PDFs. Install pymupdf.
2025-10-31 23:56:44,646 - WARNING - X Not sent to કાંબલીયા
2025-10-31 23:56:46,647 - INFO - Completed: 0/1 sent
2025-11-01 00:03:20,858 - INFO - Starting WebDriver initialization...
2025-11-01 00:03:32,567 - INFO - Chrome browser launched
2025-11-01 00:03:32,596 - INFO - Browser window maximized
2025-11-01 00:03:32,599 - INFO - Loading WhatsApp Web...
2025-11-01 00:03:34,472 - INFO - Checking WhatsApp Web status (attempt 1/3)...
2025-11-01 00:03:41,928 - INFO - Found menu using selector: div[aria-label="Menu"]
2025-11-01 00:03:44,006 - INFO - Found chat_list using selector: #pane-side
2025-11-01 00:03:44,032 - INFO - Found message_input using selector: div[contenteditable="true"]
2025-11-01 00:03:46,184 - INFO - Found main_area using selector: #main
2025-11-01 00:03:46,184 - INFO - WhatsApp readiness probe found selectors: [('menu', 'div[aria-label="Menu"]'), ('chat_list', '#pane-side'), ('message_input', 'div[contenteditable="true"]'), ('main_area', '#main')]
2025-11-01 00:03:46,185 - INFO - WhatsApp Web interface appears ready (message input + main/chat detected)
2025-11-01 00:03:46,186 - INFO - WhatsApp Web loaded successfully after 11s
2025-11-01 00:03:47,787 - INFO - Starting to send invitations to 1 contacts...
2025-11-01 00:03:47,788 - INFO - Processing 1/1: કાંબલીયા
2025-11-01 00:04:09,369 - INFO - Found menu using selector: div[aria-label="Menu"]
2025-11-01 00:04:13,003 - INFO - Found chat_list using selector: #pane-side
2025-11-01 00:04:13,338 - INFO - Found message_input using selector: div[contenteditable="true"]
2025-11-01 00:04:15,599 - INFO - Found main_area using selector: #main
2025-11-01 00:04:15,600 - INFO - WhatsApp readiness probe found selectors: [('menu', 'div[aria-label="Menu"]'), ('chat_list', '#pane-side'), ('message_input', 'div[contenteditable="true"]'), ('main_area', '#main')]
2025-11-01 00:04:15,600 - INFO - WhatsApp Web interface appears ready (message input + main/chat detected)
2025-11-01 00:04:58,828 - INFO - Successfully clicked attach button with selector: [aria-label*="Attach"]
2025-11-01 00:05:01,328 - INFO - Found file input element
2025-11-01 00:05:01,333 - INFO - Sending file: D:\WorkflowAuto\Invitation\invitations\invitation_કાંબલીયા.pdf
2025-11-01 00:05:37,781 - ERROR - Failed to attach file: File upload timed out
2025-11-01 00:05:37,821 - WARNING - X Not sent to કાંબલીયા
2025-11-01 00:05:39,886 - INFO - Completed: 0/1 sent
2025-11-01 00:09:49,046 - INFO - Attempting to close existing Chrome processes...
2025-11-01 00:09:51,491 - INFO - Starting WebDriver initialization...
2025-11-01 00:10:00,518 - INFO - Chrome browser launched
2025-11-01 00:10:00,626 - INFO - Browser window maximized
2025-11-01 00:10:00,633 - INFO - Loading WhatsApp Web...
2025-11-01 00:10:03,285 - INFO - Checking WhatsApp Web status (attempt 1/3)...
2025-11-01 00:10:10,670 - INFO - Found menu using selector: div[aria-label="Menu"]
2025-11-01 00:10:13,119 - INFO - Found chat_list using selector: #pane-side
2025-11-01 00:10:13,188 - INFO - Found message_input using selector: div[contenteditable="true"]
2025-11-01 00:10:15,428 - INFO - Found main_area using selector: #main
2025-11-01 00:10:15,428 - INFO - WhatsApp readiness probe found selectors: [('menu', 'div[aria-label="Menu"]'), ('chat_list', '#pane-side'), ('message_input', 'div[contenteditable="true"]'), ('main_area', '#main')]
2025-11-01 00:10:15,429 - INFO - WhatsApp Web interface appears ready (message input + main/chat detected)
2025-11-01 00:10:15,430 - INFO - WhatsApp Web loaded successfully after 12s
2025-11-01 00:10:16,060 - INFO - Starting to send invitations to 1 contacts...
2025-11-01 00:10:16,061 - INFO - Processing 1/1: કાંબલીયા
2025-11-01 00:10:31,686 - INFO - Found menu using selector: div[aria-label="Menu"]
2025-11-01 00:10:34,869 - INFO - Found chat_list using selector: #pane-side
2025-11-01 00:10:35,271 - INFO - Found message_input using selector: div[contenteditable="true"]
2025-11-01 00:10:37,616 - INFO - Found main_area using selector: #main
2025-11-01 00:10:37,616 - INFO - WhatsApp readiness probe found selectors: [('menu', 'div[aria-label="Menu"]'), ('chat_list', '#pane-side'), ('message_input', 'div[contenteditable="true"]'), ('main_area', '#main')]
2025-11-01 00:10:37,618 - INFO - WhatsApp Web interface appears ready (message input + main/chat detected)
2025-11-01 00:11:21,007 - INFO - Successfully clicked attach button with selector: [aria-label*="Attach"]
2025-11-01 00:11:23,742 - INFO - Found file input element
2025-11-01 00:11:23,762 - INFO - Sending file: D:\WorkflowAuto\Invitation\invitations\invitation_કાંબલીયા.pdf
2025-11-01 00:12:25,113 - ERROR - Failed to attach file: File upload timed out
2025-11-01 00:12:25,121 - WARNING - X Not sent to કાંબલીયા
2025-11-01 00:12:27,123 - INFO - Completed: 0/1 sent
2025-11-01 00:18:13,329 - INFO - Attempting to close existing Chrome processes...
2025-11-01 00:18:15,698 - INFO - Starting WebDriver initialization...
2025-11-01 00:18:24,418 - INFO - Chrome browser launched
2025-11-01 00:18:24,501 - INFO - Browser window maximized
2025-11-01 00:18:24,504 - INFO - Loading WhatsApp Web...
2025-11-01 00:18:27,064 - INFO - Checking WhatsApp Web status (attempt 1/3)...
2025-11-01 00:18:34,587 - INFO - Found menu using selector: div[aria-label="Menu"]
2025-11-01 00:18:36,812 - INFO - Found chat_list using selector: #pane-side
2025-11-01 00:18:36,859 - INFO - Found message_input using selector: div[contenteditable="true"]
2025-11-01 00:18:39,044 - INFO - Found main_area using selector: #main
2025-11-01 00:18:39,045 - INFO - WhatsApp readiness probe found selectors: [('menu', 'div[aria-label="Menu"]'), ('chat_list', '#pane-side'), ('message_input', 'div[contenteditable="true"]'), ('main_area', '#main')]
2025-11-01 00:18:39,046 - INFO - WhatsApp Web interface appears ready (message input + main/chat detected)
2025-11-01 00:18:39,049 - INFO - WhatsApp Web loaded successfully after 11s
2025-11-01 00:18:40,815 - INFO - Starting to send invitations to 1 contacts...
2025-11-01 00:18:40,818 - INFO - Processing 1/1: કાંબલીયા
2025-11-01 00:18:59,686 - INFO - Found menu using selector: div[aria-label="Menu"]
2025-11-01 00:19:04,094 - INFO - Found chat_list using selector: #pane-side
2025-11-01 00:19:04,778 - INFO - Found message_input using selector: div[contenteditable="true"]
2025-11-01 00:19:07,160 - INFO - Found main_area using selector: #main
2025-11-01 00:19:07,199 - INFO - WhatsApp readiness probe found selectors: [('menu', 'div[aria-label="Menu"]'), ('chat_list', '#pane-side'), ('message_input', 'div[contenteditable="true"]'), ('main_area', '#main')]
2025-11-01 00:19:07,202 - INFO - WhatsApp Web interface appears ready (message input + main/chat detected)
2025-11-01 00:19:50,585 - INFO - Successfully clicked attach button with selector: [aria-label*="Attach"]
2025-11-01 00:19:53,188 - INFO - Found file input element
2025-11-01 00:19:53,189 - INFO - Sending file: D:\WorkflowAuto\Invitation\invitations\invitation_કાંબલીયા.pdf
2025-11-01 00:19:57,183 - INFO - Message pasted successfully via clipboard
2025-11-01 00:20:10,922 - ERROR - Send verification failed; saved screenshot to debug_whatsapp\send_verification_failed_1761936610.png and html to debug_whatsapp\send_verification_failed_1761936610.html
2025-11-01 00:20:10,925 - WARNING - X Not sent to કાંબલીયા
2025-11-01 00:20:12,930 - INFO - Completed: 0/1 sent
2025-11-01 00:32:00,929 - INFO - Attempting to close existing Chrome processes...
2025-11-01 00:32:03,415 - INFO - Starting WebDriver initialization...
2025-11-01 00:32:10,631 - INFO - Chrome browser launched
2025-11-01 00:32:10,646 - INFO - Browser window maximized
2025-11-01 00:32:10,648 - INFO - Loading WhatsApp Web...
2025-11-01 00:32:13,257 - INFO - Checking WhatsApp Web status (attempt 1/3)...
2025-11-01 00:32:20,120 - INFO - Found menu using selector: div[aria-label="Menu"]
2025-11-01 00:32:22,266 - INFO - Found chat_list using selector: #pane-side
2025-11-01 00:32:22,315 - INFO - Found message_input using selector: div[contenteditable="true"]
2025-11-01 00:32:24,603 - INFO - Found main_area using selector: #main
2025-11-01 00:32:24,604 - INFO - WhatsApp readiness probe found selectors: [('menu', 'div[aria-label="Menu"]'), ('chat_list', '#pane-side'), ('message_input', 'div[contenteditable="true"]'), ('main_area', '#main')]
2025-11-01 00:32:24,605 - INFO - WhatsApp Web interface appears ready (message input + main/chat detected)
2025-11-01 00:32:24,605 - INFO - WhatsApp Web loaded successfully after 11s
2025-11-01 00:32:25,166 - INFO - Starting to send invitations to 1 contacts...
2025-11-01 00:32:25,167 - INFO - Processing 1/1: કાંબલીયા
2025-11-01 00:32:40,334 - INFO - Found menu using selector: div[aria-label="Menu"]
2025-11-01 00:32:43,930 - INFO - Found chat_list using selector: #pane-side
2025-11-01 00:32:44,460 - INFO - Found message_input using selector: div[contenteditable="true"]
2025-11-01 00:32:46,772 - INFO - Found main_area using selector: #main
2025-11-01 00:32:46,772 - INFO - WhatsApp readiness probe found selectors: [('menu', 'div[aria-label="Menu"]'), ('chat_list', '#pane-side'), ('message_input', 'div[contenteditable="true"]'), ('main_area', '#main')]
2025-11-01 00:32:46,773 - INFO - WhatsApp Web interface appears ready (message input + main/chat detected)
2025-11-01 00:33:29,325 - INFO - Successfully clicked attach button with selector: [aria-label*="Attach"]
2025-11-01 00:33:31,662 - INFO - Found file input element
2025-11-01 00:33:31,663 - INFO - Sending file: D:\WorkflowAuto\Invitation\invitations\invitation_કાંબલીયા.pdf
2025-11-01 00:33:34,749 - INFO - Message pasted successfully via clipboard
2025-11-01 00:33:48,134 - ERROR - Send verification failed; saved screenshot to debug_whatsapp\send_verification_failed_1761937427.png and html to debug_whatsapp\send_verification_failed_1761937427.html
2025-11-01 00:33:48,134 - WARNING - X Not sent to કાંબલીયા
2025-11-01 00:33:50,135 - INFO - Completed: 0/1 sent
2025-11-01 10:06:38,167 - INFO - Attempting to close existing Chrome processes...
2025-11-01 10:06:40,448 - INFO - Starting WebDriver initialization...
2025-11-01 10:06:49,113 - INFO - Chrome browser launched
2025-11-01 10:06:50,696 - INFO - Browser window maximized
2025-11-01 10:06:50,697 - INFO - Loading WhatsApp Web...
2025-11-01 10:06:54,380 - INFO - Checking WhatsApp Web status (attempt 1/3)...
2025-11-01 10:07:05,045 - INFO - Found menu using selector: div[aria-label="Menu"]
2025-11-01 10:07:08,846 - INFO - Found chat_list using selector: #pane-side
2025-11-01 10:07:09,467 - INFO - Found message_input using selector: div[contenteditable="true"]
2025-11-01 10:07:12,453 - INFO - Found main_area using selector: #main
2025-11-01 10:07:12,463 - INFO - WhatsApp readiness probe found selectors: [('menu', 'div[aria-label="Menu"]'), ('chat_list', '#pane-side'), ('message_input', 'div[contenteditable="true"]'), ('main_area', '#main')]
2025-11-01 10:07:12,464 - INFO - WhatsApp Web interface appears ready (message input + main/chat detected)
2025-11-01 10:07:12,464 - INFO - WhatsApp Web loaded successfully after 18s
2025-11-01 10:07:13,323 - INFO - Starting to send invitations to 1 contacts...
2025-11-01 10:07:13,324 - INFO - Processing 1/1: કાંબલીયા
2025-11-01 10:07:38,854 - INFO - User requested to quit - stopping sends.
2025-11-01 10:24:05,994 - INFO - Starting WebDriver initialization...
2025-11-01 10:24:13,774 - INFO - Chrome browser launched
2025-11-01 10:24:13,823 - INFO - Browser window maximized
2025-11-01 10:24:13,826 - INFO - Loading WhatsApp Web...
2025-11-01 10:24:17,854 - INFO - Checking WhatsApp Web status (attempt 1/3)...
2025-11-01 10:24:25,642 - INFO - Found menu using selector: div[aria-label="Menu"]
2025-11-01 10:24:27,925 - INFO - Found chat_list using selector: #pane-side
2025-11-01 10:24:28,009 - INFO - Found message_input using selector: div[contenteditable="true"]
2025-11-01 10:24:30,263 - INFO - Found main_area using selector: #main
2025-11-01 10:24:30,265 - INFO - WhatsApp readiness probe found selectors: [('menu', 'div[aria-label="Menu"]'), ('chat_list', '#pane-side'), ('message_input', 'div[contenteditable="true"]'), ('main_area', '#main')]
2025-11-01 10:24:30,266 - INFO - WhatsApp Web interface appears ready (message input + main/chat detected)
2025-11-01 10:24:30,266 - INFO - WhatsApp Web loaded successfully after 12s
2025-11-01 10:24:31,060 - INFO - Starting to send invitations to 1 contacts...
2025-11-01 10:24:31,061 - INFO - Processing 1/1: કાંબલીયા
2025-11-01 10:24:33,501 - INFO - Created personalized PDF invitation for કાંબલીયા
2025-11-01 10:26:46,414 - INFO - Found menu using selector: div[aria-label="Menu"]
2025-11-01 10:26:49,847 - INFO - Found chat_list using selector: #pane-side
2025-11-01 10:26:50,495 - INFO - Found message_input using selector: div[contenteditable="true"]
2025-11-01 10:26:52,641 - INFO - Found main_area using selector: #main
2025-11-01 10:26:52,642 - INFO - WhatsApp readiness probe found selectors: [('menu', 'div[aria-label="Menu"]'), ('chat_list', '#pane-side'), ('message_input', 'div[contenteditable="true"]'), ('main_area', '#main')]
2025-11-01 10:26:52,642 - INFO - WhatsApp Web interface appears ready (message input + main/chat detected)
2025-11-01 10:27:35,075 - INFO - Successfully clicked attach button with selector: [aria-label*="Attach"]
2025-11-01 10:27:37,393 - INFO - Found file input element
2025-11-01 10:27:37,394 - INFO - Sending file: D:\WorkflowAuto\Invitation\invitations\invitation_કાંબલીયા.pdf
2025-11-01 10:34:56,144 - INFO - Attempting to close existing Chrome processes...
2025-11-01 10:34:58,658 - INFO - Starting WebDriver initialization...
2025-11-01 10:35:06,777 - INFO - Chrome browser launched
2025-11-01 10:35:06,794 - INFO - Browser window maximized
2025-11-01 10:35:06,795 - INFO - Loading WhatsApp Web...
2025-11-01 10:35:11,661 - INFO - Checking WhatsApp Web status (attempt 1/3)...
2025-11-01 10:35:22,150 - INFO - Found menu using selector: div[aria-label="Menu"]
2025-11-01 10:35:25,486 - INFO - Found chat_list using selector: #pane-side
2025-11-01 10:35:25,671 - INFO - Found message_input using selector: div[contenteditable="true"]
2025-11-01 10:35:27,867 - INFO - Found main_area using selector: #main
2025-11-01 10:35:27,867 - INFO - WhatsApp readiness probe found selectors: [('menu', 'div[aria-label="Menu"]'), ('chat_list', '#pane-side'), ('message_input', 'div[contenteditable="true"]'), ('main_area', '#main')]
2025-11-01 10:35:27,868 - INFO - WhatsApp Web interface appears ready (message input + main/chat detected)
2025-11-01 10:35:27,868 - INFO - WhatsApp Web loaded successfully after 16s
2025-11-01 10:35:28,348 - INFO - Starting to send invitations to 1 contacts...
2025-11-01 10:35:28,348 - INFO - Processing 1/1: કાંબલીયા
2025-11-01 10:35:29,533 - INFO - Created personalized PDF invitation for કાંબલીયા
2025-11-01 10:39:03,365 - INFO - Attempting to close existing Chrome processes...
2025-11-01 10:39:05,776 - INFO - Starting WebDriver initialization...
2025-11-01 10:39:14,300 - INFO - Chrome browser launched
2025-11-01 10:39:14,407 - INFO - Browser window maximized
2025-11-01 10:39:14,416 - INFO - Loading WhatsApp Web...
2025-11-01 10:39:20,865 - INFO - Checking WhatsApp Web status (attempt 1/3)...
2025-11-01 10:39:30,479 - INFO - Found menu using selector: div[aria-label="Menu"]
2025-11-01 10:39:32,943 - INFO - Found chat_list using selector: #pane-side
2025-11-01 10:39:32,984 - INFO - Found message_input using selector: div[contenteditable="true"]
2025-11-01 10:39:35,328 - INFO - Found main_area using selector: #main
2025-11-01 10:39:35,328 - INFO - WhatsApp readiness probe found selectors: [('menu', 'div[aria-label="Menu"]'), ('chat_list', '#pane-side'), ('message_input', 'div[contenteditable="true"]'), ('main_area', '#main')]
2025-11-01 10:39:35,329 - INFO - WhatsApp Web interface appears ready (message input + main/chat detected)
2025-11-01 10:39:35,329 - INFO - WhatsApp Web loaded successfully after 14s
2025-11-01 10:39:35,650 - INFO - Starting to send invitations to 1 contacts...
2025-11-01 10:39:35,651 - INFO - Processing 1/1: કાંબલીયા
2025-11-01 10:39:35,731 - INFO - Created personalized image invitation for કાંબલીયા
2025-11-01 10:39:56,732 - INFO - Found menu using selector: div[aria-label="Menu"]
2025-11-01 10:40:00,662 - INFO - Found chat_list using selector: #pane-side
2025-11-01 10:40:01,242 - INFO - Found message_input using selector: div[contenteditable="true"]
2025-11-01 10:40:03,379 - INFO - Found main_area using selector: #main
2025-11-01 10:40:03,379 - INFO - WhatsApp readiness probe found selectors: [('menu', 'div[aria-label="Menu"]'), ('chat_list', '#pane-side'), ('message_input', 'div[contenteditable="true"]'), ('main_area', '#main')]
2025-11-01 10:40:03,380 - INFO - WhatsApp Web interface appears ready (message input + main/chat detected)
2025-11-02 21:17:53,142 - INFO - Starting WebDriver initialization...
2025-11-02 21:18:23,864 - INFO - Chrome browser launched
2025-11-02 21:18:23,881 - INFO - Browser window maximized
2025-11-02 21:18:23,881 - INFO - Loading WhatsApp Web...
2025-11-02 21:18:29,081 - INFO - Checking WhatsApp Web status (attempt 1/3)...
2025-11-02 21:18:56,569 - INFO - Found main_area using selector: #main
2025-11-02 21:18:56,570 - INFO - WhatsApp readiness probe found selectors: [('main_area', '#main')]
2025-11-02 21:18:56,571 - WARNING - Readiness check failed; detected flags: {'menu': False, 'chat_list': False, 'message_input': False, 'main_area': True}
2025-11-02 21:18:56,572 - WARNING - WhatsApp Web loaded but required UI elements not found
2025-11-02 21:18:57,309 - INFO - Refreshing page and waiting 5 seconds...
2025-11-02 21:19:04,704 - INFO - Checking WhatsApp Web status (attempt 2/3)...
2025-11-02 21:19:16,841 - INFO - Found menu using selector: div[aria-label="Menu"]
2025-11-02 21:19:19,190 - INFO - Found chat_list using selector: #pane-side
2025-11-02 21:19:19,267 - INFO - Found message_input using selector: div[contenteditable="true"]
2025-11-02 21:19:26,015 - INFO - WhatsApp readiness probe found selectors: [('menu', 'div[aria-label="Menu"]'), ('chat_list', '#pane-side'), ('message_input', 'div[contenteditable="true"]')]
2025-11-02 21:19:26,018 - INFO - WhatsApp Web interface appears ready (message input + main/chat detected)
2025-11-02 21:19:26,020 - INFO - WhatsApp Web loaded successfully after 56s
2025-11-02 21:19:27,753 - INFO - Starting to send invitations to 1 contacts...
2025-11-02 21:19:27,755 - INFO - Processing 1/1: કાંબલીયા
2025-11-02 21:19:28,049 - INFO - Created personalized image invitation for કાંબલીયા
2025-11-02 21:21:08,363 - INFO - Found menu using selector: div[aria-label="Menu"]
2025-11-02 21:21:11,508 - INFO - Found chat_list using selector: #pane-side
2025-11-02 21:21:11,590 - INFO - Found message_input using selector: div[contenteditable="true"]
2025-11-02 21:21:13,669 - INFO - Found main_area using selector: #main
2025-11-02 21:21:13,671 - INFO - WhatsApp readiness probe found selectors: [('menu', 'div[aria-label="Menu"]'), ('chat_list', '#pane-side'), ('message_input', 'div[contenteditable="true"]'), ('main_area', '#main')]
2025-11-02 21:21:13,672 - INFO - WhatsApp Web interface appears ready (message input + main/chat detected)
2025-11-02 21:21:56,718 - INFO - Successfully clicked attach button with selector: [aria-label*="Attach"]
2025-11-02 21:21:59,067 - INFO - Found file input element
2025-11-02 21:21:59,069 - INFO - Sending file: D:\WorkflowAuto\Invitation\invitations\invitation_કાંબલીયા.jpg
2025-11-02 21:26:45,186 - INFO - Attempting to close existing Chrome processes...
2025-11-02 21:26:47,641 - INFO - Starting WebDriver initialization...
2025-11-02 21:26:56,130 - INFO - Chrome browser launched
2025-11-02 21:26:56,139 - INFO - Browser window maximized
2025-11-02 21:26:56,140 - INFO - Loading WhatsApp Web...
2025-11-02 21:26:58,544 - INFO - Checking WhatsApp Web status (attempt 1/3)...
2025-11-02 21:27:05,801 - INFO - Found menu using selector: div[aria-label="Menu"]
2025-11-02 21:27:08,015 - INFO - Found chat_list using selector: #pane-side
2025-11-02 21:27:08,061 - INFO - Found message_input using selector: div[contenteditable="true"]
2025-11-02 21:27:10,262 - INFO - Found main_area using selector: #main
2025-11-02 21:27:10,262 - INFO - WhatsApp readiness probe found selectors: [('menu', 'div[aria-label="Menu"]'), ('chat_list', '#pane-side'), ('message_input', 'div[contenteditable="true"]'), ('main_area', '#main')]
2025-11-02 21:27:10,263 - INFO - WhatsApp Web interface appears ready (message input + main/chat detected)
2025-11-02 21:27:10,264 - INFO - WhatsApp Web loaded successfully after 11s
2025-11-02 21:27:11,340 - INFO - Starting to send invitations to 1 contacts...
2025-11-02 21:27:11,341 - INFO - Processing 1/1: કાંબલીયા
2025-11-02 21:27:11,437 - INFO - Created personalized image invitation for કાંબલીયા
2025-11-02 21:27:24,775 - INFO - User requested to quit - stopping sends.
2025-11-02 21:31:14,938 - INFO - Starting WebDriver initialization...
2025-11-02 21:31:27,132 - INFO - Chrome browser launched
2025-11-02 21:31:27,143 - INFO - Browser window maximized
2025-11-02 21:31:27,144 - INFO - Loading WhatsApp Web...
2025-11-02 21:31:29,549 - INFO - Checking WhatsApp Web status (attempt 1/3)...
2025-11-02 21:31:37,564 - INFO - Found menu using selector: div[aria-label="Menu"]
2025-11-02 21:31:39,743 - INFO - Found chat_list using selector: #pane-side
2025-11-02 21:31:39,779 - INFO - Found message_input using selector: div[contenteditable="true"]
2025-11-02 21:31:41,950 - INFO - Found main_area using selector: #main
2025-11-02 21:31:41,950 - INFO - WhatsApp readiness probe found selectors: [('menu', 'div[aria-label="Menu"]'), ('chat_list', '#pane-side'), ('message_input', 'div[contenteditable="true"]'), ('main_area', '#main')]
2025-11-02 21:31:41,951 - INFO - WhatsApp Web interface appears ready (message input + main/chat detected)
2025-11-02 21:31:41,953 - INFO - WhatsApp Web loaded successfully after 12s
2025-11-02 21:31:42,852 - INFO - Starting to send invitations to 1 contacts...
2025-11-02 21:31:42,856 - INFO - Processing 1/1: કાંબલીયા
2025-11-02 21:31:42,973 - INFO - Created personalized image invitation for કાંબલીયા
2025-11-02 21:34:13,565 - INFO - User requested to quit - stopping sends.
2025-11-02 21:36:28,339 - INFO - Starting WebDriver initialization...
2025-11-02 21:36:36,082 - INFO - Chrome browser launched
2025-11-02 21:36:36,105 - INFO - Browser window maximized
2025-11-02 21:36:36,106 - INFO - Loading WhatsApp Web...
2025-11-02 21:36:38,999 - INFO - Checking WhatsApp Web status (attempt 1/3)...
2025-11-02 21:36:46,848 - INFO - Found menu using selector: div[aria-label="Menu"]
2025-11-02 21:36:49,092 - INFO - Found chat_list using selector: #pane-side
2025-11-02 21:36:49,141 - INFO - Found message_input using selector: div[contenteditable="true"]
2025-11-02 21:36:51,433 - INFO - Found main_area using selector: #main
2025-11-02 21:36:51,434 - INFO - WhatsApp readiness probe found selectors: [('menu', 'div[aria-label="Menu"]'), ('chat_list', '#pane-side'), ('message_input', 'div[contenteditable="true"]'), ('main_area', '#main')]
2025-11-02 21:36:51,436 - INFO - WhatsApp Web interface appears ready (message input + main/chat detected)
2025-11-02 21:36:51,437 - INFO - WhatsApp Web loaded successfully after 12s
2025-11-02 21:36:52,056 - INFO - Starting to send invitations to 1 contacts...
2025-11-02 21:36:52,059 - INFO - Processing 1/1: કાંબલીયા
2025-11-02 21:36:52,155 - INFO - Created personalized image invitation for કાંબલીયા
2025-11-02 21:38:37,247 - INFO - User requested to quit - stopping sends.
2025-11-02 21:39:25,093 - INFO - Starting WebDriver initialization...
2025-11-02 21:39:32,669 - INFO - Chrome browser launched
2025-11-02 21:39:32,684 - INFO - Browser window maximized
2025-11-02 21:39:32,684 - INFO - Loading WhatsApp Web...
2025-11-02 21:39:36,108 - INFO - Checking WhatsApp Web status (attempt 1/3)...
2025-11-02 21:39:43,675 - INFO - Found menu using selector: div[aria-label="Menu"]
2025-11-02 21:39:45,839 - INFO - Found chat_list using selector: #pane-side
2025-11-02 21:39:45,866 - INFO - Found message_input using selector: div[contenteditable="true"]
2025-11-02 21:39:48,074 - INFO - Found main_area using selector: #main
2025-11-02 21:39:48,074 - INFO - WhatsApp readiness probe found selectors: [('menu', 'div[aria-label="Menu"]'), ('chat_list', '#pane-side'), ('message_input', 'div[contenteditable="true"]'), ('main_area', '#main')]
2025-11-02 21:39:48,074 - INFO - WhatsApp Web interface appears ready (message input + main/chat detected)
2025-11-02 21:39:48,075 - INFO - WhatsApp Web loaded successfully after 11s
2025-11-02 21:39:48,838 - INFO - Starting to send invitations to 1 contacts...
2025-11-02 21:39:48,839 - INFO - Processing 1/1: કાંબલીયા
2025-11-02 21:39:48,966 - INFO - Created personalized image invitation for કાંબલીયા
2025-11-02 21:40:22,584 - INFO - User requested to quit - stopping sends.
2025-11-02 21:43:50,948 - INFO - Starting WebDriver initialization...
2025-11-02 21:43:57,089 - INFO - Chrome browser launched
2025-11-02 21:43:57,100 - INFO - Browser window maximized
2025-11-02 21:43:57,101 - INFO - Loading WhatsApp Web...
2025-11-02 21:44:01,189 - INFO - Checking WhatsApp Web status (attempt 1/3)...
2025-11-02 21:44:10,502 - INFO - Found menu using selector: div[aria-label="Menu"]
2025-11-02 21:44:13,553 - INFO - Found chat_list using selector: #pane-side
2025-11-02 21:44:13,911 - INFO - Found message_input using selector: div[contenteditable="true"]
2025-11-02 21:44:16,269 - INFO - Found main_area using selector: #main
2025-11-02 21:44:16,270 - INFO - WhatsApp readiness probe found selectors: [('menu', 'div[aria-label="Menu"]'), ('chat_list', '#pane-side'), ('message_input', 'div[contenteditable="true"]'), ('main_area', '#main')]
2025-11-02 21:44:16,271 - INFO - WhatsApp Web interface appears ready (message input + main/chat detected)
2025-11-02 21:44:16,271 - INFO - WhatsApp Web loaded successfully after 15s
2025-11-02 21:44:16,557 - INFO - Starting to send invitations to 1 contacts...
2025-11-02 21:44:16,557 - INFO - Processing 1/1: કાંબલીયા
2025-11-02 21:44:16,615 - INFO - Created personalized image invitation for કાંબલીયા
2025-11-02 21:44:33,087 - INFO - Found menu using selector: div[aria-label="Menu"]
2025-11-02 21:44:35,758 - INFO - Found chat_list using selector: #pane-side
2025-11-02 21:44:35,996 - INFO - Found message_input using selector: div[contenteditable="true"]
2025-11-02 21:44:38,241 - INFO - Found main_area using selector: #main
2025-11-02 21:44:38,241 - INFO - WhatsApp readiness probe found selectors: [('menu', 'div[aria-label="Menu"]'), ('chat_list', '#pane-side'), ('message_input', 'div[contenteditable="true"]'), ('main_area', '#main')]
2025-11-02 21:44:38,242 - INFO - WhatsApp Web interface appears ready (message input + main/chat detected)
2025-11-02 21:45:20,573 - INFO - Successfully clicked attach button with selector: [aria-label*="Attach"]
2025-11-02 21:45:22,995 - INFO - Found file input element
2025-11-02 21:45:22,995 - INFO - Sending file: D:\WorkflowAuto\Invitation\invitations\invitation_કાંબલીયા.jpg
2025-11-02 21:47:44,881 - ERROR - Failed to attach file: File upload failed after retries
2025-11-02 21:47:44,883 - WARNING - X Not sent to કાંબલીયા
2025-11-02 21:47:46,883 - INFO - Completed: 0/1 sent
2025-11-02 21:53:31,804 - INFO - Attempting to close existing Chrome processes...
2025-11-02 21:53:34,254 - INFO - Starting WebDriver initialization...
2025-11-02 21:53:44,568 - INFO - Chrome browser launched
2025-11-02 21:53:44,602 - INFO - Browser window maximized
2025-11-02 21:53:44,606 - INFO - Loading WhatsApp Web...
2025-11-02 21:53:47,893 - INFO - Checking WhatsApp Web status (attempt 1/3)...
2025-11-02 21:53:57,864 - INFO - Found menu using selector: div[aria-label="Menu"]
2025-11-02 21:54:00,696 - INFO - Found chat_list using selector: #pane-side
2025-11-02 21:54:01,416 - INFO - Found message_input using selector: div[contenteditable="true"]
2025-11-02 21:54:03,605 - INFO - Found main_area using selector: #main
2025-11-02 21:54:03,606 - INFO - WhatsApp readiness probe found selectors: [('menu', 'div[aria-label="Menu"]'), ('chat_list', '#pane-side'), ('message_input', 'div[contenteditable="true"]'), ('main_area', '#main')]
2025-11-02 21:54:03,607 - INFO - WhatsApp Web interface appears ready (message input + main/chat detected)
2025-11-02 21:54:03,607 - INFO - WhatsApp Web loaded successfully after 15s
2025-11-02 21:54:04,019 - INFO - Starting to send invitations to 1 contacts...
2025-11-02 21:54:04,020 - INFO - Processing 1/1: કાંબલીયા
2025-11-02 21:54:04,096 - INFO - Created personalized image invitation for કાંબલીયા
2025-11-02 21:54:18,735 - INFO - Found menu using selector: div[aria-label="Menu"]
2025-11-02 21:54:23,151 - INFO - Found chat_list using selector: #pane-side
2025-11-02 21:54:23,586 - INFO - Found message_input using selector: div[contenteditable="true"]
2025-11-02 21:54:25,918 - INFO - Found main_area using selector: #main
2025-11-02 21:54:25,919 - INFO - WhatsApp readiness probe found selectors: [('menu', 'div[aria-label="Menu"]'), ('chat_list', '#pane-side'), ('message_input', 'div[contenteditable="true"]'), ('main_area', '#main')]
2025-11-02 21:54:25,919 - INFO - WhatsApp Web interface appears ready (message input + main/chat detected)
2025-11-02 21:55:08,552 - INFO - Successfully clicked attach button with selector: [aria-label*="Attach"]
2025-11-02 21:55:10,920 - INFO - Found file input element
2025-11-02 21:55:10,921 - INFO - Sending file: D:\WorkflowAuto\Invitation\invitations\invitation_કાંબલીયા.jpg
2025-11-02 21:55:46,927 - ERROR - Failed to attach file: File upload failed after retries
2025-11-02 21:55:46,930 - WARNING - X Not sent to કાંબલીયા
2025-11-02 21:55:48,932 - INFO - Completed: 0/1 sent
2025-11-02 22:02:42,923 - INFO - Attempting to close existing Chrome processes...
2025-11-02 22:02:45,418 - INFO - Starting WebDriver initialization...
2025-11-02 22:02:53,862 - INFO - Chrome browser launched
2025-11-02 22:02:53,875 - INFO - Browser window maximized
2025-11-02 22:02:53,876 - INFO - Loading WhatsApp Web...
2025-11-02 22:02:56,097 - INFO - Checking WhatsApp Web status (attempt 1/3)...
2025-11-02 22:03:04,428 - INFO - Found menu using selector: div[aria-label="Menu"]
2025-11-02 22:03:06,608 - INFO - Found chat_list using selector: #pane-side
2025-11-02 22:03:06,644 - INFO - Found message_input using selector: div[contenteditable="true"]
2025-11-02 22:03:08,796 - INFO - Found main_area using selector: #main
2025-11-02 22:03:08,797 - INFO - WhatsApp readiness probe found selectors: [('menu', 'div[aria-label="Menu"]'), ('chat_list', '#pane-side'), ('message_input', 'div[contenteditable="true"]'), ('main_area', '#main')]
2025-11-02 22:03:08,797 - INFO - WhatsApp Web interface appears ready (message input + main/chat detected)
2025-11-02 22:03:08,798 - INFO - WhatsApp Web loaded successfully after 12s
2025-11-02 22:03:09,577 - INFO - Starting to send invitations to 1 contacts...
2025-11-02 22:03:09,578 - INFO - Processing 1/1: કાંબલીયા
2025-11-02 22:03:09,724 - INFO - Created personalized image invitation for કાંબલીયા
2025-11-02 22:03:32,358 - INFO - Found menu using selector: div[aria-label="Menu"]
2025-11-02 22:03:34,890 - INFO - Found chat_list using selector: #pane-side
2025-11-02 22:03:34,917 - INFO - Found message_input using selector: div[contenteditable="true"]
2025-11-02 22:03:37,053 - INFO - Found main_area using selector: #main
2025-11-02 22:03:37,053 - INFO - WhatsApp readiness probe found selectors: [('menu', 'div[aria-label="Menu"]'), ('chat_list', '#pane-side'), ('message_input', 'div[contenteditable="true"]'), ('main_area', '#main')]
2025-11-02 22:03:37,054 - INFO - WhatsApp Web interface appears ready (message input + main/chat detected)
2025-11-02 22:04:19,298 - INFO - Successfully clicked attach button with selector: [aria-label*="Attach"]
2025-11-02 22:04:21,453 - INFO - Found file input element
2025-11-02 22:04:21,454 - INFO - Sending file: D:\WorkflowAuto\Invitation\invitations\invitation_કાંબલીયા.jpg
2025-11-02 22:04:21,972 - INFO - File upload verified successfully
2025-11-02 22:04:25,076 - INFO - File upload verified successfully
2025-11-02 22:04:28,187 - INFO - File upload verified successfully
2025-11-02 22:04:29,188 - ERROR - Failed to attach file: File upload failed after retries
2025-11-02 22:04:29,190 - WARNING - X Not sent to કાંબલીયા
2025-11-02 22:04:31,191 - INFO - Completed: 0/1 sent
2025-11-02 22:05:50,115 - INFO - Starting WebDriver initialization...
2025-11-02 22:05:58,559 - INFO - Chrome browser launched
2025-11-02 22:05:58,570 - INFO - Browser window maximized
2025-11-02 22:05:58,571 - INFO - Loading WhatsApp Web...
2025-11-02 22:06:01,655 - INFO - Checking WhatsApp Web status (attempt 1/3)...
2025-11-02 22:06:09,737 - INFO - Found menu using selector: div[aria-label="Menu"]
2025-11-02 22:06:12,280 - INFO - Found chat_list using selector: #pane-side
2025-11-02 22:06:12,881 - INFO - Found message_input using selector: div[contenteditable="true"]
2025-11-02 22:06:15,269 - INFO - Found main_area using selector: #main
2025-11-02 22:06:15,270 - INFO - WhatsApp readiness probe found selectors: [('menu', 'div[aria-label="Menu"]'), ('chat_list', '#pane-side'), ('message_input', 'div[contenteditable="true"]'), ('main_area', '#main')]
2025-11-02 22:06:15,270 - INFO - WhatsApp Web interface appears ready (message input + main/chat detected)
2025-11-02 22:06:15,270 - INFO - WhatsApp Web loaded successfully after 13s
2025-11-02 22:06:15,543 - INFO - Starting to send invitations to 1 contacts...
2025-11-02 22:06:15,544 - INFO - Processing 1/1: કાંબલીયા
2025-11-02 22:06:15,598 - INFO - Created personalized image invitation for કાંબલીયા
2025-11-02 22:06:30,775 - INFO - Found menu using selector: div[aria-label="Menu"]
2025-11-02 22:06:33,248 - INFO - Found chat_list using selector: #pane-side
2025-11-02 22:06:33,348 - INFO - Found message_input using selector: div[contenteditable="true"]
2025-11-02 22:06:35,541 - INFO - Found main_area using selector: #main
2025-11-02 22:06:35,541 - INFO - WhatsApp readiness probe found selectors: [('menu', 'div[aria-label="Menu"]'), ('chat_list', '#pane-side'), ('message_input', 'div[contenteditable="true"]'), ('main_area', '#main')]
2025-11-02 22:06:35,542 - INFO - WhatsApp Web interface appears ready (message input + main/chat detected)
2025-11-02 22:07:17,831 - INFO - Successfully clicked attach button with selector: [aria-label*="Attach"]
2025-11-02 22:07:20,102 - INFO - Found file input element
2025-11-02 22:07:20,103 - INFO - Sending file: D:\WorkflowAuto\Invitation\invitations\invitation_કાંબલીયા.jpg
2025-11-02 22:07:21,477 - INFO - File upload verified successfully
2025-11-02 22:07:24,571 - INFO - File upload verified successfully
2025-11-02 22:07:27,657 - INFO - File upload verified successfully
2025-11-02 22:07:28,658 - ERROR - Failed to attach file: File upload failed after retries
2025-11-02 22:07:28,659 - WARNING - X Not sent to કાંબલીયા
2025-11-02 22:07:30,660 - INFO - Completed: 0/1 sent
2025-11-02 22:13:47,225 - INFO - Attempting to close existing Chrome processes...
2025-11-02 22:13:49,647 - INFO - Starting WebDriver initialization...
2025-11-02 22:13:58,284 - INFO - Chrome browser launched
2025-11-02 22:13:58,331 - INFO - Browser window maximized
2025-11-02 22:13:58,332 - INFO - Loading WhatsApp Web...
2025-11-02 22:14:01,066 - INFO - Checking WhatsApp Web status (attempt 1/3)...
2025-11-02 22:14:08,481 - INFO - Found menu using selector: div[aria-label="Menu"]
2025-11-02 22:14:11,306 - INFO - Found chat_list using selector: #pane-side
2025-11-02 22:14:12,030 - INFO - Found message_input using selector: div[contenteditable="true"]
2025-11-02 22:14:14,345 - INFO - Found main_area using selector: #main
2025-11-02 22:14:14,345 - INFO - WhatsApp readiness probe found selectors: [('menu', 'div[aria-label="Menu"]'), ('chat_list', '#pane-side'), ('message_input', 'div[contenteditable="true"]'), ('main_area', '#main')]
2025-11-02 22:14:14,346 - INFO - WhatsApp Web interface appears ready (message input + main/chat detected)
2025-11-02 22:14:14,347 - INFO - WhatsApp Web loaded successfully after 13s
2025-11-02 22:14:15,482 - INFO - Starting to send invitations to 1 contacts...
2025-11-02 22:14:15,484 - INFO - Processing 1/1: કાંબલીયા
2025-11-02 22:14:15,820 - INFO - Created personalized image invitation for કાંબલીયા
2025-11-02 22:14:29,687 - INFO - Found menu using selector: div[aria-label="Menu"]
2025-11-02 22:14:31,888 - INFO - Found chat_list using selector: #pane-side
2025-11-02 22:14:31,913 - INFO - Found message_input using selector: div[contenteditable="true"]
2025-11-02 22:14:34,052 - INFO - Found main_area using selector: #main
2025-11-02 22:14:34,053 - INFO - WhatsApp readiness probe found selectors: [('menu', 'div[aria-label="Menu"]'), ('chat_list', '#pane-side'), ('message_input', 'div[contenteditable="true"]'), ('main_area', '#main')]
2025-11-02 22:14:34,054 - INFO - WhatsApp Web interface appears ready (message input + main/chat detected)
2025-11-02 22:15:16,644 - INFO - Successfully clicked attach button with selector: [aria-label*="Attach"]
2025-11-02 22:15:18,945 - INFO - Found file input element
2025-11-02 22:15:18,945 - INFO - Sending file: D:\WorkflowAuto\Invitation\invitations\invitation_કાંબલીયા.jpg
2025-11-02 22:15:54,551 - ERROR - Failed to attach file: File upload failed after retries
2025-11-02 22:15:54,553 - WARNING - X Not sent to કાંબલીયા
2025-11-02 22:15:56,554 - INFO - Completed: 0/1 sent
2025-11-02 22:20:25,508 - INFO - Starting WebDriver initialization...
2025-11-02 22:20:32,278 - INFO - Chrome browser launched
2025-11-02 22:20:32,288 - INFO - Browser window maximized
2025-11-02 22:20:32,288 - INFO - Loading WhatsApp Web...
2025-11-02 22:20:35,045 - INFO - Checking WhatsApp Web status (attempt 1/3)...
2025-11-02 22:20:42,562 - INFO - Found menu using selector: div[aria-label="Menu"]
2025-11-02 22:20:44,867 - INFO - Found chat_list using selector: #pane-side
2025-11-02 22:20:44,922 - INFO - Found message_input using selector: div[contenteditable="true"]
2025-11-02 22:20:47,119 - INFO - Found main_area using selector: #main
2025-11-02 22:20:47,119 - INFO - WhatsApp readiness probe found selectors: [('menu', 'div[aria-label="Menu"]'), ('chat_list', '#pane-side'), ('message_input', 'div[contenteditable="true"]'), ('main_area', '#main')]
2025-11-02 22:20:47,120 - INFO - WhatsApp Web interface appears ready (message input + main/chat detected)
2025-11-02 22:20:47,120 - INFO - WhatsApp Web loaded successfully after 12s
2025-11-02 22:20:47,483 - INFO - Starting to send invitations to 1 contacts...
2025-11-02 22:20:47,484 - INFO - Processing 1/1: કાંબલીયા
2025-11-02 22:20:47,562 - INFO - Created personalized image invitation for કાંબલીયા
2025-11-02 22:21:20,540 - INFO - Found menu using selector: div[aria-label="Menu"]
2025-11-02 22:21:22,979 - INFO - Found chat_list using selector: #pane-side
2025-11-02 22:21:23,020 - INFO - Found message_input using selector: div[contenteditable="true"]
2025-11-02 22:21:25,252 - INFO - Found main_area using selector: #main
2025-11-02 22:21:25,253 - INFO - WhatsApp readiness probe found selectors: [('menu', 'div[aria-label="Menu"]'), ('chat_list', '#pane-side'), ('message_input', 'div[contenteditable="true"]'), ('main_area', '#main')]
2025-11-02 22:21:25,254 - INFO - WhatsApp Web interface appears ready (message input + main/chat detected)
2025-11-02 22:22:07,708 - INFO - Successfully clicked attach button with selector: [aria-label*="Attach"]
2025-11-02 22:22:09,984 - INFO - Found file input element
2025-11-02 22:22:09,985 - INFO - Sending file: D:\WorkflowAuto\Invitation\invitations\invitation_કાંબલીયા.jpg
2025-11-02 22:22:11,472 - INFO - File upload detected as complete
2025-11-02 22:22:13,011 - INFO - Message pasted successfully via clipboard
2025-11-02 22:22:14,194 - INFO - ✓ Sent to કાંબલીયા
2025-11-02 22:22:16,217 - INFO - Completed: 1/1 sent
2025-11-02 22:31:43,702 - INFO - Attempting to close existing Chrome processes...
2025-11-02 22:31:46,173 - INFO - Starting WebDriver initialization...
2025-11-02 22:31:53,224 - INFO - Chrome browser launched
2025-11-02 22:31:53,235 - INFO - Browser window maximized
2025-11-02 22:31:53,236 - INFO - Loading WhatsApp Web...
2025-11-02 22:31:56,119 - INFO - Checking WhatsApp Web status (attempt 1/3)...
2025-11-02 22:32:03,750 - INFO - Found menu using selector: div[aria-label="Menu"]
2025-11-02 22:32:05,940 - INFO - Found chat_list using selector: #pane-side
2025-11-02 22:32:05,989 - INFO - Found message_input using selector: div[contenteditable="true"]
2025-11-02 22:32:08,156 - INFO - Found main_area using selector: #main
2025-11-02 22:32:08,157 - INFO - WhatsApp readiness probe found selectors: [('menu', 'div[aria-label="Menu"]'), ('chat_list', '#pane-side'), ('message_input', 'div[contenteditable="true"]'), ('main_area', '#main')]
2025-11-02 22:32:08,158 - INFO - WhatsApp Web interface appears ready
2025-11-02 22:32:08,159 - INFO - WhatsApp Web loaded successfully after 12s
2025-11-02 22:32:09,100 - INFO - Starting to send invitations to 1 contacts...
2025-11-02 22:32:09,102 - INFO - Processing 1/1: કાંબલીયા
2025-11-02 22:32:09,251 - INFO - Created personalized image invitation for કાંબલીયા
2025-11-02 22:32:09,795 - INFO - Successfully converted image to PDF: invitations\invitation_કાંબલીયા.pdf
2025-11-02 22:32:09,797 - INFO - Converted image to PDF for કાંબલીયા
2025-11-02 22:32:33,113 - INFO - Found menu using selector: div[aria-label="Menu"]
2025-11-02 22:32:36,386 - INFO - Found chat_list using selector: #pane-side
2025-11-02 22:32:36,682 - INFO - Found message_input using selector: div[contenteditable="true"]
2025-11-02 22:32:38,742 - INFO - Found main_area using selector: #main
2025-11-02 22:32:38,743 - INFO - WhatsApp readiness probe found selectors: [('menu', 'div[aria-label="Menu"]'), ('chat_list', '#pane-side'), ('message_input', 'div[contenteditable="true"]'), ('main_area', '#main')]
2025-11-02 22:32:38,743 - INFO - WhatsApp Web interface appears ready
2025-11-02 22:33:05,694 - ERROR - Failed to attach file: Could not find attach button
2025-11-02 22:33:05,695 - WARNING - X Not sent to કાંબલીયા
2025-11-02 22:33:07,697 - INFO - Completed: 0/1 sent
2025-11-02 22:44:44,276 - INFO - Starting WebDriver initialization...
2025-11-02 22:44:54,427 - INFO - Chrome browser launched
2025-11-02 22:44:54,474 - INFO - Browser window maximized
2025-11-02 22:44:54,476 - INFO - Loading WhatsApp Web...
2025-11-02 22:44:57,980 - INFO - Checking WhatsApp Web status (attempt 1/3)...
2025-11-02 22:45:07,135 - INFO - Found menu using selector: div[aria-label="Menu"]
2025-11-02 22:45:09,843 - INFO - Found chat_list using selector: #pane-side
2025-11-02 22:45:10,047 - INFO - Found message_input using selector: div[contenteditable="true"]
2025-11-02 22:45:12,416 - INFO - Found main_area using selector: #main
2025-11-02 22:45:12,417 - INFO - WhatsApp readiness probe found selectors: [('menu', 'div[aria-label="Menu"]'), ('chat_list', '#pane-side'), ('message_input', 'div[contenteditable="true"]'), ('main_area', '#main')]
2025-11-02 22:45:12,418 - INFO - WhatsApp Web interface appears ready
2025-11-02 22:45:12,419 - INFO - WhatsApp Web loaded successfully after 14s
2025-11-02 22:45:13,032 - INFO - Starting to send invitations to 1 contacts...
2025-11-02 22:45:13,034 - INFO - Processing 1/1: કાંબલીયા
2025-11-02 22:45:13,099 - INFO - Created personalized image invitation for કાંબલીયા
2025-11-02 22:45:13,225 - INFO - Successfully converted image to PDF: invitations\invitation_કાંબલીયા.pdf
2025-11-02 22:45:13,226 - INFO - Converted image to PDF for કાંબલીયા
2025-11-02 22:46:10,116 - INFO - Found menu using selector: div[aria-label="Menu"]
2025-11-02 22:46:13,113 - INFO - Found chat_list using selector: #pane-side
2025-11-02 22:46:13,410 - INFO - Found message_input using selector: div[contenteditable="true"]
2025-11-02 22:46:15,608 - INFO - Found main_area using selector: #main
2025-11-02 22:46:15,608 - INFO - WhatsApp readiness probe found selectors: [('menu', 'div[aria-label="Menu"]'), ('chat_list', '#pane-side'), ('message_input', 'div[contenteditable="true"]'), ('main_area', '#main')]
2025-11-02 22:46:15,609 - INFO - WhatsApp Web interface appears ready
2025-11-02 22:46:41,612 - ERROR - Failed to attach file: Could not find attach button
2025-11-02 22:46:41,613 - WARNING - X Not sent to કાંબલીયા
2025-11-02 22:46:43,614 - INFO - Completed: 0/1 sent
2025-11-02 22:50:01,174 - INFO - Starting WebDriver initialization...
2025-11-02 22:50:07,217 - INFO - Chrome browser launched
2025-11-02 22:50:07,225 - INFO - Browser window maximized
2025-11-02 22:50:07,225 - INFO - Loading WhatsApp Web...
2025-11-02 22:50:09,243 - INFO - Checking WhatsApp Web status (attempt 1/3)...
2025-11-02 22:50:16,204 - INFO - Found menu using selector: div[aria-label="Menu"]
2025-11-02 22:50:18,313 - INFO - Found chat_list using selector: #pane-side
2025-11-02 22:50:18,410 - INFO - Found message_input using selector: div[contenteditable="true"]
2025-11-02 22:50:20,519 - INFO - Found main_area using selector: #main
2025-11-02 22:50:20,519 - INFO - WhatsApp readiness probe found selectors: [('menu', 'div[aria-label="Menu"]'), ('chat_list', '#pane-side'), ('message_input', 'div[contenteditable="true"]'), ('main_area', '#main')]
2025-11-02 22:50:20,520 - INFO - WhatsApp Web interface appears ready
2025-11-02 22:50:20,520 - INFO - WhatsApp Web loaded successfully after 11s
2025-11-02 22:50:20,940 - INFO - Starting to send invitations to 1 contacts...
2025-11-02 22:50:20,940 - INFO - Processing 1/1: કાંબલીયા
2025-11-02 22:50:21,083 - INFO - Created personalized image invitation for કાંબલીયા
2025-11-02 22:50:21,175 - INFO - Successfully converted image to PDF: invitations\invitation_કાંબલીયા.pdf
2025-11-02 22:50:21,176 - INFO - Converted image to PDF for કાંબલીયા
2025-11-02 22:50:36,329 - INFO - Found menu using selector: div[aria-label="Menu"]
2025-11-02 22:50:38,415 - INFO - Found chat_list using selector: #pane-side
2025-11-02 22:50:38,427 - INFO - Found message_input using selector: div[contenteditable="true"]
2025-11-02 22:50:40,539 - INFO - Found main_area using selector: #main
2025-11-02 22:50:40,539 - INFO - WhatsApp readiness probe found selectors: [('menu', 'div[aria-label="Menu"]'), ('chat_list', '#pane-side'), ('message_input', 'div[contenteditable="true"]'), ('main_area', '#main')]
2025-11-02 22:50:40,539 - INFO - WhatsApp Web interface appears ready
2025-11-02 22:51:24,547 - INFO - Attached file: D:\WorkflowAuto\Invitation\invitations\invitation_કાંબલીયા.pdf
2025-11-02 22:51:39,040 - ERROR - Failed to click send: Message: 
Stacktrace:
	GetHandleVerifier [0x0x103fe43+66515]
	GetHandleVerifier [0x0x103fe84+66580]
	(No symbol) [0x0xe2dc48]
	(No symbol) [0x0xe78704]
	(No symbol) [0x0xe78aab]
	(No symbol) [0x0xebf482]
	(No symbol) [0x0xe9b214]
	(No symbol) [0x0xebcba7]
	(No symbol) [0x0xe9afc6]
	(No symbol) [0x0xe6c2ca]
	(No symbol) [0x0xe6d154]
	GetHandleVerifier [0x0x1297353+2521315]
	GetHandleVerifier [0x0x12922d3+2500707]
	GetHandleVerifier [0x0x1067c94+229924]
	GetHandleVerifier [0x0x10581f8+165768]
	GetHandleVerifier [0x0x105ecad+193085]
	GetHandleVerifier [0x0x1048158+100072]
	GetHandleVerifier [0x0x10482f0+100480]
	GetHandleVerifier [0x0x10325aa+11066]
	BaseThreadInitThunk [0x0x766a5d49+25]
	RtlInitializeExceptionChain [0x0x778dd6db+107]
	RtlGetAppContainerNamedObjectPath [0x0x778dd661+561]

2025-11-02 22:51:39,043 - WARNING - X Not sent to કાંબલીયા
2025-11-02 22:51:41,044 - INFO - Completed: 0/1 sent
2025-11-02 22:54:01,581 - INFO - Attempting to close existing Chrome processes...
2025-11-02 22:54:03,995 - INFO - Starting WebDriver initialization...
2025-11-02 22:54:09,843 - INFO - Chrome browser launched
2025-11-02 22:54:09,852 - INFO - Browser window maximized
2025-11-02 22:54:09,860 - INFO - Loading WhatsApp Web...
2025-11-02 22:54:12,681 - INFO - Checking WhatsApp Web status (attempt 1/3)...
2025-11-02 22:54:19,829 - INFO - Found menu using selector: div[aria-label="Menu"]
2025-11-02 22:54:21,965 - INFO - Found chat_list using selector: #pane-side
2025-11-02 22:54:21,988 - INFO - Found message_input using selector: div[contenteditable="true"]
2025-11-02 22:54:24,110 - INFO - Found main_area using selector: #main
2025-11-02 22:54:24,110 - INFO - WhatsApp readiness probe found selectors: [('menu', 'div[aria-label="Menu"]'), ('chat_list', '#pane-side'), ('message_input', 'div[contenteditable="true"]'), ('main_area', '#main')]
2025-11-02 22:54:24,111 - INFO - WhatsApp Web interface appears ready
2025-11-02 22:54:24,111 - INFO - WhatsApp Web loaded successfully after 11s
2025-11-02 22:54:24,463 - INFO - Starting to send invitations to 1 contacts...
2025-11-02 22:54:24,464 - INFO - Processing 1/1: કાંબલીયા
2025-11-02 22:54:24,525 - INFO - Created personalized image invitation for કાંબલીયા
2025-11-02 22:54:24,654 - INFO - Successfully converted image to PDF: invitations\invitation_કાંબલીયા.pdf
2025-11-02 22:54:24,654 - INFO - Converted image to PDF for કાંબલીયા
2025-11-02 22:55:16,152 - INFO - Found menu using selector: div[aria-label="Menu"]
2025-11-02 22:55:18,275 - INFO - Found chat_list using selector: #pane-side
2025-11-02 22:55:18,355 - INFO - Found message_input using selector: div[contenteditable="true"]
2025-11-02 22:55:20,489 - INFO - Found main_area using selector: #main
2025-11-02 22:55:20,489 - INFO - WhatsApp readiness probe found selectors: [('menu', 'div[aria-label="Menu"]'), ('chat_list', '#pane-side'), ('message_input', 'div[contenteditable="true"]'), ('main_area', '#main')]
2025-11-02 22:55:20,490 - INFO - WhatsApp Web interface appears ready
2025-11-02 22:56:18,906 - INFO - Attempting to close existing Chrome processes...
2025-11-02 22:56:21,195 - INFO - Starting WebDriver initialization...
2025-11-02 22:56:27,869 - INFO - Chrome browser launched
2025-11-02 22:56:27,876 - INFO - Browser window maximized
2025-11-02 22:56:27,883 - INFO - Loading WhatsApp Web...
2025-11-02 22:56:30,383 - INFO - Checking WhatsApp Web status (attempt 1/3)...
2025-11-02 22:56:37,587 - INFO - Found menu using selector: div[aria-label="Menu"]
2025-11-02 22:56:39,721 - INFO - Found chat_list using selector: #pane-side
2025-11-02 22:56:39,759 - INFO - Found message_input using selector: div[contenteditable="true"]
2025-11-02 22:56:41,857 - INFO - Found main_area using selector: #main
2025-11-02 22:56:41,858 - INFO - WhatsApp readiness probe found selectors: [('menu', 'div[aria-label="Menu"]'), ('chat_list', '#pane-side'), ('message_input', 'div[contenteditable="true"]'), ('main_area', '#main')]
2025-11-02 22:56:41,858 - INFO - WhatsApp Web interface appears ready
2025-11-02 22:56:41,858 - INFO - WhatsApp Web loaded successfully after 11s
2025-11-02 22:56:42,178 - INFO - Starting to send invitations to 1 contacts...
2025-11-02 22:56:42,178 - INFO - Processing 1/1: કાંબલીયા
2025-11-02 22:56:42,238 - INFO - Created personalized image invitation for કાંબલીયા
2025-11-02 22:56:42,353 - INFO - Successfully converted image to PDF: invitations\invitation_કાંબલીયા.pdf
2025-11-02 22:56:42,354 - INFO - Converted image to PDF for કાંબલીયા
2025-11-02 22:56:58,507 - INFO - Found menu using selector: div[aria-label="Menu"]
2025-11-02 22:57:00,595 - INFO - Found chat_list using selector: #pane-side
2025-11-02 22:57:00,611 - INFO - Found message_input using selector: div[contenteditable="true"]
2025-11-02 22:57:02,720 - INFO - Found main_area using selector: #main
2025-11-02 22:57:02,720 - INFO - WhatsApp readiness probe found selectors: [('menu', 'div[aria-label="Menu"]'), ('chat_list', '#pane-side'), ('message_input', 'div[contenteditable="true"]'), ('main_area', '#main')]
2025-11-02 22:57:02,720 - INFO - WhatsApp Web interface appears ready
2025-11-02 22:57:46,662 - INFO - Attached file: D:\WorkflowAuto\Invitation\invitations\invitation_કાંબલીયા.pdf
2025-11-02 22:57:50,791 - ERROR - Failed to click send: WebDriver.find_element() takes from 1 to 3 positional arguments but 4 were given
2025-11-02 22:57:50,792 - WARNING - X Not sent to કાંબલીયા
2025-11-02 22:57:52,793 - INFO - Completed: 0/1 sent
2025-11-02 23:02:20,977 - INFO - Attempting to close existing Chrome processes...
2025-11-02 23:02:23,333 - INFO - Starting WebDriver initialization...
2025-11-02 23:02:31,704 - INFO - Chrome browser launched
2025-11-02 23:02:31,727 - INFO - Browser window maximized
2025-11-02 23:02:31,728 - INFO - Loading WhatsApp Web...
2025-11-02 23:02:35,541 - INFO - Checking WhatsApp Web status (attempt 1/3)...
2025-11-02 23:02:42,684 - INFO - Found menu using selector: div[aria-label="Menu"]
2025-11-02 23:02:44,833 - INFO - Found chat_list using selector: #pane-side
2025-11-02 23:02:44,866 - INFO - Found message_input using selector: div[contenteditable="true"]
2025-11-02 23:02:47,053 - INFO - Found main_area using selector: #main
2025-11-02 23:02:47,054 - INFO - WhatsApp readiness probe found selectors: [('menu', 'div[aria-label="Menu"]'), ('chat_list', '#pane-side'), ('message_input', 'div[contenteditable="true"]'), ('main_area', '#main')]
2025-11-02 23:02:47,054 - INFO - WhatsApp Web interface appears ready
2025-11-02 23:02:47,055 - INFO - WhatsApp Web loaded successfully after 11s
2025-11-02 23:02:47,842 - INFO - Starting to send invitations to 1 contacts...
2025-11-02 23:02:47,847 - INFO - Processing 1/1: કાંબલીયા
2025-11-02 23:02:47,995 - INFO - Created personalized image invitation for કાંબલીયા
2025-11-02 23:02:48,247 - INFO - Successfully converted image to PDF: invitations\invitation_કાંબલીયા.pdf
2025-11-02 23:02:48,250 - INFO - Converted image to PDF for કાંબલીયા
2025-11-02 23:03:16,300 - INFO - Found menu using selector: div[aria-label="Menu"]
2025-11-02 23:03:18,786 - INFO - Found chat_list using selector: #pane-side
2025-11-02 23:03:19,273 - INFO - Found message_input using selector: div[contenteditable="true"]
2025-11-02 23:03:21,539 - INFO - Found main_area using selector: #main
2025-11-02 23:03:21,539 - INFO - WhatsApp readiness probe found selectors: [('menu', 'div[aria-label="Menu"]'), ('chat_list', '#pane-side'), ('message_input', 'div[contenteditable="true"]'), ('main_area', '#main')]
2025-11-02 23:03:21,540 - INFO - WhatsApp Web interface appears ready
2025-11-02 23:04:05,900 - INFO - Attached file: D:\WorkflowAuto\Invitation\invitations\invitation_કાંબલીયા.pdf
2025-11-02 23:04:10,301 - ERROR - Failed to click send: Message: invalid selector: Unable to locate an element with the xpath expression span[data-icon="send"], span[data-icon="wds-ic-send-filled"] because of the following error:
SyntaxError: Failed to execute 'evaluate' on 'Document': The string 'span[data-icon="send"], span[data-icon="wds-ic-send-filled"]' is not a valid XPath expression.
  (Session info: chrome=141.0.7390.123); For documentation on this error, please visit: https://www.selenium.dev/documentation/webdriver/troubleshooting/errors#invalidselectorexception
Stacktrace:
	GetHandleVerifier [0x0x103fe43+66515]
	GetHandleVerifier [0x0x103fe84+66580]
	(No symbol) [0x0xe2dc48]
	(No symbol) [0x0xe34617]
	(No symbol) [0x0xe369d4]
	(No symbol) [0x0xe36a68]
	(No symbol) [0x0xe77f94]
	(No symbol) [0x0xe78aab]
	(No symbol) [0x0xebf482]
	(No symbol) [0x0xe9b214]
	(No symbol) [0x0xebcba7]
	(No symbol) [0x0xe9afc6]
	(No symbol) [0x0xe6c2ca]
	(No symbol) [0x0xe6d154]
	GetHandleVerifier [0x0x1297353+2521315]
	GetHandleVerifier [0x0x12922d3+2500707]
	GetHandleVerifier [0x0x1067c94+229924]
	GetHandleVerifier [0x0x10581f8+165768]
	GetHandleVerifier [0x0x105ecad+193085]
	GetHandleVerifier [0x0x1048158+100072]
	GetHandleVerifier [0x0x10482f0+100480]
	GetHandleVerifier [0x0x10325aa+11066]
	BaseThreadInitThunk [0x0x766a5d49+25]
	RtlInitializeExceptionChain [0x0x778dd6db+107]
	RtlGetAppContainerNamedObjectPath [0x0x778dd661+561]

2025-11-02 23:04:10,303 - WARNING - X Not sent to કાંબલીયા
2025-11-02 23:04:12,305 - INFO - Completed: 0/1 sent
2025-11-02 23:12:38,180 - INFO - Attempting to close existing Chrome processes...
2025-11-02 23:12:40,439 - INFO - Starting WebDriver initialization...
2025-11-02 23:12:47,235 - INFO - Chrome browser launched
2025-11-02 23:12:47,242 - INFO - Browser window maximized
2025-11-02 23:12:47,245 - INFO - Loading WhatsApp Web...
2025-11-02 23:12:49,987 - INFO - Checking WhatsApp Web status (attempt 1/3)...
2025-11-02 23:12:57,729 - INFO - Found menu using selector: div[aria-label="Menu"]
2025-11-02 23:12:59,981 - INFO - Found chat_list using selector: #pane-side
2025-11-02 23:13:00,043 - INFO - Found message_input using selector: div[contenteditable="true"]
2025-11-02 23:13:02,195 - INFO - Found main_area using selector: #main
2025-11-02 23:13:02,195 - INFO - WhatsApp readiness probe found selectors: [('menu', 'div[aria-label="Menu"]'), ('chat_list', '#pane-side'), ('message_input', 'div[contenteditable="true"]'), ('main_area', '#main')]
2025-11-02 23:13:02,196 - INFO - WhatsApp Web interface appears ready
2025-11-02 23:13:02,196 - INFO - WhatsApp Web loaded successfully after 12s
2025-11-02 23:13:03,218 - INFO - Starting to send invitations to 1 contacts...
2025-11-02 23:13:03,219 - INFO - Processing 1/1: કાંબલીયા
2025-11-02 23:13:03,404 - INFO - Created personalized image invitation for કાંબલીયા
2025-11-02 23:13:03,702 - INFO - Successfully converted image to PDF: invitations\invitation_કાંબલીયા.pdf
2025-11-02 23:13:03,706 - INFO - Converted image to PDF for કાંબલીયા
2025-11-02 23:13:23,164 - INFO - Found menu using selector: div[aria-label="Menu"]
2025-11-02 23:13:25,556 - INFO - Found chat_list using selector: #pane-side
2025-11-02 23:13:25,580 - INFO - Found message_input using selector: div[contenteditable="true"]
2025-11-02 23:13:27,707 - INFO - Found main_area using selector: #main
2025-11-02 23:13:27,707 - INFO - WhatsApp readiness probe found selectors: [('menu', 'div[aria-label="Menu"]'), ('chat_list', '#pane-side'), ('message_input', 'div[contenteditable="true"]'), ('main_area', '#main')]
2025-11-02 23:13:27,707 - INFO - WhatsApp Web interface appears ready
2025-11-02 23:14:12,150 - INFO - Attached file: D:\WorkflowAuto\Invitation\invitations\invitation_કાંબલીયા.pdf
2025-11-02 23:14:19,081 - INFO - ✓ Sent to કાંબલીયા
2025-11-02 23:14:21,088 - INFO - Completed: 1/1 sent
2025-11-02 23:15:07,623 - INFO - Starting WebDriver initialization...
2025-11-02 23:15:16,545 - INFO - Chrome browser launched
2025-11-02 23:15:16,579 - INFO - Browser window maximized
2025-11-02 23:15:16,601 - INFO - Loading WhatsApp Web...
2025-11-02 23:15:20,959 - INFO - Checking WhatsApp Web status (attempt 1/3)...
2025-11-02 23:15:29,794 - INFO - Found menu using selector: div[aria-label="Menu"]
2025-11-02 23:15:32,392 - INFO - Found chat_list using selector: #pane-side
2025-11-02 23:15:32,455 - INFO - Found message_input using selector: div[contenteditable="true"]
2025-11-02 23:15:34,949 - INFO - Found main_area using selector: #main
2025-11-02 23:15:34,950 - INFO - WhatsApp readiness probe found selectors: [('menu', 'div[aria-label="Menu"]'), ('chat_list', '#pane-side'), ('message_input', 'div[contenteditable="true"]'), ('main_area', '#main')]
2025-11-02 23:15:34,953 - INFO - WhatsApp Web interface appears ready
2025-11-02 23:15:34,953 - INFO - WhatsApp Web loaded successfully after 13s
2025-11-02 23:15:35,954 - INFO - Starting to send invitations to 1 contacts...
2025-11-02 23:15:35,955 - INFO - Processing 1/1: કાંબલીયા
2025-11-02 23:15:36,165 - INFO - Created personalized image invitation for કાંબલીયા
2025-11-02 23:15:36,424 - INFO - Successfully converted image to PDF: invitations\invitation_કાંબલીયા.pdf
2025-11-02 23:15:36,425 - INFO - Converted image to PDF for કાંબલીયા
2025-11-02 23:15:54,699 - INFO - Found menu using selector: div[aria-label="Menu"]
2025-11-02 23:15:58,031 - INFO - Found chat_list using selector: #pane-side
2025-11-02 23:15:58,347 - INFO - Found message_input using selector: div[contenteditable="true"]
2025-11-02 23:16:00,875 - INFO - Found main_area using selector: #main
2025-11-02 23:16:00,876 - INFO - WhatsApp readiness probe found selectors: [('menu', 'div[aria-label="Menu"]'), ('chat_list', '#pane-side'), ('message_input', 'div[contenteditable="true"]'), ('main_area', '#main')]
2025-11-02 23:16:00,877 - INFO - WhatsApp Web interface appears ready
2025-11-02 23:16:45,541 - INFO - Attached file: D:\WorkflowAuto\Invitation\invitations\invitation_કાંબલીયા.pdf
2025-11-02 23:16:52,249 - INFO - ✓ Sent to કાંબલીયા
2025-11-02 23:16:54,251 - INFO - Completed: 1/1 sent
2025-11-02 23:25:38,048 - INFO - Attempting to close existing Chrome processes...
2025-11-02 23:25:40,277 - INFO - Starting WebDriver initialization...
2025-11-02 23:25:46,293 - INFO - Chrome browser launched
2025-11-02 23:25:46,313 - INFO - Browser window maximized
2025-11-02 23:25:46,317 - INFO - Loading WhatsApp Web...
2025-11-02 23:25:48,764 - INFO - Checking WhatsApp Web status (attempt 1/3)...
2025-11-02 23:25:56,488 - INFO - Found menu using selector: div[aria-label="Menu"]
2025-11-02 23:25:58,645 - INFO - Found chat_list using selector: #pane-side
2025-11-02 23:25:58,669 - INFO - Found message_input using selector: div[contenteditable="true"]
2025-11-02 23:26:00,830 - INFO - Found main_area using selector: #main
2025-11-02 23:26:00,831 - INFO - WhatsApp readiness probe found selectors: [('menu', 'div[aria-label="Menu"]'), ('chat_list', '#pane-side'), ('message_input', 'div[contenteditable="true"]'), ('main_area', '#main')]
2025-11-02 23:26:00,832 - INFO - WhatsApp Web interface appears ready
2025-11-02 23:26:00,833 - INFO - WhatsApp Web loaded successfully after 12s
2025-11-02 23:26:01,809 - INFO - Starting to send invitations to 1 contacts...
2025-11-02 23:26:01,811 - INFO - Processing 1/1: કાંબલીયા
2025-11-02 23:26:02,013 - INFO - Created personalized image invitation for કાંબલીયા
2025-11-02 23:26:02,339 - INFO - Successfully converted image to PDF: invitations\invitation_કાંબલીયા.pdf
2025-11-02 23:26:02,342 - INFO - Converted image to PDF for કાંબલીયા
2025-11-02 23:26:34,004 - INFO - Found menu using selector: div[aria-label="Menu"]
2025-11-02 23:26:36,113 - INFO - Found chat_list using selector: #pane-side
2025-11-02 23:26:36,139 - INFO - Found message_input using selector: div[contenteditable="true"]
2025-11-02 23:26:38,251 - INFO - Found main_area using selector: #main
2025-11-02 23:26:38,252 - INFO - WhatsApp readiness probe found selectors: [('menu', 'div[aria-label="Menu"]'), ('chat_list', '#pane-side'), ('message_input', 'div[contenteditable="true"]'), ('main_area', '#main')]
2025-11-02 23:26:38,252 - INFO - WhatsApp Web interface appears ready
2025-11-02 23:27:22,537 - INFO - Attached file: D:\WorkflowAuto\Invitation\invitations\invitation_કાંબલીયા.pdf
2025-11-02 23:27:29,162 - INFO - ✓ Sent to કાંબલીયા
2025-11-02 23:27:31,165 - INFO - Completed: 1/1 sent
2025-11-03 09:26:56,811 - INFO - Attempting to close existing Chrome processes...
2025-11-03 09:26:59,182 - INFO - Starting WebDriver initialization...
2025-11-03 09:27:11,497 - INFO - Chrome browser launched
2025-11-03 09:27:11,507 - INFO - Browser window maximized
2025-11-03 09:27:11,507 - INFO - Loading WhatsApp Web...
2025-11-03 09:27:13,326 - INFO - Checking WhatsApp Web status (attempt 1/3)...
2025-11-03 09:27:21,869 - INFO - Found menu using selector: div[aria-label="Menu"]
2025-11-03 09:27:24,570 - INFO - Found chat_list using selector: #pane-side
2025-11-03 09:27:24,692 - INFO - Found message_input using selector: div[contenteditable="true"]
2025-11-03 09:27:27,048 - INFO - Found main_area using selector: [role="application"]
2025-11-03 09:27:27,049 - INFO - WhatsApp readiness probe found selectors: [('menu', 'div[aria-label="Menu"]'), ('chat_list', '#pane-side'), ('message_input', 'div[contenteditable="true"]'), ('main_area', '[role="application"]')]
2025-11-03 09:27:27,050 - INFO - WhatsApp Web interface appears ready
2025-11-03 09:27:27,050 - INFO - WhatsApp Web loaded successfully after 13s
2025-11-03 09:27:28,841 - INFO - Starting to send invitations to 1 contacts...
2025-11-03 09:27:28,842 - INFO - Processing 1/1: કાંબલીયા
2025-11-03 09:27:29,092 - INFO - Created personalized image invitation for કાંબલીયા
2025-11-03 09:27:29,504 - INFO - Successfully converted image to PDF: invitations\invitation_કાંબલીયા.pdf
2025-11-03 09:27:29,505 - INFO - Converted image to PDF for કાંબલીયા
2025-11-03 09:28:09,542 - INFO - User requested to quit
2025-11-03 09:28:16,717 - INFO - Starting WebDriver initialization...
2025-11-03 09:28:22,877 - INFO - Chrome browser launched
2025-11-03 09:28:22,953 - INFO - Browser window maximized
2025-11-03 09:28:22,956 - INFO - Loading WhatsApp Web...
2025-11-03 09:28:25,317 - INFO - Checking WhatsApp Web status (attempt 1/3)...
2025-11-03 09:28:33,148 - INFO - Found menu using selector: [data-icon="menu"]
2025-11-03 09:28:41,884 - INFO - Found message_input using selector: div[contenteditable="true"]
2025-11-03 09:28:44,285 - INFO - Found main_area using selector: #main
2025-11-03 09:28:44,285 - INFO - WhatsApp readiness probe found selectors: [('menu', '[data-icon="menu"]'), ('message_input', 'div[contenteditable="true"]'), ('main_area', '#main')]
2025-11-03 09:28:44,285 - INFO - WhatsApp Web interface appears ready
2025-11-03 09:28:44,285 - INFO - WhatsApp Web loaded successfully after 18s
2025-11-03 09:28:44,737 - INFO - Starting to send invitations to 1 contacts...
2025-11-03 09:28:44,738 - INFO - Processing 1/1: કાંબલીયા
2025-11-03 09:28:44,812 - INFO - Created personalized image invitation for કાંબલીયા
2025-11-03 09:28:44,963 - INFO - Successfully converted image to PDF: invitations\invitation_કાંબલીયા.pdf
2025-11-03 09:28:44,966 - INFO - Converted image to PDF for કાંબલીયા
2025-11-03 09:29:02,365 - INFO - Found menu using selector: div[aria-label="Menu"]
2025-11-03 09:29:04,733 - INFO - Found chat_list using selector: #pane-side
2025-11-03 09:29:04,780 - INFO - Found message_input using selector: div[contenteditable="true"]
2025-11-03 09:29:06,888 - INFO - Found main_area using selector: #main
2025-11-03 09:29:06,888 - INFO - WhatsApp readiness probe found selectors: [('menu', 'div[aria-label="Menu"]'), ('chat_list', '#pane-side'), ('message_input', 'div[contenteditable="true"]'), ('main_area', '#main')]
2025-11-03 09:29:06,888 - INFO - WhatsApp Web interface appears ready
2025-11-03 09:29:50,373 - INFO - Attached file: D:\WorkflowAuto\Invitation\invitations\invitation_કાંબલીયા.pdf
2025-11-03 09:29:55,436 - INFO - Message send verified (outgoing message with status icon detected)
2025-11-03 09:29:56,439 - INFO - ✓ Sent to કાંબલીયા
2025-11-03 09:29:58,440 - INFO - Completed: 1/1 sent
2025-11-03 09:34:31,861 - INFO - Attempting to close existing Chrome processes...
2025-11-03 09:34:34,147 - INFO - Starting WebDriver initialization...
2025-11-03 09:34:40,400 - INFO - Chrome browser launched
2025-11-03 09:34:40,479 - INFO - Browser window maximized
2025-11-03 09:34:40,482 - INFO - Loading WhatsApp Web...
2025-11-03 09:34:42,596 - INFO - Checking WhatsApp Web status (attempt 1/3)...
2025-11-03 09:34:49,869 - INFO - Found menu using selector: div[aria-label="Menu"]
2025-11-03 09:34:52,085 - INFO - Found chat_list using selector: #pane-side
2025-11-03 09:34:52,143 - INFO - Found message_input using selector: div[contenteditable="true"]
2025-11-03 09:34:54,241 - INFO - Found main_area using selector: #main
2025-11-03 09:34:54,241 - INFO - WhatsApp readiness probe found selectors: [('menu', 'div[aria-label="Menu"]'), ('chat_list', '#pane-side'), ('message_input', 'div[contenteditable="true"]'), ('main_area', '#main')]
2025-11-03 09:34:54,242 - INFO - WhatsApp Web interface appears ready
2025-11-03 09:34:54,242 - INFO - WhatsApp Web loaded successfully after 11s
2025-11-03 09:34:54,851 - INFO - Starting to send invitations to 5 contacts...
2025-11-03 09:34:54,852 - INFO - Processing 1/5: કાંબલીયા હિરલબેન
2025-11-03 09:34:54,961 - INFO - Created personalized image invitation for કાંબલીયા હિરલબેન
2025-11-03 09:34:55,123 - INFO - Successfully converted image to PDF: invitations\invitation_કાંબલીયા_હિરલબેન.pdf
2025-11-03 09:34:55,125 - INFO - Converted image to PDF for કાંબલીયા હિરલબેન
2025-11-03 09:36:31,268 - INFO - User requested to quit
2025-11-03 09:45:45,991 - INFO - Starting creation of invitations for 5 contacts...
2025-11-03 09:45:46,068 - INFO - Created image for કાંબલીયા હીરલબેન
2025-11-03 09:45:46,215 - INFO - Successfully converted image to PDF: invitations\invitation_કાંબલીયા_હીરલબેન.pdf
2025-11-03 09:45:46,216 - INFO - Created PDF for કાંબલીયા હીરલબેન
2025-11-03 09:45:46,757 - INFO - Created image for કાંબલીયા મુકેશભાઈ
2025-11-03 09:45:46,811 - INFO - Successfully converted image to PDF: invitations\invitation_કાંબલીયા_મુકેશભાઈ.pdf
2025-11-03 09:45:46,811 - INFO - Created PDF for કાંબલીયા મુકેશભાઈ
2025-11-03 09:45:47,346 - INFO - Created image for કાંબલીયા ધ્રુવ
2025-11-03 09:45:47,478 - INFO - Successfully converted image to PDF: invitations\invitation_કાંબલીયા_ધ્રુવ.pdf
2025-11-03 09:45:47,559 - INFO - Created PDF for કાંબલીયા ધ્રુવ
2025-11-03 09:45:48,114 - INFO - Created image for કાંબલીયા કરીના
2025-11-03 09:45:48,171 - INFO - Successfully converted image to PDF: invitations\invitation_કાંબલીયા_કરીના.pdf
2025-11-03 09:45:48,173 - INFO - Created PDF for કાંબલીયા કરીના
2025-11-03 09:45:48,709 - INFO - Created image for કાંબલીયા આર્ચી
2025-11-03 09:45:48,776 - INFO - Successfully converted image to PDF: invitations\invitation_કાંબલીયા_આર્ચી.pdf
2025-11-03 09:45:48,777 - INFO - Created PDF for કાંબલીયા આર્ચી
2025-11-03 09:50:18,236 - INFO - Starting creation of invitations for 5 contacts...
2025-11-03 09:50:18,298 - INFO - Created image for કાંબલીયા હીરલબેન
2025-11-03 09:50:18,419 - INFO - Successfully converted image to PDF: invitations\invitation_કાંબલીયા_હીરલબેન.pdf
2025-11-03 09:50:18,420 - INFO - Created PDF for કાંબલીયા હીરલબેન
2025-11-03 09:50:18,951 - INFO - Created image for કાંબલીયા મુકેશભાઈ
2025-11-03 09:50:18,987 - INFO - Successfully converted image to PDF: invitations\invitation_કાંબલીયા_મુકેશભાઈ.pdf
2025-11-03 09:50:18,990 - INFO - Created PDF for કાંબલીયા મુકેશભાઈ
2025-11-03 09:50:19,523 - INFO - Created image for કાંબલીયા ધ્રુવ
2025-11-03 09:50:19,561 - INFO - Successfully converted image to PDF: invitations\invitation_કાંબલીયા_ધ્રુવ.pdf
2025-11-03 09:50:19,561 - INFO - Created PDF for કાંબલીયા ધ્રુવ
2025-11-03 09:50:20,098 - INFO - Created image for કાંબલીયા કરીના
2025-11-03 09:50:20,137 - INFO - Successfully converted image to PDF: invitations\invitation_કાંબલીયા_કરીના.pdf
2025-11-03 09:50:20,139 - INFO - Created PDF for કાંબલીયા કરીના
2025-11-03 09:50:20,695 - INFO - Created image for કાંબલીયા આર્ચી
2025-11-03 09:50:20,737 - INFO - Successfully converted image to PDF: invitations\invitation_કાંબલીયા_આર્ચી.pdf
2025-11-03 09:50:20,739 - INFO - Created PDF for કાંબલીયા આર્ચી
2025-11-03 09:50:34,223 - INFO - Starting WebDriver initialization...
2025-11-03 09:50:40,501 - INFO - Chrome browser launched
2025-11-03 09:50:40,515 - INFO - Browser window maximized
2025-11-03 09:50:40,515 - INFO - Loading WhatsApp Web...
2025-11-03 09:50:42,918 - INFO - Checking WhatsApp Web status (attempt 1/3)...
2025-11-03 09:50:51,407 - INFO - Found menu using selector: div[aria-label="Menu"]
2025-11-03 09:50:53,471 - INFO - Found chat_list using selector: #pane-side
2025-11-03 09:50:53,490 - INFO - Found message_input using selector: div[contenteditable="true"]
2025-11-03 09:50:55,600 - INFO - Found main_area using selector: #main
2025-11-03 09:50:55,600 - INFO - WhatsApp readiness probe found selectors: [('menu', 'div[aria-label="Menu"]'), ('chat_list', '#pane-side'), ('message_input', 'div[contenteditable="true"]'), ('main_area', '#main')]
2025-11-03 09:50:55,601 - INFO - WhatsApp Web interface appears ready
2025-11-03 09:50:55,601 - INFO - WhatsApp Web loaded successfully after 12s
2025-11-03 09:50:55,955 - INFO - Starting to send existing invitations to 5 contacts...
2025-11-03 09:50:55,955 - INFO - Sending 1/5: કાંબલીયા હીરલબેન
2025-11-03 09:51:16,842 - INFO - Found menu using selector: div[aria-label="Menu"]
2025-11-03 09:51:18,948 - INFO - Found chat_list using selector: #pane-side
2025-11-03 09:51:18,971 - INFO - Found message_input using selector: div[contenteditable="true"]
2025-11-03 09:51:21,434 - INFO - Found main_area using selector: #main
2025-11-03 09:51:21,441 - INFO - WhatsApp readiness probe found selectors: [('menu', 'div[aria-label="Menu"]'), ('chat_list', '#pane-side'), ('message_input', 'div[contenteditable="true"]'), ('main_area', '#main')]
2025-11-03 09:51:21,442 - INFO - WhatsApp Web interface appears ready
2025-11-03 09:52:05,843 - INFO - Attached file: D:\WorkflowAuto\Invitation\invitations\invitation_કાંબલીયા_હીરલબેન.pdf
2025-11-03 09:52:10,355 - INFO - Message send verified (outgoing message with status icon detected)
2025-11-03 09:52:11,356 - INFO - ✓ Sent to કાંબલીયા હીરલબેન
2025-11-03 09:52:13,357 - INFO - Sending 2/5: કાંબલીયા મુકેશભાઈ
2025-11-03 09:52:52,584 - INFO - Found menu using selector: div[aria-label="Menu"]
2025-11-03 09:52:54,688 - INFO - Found chat_list using selector: #pane-side
2025-11-03 09:52:54,706 - INFO - Found message_input using selector: div[contenteditable="true"]
2025-11-03 09:52:56,795 - INFO - Found main_area using selector: #main
2025-11-03 09:52:56,795 - INFO - WhatsApp readiness probe found selectors: [('menu', 'div[aria-label="Menu"]'), ('chat_list', '#pane-side'), ('message_input', 'div[contenteditable="true"]'), ('main_area', '#main')]
2025-11-03 09:52:56,795 - INFO - WhatsApp Web interface appears ready
2025-11-03 09:53:40,627 - INFO - Attached file: D:\WorkflowAuto\Invitation\invitations\invitation_કાંબલીયા_મુકેશભાઈ.pdf
2025-11-03 09:53:45,437 - INFO - Message send verified (outgoing message with status icon detected)
2025-11-03 09:53:46,438 - INFO - ✓ Sent to કાંબલીયા મુકેશભાઈ
2025-11-03 09:53:48,439 - INFO - Sending 3/5: કાંબલીયા ધ્રુવ
2025-11-03 09:54:49,227 - INFO - Found menu using selector: div[aria-label="Menu"]
2025-11-03 09:54:51,372 - INFO - Found chat_list using selector: #pane-side
2025-11-03 09:54:51,530 - INFO - Found message_input using selector: div[contenteditable="true"]
2025-11-03 09:54:53,641 - INFO - Found main_area using selector: #main
2025-11-03 09:54:53,642 - INFO - WhatsApp readiness probe found selectors: [('menu', 'div[aria-label="Menu"]'), ('chat_list', '#pane-side'), ('message_input', 'div[contenteditable="true"]'), ('main_area', '#main')]
2025-11-03 09:54:53,642 - INFO - WhatsApp Web interface appears ready
2025-11-03 09:55:37,938 - INFO - Attached file: D:\WorkflowAuto\Invitation\invitations\invitation_કાંબલીયા_ધ્રુવ.pdf
2025-11-03 09:55:42,920 - INFO - Message send verified (outgoing message with status icon detected)
2025-11-03 09:55:43,921 - INFO - ✓ Sent to કાંબલીયા ધ્રુવ
2025-11-03 09:55:45,928 - INFO - Sending 4/5: કાંબલીયા કરીના
2025-11-03 09:56:25,972 - INFO - Found menu using selector: div[aria-label="Menu"]
2025-11-03 09:56:28,110 - INFO - Found chat_list using selector: #pane-side
2025-11-03 09:56:28,163 - INFO - Found message_input using selector: div[contenteditable="true"]
2025-11-03 09:56:30,279 - INFO - Found main_area using selector: #main
2025-11-03 09:56:30,279 - INFO - WhatsApp readiness probe found selectors: [('menu', 'div[aria-label="Menu"]'), ('chat_list', '#pane-side'), ('message_input', 'div[contenteditable="true"]'), ('main_area', '#main')]
2025-11-03 09:56:30,279 - INFO - WhatsApp Web interface appears ready
2025-11-03 09:57:13,917 - INFO - Attached file: D:\WorkflowAuto\Invitation\invitations\invitation_કાંબલીયા_કરીના.pdf
2025-11-03 09:57:18,883 - INFO - Message send verified (outgoing message with status icon detected)
2025-11-03 09:57:19,884 - INFO - ✓ Sent to કાંબલીયા કરીના
2025-11-03 09:57:21,886 - INFO - Sending 5/5: કાંબલીયા આર્ચી
2025-11-03 09:58:16,111 - INFO - Found menu using selector: div[aria-label="Menu"]
2025-11-03 09:58:18,184 - INFO - Found chat_list using selector: #pane-side
2025-11-03 09:58:18,299 - INFO - Found message_input using selector: div[contenteditable="true"]
2025-11-03 09:58:20,378 - INFO - Found main_area using selector: #main
2025-11-03 09:58:20,379 - INFO - WhatsApp readiness probe found selectors: [('menu', 'div[aria-label="Menu"]'), ('chat_list', '#pane-side'), ('message_input', 'div[contenteditable="true"]'), ('main_area', '#main')]
2025-11-03 09:58:20,379 - INFO - WhatsApp Web interface appears ready
2025-11-03 09:59:03,895 - INFO - Attached file: D:\WorkflowAuto\Invitation\invitations\invitation_કાંબલીયા_આર્ચી.pdf
2025-11-03 09:59:08,782 - INFO - Message send verified (outgoing message with status icon detected)
2025-11-03 09:59:09,783 - INFO - ✓ Sent to કાંબલીયા આર્ચી
2025-11-03 09:59:11,786 - INFO - Completed sending: 5/5 sent
2025-11-03 14:01:35,107 - INFO - Starting creation of invitations for 5 contacts...
2025-11-03 14:01:35,276 - INFO - Created image for કાંબલીયા હીરલબેન
2025-11-03 14:01:35,533 - INFO - Successfully converted image to PDF: invitations\invitation_કાંબલીયા_હીરલબેન.pdf
2025-11-03 14:01:35,534 - INFO - Created PDF for કાંબલીયા હીરલબેન
2025-11-03 14:01:36,068 - INFO - Created image for કાંબલીયા મુકેશભાઈ
2025-11-03 14:01:36,111 - INFO - Successfully converted image to PDF: invitations\invitation_કાંબલીયા_મુકેશભાઈ.pdf
2025-11-03 14:01:36,112 - INFO - Created PDF for કાંબલીયા મુકેશભાઈ
2025-11-03 14:01:36,648 - INFO - Created image for કાંબલીયા ધ્રુવ
2025-11-03 14:01:36,698 - INFO - Successfully converted image to PDF: invitations\invitation_કાંબલીયા_ધ્રુવ.pdf
2025-11-03 14:01:36,700 - INFO - Created PDF for કાંબલીયા ધ્રુવ
2025-11-03 14:01:37,239 - INFO - Created image for કાંબલીયા કરીના
2025-11-03 14:01:37,294 - INFO - Successfully converted image to PDF: invitations\invitation_કાંબલીયા_કરીના.pdf
2025-11-03 14:01:37,295 - INFO - Created PDF for કાંબલીયા કરીના
2025-11-03 14:01:37,843 - INFO - Created image for કાંબલીયા આર્ચી
2025-11-03 14:01:37,910 - INFO - Successfully converted image to PDF: invitations\invitation_કાંબલીયા_આર્ચી.pdf
2025-11-03 14:01:37,912 - INFO - Created PDF for કાંબલીયા આર્ચી
2025-11-03 14:07:33,199 - INFO - Starting creation of invitations for 5 contacts...
2025-11-03 14:07:33,283 - INFO - Created image for કાંબલીયા હીરલબેન
2025-11-03 14:07:33,474 - INFO - Successfully converted image to PDF: invitations\invitation_કાંબલીયા_હીરલબેન.pdf
2025-11-03 14:07:33,475 - INFO - Created PDF for કાંબલીયા હીરલબેન
2025-11-03 14:07:34,016 - INFO - Created image for કાંબલીયા મુકેશભાઈ
2025-11-03 14:07:34,064 - INFO - Successfully converted image to PDF: invitations\invitation_કાંબલીયા_મુકેશભાઈ.pdf
2025-11-03 14:07:34,065 - INFO - Created PDF for કાંબલીયા મુકેશભાઈ
2025-11-03 14:07:34,596 - INFO - Created image for કાંબલીયા ધ્રુવ
2025-11-03 14:07:34,636 - INFO - Successfully converted image to PDF: invitations\invitation_કાંબલીયા_ધ્રુવ.pdf
2025-11-03 14:07:34,639 - INFO - Created PDF for કાંબલીયા ધ્રુવ
2025-11-03 14:07:35,167 - INFO - Created image for કાંબલીયા કરીના
2025-11-03 14:07:35,216 - INFO - Successfully converted image to PDF: invitations\invitation_કાંબલીયા_કરીના.pdf
2025-11-03 14:07:35,220 - INFO - Created PDF for કાંબલીયા કરીના
2025-11-03 14:07:35,764 - INFO - Created image for કાંબલીયા આર્ચી
2025-11-03 14:07:35,824 - INFO - Successfully converted image to PDF: invitations\invitation_કાંબલીયા_આર્ચી.pdf
2025-11-03 14:07:35,825 - INFO - Created PDF for કાંબલીયા આર્ચી
2025-11-03 14:52:47,055 - INFO - Starting creation of invitations for 5 contacts...
2025-11-03 14:52:47,465 - INFO - Created image for કાંબલીયા હીરલબેન
2025-11-03 14:52:48,001 - INFO - Successfully converted image to PDF: invitations\invitation_કાંબલીયા_હીરલબેન.pdf
2025-11-03 14:52:48,041 - INFO - Created PDF for કાંબલીયા હીરલબેન
2025-11-03 14:52:48,601 - INFO - Created image for કાંબલીયા મુકેશભાઈ
2025-11-03 14:52:48,643 - INFO - Successfully converted image to PDF: invitations\invitation_કાંબલીયા_મુકેશભાઈ.pdf
2025-11-03 14:52:48,644 - INFO - Created PDF for કાંબલીયા મુકેશભાઈ
2025-11-03 14:52:49,305 - INFO - Created image for કાંબલીયા ધ્રુવ
2025-11-03 14:52:49,351 - INFO - Successfully converted image to PDF: invitations\invitation_કાંબલીયા_ધ્રુવ.pdf
2025-11-03 14:52:49,353 - INFO - Created PDF for કાંબલીયા ધ્રુવ
2025-11-03 14:52:49,956 - INFO - Created image for કાંબલીયા કરીના
2025-11-03 14:52:50,457 - INFO - Successfully converted image to PDF: invitations\invitation_કાંબલીયા_કરીના.pdf
2025-11-03 14:52:50,468 - INFO - Created PDF for કાંબલીયા કરીના
2025-11-03 14:52:51,248 - INFO - Created image for કાંબલીયા આર્ચી
2025-11-03 14:52:51,398 - INFO - Successfully converted image to PDF: invitations\invitation_કાંબલીયા_આર્ચી.pdf
2025-11-03 14:52:51,401 - INFO - Created PDF for કાંબલીયા આર્ચી
2025-11-05 09:40:35,670 - WARNING - Invalid phone numbers found:
2025-11-05 09:40:35,672 - WARNING - પીઠીયા ખોડાભાઈ: 
2025-11-05 09:40:35,672 - WARNING - મૈતર નારણભાઇ: 
2025-11-05 09:40:35,672 - WARNING - ગૌસ્વામી મુકેશબાપુ : 
2025-11-05 09:40:35,673 - WARNING - ભાદરકા દીનેશભાઈ: 
2025-11-05 09:40:35,673 - WARNING - ચૌહાણ ચંદ્રેશભાઈ: 
2025-11-05 09:40:35,673 - WARNING - ચૌહાણ ચંદ્રેશભાઈ: 
2025-11-05 09:40:35,673 - WARNING - કચોટ ભીખુભાઈ: 
2025-11-05 09:40:35,674 - WARNING - આલાભાઈ મુંજાભાઈ કાંબલીયા : 
2025-11-05 09:40:35,674 - WARNING - કૈવલ્યભાઈ જોષી : 
2025-11-05 09:40:35,674 - WARNING - કૈવલ્યભાઈ જોષી : 
2025-11-05 09:40:35,674 - WARNING - વીંછી જગમાલભાઇ : 
2025-11-05 09:40:35,675 - WARNING - વીંછી મેણશીભાઈ: 
2025-11-05 09:40:35,675 - WARNING - કાંબલીયા મેરામણભાઇ : 
2025-11-05 09:40:35,675 - WARNING - કાંબલીયા દેશુરભાઈ : 
2025-11-05 09:40:35,676 - WARNING - વીંછી દેવાભાઈ : 
2025-11-05 09:40:35,676 - WARNING - ભાદરકા દેવાયતભાઈ : 
2025-11-05 09:40:35,676 - WARNING - નાઘેરા ગોપાલભાઈ પોલાભાઈ : 
2025-11-05 09:40:35,676 - WARNING - રામ યશવંતભાઈ : 
2025-11-05 09:40:35,677 - WARNING - ઈભુભાઈ ગેરેજ : 
2025-11-05 09:40:35,677 - WARNING - ઈભુભાઈ ગેરેજ : 
2025-11-05 09:40:35,677 - WARNING - રાકેશ શેઠ : 
2025-11-05 09:40:35,678 - WARNING - કાંબલીયા નીરૂબેન : 
2025-11-05 09:40:35,679 - WARNING - જાદવ વીપુલભાઈ : 
2025-11-05 09:40:35,679 - WARNING - કાંબલીયા ગંગદાસભાઈ : 
2025-11-05 09:40:35,679 - WARNING - કાંબલીયા ગંગદાસભાઈ : 
2025-11-05 09:40:35,680 - WARNING - ભાદરકા કીશોરભાઈ : 
2025-11-05 09:40:35,680 - WARNING - કીશોરભાઈ રાધા રમણ : 
2025-11-05 09:40:35,680 - WARNING - મેઘનાથી દીનેશભાઈ : 
2025-11-05 09:40:35,683 - WARNING - પીઠીયા હાજાભાઇ : 
2025-11-05 09:40:35,683 - WARNING - નાધેરા આશીષભાઈ: 
2025-11-05 09:40:35,684 - WARNING - ખોડભાયા જીનાભાઈ : 
2025-11-05 09:40:35,684 - WARNING - ટાંક પંકજભાઈ : 
2025-11-05 09:40:35,685 - WARNING - ઓઝા વીપુલભાઈ: 
2025-11-05 09:40:35,685 - WARNING - ડેર રીટાબેન : 
2025-11-05 09:40:35,686 - WARNING - રાવલીયા લીલાભાઈ : 
2025-11-05 09:40:35,687 - WARNING - રામ હીમીબેન : 
2025-11-05 09:40:35,688 - WARNING - સોલંકી પરેશભાઈ: 
2025-11-05 09:40:35,690 - WARNING - ઝાલા કરસનભાઈ : 
2025-11-05 09:40:35,691 - WARNING - નાધેરા હાજાભાઇ : 
2025-11-05 09:40:35,691 - WARNING - ભાદરકા કૌશીકભાઈ : 
2025-11-05 09:40:35,692 - WARNING - નાઘેરા રામદેભાઈ : 
2025-11-05 09:40:35,692 - WARNING - મારૂ આશીષભાઈ : 
2025-11-05 09:40:35,693 - WARNING - ભાદરકા જીણાભાઈ: 
2025-11-05 09:40:35,693 - WARNING - કોરડીયા સાગરભાઇ : 
2025-11-05 09:40:35,694 - WARNING - નાઘેરા નાથાભાઈ : 
2025-11-05 09:40:35,694 - INFO - Starting creation of invitations for 50 contacts...
2025-11-05 09:40:35,925 - INFO - Created image for નંદાણીયા દેવશીભાઇ
2025-11-05 09:40:36,190 - INFO - Successfully converted image to PDF: invitations\invitation_નંદાણીયા_દેવશીભાઇ.pdf
2025-11-05 09:40:36,192 - INFO - Created PDF for નંદાણીયા દેવશીભાઇ
2025-11-05 09:40:36,723 - INFO - Created image for છુછર રામશીભાઈ
2025-11-05 09:40:36,760 - INFO - Successfully converted image to PDF: invitations\invitation_છુછર_રામશીભાઈ.pdf
2025-11-05 09:40:36,761 - INFO - Created PDF for છુછર રામશીભાઈ
2025-11-05 09:40:37,348 - INFO - Created image for માડમ ધનાભાઇ
2025-11-05 09:40:37,392 - INFO - Successfully converted image to PDF: invitations\invitation_માડમ_ધનાભાઇ.pdf
2025-11-05 09:40:37,394 - INFO - Created PDF for માડમ ધનાભાઇ
2025-11-05 09:40:37,934 - INFO - Created image for બોરખતરીયા વીજયભાઈ
2025-11-05 09:40:37,982 - INFO - Successfully converted image to PDF: invitations\invitation_બોરખતરીયા_વીજયભાઈ.pdf
2025-11-05 09:40:37,983 - INFO - Created PDF for બોરખતરીયા વીજયભાઈ
2025-11-05 09:40:38,526 - INFO - Created image for બોરખતરીયા મનોજભાઈ
2025-11-05 09:40:38,583 - INFO - Successfully converted image to PDF: invitations\invitation_બોરખતરીયા_મનોજભાઈ.pdf
2025-11-05 09:40:38,584 - INFO - Created PDF for બોરખતરીયા મનોજભાઈ
2025-11-05 09:40:39,126 - INFO - Created image for પીઠીયા ખોડાભાઈ
2025-11-05 09:40:39,188 - INFO - Successfully converted image to PDF: invitations\invitation_પીઠીયા_ખોડાભાઈ.pdf
2025-11-05 09:40:39,190 - INFO - Created PDF for પીઠીયા ખોડાભાઈ
2025-11-05 09:40:39,741 - INFO - Created image for મૈતર નારણભાઇ
2025-11-05 09:40:39,791 - INFO - Successfully converted image to PDF: invitations\invitation_મૈતર_નારણભાઇ.pdf
2025-11-05 09:40:39,792 - INFO - Created PDF for મૈતર નારણભાઇ
2025-11-05 09:40:40,327 - INFO - Created image for ગૌસ્વામી મુકેશબાપુ 
2025-11-05 09:40:40,387 - INFO - Successfully converted image to PDF: invitations\invitation_ગૌસ્વામી_મુકેશબાપુ.pdf
2025-11-05 09:40:40,388 - INFO - Created PDF for ગૌસ્વામી મુકેશબાપુ 
2025-11-05 09:40:40,938 - INFO - Created image for ભાદરકા દીનેશભાઈ
2025-11-05 09:40:40,989 - INFO - Successfully converted image to PDF: invitations\invitation_ભાદરકા_દીનેશભાઈ.pdf
2025-11-05 09:40:40,990 - INFO - Created PDF for ભાદરકા દીનેશભાઈ
2025-11-05 09:40:41,525 - INFO - Created image for ચૌહાણ ચંદ્રેશભાઈ
2025-11-05 09:40:41,574 - INFO - Successfully converted image to PDF: invitations\invitation_ચૌહાણ_ચંદ્રેશભાઈ.pdf
2025-11-05 09:40:41,576 - INFO - Created PDF for ચૌહાણ ચંદ્રેશભાઈ
2025-11-05 09:40:42,127 - INFO - Created image for ચૌહાણ ચંદ્રેશભાઈ
2025-11-05 09:40:42,174 - INFO - Successfully converted image to PDF: invitations\invitation_ચૌહાણ_ચંદ્રેશભાઈ.pdf
2025-11-05 09:40:42,174 - INFO - Created PDF for ચૌહાણ ચંદ્રેશભાઈ
2025-11-05 09:40:42,716 - INFO - Created image for કચોટ ભીખુભાઈ
2025-11-05 09:40:42,813 - INFO - Successfully converted image to PDF: invitations\invitation_કચોટ_ભીખુભાઈ.pdf
2025-11-05 09:40:42,814 - INFO - Created PDF for કચોટ ભીખુભાઈ
2025-11-05 09:40:43,357 - INFO - Created image for આલાભાઈ મુંજાભાઈ કાંબલીયા 
2025-11-05 09:40:43,403 - INFO - Successfully converted image to PDF: invitations\invitation_આલાભાઈ_મુંજાભાઈ_કાંબલીયા.pdf
2025-11-05 09:40:43,404 - INFO - Created PDF for આલાભાઈ મુંજાભાઈ કાંબલીયા 
2025-11-05 09:40:43,940 - INFO - Created image for કૈવલ્યભાઈ જોષી 
2025-11-05 09:40:44,008 - INFO - Successfully converted image to PDF: invitations\invitation_કૈવલ્યભાઈ_જોષી.pdf
2025-11-05 09:40:44,009 - INFO - Created PDF for કૈવલ્યભાઈ જોષી 
2025-11-05 09:40:44,542 - INFO - Created image for કૈવલ્યભાઈ જોષી 
2025-11-05 09:40:44,601 - INFO - Successfully converted image to PDF: invitations\invitation_કૈવલ્યભાઈ_જોષી.pdf
2025-11-05 09:40:44,602 - INFO - Created PDF for કૈવલ્યભાઈ જોષી 
2025-11-05 09:40:45,188 - INFO - Created image for વીંછી જગમાલભાઇ 
2025-11-05 09:40:45,237 - INFO - Successfully converted image to PDF: invitations\invitation_વીંછી_જગમાલભાઇ.pdf
2025-11-05 09:40:45,238 - INFO - Created PDF for વીંછી જગમાલભાઇ 
2025-11-05 09:40:45,788 - INFO - Created image for વીંછી મેણશીભાઈ
2025-11-05 09:40:45,845 - INFO - Successfully converted image to PDF: invitations\invitation_વીંછી_મેણશીભાઈ.pdf
2025-11-05 09:40:45,846 - INFO - Created PDF for વીંછી મેણશીભાઈ
2025-11-05 09:40:46,386 - INFO - Created image for કાંબલીયા મેરામણભાઇ 
2025-11-05 09:40:46,498 - INFO - Successfully converted image to PDF: invitations\invitation_કાંબલીયા_મેરામણભાઇ.pdf
2025-11-05 09:40:46,556 - INFO - Created PDF for કાંબલીયા મેરામણભાઇ 
2025-11-05 09:40:47,098 - INFO - Created image for કાંબલીયા દેશુરભાઈ 
2025-11-05 09:40:47,148 - INFO - Successfully converted image to PDF: invitations\invitation_કાંબલીયા_દેશુરભાઈ.pdf
2025-11-05 09:40:47,149 - INFO - Created PDF for કાંબલીયા દેશુરભાઈ 
2025-11-05 09:40:47,683 - INFO - Created image for વીંછી દેવાભાઈ 
2025-11-05 09:40:47,765 - INFO - Successfully converted image to PDF: invitations\invitation_વીંછી_દેવાભાઈ.pdf
2025-11-05 09:40:47,769 - INFO - Created PDF for વીંછી દેવાભાઈ 
2025-11-05 09:40:48,307 - INFO - Created image for ભાદરકા દેવાયતભાઈ 
2025-11-05 09:40:48,358 - INFO - Successfully converted image to PDF: invitations\invitation_ભાદરકા_દેવાયતભાઈ.pdf
2025-11-05 09:40:48,360 - INFO - Created PDF for ભાદરકા દેવાયતભાઈ 
2025-11-05 09:40:48,924 - INFO - Created image for નાઘેરા ગોપાલભાઈ પોલાભાઈ 
2025-11-05 09:40:48,972 - INFO - Successfully converted image to PDF: invitations\invitation_નાઘેરા_ગોપાલભાઈ_પોલાભાઈ.pdf
2025-11-05 09:40:48,973 - INFO - Created PDF for નાઘેરા ગોપાલભાઈ પોલાભાઈ 
2025-11-05 09:40:49,514 - INFO - Created image for રામ યશવંતભાઈ 
2025-11-05 09:40:49,602 - INFO - Successfully converted image to PDF: invitations\invitation_રામ_યશવંતભાઈ.pdf
2025-11-05 09:40:49,604 - INFO - Created PDF for રામ યશવંતભાઈ 
2025-11-05 09:40:50,144 - INFO - Created image for ઈભુભાઈ ગેરેજ 
2025-11-05 09:40:50,202 - INFO - Successfully converted image to PDF: invitations\invitation_ઈભુભાઈ_ગેરેજ.pdf
2025-11-05 09:40:50,203 - INFO - Created PDF for ઈભુભાઈ ગેરેજ 
2025-11-05 09:40:50,739 - INFO - Created image for ઈભુભાઈ ગેરેજ 
2025-11-05 09:40:50,787 - INFO - Successfully converted image to PDF: invitations\invitation_ઈભુભાઈ_ગેરેજ.pdf
2025-11-05 09:40:50,790 - INFO - Created PDF for ઈભુભાઈ ગેરેજ 
2025-11-05 09:40:51,331 - INFO - Created image for રાકેશ શેઠ 
2025-11-05 09:40:51,371 - INFO - Successfully converted image to PDF: invitations\invitation_રાકેશ_શેઠ.pdf
2025-11-05 09:40:51,373 - INFO - Created PDF for રાકેશ શેઠ 
2025-11-05 09:40:51,914 - INFO - Created image for કાંબલીયા નીરૂબેન 
2025-11-05 09:40:51,963 - INFO - Successfully converted image to PDF: invitations\invitation_કાંબલીયા_નીરૂબેન.pdf
2025-11-05 09:40:51,967 - INFO - Created PDF for કાંબલીયા નીરૂબેન 
2025-11-05 09:40:52,514 - INFO - Created image for જાદવ વીપુલભાઈ 
2025-11-05 09:40:52,602 - INFO - Successfully converted image to PDF: invitations\invitation_જાદવ_વીપુલભાઈ.pdf
2025-11-05 09:40:52,603 - INFO - Created PDF for જાદવ વીપુલભાઈ 
2025-11-05 09:40:53,148 - INFO - Created image for કાંબલીયા ગંગદાસભાઈ 
2025-11-05 09:40:53,206 - INFO - Successfully converted image to PDF: invitations\invitation_કાંબલીયા_ગંગદાસભાઈ.pdf
2025-11-05 09:40:53,207 - INFO - Created PDF for કાંબલીયા ગંગદાસભાઈ 
2025-11-05 09:40:53,743 - INFO - Created image for કાંબલીયા ગંગદાસભાઈ 
2025-11-05 09:40:53,806 - INFO - Successfully converted image to PDF: invitations\invitation_કાંબલીયા_ગંગદાસભાઈ.pdf
2025-11-05 09:40:53,808 - INFO - Created PDF for કાંબલીયા ગંગદાસભાઈ 
2025-11-05 09:40:54,356 - INFO - Created image for ભાદરકા કીશોરભાઈ 
2025-11-05 09:40:54,409 - INFO - Successfully converted image to PDF: invitations\invitation_ભાદરકા_કીશોરભાઈ.pdf
2025-11-05 09:40:54,411 - INFO - Created PDF for ભાદરકા કીશોરભાઈ 
2025-11-05 09:40:54,947 - INFO - Created image for કીશોરભાઈ રાધા રમણ 
2025-11-05 09:40:54,991 - INFO - Successfully converted image to PDF: invitations\invitation_કીશોરભાઈ_રાધા_રમણ.pdf
2025-11-05 09:40:54,993 - INFO - Created PDF for કીશોરભાઈ રાધા રમણ 
2025-11-05 09:40:55,538 - INFO - Created image for મેઘનાથી દીનેશભાઈ 
2025-11-05 09:40:55,600 - INFO - Successfully converted image to PDF: invitations\invitation_મેઘનાથી_દીનેશભાઈ.pdf
2025-11-05 09:40:55,601 - INFO - Created PDF for મેઘનાથી દીનેશભાઈ 
2025-11-05 09:40:56,147 - INFO - Created image for પીઠીયા હાજાભાઇ 
2025-11-05 09:40:56,192 - INFO - Successfully converted image to PDF: invitations\invitation_પીઠીયા_હાજાભાઇ.pdf
2025-11-05 09:40:56,193 - INFO - Created PDF for પીઠીયા હાજાભાઇ 
2025-11-05 09:40:56,738 - INFO - Created image for નાધેરા આશીષભાઈ
2025-11-05 09:40:56,787 - INFO - Successfully converted image to PDF: invitations\invitation_નાધેરા_આશીષભાઈ.pdf
2025-11-05 09:40:56,788 - INFO - Created PDF for નાધેરા આશીષભાઈ
2025-11-05 09:40:57,335 - INFO - Created image for ખોડભાયા જીનાભાઈ 
2025-11-05 09:40:57,390 - INFO - Successfully converted image to PDF: invitations\invitation_ખોડભાયા_જીનાભાઈ.pdf
2025-11-05 09:40:57,392 - INFO - Created PDF for ખોડભાયા જીનાભાઈ 
2025-11-05 09:40:57,924 - INFO - Created image for ટાંક પંકજભાઈ 
2025-11-05 09:40:57,976 - INFO - Successfully converted image to PDF: invitations\invitation_ટાંક_પંકજભાઈ.pdf
2025-11-05 09:40:57,980 - INFO - Created PDF for ટાંક પંકજભાઈ 
2025-11-05 09:40:58,579 - INFO - Created image for ઓઝા વીપુલભાઈ
2025-11-05 09:40:58,628 - INFO - Successfully converted image to PDF: invitations\invitation_ઓઝા_વીપુલભાઈ.pdf
2025-11-05 09:40:58,629 - INFO - Created PDF for ઓઝા વીપુલભાઈ
2025-11-05 09:40:59,174 - INFO - Created image for ડેર રીટાબેન 
2025-11-05 09:40:59,220 - INFO - Successfully converted image to PDF: invitations\invitation_ડેર_રીટાબેન.pdf
2025-11-05 09:40:59,222 - INFO - Created PDF for ડેર રીટાબેન 
2025-11-05 09:40:59,765 - INFO - Created image for રાવલીયા લીલાભાઈ 
2025-11-05 09:40:59,820 - INFO - Successfully converted image to PDF: invitations\invitation_રાવલીયા_લીલાભાઈ.pdf
2025-11-05 09:40:59,821 - INFO - Created PDF for રાવલીયા લીલાભાઈ 
2025-11-05 09:41:00,358 - INFO - Created image for રામ હીમીબેન 
2025-11-05 09:41:00,442 - INFO - Successfully converted image to PDF: invitations\invitation_રામ_હીમીબેન.pdf
2025-11-05 09:41:00,444 - INFO - Created PDF for રામ હીમીબેન 
2025-11-05 09:41:00,992 - INFO - Created image for સોલંકી પરેશભાઈ
2025-11-05 09:41:01,035 - INFO - Successfully converted image to PDF: invitations\invitation_સોલંકી_પરેશભાઈ.pdf
2025-11-05 09:41:01,036 - INFO - Created PDF for સોલંકી પરેશભાઈ
2025-11-05 09:41:01,571 - INFO - Created image for ઝાલા કરસનભાઈ 
2025-11-05 09:41:01,624 - INFO - Successfully converted image to PDF: invitations\invitation_ઝાલા_કરસનભાઈ.pdf
2025-11-05 09:41:01,626 - INFO - Created PDF for ઝાલા કરસનભાઈ 
2025-11-05 09:41:02,164 - INFO - Created image for નાધેરા હાજાભાઇ 
2025-11-05 09:41:02,207 - INFO - Successfully converted image to PDF: invitations\invitation_નાધેરા_હાજાભાઇ.pdf
2025-11-05 09:41:02,208 - INFO - Created PDF for નાધેરા હાજાભાઇ 
2025-11-05 09:41:02,745 - INFO - Created image for ભાદરકા કૌશીકભાઈ 
2025-11-05 09:41:02,806 - INFO - Successfully converted image to PDF: invitations\invitation_ભાદરકા_કૌશીકભાઈ.pdf
2025-11-05 09:41:02,807 - INFO - Created PDF for ભાદરકા કૌશીકભાઈ 
2025-11-05 09:41:03,353 - INFO - Created image for નાઘેરા રામદેભાઈ 
2025-11-05 09:41:03,400 - INFO - Successfully converted image to PDF: invitations\invitation_નાઘેરા_રામદેભાઈ.pdf
2025-11-05 09:41:03,402 - INFO - Created PDF for નાઘેરા રામદેભાઈ 
2025-11-05 09:41:03,934 - INFO - Created image for મારૂ આશીષભાઈ 
2025-11-05 09:41:03,985 - INFO - Successfully converted image to PDF: invitations\invitation_મારૂ_આશીષભાઈ.pdf
2025-11-05 09:41:03,986 - INFO - Created PDF for મારૂ આશીષભાઈ 
2025-11-05 09:41:04,526 - INFO - Created image for ભાદરકા જીણાભાઈ
2025-11-05 09:41:04,573 - INFO - Successfully converted image to PDF: invitations\invitation_ભાદરકા_જીણાભાઈ.pdf
2025-11-05 09:41:04,574 - INFO - Created PDF for ભાદરકા જીણાભાઈ
2025-11-05 09:41:05,108 - INFO - Created image for કોરડીયા સાગરભાઇ 
2025-11-05 09:41:05,166 - INFO - Successfully converted image to PDF: invitations\invitation_કોરડીયા_સાગરભાઇ.pdf
2025-11-05 09:41:05,167 - INFO - Created PDF for કોરડીયા સાગરભાઇ 
2025-11-05 09:41:05,705 - INFO - Created image for નાઘેરા નાથાભાઈ 
2025-11-05 09:41:05,755 - INFO - Successfully converted image to PDF: invitations\invitation_નાઘેરા_નાથાભાઈ.pdf
2025-11-05 09:41:05,755 - INFO - Created PDF for નાઘેરા નાથાભાઈ 
2025-11-05 09:42:59,828 - INFO - Starting creation of invitations for 430 contacts...
2025-11-05 09:42:59,887 - INFO - Created image for નંદાણીયા દેવશીભાઇ
2025-11-05 09:42:59,994 - INFO - Successfully converted image to PDF: invitations\invitation_નંદાણીયા_દેવશીભાઇ.pdf
2025-11-05 09:42:59,995 - INFO - Created PDF for નંદાણીયા દેવશીભાઇ
2025-11-05 09:43:00,521 - INFO - Created image for છુછર રામશીભાઈ
2025-11-05 09:43:00,558 - INFO - Successfully converted image to PDF: invitations\invitation_છુછર_રામશીભાઈ.pdf
2025-11-05 09:43:00,559 - INFO - Created PDF for છુછર રામશીભાઈ
2025-11-05 09:43:01,084 - INFO - Created image for માડમ ધનાભાઇ
2025-11-05 09:43:01,117 - INFO - Successfully converted image to PDF: invitations\invitation_માડમ_ધનાભાઇ.pdf
2025-11-05 09:43:01,119 - INFO - Created PDF for માડમ ધનાભાઇ
2025-11-05 09:43:01,647 - INFO - Created image for બોરખતરીયા વીજયભાઈ
2025-11-05 09:43:01,682 - INFO - Successfully converted image to PDF: invitations\invitation_બોરખતરીયા_વીજયભાઈ.pdf
2025-11-05 09:43:01,683 - INFO - Created PDF for બોરખતરીયા વીજયભાઈ
2025-11-05 09:43:02,209 - INFO - Created image for બોરખતરીયા મનોજભાઈ
2025-11-05 09:43:02,240 - INFO - Successfully converted image to PDF: invitations\invitation_બોરખતરીયા_મનોજભાઈ.pdf
2025-11-05 09:43:02,241 - INFO - Created PDF for બોરખતરીયા મનોજભાઈ
2025-11-05 09:43:02,767 - INFO - Created image for પીઠીયા ખોડાભાઈ
2025-11-05 09:43:02,798 - INFO - Successfully converted image to PDF: invitations\invitation_પીઠીયા_ખોડાભાઈ.pdf
2025-11-05 09:43:02,800 - INFO - Created PDF for પીઠીયા ખોડાભાઈ
2025-11-05 09:43:03,324 - INFO - Created image for મૈતર નારણભાઇ
2025-11-05 09:43:03,353 - INFO - Successfully converted image to PDF: invitations\invitation_મૈતર_નારણભાઇ.pdf
2025-11-05 09:43:03,354 - INFO - Created PDF for મૈતર નારણભાઇ
2025-11-05 09:43:03,882 - INFO - Created image for ગૌસ્વામી મુકેશબાપુ 
2025-11-05 09:43:03,923 - INFO - Successfully converted image to PDF: invitations\invitation_ગૌસ્વામી_મુકેશબાપુ.pdf
2025-11-05 09:43:03,924 - INFO - Created PDF for ગૌસ્વામી મુકેશબાપુ 
2025-11-05 09:43:04,449 - INFO - Created image for ભાદરકા દીનેશભાઈ
2025-11-05 09:43:04,481 - INFO - Successfully converted image to PDF: invitations\invitation_ભાદરકા_દીનેશભાઈ.pdf
2025-11-05 09:43:04,482 - INFO - Created PDF for ભાદરકા દીનેશભાઈ
2025-11-05 09:43:05,009 - INFO - Created image for ચૌહાણ ચંદ્રેશભાઈ
2025-11-05 09:43:05,041 - INFO - Successfully converted image to PDF: invitations\invitation_ચૌહાણ_ચંદ્રેશભાઈ.pdf
2025-11-05 09:43:05,044 - INFO - Created PDF for ચૌહાણ ચંદ્રેશભાઈ
2025-11-05 09:43:05,570 - INFO - Created image for ચૌહાણ ચંદ્રેશભાઈ
2025-11-05 09:43:05,603 - INFO - Successfully converted image to PDF: invitations\invitation_ચૌહાણ_ચંદ્રેશભાઈ.pdf
2025-11-05 09:43:05,604 - INFO - Created PDF for ચૌહાણ ચંદ્રેશભાઈ
2025-11-05 09:43:06,129 - INFO - Created image for કચોટ ભીખુભાઈ
2025-11-05 09:43:06,159 - INFO - Successfully converted image to PDF: invitations\invitation_કચોટ_ભીખુભાઈ.pdf
2025-11-05 09:43:06,169 - INFO - Created PDF for કચોટ ભીખુભાઈ
2025-11-05 09:43:06,695 - INFO - Created image for આલાભાઈ મુંજાભાઈ કાંબલીયા 
2025-11-05 09:43:06,728 - INFO - Successfully converted image to PDF: invitations\invitation_આલાભાઈ_મુંજાભાઈ_કાંબલીયા.pdf
2025-11-05 09:43:06,729 - INFO - Created PDF for આલાભાઈ મુંજાભાઈ કાંબલીયા 
2025-11-05 09:43:38,326 - INFO - Starting creation of invitations for 430 contacts...
2025-11-05 09:43:38,376 - INFO - Created image for નંદાણીયા દેવશીભાઇ
2025-11-05 09:43:38,473 - INFO - Successfully converted image to PDF: invitations\invitation_નંદાણીયા_દેવશીભાઇ.pdf
2025-11-05 09:43:38,474 - INFO - Created PDF for નંદાણીયા દેવશીભાઇ
2025-11-05 09:43:39,006 - INFO - Created image for છુછર રામશીભાઈ
2025-11-05 09:43:39,043 - INFO - Successfully converted image to PDF: invitations\invitation_છુછર_રામશીભાઈ.pdf
2025-11-05 09:43:39,043 - INFO - Created PDF for છુછર રામશીભાઈ
2025-11-05 09:43:39,570 - INFO - Created image for માડમ ધનાભાઇ
2025-11-05 09:43:39,603 - INFO - Successfully converted image to PDF: invitations\invitation_માડમ_ધનાભાઇ.pdf
2025-11-05 09:43:39,604 - INFO - Created PDF for માડમ ધનાભાઇ
2025-11-05 09:43:40,131 - INFO - Created image for બોરખતરીયા વીજયભાઈ
2025-11-05 09:43:40,167 - INFO - Successfully converted image to PDF: invitations\invitation_બોરખતરીયા_વીજયભાઈ.pdf
2025-11-05 09:43:40,168 - INFO - Created PDF for બોરખતરીયા વીજયભાઈ
2025-11-05 09:43:40,695 - INFO - Created image for બોરખતરીયા મનોજભાઈ
2025-11-05 09:43:40,743 - INFO - Successfully converted image to PDF: invitations\invitation_બોરખતરીયા_મનોજભાઈ.pdf
2025-11-05 09:43:40,745 - INFO - Created PDF for બોરખતરીયા મનોજભાઈ
2025-11-05 09:43:41,271 - INFO - Created image for પીઠીયા ખોડાભાઈ
2025-11-05 09:43:41,304 - INFO - Successfully converted image to PDF: invitations\invitation_પીઠીયા_ખોડાભાઈ.pdf
2025-11-05 09:43:41,305 - INFO - Created PDF for પીઠીયા ખોડાભાઈ
2025-11-05 09:43:41,829 - INFO - Created image for મૈતર નારણભાઇ
2025-11-05 09:43:41,860 - INFO - Successfully converted image to PDF: invitations\invitation_મૈતર_નારણભાઇ.pdf
2025-11-05 09:43:41,860 - INFO - Created PDF for મૈતર નારણભાઇ
2025-11-05 09:43:42,386 - INFO - Created image for ગૌસ્વામી મુકેશબાપુ 
2025-11-05 09:43:42,420 - INFO - Successfully converted image to PDF: invitations\invitation_ગૌસ્વામી_મુકેશબાપુ.pdf
2025-11-05 09:43:42,421 - INFO - Created PDF for ગૌસ્વામી મુકેશબાપુ 
2025-11-05 09:43:42,945 - INFO - Created image for ભાદરકા દીનેશભાઈ
2025-11-05 09:43:42,976 - INFO - Successfully converted image to PDF: invitations\invitation_ભાદરકા_દીનેશભાઈ.pdf
2025-11-05 09:43:42,977 - INFO - Created PDF for ભાદરકા દીનેશભાઈ
2025-11-05 09:43:43,503 - INFO - Created image for ચૌહાણ ચંદ્રેશભાઈ
2025-11-05 09:43:43,550 - INFO - Successfully converted image to PDF: invitations\invitation_ચૌહાણ_ચંદ્રેશભાઈ.pdf
2025-11-05 09:43:43,551 - INFO - Created PDF for ચૌહાણ ચંદ્રેશભાઈ
2025-11-05 09:43:44,094 - INFO - Created image for ચૌહાણ ચંદ્રેશભાઈ
2025-11-05 09:43:44,156 - INFO - Successfully converted image to PDF: invitations\invitation_ચૌહાણ_ચંદ્રેશભાઈ.pdf
2025-11-05 09:43:44,163 - INFO - Created PDF for ચૌહાણ ચંદ્રેશભાઈ
2025-11-05 09:43:44,696 - INFO - Created image for કચોટ ભીખુભાઈ
2025-11-05 09:43:44,730 - INFO - Successfully converted image to PDF: invitations\invitation_કચોટ_ભીખુભાઈ.pdf
2025-11-05 09:43:44,730 - INFO - Created PDF for કચોટ ભીખુભાઈ
2025-11-05 09:43:45,262 - INFO - Created image for આલાભાઈ મુંજાભાઈ કાંબલીયા 
2025-11-05 09:43:45,296 - INFO - Successfully converted image to PDF: invitations\invitation_આલાભાઈ_મુંજાભાઈ_કાંબલીયા.pdf
2025-11-05 09:43:45,297 - INFO - Created PDF for આલાભાઈ મુંજાભાઈ કાંબલીયા 
2025-11-05 09:43:45,821 - INFO - Created image for કૈવલ્યભાઈ જોષી 
2025-11-05 09:43:45,861 - INFO - Successfully converted image to PDF: invitations\invitation_કૈવલ્યભાઈ_જોષી.pdf
2025-11-05 09:43:45,862 - INFO - Created PDF for કૈવલ્યભાઈ જોષી 
2025-11-05 09:43:46,395 - INFO - Created image for કૈવલ્યભાઈ જોષી 
2025-11-05 09:43:46,433 - INFO - Successfully converted image to PDF: invitations\invitation_કૈવલ્યભાઈ_જોષી.pdf
2025-11-05 09:43:46,434 - INFO - Created PDF for કૈવલ્યભાઈ જોષી 
2025-11-05 09:43:46,959 - INFO - Created image for વીંછી જગમાલભાઇ 
2025-11-05 09:43:46,988 - INFO - Successfully converted image to PDF: invitations\invitation_વીંછી_જગમાલભાઇ.pdf
2025-11-05 09:43:46,989 - INFO - Created PDF for વીંછી જગમાલભાઇ 
2025-11-05 09:43:47,516 - INFO - Created image for વીંછી મેણશીભાઈ
2025-11-05 09:43:47,559 - INFO - Successfully converted image to PDF: invitations\invitation_વીંછી_મેણશીભાઈ.pdf
2025-11-05 09:43:47,560 - INFO - Created PDF for વીંછી મેણશીભાઈ
2025-11-05 09:43:48,085 - INFO - Created image for કાંબલીયા મેરામણભાઇ 
2025-11-05 09:43:48,117 - INFO - Successfully converted image to PDF: invitations\invitation_કાંબલીયા_મેરામણભાઇ.pdf
2025-11-05 09:43:48,118 - INFO - Created PDF for કાંબલીયા મેરામણભાઇ 
2025-11-05 09:43:48,645 - INFO - Created image for કાંબલીયા દેશુરભાઈ 
2025-11-05 09:43:48,680 - INFO - Successfully converted image to PDF: invitations\invitation_કાંબલીયા_દેશુરભાઈ.pdf
2025-11-05 09:43:48,681 - INFO - Created PDF for કાંબલીયા દેશુરભાઈ 
2025-11-05 09:43:49,209 - INFO - Created image for વીંછી દેવાભાઈ 
2025-11-05 09:43:49,241 - INFO - Successfully converted image to PDF: invitations\invitation_વીંછી_દેવાભાઈ.pdf
2025-11-05 09:43:49,242 - INFO - Created PDF for વીંછી દેવાભાઈ 
2025-11-05 09:43:49,766 - INFO - Created image for ભાદરકા દેવાયતભાઈ 
2025-11-05 09:43:49,800 - INFO - Successfully converted image to PDF: invitations\invitation_ભાદરકા_દેવાયતભાઈ.pdf
2025-11-05 09:43:49,801 - INFO - Created PDF for ભાદરકા દેવાયતભાઈ 
2025-11-05 09:43:50,329 - INFO - Created image for નાઘેરા ગોપાલભાઈ પોલાભાઈ 
2025-11-05 09:43:50,374 - INFO - Successfully converted image to PDF: invitations\invitation_નાઘેરા_ગોપાલભાઈ_પોલાભાઈ.pdf
2025-11-05 09:43:50,379 - INFO - Created PDF for નાઘેરા ગોપાલભાઈ પોલાભાઈ 
2025-11-05 09:43:50,909 - INFO - Created image for રામ યશવંતભાઈ 
2025-11-05 09:43:50,967 - INFO - Successfully converted image to PDF: invitations\invitation_રામ_યશવંતભાઈ.pdf
2025-11-05 09:43:50,968 - INFO - Created PDF for રામ યશવંતભાઈ 
2025-11-05 09:43:51,517 - INFO - Created image for ઈભુભાઈ ગેરેજ 
2025-11-05 09:43:51,560 - INFO - Successfully converted image to PDF: invitations\invitation_ઈભુભાઈ_ગેરેજ.pdf
2025-11-05 09:43:51,562 - INFO - Created PDF for ઈભુભાઈ ગેરેજ 
2025-11-05 09:43:52,088 - INFO - Created image for ઈભુભાઈ ગેરેજ 
2025-11-05 09:43:52,121 - INFO - Successfully converted image to PDF: invitations\invitation_ઈભુભાઈ_ગેરેજ.pdf
2025-11-05 09:43:52,122 - INFO - Created PDF for ઈભુભાઈ ગેરેજ 
2025-11-05 09:43:52,661 - INFO - Created image for રાકેશ શેઠ 
2025-11-05 09:43:52,697 - INFO - Successfully converted image to PDF: invitations\invitation_રાકેશ_શેઠ.pdf
2025-11-05 09:43:52,698 - INFO - Created PDF for રાકેશ શેઠ 
2025-11-05 09:43:53,224 - INFO - Created image for કાંબલીયા નીરૂબેન 
2025-11-05 09:43:53,258 - INFO - Successfully converted image to PDF: invitations\invitation_કાંબલીયા_નીરૂબેન.pdf
2025-11-05 09:43:53,258 - INFO - Created PDF for કાંબલીયા નીરૂબેન 
2025-11-05 09:43:53,785 - INFO - Created image for જાદવ વીપુલભાઈ 
2025-11-05 09:43:53,819 - INFO - Successfully converted image to PDF: invitations\invitation_જાદવ_વીપુલભાઈ.pdf
2025-11-05 09:43:53,820 - INFO - Created PDF for જાદવ વીપુલભાઈ 
2025-11-05 09:43:54,347 - INFO - Created image for કાંબલીયા ગંગદાસભાઈ 
2025-11-05 09:43:54,391 - INFO - Successfully converted image to PDF: invitations\invitation_કાંબલીયા_ગંગદાસભાઈ.pdf
2025-11-05 09:43:54,392 - INFO - Created PDF for કાંબલીયા ગંગદાસભાઈ 
2025-11-05 09:43:54,917 - INFO - Created image for કાંબલીયા ગંગદાસભાઈ 
2025-11-05 09:43:54,951 - INFO - Successfully converted image to PDF: invitations\invitation_કાંબલીયા_ગંગદાસભાઈ.pdf
2025-11-05 09:43:54,952 - INFO - Created PDF for કાંબલીયા ગંગદાસભાઈ 
2025-11-05 09:43:55,479 - INFO - Created image for ભાદરકા કીશોરભાઈ 
2025-11-05 09:43:55,519 - INFO - Successfully converted image to PDF: invitations\invitation_ભાદરકા_કીશોરભાઈ.pdf
2025-11-05 09:43:55,520 - INFO - Created PDF for ભાદરકા કીશોરભાઈ 
2025-11-05 09:43:56,045 - INFO - Created image for કીશોરભાઈ રાધા રમણ 
2025-11-05 09:43:56,079 - INFO - Successfully converted image to PDF: invitations\invitation_કીશોરભાઈ_રાધા_રમણ.pdf
2025-11-05 09:43:56,080 - INFO - Created PDF for કીશોરભાઈ રાધા રમણ 
2025-11-05 09:43:56,607 - INFO - Created image for મેઘનાથી દીનેશભાઈ 
2025-11-05 09:43:56,653 - INFO - Successfully converted image to PDF: invitations\invitation_મેઘનાથી_દીનેશભાઈ.pdf
2025-11-05 09:43:56,654 - INFO - Created PDF for મેઘનાથી દીનેશભાઈ 
2025-11-05 09:43:57,212 - INFO - Created image for પીઠીયા હાજાભાઇ 
2025-11-05 09:43:57,255 - INFO - Successfully converted image to PDF: invitations\invitation_પીઠીયા_હાજાભાઇ.pdf
2025-11-05 09:43:57,259 - INFO - Created PDF for પીઠીયા હાજાભાઇ 
2025-11-05 09:43:57,796 - INFO - Created image for નાધેરા આશીષભાઈ
2025-11-05 09:43:57,838 - INFO - Successfully converted image to PDF: invitations\invitation_નાધેરા_આશીષભાઈ.pdf
2025-11-05 09:43:57,838 - INFO - Created PDF for નાધેરા આશીષભાઈ
2025-11-05 09:43:58,367 - INFO - Created image for ખોડભાયા જીનાભાઈ 
2025-11-05 09:43:58,402 - INFO - Successfully converted image to PDF: invitations\invitation_ખોડભાયા_જીનાભાઈ.pdf
2025-11-05 09:43:58,403 - INFO - Created PDF for ખોડભાયા જીનાભાઈ 
2025-11-05 09:43:58,935 - INFO - Created image for ટાંક પંકજભાઈ 
2025-11-05 09:43:58,983 - INFO - Successfully converted image to PDF: invitations\invitation_ટાંક_પંકજભાઈ.pdf
2025-11-05 09:43:58,984 - INFO - Created PDF for ટાંક પંકજભાઈ 
2025-11-05 09:43:59,515 - INFO - Created image for ઓઝા વીપુલભાઈ
2025-11-05 09:43:59,565 - INFO - Successfully converted image to PDF: invitations\invitation_ઓઝા_વીપુલભાઈ.pdf
2025-11-05 09:43:59,566 - INFO - Created PDF for ઓઝા વીપુલભાઈ
2025-11-05 09:44:00,108 - INFO - Created image for ડેર રીટાબેન 
2025-11-05 09:44:00,166 - INFO - Successfully converted image to PDF: invitations\invitation_ડેર_રીટાબેન.pdf
2025-11-05 09:44:00,167 - INFO - Created PDF for ડેર રીટાબેન 
2025-11-05 09:44:00,694 - INFO - Created image for રાવલીયા લીલાભાઈ 
2025-11-05 09:44:00,731 - INFO - Successfully converted image to PDF: invitations\invitation_રાવલીયા_લીલાભાઈ.pdf
2025-11-05 09:44:00,732 - INFO - Created PDF for રાવલીયા લીલાભાઈ 
2025-11-05 09:44:01,266 - INFO - Created image for રામ હીમીબેન 
2025-11-05 09:44:01,331 - INFO - Successfully converted image to PDF: invitations\invitation_રામ_હીમીબેન.pdf
2025-11-05 09:44:01,332 - INFO - Created PDF for રામ હીમીબેન 
2025-11-05 09:44:01,981 - INFO - Created image for સોલંકી પરેશભાઈ
2025-11-05 09:44:02,103 - INFO - Successfully converted image to PDF: invitations\invitation_સોલંકી_પરેશભાઈ.pdf
2025-11-05 09:44:02,108 - INFO - Created PDF for સોલંકી પરેશભાઈ
2025-11-05 09:44:02,651 - INFO - Created image for ઝાલા કરસનભાઈ 
2025-11-05 09:44:02,699 - INFO - Successfully converted image to PDF: invitations\invitation_ઝાલા_કરસનભાઈ.pdf
2025-11-05 09:44:02,700 - INFO - Created PDF for ઝાલા કરસનભાઈ 
2025-11-05 09:44:03,235 - INFO - Created image for નાધેરા હાજાભાઇ 
2025-11-05 09:44:03,279 - INFO - Successfully converted image to PDF: invitations\invitation_નાધેરા_હાજાભાઇ.pdf
2025-11-05 09:44:03,281 - INFO - Created PDF for નાધેરા હાજાભાઇ 
2025-11-05 09:44:03,830 - INFO - Created image for ભાદરકા કૌશીકભાઈ 
2025-11-05 09:44:03,888 - INFO - Successfully converted image to PDF: invitations\invitation_ભાદરકા_કૌશીકભાઈ.pdf
2025-11-05 09:44:03,892 - INFO - Created PDF for ભાદરકા કૌશીકભાઈ 
2025-11-05 09:44:04,424 - INFO - Created image for નાઘેરા રામદેભાઈ 
2025-11-05 09:44:04,468 - INFO - Successfully converted image to PDF: invitations\invitation_નાઘેરા_રામદેભાઈ.pdf
2025-11-05 09:44:04,469 - INFO - Created PDF for નાઘેરા રામદેભાઈ 
2025-11-05 09:44:04,998 - INFO - Created image for મારૂ આશીષભાઈ 
2025-11-05 09:44:05,040 - INFO - Successfully converted image to PDF: invitations\invitation_મારૂ_આશીષભાઈ.pdf
2025-11-05 09:44:05,042 - INFO - Created PDF for મારૂ આશીષભાઈ 
2025-11-05 09:44:05,577 - INFO - Created image for ભાદરકા જીણાભાઈ
2025-11-05 09:44:05,622 - INFO - Successfully converted image to PDF: invitations\invitation_ભાદરકા_જીણાભાઈ.pdf
2025-11-05 09:44:05,626 - INFO - Created PDF for ભાદરકા જીણાભાઈ
2025-11-05 09:44:06,153 - INFO - Created image for કોરડીયા સાગરભાઇ 
2025-11-05 09:44:06,193 - INFO - Successfully converted image to PDF: invitations\invitation_કોરડીયા_સાગરભાઇ.pdf
2025-11-05 09:44:06,194 - INFO - Created PDF for કોરડીયા સાગરભાઇ 
2025-11-05 09:44:06,742 - INFO - Created image for નાઘેરા નાથાભાઈ 
2025-11-05 09:44:06,800 - INFO - Successfully converted image to PDF: invitations\invitation_નાઘેરા_નાથાભાઈ.pdf
2025-11-05 09:44:06,802 - INFO - Created PDF for નાઘેરા નાથાભાઈ 
2025-11-05 09:44:07,336 - INFO - Created image for પીઠીયા અરજણભાઈ 
2025-11-05 09:44:07,380 - INFO - Successfully converted image to PDF: invitations\invitation_પીઠીયા_અરજણભાઈ.pdf
2025-11-05 09:44:07,381 - INFO - Created PDF for પીઠીયા અરજણભાઈ 
2025-11-05 09:44:07,918 - INFO - Created image for કાંબલીયા માલદેભાઈ 
2025-11-05 09:44:07,962 - INFO - Successfully converted image to PDF: invitations\invitation_કાંબલીયા_માલદેભાઈ.pdf
2025-11-05 09:44:07,967 - INFO - Created PDF for કાંબલીયા માલદેભાઈ 
2025-11-05 09:44:08,493 - INFO - Created image for ઘૂલ પરેશભાઈ 
2025-11-05 09:44:08,529 - INFO - Successfully converted image to PDF: invitations\invitation_ઘૂલ_પરેશભાઈ.pdf
2025-11-05 09:44:08,530 - INFO - Created PDF for ઘૂલ પરેશભાઈ 
2025-11-05 09:44:09,064 - INFO - Created image for ઘૂલ અલ્પેશભાઈ 
2025-11-05 09:44:09,111 - INFO - Successfully converted image to PDF: invitations\invitation_ઘૂલ_અલ્પેશભાઈ.pdf
2025-11-05 09:44:09,112 - INFO - Created PDF for ઘૂલ અલ્પેશભાઈ 
2025-11-05 09:44:09,647 - INFO - Created image for ચાવડા અર્જુનભાઈ સુરેશભાઈ 
2025-11-05 09:44:09,691 - INFO - Successfully converted image to PDF: invitations\invitation_ચાવડા_અર્જુનભાઈ_સુરેશભાઈ.pdf
2025-11-05 09:44:09,692 - INFO - Created PDF for ચાવડા અર્જુનભાઈ સુરેશભાઈ 
2025-11-05 09:44:10,231 - INFO - Created image for કાંબલીયા વજશીભાઈ
2025-11-05 09:44:10,269 - INFO - Successfully converted image to PDF: invitations\invitation_કાંબલીયા_વજશીભાઈ.pdf
2025-11-05 09:44:10,271 - INFO - Created PDF for કાંબલીયા વજશીભાઈ
2025-11-05 09:44:10,802 - INFO - Created image for ભાદરકા હરદાશભાઇ
2025-11-05 09:44:10,838 - INFO - Successfully converted image to PDF: invitations\invitation_ભાદરકા_હરદાશભાઇ.pdf
2025-11-05 09:44:10,840 - INFO - Created PDF for ભાદરકા હરદાશભાઇ
2025-11-05 09:44:11,372 - INFO - Created image for સોલંકી હીરેનભાઈ 
2025-11-05 09:44:11,420 - INFO - Successfully converted image to PDF: invitations\invitation_સોલંકી_હીરેનભાઈ.pdf
2025-11-05 09:44:11,424 - INFO - Created PDF for સોલંકી હીરેનભાઈ 
2025-11-05 09:44:11,950 - INFO - Created image for માડમ અશ્વીનભાઈ 
2025-11-05 09:44:12,002 - INFO - Successfully converted image to PDF: invitations\invitation_માડમ_અશ્વીનભાઈ.pdf
2025-11-05 09:44:12,004 - INFO - Created PDF for માડમ અશ્વીનભાઈ 
2025-11-05 09:44:12,549 - INFO - Created image for બલોચ હારૂનભાઈ
2025-11-05 09:44:12,598 - INFO - Successfully converted image to PDF: invitations\invitation_બલોચ_હારૂનભાઈ.pdf
2025-11-05 09:44:12,599 - INFO - Created PDF for બલોચ હારૂનભાઈ
2025-11-05 09:44:13,128 - INFO - Created image for કાંબલીયા આનંદભાઈ 
2025-11-05 09:44:13,165 - INFO - Successfully converted image to PDF: invitations\invitation_કાંબલીયા_આનંદભાઈ.pdf
2025-11-05 09:44:13,166 - INFO - Created PDF for કાંબલીયા આનંદભાઈ 
2025-11-05 09:44:13,693 - INFO - Created image for રાહુલભાઈ મેરામણભાઇ કાંબલીયા 
2025-11-05 09:44:13,733 - INFO - Successfully converted image to PDF: invitations\invitation_રાહુલભાઈ_મેરામણભાઇ_કાંબલીયા.pdf
2025-11-05 09:44:13,734 - INFO - Created PDF for રાહુલભાઈ મેરામણભાઇ કાંબલીયા 
2025-11-05 09:44:14,262 - INFO - Created image for જાદવ ડોસાભાઇ 
2025-11-05 09:44:14,295 - INFO - Successfully converted image to PDF: invitations\invitation_જાદવ_ડોસાભાઇ.pdf
2025-11-05 09:44:14,297 - INFO - Created PDF for જાદવ ડોસાભાઇ 
2025-11-05 09:44:14,865 - INFO - Created image for જાદવ પરબતભાઈ 
2025-11-05 09:44:14,966 - INFO - Successfully converted image to PDF: invitations\invitation_જાદવ_પરબતભાઈ.pdf
2025-11-05 09:44:14,967 - INFO - Created PDF for જાદવ પરબતભાઈ 
2025-11-05 09:44:15,502 - INFO - Created image for જાદવ પરબતભાઈ 
2025-11-05 09:44:15,536 - INFO - Successfully converted image to PDF: invitations\invitation_જાદવ_પરબતભાઈ.pdf
2025-11-05 09:44:15,537 - INFO - Created PDF for જાદવ પરબતભાઈ 
2025-11-05 09:44:16,068 - INFO - Created image for જાદવ જગમાલભાઇ 
2025-11-05 09:44:16,119 - INFO - Successfully converted image to PDF: invitations\invitation_જાદવ_જગમાલભાઇ.pdf
2025-11-05 09:44:16,120 - INFO - Created PDF for જાદવ જગમાલભાઇ 
2025-11-05 09:44:16,653 - INFO - Created image for જાદવ જગમાલભાઇ 
2025-11-05 09:44:16,729 - INFO - Successfully converted image to PDF: invitations\invitation_જાદવ_જગમાલભાઇ.pdf
2025-11-05 09:44:16,732 - INFO - Created PDF for જાદવ જગમાલભાઇ 
2025-11-05 09:44:17,260 - INFO - Created image for સવદાસભાઈ ભગત 
2025-11-05 09:44:17,302 - INFO - Successfully converted image to PDF: invitations\invitation_સવદાસભાઈ_ભગત.pdf
2025-11-05 09:44:17,303 - INFO - Created PDF for સવદાસભાઈ ભગત 
2025-11-05 09:44:17,846 - INFO - Created image for જાદવ રામભાઈ 
2025-11-05 09:44:17,882 - INFO - Successfully converted image to PDF: invitations\invitation_જાદવ_રામભાઈ.pdf
2025-11-05 09:44:17,884 - INFO - Created PDF for જાદવ રામભાઈ 
2025-11-05 09:44:18,490 - INFO - Created image for જાદવ અરજણભાઈ 
2025-11-05 09:44:18,536 - INFO - Successfully converted image to PDF: invitations\invitation_જાદવ_અરજણભાઈ.pdf
2025-11-05 09:44:18,537 - INFO - Created PDF for જાદવ અરજણભાઈ 
2025-11-05 09:44:19,070 - INFO - Created image for જાદવ કાળુભાઈ 
2025-11-05 09:44:19,110 - INFO - Successfully converted image to PDF: invitations\invitation_જાદવ_કાળુભાઈ.pdf
2025-11-05 09:44:19,111 - INFO - Created PDF for જાદવ કાળુભાઈ 
2025-11-05 09:44:19,652 - INFO - Created image for જાદવ લાખાભાઈ 
2025-11-05 09:44:19,699 - INFO - Successfully converted image to PDF: invitations\invitation_જાદવ_લાખાભાઈ.pdf
2025-11-05 09:44:19,701 - INFO - Created PDF for જાદવ લાખાભાઈ 
2025-11-05 09:44:20,529 - INFO - Created image for જાદવ હમીરભાઈ 
2025-11-05 09:44:20,583 - INFO - Successfully converted image to PDF: invitations\invitation_જાદવ_હમીરભાઈ.pdf
2025-11-05 09:44:20,585 - INFO - Created PDF for જાદવ હમીરભાઈ 
2025-11-05 09:44:21,117 - INFO - Created image for જાદવ અરજણભાઈ કરશનભાઈ
2025-11-05 09:44:21,170 - INFO - Successfully converted image to PDF: invitations\invitation_જાદવ_અરજણભાઈ_કરશનભાઈ.pdf
2025-11-05 09:44:21,170 - INFO - Created PDF for જાદવ અરજણભાઈ કરશનભાઈ
2025-11-05 09:44:21,700 - INFO - Created image for કાંબલીયા ભીખુભાઈ 
2025-11-05 09:44:21,744 - INFO - Successfully converted image to PDF: invitations\invitation_કાંબલીયા_ભીખુભાઈ.pdf
2025-11-05 09:44:21,745 - INFO - Created PDF for કાંબલીયા ભીખુભાઈ 
2025-11-05 09:44:22,270 - INFO - Created image for કાંબલીયા અરશીભાઈ 
2025-11-05 09:44:22,308 - INFO - Successfully converted image to PDF: invitations\invitation_કાંબલીયા_અરશીભાઈ.pdf
2025-11-05 09:44:22,310 - INFO - Created PDF for કાંબલીયા અરશીભાઈ 
2025-11-05 09:44:22,836 - INFO - Created image for કાંબલીયા માલદેભાઈ 
2025-11-05 09:44:22,874 - INFO - Successfully converted image to PDF: invitations\invitation_કાંબલીયા_માલદેભાઈ.pdf
2025-11-05 09:44:22,875 - INFO - Created PDF for કાંબલીયા માલદેભાઈ 
2025-11-05 09:44:23,400 - INFO - Created image for રાવલીયા ભરતભાઈ 
2025-11-05 09:44:23,434 - INFO - Successfully converted image to PDF: invitations\invitation_રાવલીયા_ભરતભાઈ.pdf
2025-11-05 09:44:23,436 - INFO - Created PDF for રાવલીયા ભરતભાઈ 
2025-11-05 09:44:24,060 - INFO - Created image for રાવલીયા હર્ષદભાઈ 
2025-11-05 09:44:24,114 - INFO - Successfully converted image to PDF: invitations\invitation_રાવલીયા_હર્ષદભાઈ.pdf
2025-11-05 09:44:24,115 - INFO - Created PDF for રાવલીયા હર્ષદભાઈ 
2025-11-05 09:44:24,643 - INFO - Created image for નાઘેરા વજશીભાઈ
2025-11-05 09:44:24,678 - INFO - Successfully converted image to PDF: invitations\invitation_નાઘેરા_વજશીભાઈ.pdf
2025-11-05 09:44:24,679 - INFO - Created PDF for નાઘેરા વજશીભાઈ
2025-11-05 09:44:25,214 - INFO - Created image for નાગેરા પરબતભાઈ 
2025-11-05 09:44:25,250 - INFO - Successfully converted image to PDF: invitations\invitation_નાગેરા_પરબતભાઈ.pdf
2025-11-05 09:44:25,250 - INFO - Created PDF for નાગેરા પરબતભાઈ 
2025-11-05 09:44:25,774 - INFO - Created image for નાગેરા દેવરખીભાઈ 
2025-11-05 09:44:25,805 - INFO - Successfully converted image to PDF: invitations\invitation_નાગેરા_દેવરખીભાઈ.pdf
2025-11-05 09:44:25,807 - INFO - Created PDF for નાગેરા દેવરખીભાઈ 
2025-11-05 09:44:26,332 - INFO - Created image for વીંછી માલદેભાઈ 
2025-11-05 09:44:26,410 - INFO - Successfully converted image to PDF: invitations\invitation_વીંછી_માલદેભાઈ.pdf
2025-11-05 09:44:26,411 - INFO - Created PDF for વીંછી માલદેભાઈ 
2025-11-05 09:44:26,968 - INFO - Created image for જાદવ ઘુઘાભાઇ 
2025-11-05 09:44:27,116 - INFO - Successfully converted image to PDF: invitations\invitation_જાદવ_ઘુઘાભાઇ.pdf
2025-11-05 09:44:27,120 - INFO - Created PDF for જાદવ ઘુઘાભાઇ 
2025-11-05 09:44:27,664 - INFO - Created image for હાથલીયા કાનાભાઈ 
2025-11-05 09:44:27,730 - INFO - Successfully converted image to PDF: invitations\invitation_હાથલીયા_કાનાભાઈ.pdf
2025-11-05 09:44:27,731 - INFO - Created PDF for હાથલીયા કાનાભાઈ 
2025-11-05 09:44:28,263 - INFO - Created image for ઘુલ નગાભાઈ
2025-11-05 09:44:28,306 - INFO - Successfully converted image to PDF: invitations\invitation_ઘુલ_નગાભાઈ.pdf
2025-11-05 09:44:28,307 - INFO - Created PDF for ઘુલ નગાભાઈ
2025-11-05 09:44:28,834 - INFO - Created image for બંધીયા વજા ભગત 
2025-11-05 09:44:28,875 - INFO - Successfully converted image to PDF: invitations\invitation_બંધીયા_વજા_ભગત.pdf
2025-11-05 09:44:28,876 - INFO - Created PDF for બંધીયા વજા ભગત 
2025-11-05 09:44:29,400 - INFO - Created image for ગઢવી દેવદાનભાઈ 
2025-11-05 09:44:29,433 - INFO - Successfully converted image to PDF: invitations\invitation_ગઢવી_દેવદાનભાઈ.pdf
2025-11-05 09:44:29,434 - INFO - Created PDF for ગઢવી દેવદાનભાઈ 
2025-11-05 09:44:29,960 - INFO - Created image for કાંબલીયા મેરામણભાઇ
2025-11-05 09:44:29,999 - INFO - Successfully converted image to PDF: invitations\invitation_કાંબલીયા_મેરામણભાઇ.pdf
2025-11-05 09:44:30,000 - INFO - Created PDF for કાંબલીયા મેરામણભાઇ
2025-11-05 09:44:30,527 - INFO - Created image for જાદવ હમીરભાઇ અને જાદવ ભનાભાઈ 
2025-11-05 09:44:30,580 - INFO - Successfully converted image to PDF: invitations\invitation_જાદવ_હમીરભાઇ_અને_જાદવ_ભનાભાઈ.pdf
2025-11-05 09:44:30,581 - INFO - Created PDF for જાદવ હમીરભાઇ અને જાદવ ભનાભાઈ 
2025-11-05 09:44:31,188 - INFO - Created image for જાદવ રામાભાઈ 
2025-11-05 09:44:31,285 - INFO - Successfully converted image to PDF: invitations\invitation_જાદવ_રામાભાઈ.pdf
2025-11-05 09:44:31,286 - INFO - Created PDF for જાદવ રામાભાઈ 
2025-11-05 09:44:31,830 - INFO - Created image for જાદવ લખમણભાઇ  જાદવ કારાભાઈ
2025-11-05 09:44:31,862 - INFO - Successfully converted image to PDF: invitations\invitation_જાદવ_લખમણભાઇ _જાદવ_કારાભાઈ.pdf
2025-11-05 09:44:31,863 - INFO - Created PDF for જાદવ લખમણભાઇ  જાદવ કારાભાઈ
2025-11-05 09:44:32,387 - INFO - Created image for જાદવ વીરમભાઈ 
2025-11-05 09:44:32,418 - INFO - Successfully converted image to PDF: invitations\invitation_જાદવ_વીરમભાઈ.pdf
2025-11-05 09:44:32,419 - INFO - Created PDF for જાદવ વીરમભાઈ 
2025-11-05 09:44:32,944 - INFO - Created image for ગંભીર રામભાઈ 
2025-11-05 09:44:32,977 - INFO - Successfully converted image to PDF: invitations\invitation_ગંભીર_રામભાઈ.pdf
2025-11-05 09:44:32,978 - INFO - Created PDF for ગંભીર રામભાઈ 
2025-11-05 09:44:33,502 - INFO - Created image for ગંભીર જીવાભાઇ 
2025-11-05 09:44:33,565 - INFO - Successfully converted image to PDF: invitations\invitation_ગંભીર_જીવાભાઇ.pdf
2025-11-05 09:44:33,566 - INFO - Created PDF for ગંભીર જીવાભાઇ 
2025-11-05 09:44:34,194 - INFO - Created image for ગંભીર નારણભાઈ 
2025-11-05 09:44:34,293 - INFO - Successfully converted image to PDF: invitations\invitation_ગંભીર_નારણભાઈ.pdf
2025-11-05 09:44:34,295 - INFO - Created PDF for ગંભીર નારણભાઈ 
2025-11-05 09:44:34,836 - INFO - Created image for ઢેબર બાપુ 
2025-11-05 09:44:34,894 - INFO - Successfully converted image to PDF: invitations\invitation_ઢેબર_બાપુ.pdf
2025-11-05 09:44:34,895 - INFO - Created PDF for ઢેબર બાપુ 
2025-11-05 09:44:35,435 - INFO - Created image for રાવલીયા મીનાક્ષીબેન કૌશીકભાઈ 
2025-11-05 09:44:35,491 - INFO - Successfully converted image to PDF: invitations\invitation_રાવલીયા_મીનાક્ષીબેન_કૌશીકભાઈ.pdf
2025-11-05 09:44:35,493 - INFO - Created PDF for રાવલીયા મીનાક્ષીબેન કૌશીકભાઈ 
2025-11-05 09:44:36,035 - INFO - Created image for જાદવ વીજયભાઈ 
2025-11-05 09:44:36,091 - INFO - Successfully converted image to PDF: invitations\invitation_જાદવ_વીજયભાઈ.pdf
2025-11-05 09:44:36,093 - INFO - Created PDF for જાદવ વીજયભાઈ 
2025-11-05 09:44:36,627 - INFO - Created image for ગરેણીયા અમૃતભાઈ 
2025-11-05 09:44:36,682 - INFO - Successfully converted image to PDF: invitations\invitation_ગરેણીયા_અમૃતભાઈ.pdf
2025-11-05 09:44:36,683 - INFO - Created PDF for ગરેણીયા અમૃતભાઈ 
2025-11-05 09:44:37,215 - INFO - Created image for ગરેણીયા અમૃતભાઈ 
2025-11-05 09:44:37,253 - INFO - Successfully converted image to PDF: invitations\invitation_ગરેણીયા_અમૃતભાઈ.pdf
2025-11-05 09:44:37,254 - INFO - Created PDF for ગરેણીયા અમૃતભાઈ 
2025-11-05 09:44:37,950 - INFO - Created image for ડેર ચનાભાઈ ભગુભાઈ
2025-11-05 09:44:38,098 - INFO - Successfully converted image to PDF: invitations\invitation_ડેર_ચનાભાઈ_ભગુભાઈ.pdf
2025-11-05 09:44:38,110 - INFO - Created PDF for ડેર ચનાભાઈ ભગુભાઈ
2025-11-05 09:44:38,648 - INFO - Created image for કરંગીયા સરમણભાઈ 
2025-11-05 09:44:38,708 - INFO - Successfully converted image to PDF: invitations\invitation_કરંગીયા_સરમણભાઈ.pdf
2025-11-05 09:44:38,709 - INFO - Created PDF for કરંગીયા સરમણભાઈ 
2025-11-05 09:44:39,242 - INFO - Created image for ભાદરકા પરબતભાઈ 
2025-11-05 09:44:39,299 - INFO - Successfully converted image to PDF: invitations\invitation_ભાદરકા_પરબતભાઈ.pdf
2025-11-05 09:44:39,300 - INFO - Created PDF for ભાદરકા પરબતભાઈ 
2025-11-05 09:44:39,824 - INFO - Created image for ભાદરકા કારાભાઈ 
2025-11-05 09:44:39,858 - INFO - Successfully converted image to PDF: invitations\invitation_ભાદરકા_કારાભાઈ.pdf
2025-11-05 09:44:39,858 - INFO - Created PDF for ભાદરકા કારાભાઈ 
2025-11-05 09:44:40,400 - INFO - Created image for કાંબલીયા રામભાઈ 
2025-11-05 09:44:40,437 - INFO - Successfully converted image to PDF: invitations\invitation_કાંબલીયા_રામભાઈ.pdf
2025-11-05 09:44:40,439 - INFO - Created PDF for કાંબલીયા રામભાઈ 
2025-11-05 09:44:40,971 - INFO - Created image for પીઠીયા દેવાયતભાઈ 
2025-11-05 09:44:41,010 - INFO - Successfully converted image to PDF: invitations\invitation_પીઠીયા_દેવાયતભાઈ.pdf
2025-11-05 09:44:41,011 - INFO - Created PDF for પીઠીયા દેવાયતભાઈ 
2025-11-05 09:44:41,544 - INFO - Created image for જોગલ અરજણભાઈ 
2025-11-05 09:44:41,601 - INFO - Successfully converted image to PDF: invitations\invitation_જોગલ_અરજણભાઈ.pdf
2025-11-05 09:44:41,602 - INFO - Created PDF for જોગલ અરજણભાઈ 
2025-11-05 09:44:42,129 - INFO - Created image for જોગલ અરજણભાઈ 
2025-11-05 09:44:42,162 - INFO - Successfully converted image to PDF: invitations\invitation_જોગલ_અરજણભાઈ.pdf
2025-11-05 09:44:42,162 - INFO - Created PDF for જોગલ અરજણભાઈ 
2025-11-05 09:44:42,832 - INFO - Created image for ભાદરકા કાનાભાઈ ગીગાભાઈ 
2025-11-05 09:44:42,932 - INFO - Successfully converted image to PDF: invitations\invitation_ભાદરકા_કાનાભાઈ_ગીગાભાઈ.pdf
2025-11-05 09:44:42,934 - INFO - Created PDF for ભાદરકા કાનાભાઈ ગીગાભાઈ 
2025-11-05 09:44:43,467 - INFO - Created image for ભાદરકા નારણભાઈ ગીગાભાઈ 
2025-11-05 09:44:43,501 - INFO - Successfully converted image to PDF: invitations\invitation_ભાદરકા_નારણભાઈ_ગીગાભાઈ.pdf
2025-11-05 09:44:43,503 - INFO - Created PDF for ભાદરકા નારણભાઈ ગીગાભાઈ 
2025-11-05 09:44:44,035 - INFO - Created image for માડમ રામશીભાઈ
2025-11-05 09:44:44,123 - INFO - Successfully converted image to PDF: invitations\invitation_માડમ_રામશીભાઈ.pdf
2025-11-05 09:44:44,127 - INFO - Created PDF for માડમ રામશીભાઈ
2025-11-05 09:44:44,792 - INFO - Created image for માડમ રામશીભાઈ
2025-11-05 09:44:44,868 - INFO - Successfully converted image to PDF: invitations\invitation_માડમ_રામશીભાઈ.pdf
2025-11-05 09:44:44,869 - INFO - Created PDF for માડમ રામશીભાઈ
2025-11-05 09:44:45,409 - INFO - Created image for માડમ કાનાભાઈ 
2025-11-05 09:44:45,459 - INFO - Successfully converted image to PDF: invitations\invitation_માડમ_કાનાભાઈ.pdf
2025-11-05 09:44:45,460 - INFO - Created PDF for માડમ કાનાભાઈ 
2025-11-05 09:44:45,994 - INFO - Created image for જોગલ પરબતભાઈ ભીમશીભાઈ 
2025-11-05 09:44:46,045 - INFO - Successfully converted image to PDF: invitations\invitation_જોગલ_પરબતભાઈ_ભીમશીભાઈ.pdf
2025-11-05 09:44:46,047 - INFO - Created PDF for જોગલ પરબતભાઈ ભીમશીભાઈ 
2025-11-05 09:44:46,578 - INFO - Created image for ચૌહાણ વીરમભાઈ 
2025-11-05 09:44:46,610 - INFO - Successfully converted image to PDF: invitations\invitation_ચૌહાણ_વીરમભાઈ.pdf
2025-11-05 09:44:46,611 - INFO - Created PDF for ચૌહાણ વીરમભાઈ 
2025-11-05 09:44:47,140 - INFO - Created image for કાંબલીયા વીરમભાઈ 
2025-11-05 09:44:47,185 - INFO - Successfully converted image to PDF: invitations\invitation_કાંબલીયા_વીરમભાઈ.pdf
2025-11-05 09:44:47,186 - INFO - Created PDF for કાંબલીયા વીરમભાઈ 
2025-11-05 09:44:47,744 - INFO - Created image for માડમ માલદેભાઈ 
2025-11-05 09:44:47,942 - INFO - Successfully converted image to PDF: invitations\invitation_માડમ_માલદેભાઈ.pdf
2025-11-05 09:44:47,960 - INFO - Created PDF for માડમ માલદેભાઈ 
2025-11-05 09:44:48,510 - INFO - Created image for માડમ માલદેભાઈ 
2025-11-05 09:44:48,559 - INFO - Successfully converted image to PDF: invitations\invitation_માડમ_માલદેભાઈ.pdf
2025-11-05 09:44:48,560 - INFO - Created PDF for માડમ માલદેભાઈ 
2025-11-05 09:44:49,086 - INFO - Created image for માલદે કાળુભાઈ 
2025-11-05 09:44:49,120 - INFO - Successfully converted image to PDF: invitations\invitation_માલદે_કાળુભાઈ.pdf
2025-11-05 09:44:49,121 - INFO - Created PDF for માલદે કાળુભાઈ 
2025-11-05 09:44:49,660 - INFO - Created image for મૈતર જગાભાઈ
2025-11-05 09:44:49,712 - INFO - Successfully converted image to PDF: invitations\invitation_મૈતર_જગાભાઈ.pdf
2025-11-05 09:44:49,713 - INFO - Created PDF for મૈતર જગાભાઈ
2025-11-05 09:44:50,246 - INFO - Created image for ગોધમ હાજાભાઇ 
2025-11-05 09:44:50,295 - INFO - Successfully converted image to PDF: invitations\invitation_ગોધમ_હાજાભાઇ.pdf
2025-11-05 09:44:50,296 - INFO - Created PDF for ગોધમ હાજાભાઇ 
2025-11-05 09:44:50,822 - INFO - Created image for મૈતર કનુભાઈ 
2025-11-05 09:44:50,862 - INFO - Successfully converted image to PDF: invitations\invitation_મૈતર_કનુભાઈ.pdf
2025-11-05 09:44:50,863 - INFO - Created PDF for મૈતર કનુભાઈ 
2025-11-05 09:44:51,394 - INFO - Created image for મૈતર ભીખાભાઈ 
2025-11-05 09:44:51,441 - INFO - Successfully converted image to PDF: invitations\invitation_મૈતર_ભીખાભાઈ.pdf
2025-11-05 09:44:51,444 - INFO - Created PDF for મૈતર ભીખાભાઈ 
2025-11-05 09:44:51,969 - INFO - Created image for મૈતર મેરાભાઈ
2025-11-05 09:44:52,002 - INFO - Successfully converted image to PDF: invitations\invitation_મૈતર_મેરાભાઈ.pdf
2025-11-05 09:44:52,002 - INFO - Created PDF for મૈતર મેરાભાઈ
2025-11-05 09:44:52,529 - INFO - Created image for મૈતર નારણભાઈ 
2025-11-05 09:44:52,594 - INFO - Successfully converted image to PDF: invitations\invitation_મૈતર_નારણભાઈ.pdf
2025-11-05 09:44:52,596 - INFO - Created PDF for મૈતર નારણભાઈ 
2025-11-05 09:44:53,610 - INFO - Created image for બંધીયા મુનાભાઈ
2025-11-05 09:44:54,093 - INFO - Successfully converted image to PDF: invitations\invitation_બંધીયા_મુનાભાઈ.pdf
2025-11-05 09:44:54,114 - INFO - Created PDF for બંધીયા મુનાભાઈ
2025-11-05 09:44:55,067 - INFO - Created image for માડમ લખમણભાઇ
2025-11-05 09:44:55,461 - INFO - Successfully converted image to PDF: invitations\invitation_માડમ_લખમણભાઇ.pdf
2025-11-05 09:44:55,476 - INFO - Created PDF for માડમ લખમણભાઇ
2025-11-05 09:44:56,119 - INFO - Created image for માડમ લખમણભાઇ
2025-11-05 09:44:56,294 - INFO - Successfully converted image to PDF: invitations\invitation_માડમ_લખમણભાઇ.pdf
2025-11-05 09:44:56,296 - INFO - Created PDF for માડમ લખમણભાઇ
2025-11-05 09:44:57,008 - INFO - Created image for માડમ લખમણભાઇ
2025-11-05 09:44:57,094 - INFO - Successfully converted image to PDF: invitations\invitation_માડમ_લખમણભાઇ.pdf
2025-11-05 09:44:57,096 - INFO - Created PDF for માડમ લખમણભાઇ
2025-11-05 09:44:57,784 - INFO - Created image for બંધીયા લખમણભાઇ
2025-11-05 09:44:57,983 - INFO - Successfully converted image to PDF: invitations\invitation_બંધીયા_લખમણભાઇ.pdf
2025-11-05 09:44:57,996 - INFO - Created PDF for બંધીયા લખમણભાઇ
2025-11-05 09:44:58,582 - INFO - Created image for બંધીયા સવદાસભાઈ 
2025-11-05 09:44:58,647 - INFO - Successfully converted image to PDF: invitations\invitation_બંધીયા_સવદાસભાઈ.pdf
2025-11-05 09:44:58,648 - INFO - Created PDF for બંધીયા સવદાસભાઈ 
2025-11-05 09:44:59,775 - INFO - Created image for કરમુર દેવાયતભાઈ 
2025-11-05 09:45:02,410 - INFO - Successfully converted image to PDF: invitations\invitation_કરમુર_દેવાયતભાઈ.pdf
2025-11-05 09:45:02,473 - INFO - Created PDF for કરમુર દેવાયતભાઈ 
2025-11-05 09:45:03,525 - INFO - Created image for માડમ હરદાસભાઇ 
2025-11-05 09:45:04,323 - INFO - Successfully converted image to PDF: invitations\invitation_માડમ_હરદાસભાઇ.pdf
2025-11-05 09:45:04,339 - INFO - Created PDF for માડમ હરદાસભાઇ 
2025-11-05 09:45:04,947 - INFO - Created image for મેડમ પીયુશભાઈ મેરામણભાઇ
2025-11-05 09:45:05,071 - INFO - Successfully converted image to PDF: invitations\invitation_મેડમ_પીયુશભાઈ_મેરામણભાઇ.pdf
2025-11-05 09:45:05,076 - INFO - Created PDF for મેડમ પીયુશભાઈ મેરામણભાઇ
2025-11-05 09:45:05,778 - INFO - Created image for નાઘેરા દેવાયતભાઈ 
2025-11-05 09:45:06,041 - INFO - Successfully converted image to PDF: invitations\invitation_નાઘેરા_દેવાયતભાઈ.pdf
2025-11-05 09:45:06,057 - INFO - Created PDF for નાઘેરા દેવાયતભાઈ 
2025-11-05 09:45:06,749 - INFO - Created image for રાવલીયા જીવતીબેન
2025-11-05 09:45:06,831 - INFO - Successfully converted image to PDF: invitations\invitation_રાવલીયા_જીવતીબેન.pdf
2025-11-05 09:45:06,863 - INFO - Created PDF for રાવલીયા જીવતીબેન
2025-11-05 09:45:07,538 - INFO - Created image for ગર વીરલભાઈ કાનાભાઈ 
2025-11-05 09:45:07,722 - INFO - Successfully converted image to PDF: invitations\invitation_ગર_વીરલભાઈ_કાનાભાઈ.pdf
2025-11-05 09:45:07,728 - INFO - Created PDF for ગર વીરલભાઈ કાનાભાઈ 
2025-11-05 09:45:08,281 - INFO - Created image for પીઠીયા પ્રદીપભાઈ 
2025-11-05 09:45:08,353 - INFO - Successfully converted image to PDF: invitations\invitation_પીઠીયા_પ્રદીપભાઈ.pdf
2025-11-05 09:45:08,355 - INFO - Created PDF for પીઠીયા પ્રદીપભાઈ 
2025-11-05 09:45:10,859 - INFO - Created image for પાડા રસીકભાઈ 
2025-11-05 09:45:10,945 - INFO - Successfully converted image to PDF: invitations\invitation_પાડા_રસીકભાઈ.pdf
2025-11-05 09:45:10,950 - INFO - Created PDF for પાડા રસીકભાઈ 
2025-11-05 09:45:11,515 - INFO - Created image for રાવલીયા જીવાભાઇ 
2025-11-05 09:45:11,577 - INFO - Successfully converted image to PDF: invitations\invitation_રાવલીયા_જીવાભાઇ.pdf
2025-11-05 09:45:11,580 - INFO - Created PDF for રાવલીયા જીવાભાઇ 
2025-11-05 09:45:12,181 - INFO - Created image for રમેશભાઈ શીવધારા ફાર્મ 
2025-11-05 09:45:12,265 - INFO - Successfully converted image to PDF: invitations\invitation_રમેશભાઈ_શીવધારા_ફાર્મ.pdf
2025-11-05 09:45:12,269 - INFO - Created PDF for રમેશભાઈ શીવધારા ફાર્મ 
2025-11-05 09:45:13,112 - INFO - Created image for સોલંકી હરદાશભાઈ 
2025-11-05 09:45:13,196 - INFO - Successfully converted image to PDF: invitations\invitation_સોલંકી_હરદાશભાઈ.pdf
2025-11-05 09:45:13,199 - INFO - Created PDF for સોલંકી હરદાશભાઈ 
2025-11-05 09:45:13,739 - INFO - Created image for ડાંગર નગાભાઈ 
2025-11-05 09:45:13,778 - INFO - Successfully converted image to PDF: invitations\invitation_ડાંગર_નગાભાઈ.pdf
2025-11-05 09:45:13,779 - INFO - Created PDF for ડાંગર નગાભાઈ 
2025-11-05 09:45:14,313 - INFO - Created image for રામ કીશોરભાઈ 
2025-11-05 09:45:14,365 - INFO - Successfully converted image to PDF: invitations\invitation_રામ_કીશોરભાઈ.pdf
2025-11-05 09:45:14,368 - INFO - Created PDF for રામ કીશોરભાઈ 
2025-11-05 09:45:14,914 - INFO - Created image for ભાદરકા સોમાતભાઈ
2025-11-05 09:45:14,958 - INFO - Successfully converted image to PDF: invitations\invitation_ભાદરકા_સોમાતભાઈ.pdf
2025-11-05 09:45:14,959 - INFO - Created PDF for ભાદરકા સોમાતભાઈ
2025-11-05 09:45:15,510 - INFO - Created image for ભાદરકા સોમાતભાઈ
2025-11-05 09:45:15,614 - INFO - Successfully converted image to PDF: invitations\invitation_ભાદરકા_સોમાતભાઈ.pdf
2025-11-05 09:45:15,615 - INFO - Created PDF for ભાદરકા સોમાતભાઈ
2025-11-05 09:45:16,150 - INFO - Created image for ડો. ચીરાગભાઈ પીઠીયા 
2025-11-05 09:45:16,197 - INFO - Successfully converted image to PDF: invitations\invitation_ડો._ચીરાગભાઈ_પીઠીયા.pdf
2025-11-05 09:45:16,199 - INFO - Created PDF for ડો. ચીરાગભાઈ પીઠીયા 
2025-11-05 09:45:16,745 - INFO - Created image for ખોડભાયા પરબતભાઈ 
2025-11-05 09:45:16,806 - INFO - Successfully converted image to PDF: invitations\invitation_ખોડભાયા_પરબતભાઈ.pdf
2025-11-05 09:45:16,808 - INFO - Created PDF for ખોડભાયા પરબતભાઈ 
2025-11-05 09:45:18,565 - INFO - Created image for રાવલીયા હરેશભાઈ 
2025-11-05 09:45:18,698 - INFO - Successfully converted image to PDF: invitations\invitation_રાવલીયા_હરેશભાઈ.pdf
2025-11-05 09:45:18,700 - INFO - Created PDF for રાવલીયા હરેશભાઈ 
2025-11-05 09:45:19,314 - INFO - Created image for નરેન્દ્રભાઈ ગેરેજ 
2025-11-05 09:45:19,392 - INFO - Successfully converted image to PDF: invitations\invitation_નરેન્દ્રભાઈ_ગેરેજ.pdf
2025-11-05 09:45:19,393 - INFO - Created PDF for નરેન્દ્રભાઈ ગેરેજ 
2025-11-05 09:45:20,612 - INFO - Created image for સોલંકી કમલેશભાઈ 
2025-11-05 09:45:20,708 - INFO - Successfully converted image to PDF: invitations\invitation_સોલંકી_કમલેશભાઈ.pdf
2025-11-05 09:45:20,710 - INFO - Created PDF for સોલંકી કમલેશભાઈ 
2025-11-05 09:45:21,258 - INFO - Created image for સોલંકી નાથાભાઈ 
2025-11-05 09:45:21,334 - INFO - Successfully converted image to PDF: invitations\invitation_સોલંકી_નાથાભાઈ.pdf
2025-11-05 09:45:21,339 - INFO - Created PDF for સોલંકી નાથાભાઈ 
2025-11-05 09:45:21,907 - INFO - Created image for સોલંકી ભનાભાઈ
2025-11-05 09:45:21,966 - INFO - Successfully converted image to PDF: invitations\invitation_સોલંકી_ભનાભાઈ.pdf
2025-11-05 09:45:21,971 - INFO - Created PDF for સોલંકી ભનાભાઈ
2025-11-05 09:45:22,518 - INFO - Created image for સોલંકી કીશોરભાઈ 
2025-11-05 09:45:22,598 - INFO - Successfully converted image to PDF: invitations\invitation_સોલંકી_કીશોરભાઈ.pdf
2025-11-05 09:45:22,600 - INFO - Created PDF for સોલંકી કીશોરભાઈ 
2025-11-05 09:45:23,233 - INFO - Created image for સોલંકી મુકેશભાઈ કરશનભાઈ તથા સોલંકી પ્રવીણભાઈ કરશનભાઈ
2025-11-05 09:45:23,310 - INFO - Successfully converted image to PDF: invitations\invitation_સોલંકી_મુકેશભાઈ_કરશનભાઈ_તથા_સોલંકી_પ્રવીણભાઈ_કરશનભાઈ.pdf
2025-11-05 09:45:23,311 - INFO - Created PDF for સોલંકી મુકેશભાઈ કરશનભાઈ તથા સોલંકી પ્રવીણભાઈ કરશનભાઈ
2025-11-05 09:45:23,853 - INFO - Created image for જાદવ વીપુલભાઈ 
2025-11-05 09:45:23,910 - INFO - Successfully converted image to PDF: invitations\invitation_જાદવ_વીપુલભાઈ.pdf
2025-11-05 09:45:23,911 - INFO - Created PDF for જાદવ વીપુલભાઈ 
2025-11-05 09:45:24,514 - INFO - Created image for જાદવ વીપુલભાઈ 
2025-11-05 09:45:24,604 - INFO - Successfully converted image to PDF: invitations\invitation_જાદવ_વીપુલભાઈ.pdf
2025-11-05 09:45:24,608 - INFO - Created PDF for જાદવ વીપુલભાઈ 
2025-11-05 09:45:25,176 - INFO - Created image for પીઠીયા અભયભાઈ
2025-11-05 09:45:25,231 - INFO - Successfully converted image to PDF: invitations\invitation_પીઠીયા_અભયભાઈ.pdf
2025-11-05 09:45:25,233 - INFO - Created PDF for પીઠીયા અભયભાઈ
2025-11-05 09:45:25,770 - INFO - Created image for રાવલીયા સંજયભાઈ 
2025-11-05 09:45:25,814 - INFO - Successfully converted image to PDF: invitations\invitation_રાવલીયા_સંજયભાઈ.pdf
2025-11-05 09:45:25,816 - INFO - Created PDF for રાવલીયા સંજયભાઈ 
2025-11-05 09:45:26,356 - INFO - Created image for કાંબલીયા સરમણભાઈ 
2025-11-05 09:45:26,405 - INFO - Successfully converted image to PDF: invitations\invitation_કાંબલીયા_સરમણભાઈ.pdf
2025-11-05 09:45:26,409 - INFO - Created PDF for કાંબલીયા સરમણભાઈ 
2025-11-05 09:45:26,940 - INFO - Created image for કાંબલીયા વીજયભાઈ ભનાભાઇ 
2025-11-05 09:45:26,980 - INFO - Successfully converted image to PDF: invitations\invitation_કાંબલીયા_વીજયભાઈ_ભનાભાઇ.pdf
2025-11-05 09:45:26,981 - INFO - Created PDF for કાંબલીયા વીજયભાઈ ભનાભાઇ 
2025-11-05 09:45:27,512 - INFO - Created image for વીંછી ભનાભાઈ
2025-11-05 09:45:27,552 - INFO - Successfully converted image to PDF: invitations\invitation_વીંછી_ભનાભાઈ.pdf
2025-11-05 09:45:27,553 - INFO - Created PDF for વીંછી ભનાભાઈ
2025-11-05 09:45:28,087 - INFO - Created image for ભાદરકા બોઘાભાઈ
2025-11-05 09:45:28,126 - INFO - Successfully converted image to PDF: invitations\invitation_ભાદરકા_બોઘાભાઈ.pdf
2025-11-05 09:45:28,128 - INFO - Created PDF for ભાદરકા બોઘાભાઈ
2025-11-05 09:45:28,671 - INFO - Created image for ભાદરકા કાનાભાઈ 
2025-11-05 09:45:28,861 - INFO - Successfully converted image to PDF: invitations\invitation_ભાદરકા_કાનાભાઈ.pdf
2025-11-05 09:45:28,862 - INFO - Created PDF for ભાદરકા કાનાભાઈ 
2025-11-05 09:45:29,400 - INFO - Created image for ભાદરકા શાદુલભાઈ 
2025-11-05 09:45:29,447 - INFO - Successfully converted image to PDF: invitations\invitation_ભાદરકા_શાદુલભાઈ.pdf
2025-11-05 09:45:29,448 - INFO - Created PDF for ભાદરકા શાદુલભાઈ 
2025-11-05 09:45:29,988 - INFO - Created image for ભાદરકા જગાભાઈ 
2025-11-05 09:45:30,048 - INFO - Successfully converted image to PDF: invitations\invitation_ભાદરકા_જગાભાઈ.pdf
2025-11-05 09:45:30,050 - INFO - Created PDF for ભાદરકા જગાભાઈ 
2025-11-05 09:45:30,578 - INFO - Created image for ભાદરકા પરેશભાઈ
2025-11-05 09:45:30,619 - INFO - Successfully converted image to PDF: invitations\invitation_ભાદરકા_પરેશભાઈ.pdf
2025-11-05 09:45:30,622 - INFO - Created PDF for ભાદરકા પરેશભાઈ
2025-11-05 09:45:31,167 - INFO - Created image for ભાદરકા ગોવીંદભાઈ
2025-11-05 09:45:31,279 - INFO - Successfully converted image to PDF: invitations\invitation_ભાદરકા_ગોવીંદભાઈ.pdf
2025-11-05 09:45:31,281 - INFO - Created PDF for ભાદરકા ગોવીંદભાઈ
2025-11-05 09:45:31,949 - INFO - Created image for ભાદરકા ગોવીંદભાઈ
2025-11-05 09:45:32,015 - INFO - Successfully converted image to PDF: invitations\invitation_ભાદરકા_ગોવીંદભાઈ.pdf
2025-11-05 09:45:32,016 - INFO - Created PDF for ભાદરકા ગોવીંદભાઈ
2025-11-05 09:45:32,560 - INFO - Created image for ચૌહાણ એભાભાઈ
2025-11-05 09:45:32,618 - INFO - Successfully converted image to PDF: invitations\invitation_ચૌહાણ_એભાભાઈ.pdf
2025-11-05 09:45:32,621 - INFO - Created PDF for ચૌહાણ એભાભાઈ
2025-11-05 09:45:33,181 - INFO - Created image for વીઠ્ઠલભાઈ પટેલ 
2025-11-05 09:45:33,280 - INFO - Successfully converted image to PDF: invitations\invitation_વીઠ્ઠલભાઈ_પટેલ.pdf
2025-11-05 09:45:33,282 - INFO - Created PDF for વીઠ્ઠલભાઈ પટેલ 
2025-11-05 09:45:33,822 - INFO - Created image for અખેડ હમીરભાઇ
2025-11-05 09:45:33,916 - INFO - Successfully converted image to PDF: invitations\invitation_અખેડ_હમીરભાઇ.pdf
2025-11-05 09:45:33,919 - INFO - Created PDF for અખેડ હમીરભાઇ
2025-11-05 09:45:34,477 - INFO - Created image for અખેડ બાલુભાઈ 
2025-11-05 09:45:34,573 - INFO - Successfully converted image to PDF: invitations\invitation_અખેડ_બાલુભાઈ.pdf
2025-11-05 09:45:34,574 - INFO - Created PDF for અખેડ બાલુભાઈ 
2025-11-05 09:45:35,112 - INFO - Created image for અખેડ બાલુભાઈ 
2025-11-05 09:45:35,183 - INFO - Successfully converted image to PDF: invitations\invitation_અખેડ_બાલુભાઈ.pdf
2025-11-05 09:45:35,185 - INFO - Created PDF for અખેડ બાલુભાઈ 
2025-11-05 09:45:35,721 - INFO - Created image for અખેડ કરશનભાઈ કારાભાઈ 
2025-11-05 09:45:35,764 - INFO - Successfully converted image to PDF: invitations\invitation_અખેડ_કરશનભાઈ_કારાભાઈ.pdf
2025-11-05 09:45:35,765 - INFO - Created PDF for અખેડ કરશનભાઈ કારાભાઈ 
2025-11-05 09:45:36,310 - INFO - Created image for દીનેશભાઈ ભુવા આતા 
2025-11-05 09:45:36,353 - INFO - Successfully converted image to PDF: invitations\invitation_દીનેશભાઈ_ભુવા_આતા.pdf
2025-11-05 09:45:36,355 - INFO - Created PDF for દીનેશભાઈ ભુવા આતા 
2025-11-05 09:45:36,910 - INFO - Created image for અખેડ મહેશભાઈ બાબુભાઈ
2025-11-05 09:45:36,961 - INFO - Successfully converted image to PDF: invitations\invitation_અખેડ_મહેશભાઈ_બાબુભાઈ.pdf
2025-11-05 09:45:36,962 - INFO - Created PDF for અખેડ મહેશભાઈ બાબુભાઈ
2025-11-05 09:45:37,499 - INFO - Created image for કાંબલીયા રમેશભાઈ વકમાતભાઈ
2025-11-05 09:45:37,540 - INFO - Successfully converted image to PDF: invitations\invitation_કાંબલીયા_રમેશભાઈ_વકમાતભાઈ.pdf
2025-11-05 09:45:37,542 - INFO - Created PDF for કાંબલીયા રમેશભાઈ વકમાતભાઈ
2025-11-05 09:45:38,072 - INFO - Created image for અખેડ પ્રફુલભાઈ
2025-11-05 09:45:38,113 - INFO - Successfully converted image to PDF: invitations\invitation_અખેડ_પ્રફુલભાઈ.pdf
2025-11-05 09:45:38,114 - INFO - Created PDF for અખેડ પ્રફુલભાઈ
2025-11-05 09:45:38,643 - INFO - Created image for વીનુભાઈ બેરીયા 
2025-11-05 09:45:38,682 - INFO - Successfully converted image to PDF: invitations\invitation_વીનુભાઈ_બેરીયા.pdf
2025-11-05 09:45:38,683 - INFO - Created PDF for વીનુભાઈ બેરીયા 
2025-11-05 09:45:39,219 - INFO - Created image for વીનુભાઈ બેરીયા 
2025-11-05 09:45:39,259 - INFO - Successfully converted image to PDF: invitations\invitation_વીનુભાઈ_બેરીયા.pdf
2025-11-05 09:45:39,260 - INFO - Created PDF for વીનુભાઈ બેરીયા 
2025-11-05 09:45:39,797 - INFO - Created image for પીઠીયા કારાભાઈ
2025-11-05 09:45:39,841 - INFO - Successfully converted image to PDF: invitations\invitation_પીઠીયા_કારાભાઈ.pdf
2025-11-05 09:45:39,842 - INFO - Created PDF for પીઠીયા કારાભાઈ
2025-11-05 09:45:40,375 - INFO - Created image for પીઠીયા હમીરભાઇ
2025-11-05 09:45:40,416 - INFO - Successfully converted image to PDF: invitations\invitation_પીઠીયા_હમીરભાઇ.pdf
2025-11-05 09:45:40,417 - INFO - Created PDF for પીઠીયા હમીરભાઇ
2025-11-05 09:45:40,955 - INFO - Created image for પીઠીયા અરજણભાઈ 
2025-11-05 09:45:41,007 - INFO - Successfully converted image to PDF: invitations\invitation_પીઠીયા_અરજણભાઈ.pdf
2025-11-05 09:45:41,009 - INFO - Created PDF for પીઠીયા અરજણભાઈ 
2025-11-05 09:45:41,549 - INFO - Created image for વીંછી સાદુલભાઈ 
2025-11-05 09:45:41,601 - INFO - Successfully converted image to PDF: invitations\invitation_વીંછી_સાદુલભાઈ.pdf
2025-11-05 09:45:41,603 - INFO - Created PDF for વીંછી સાદુલભાઈ 
2025-11-05 09:45:42,138 - INFO - Created image for બારડ કારાભાઈ
2025-11-05 09:45:42,183 - INFO - Successfully converted image to PDF: invitations\invitation_બારડ_કારાભાઈ.pdf
2025-11-05 09:45:42,187 - INFO - Created PDF for બારડ કારાભાઈ
2025-11-05 09:45:42,733 - INFO - Created image for બારડ ભીખુભાઈ
2025-11-05 09:45:42,798 - INFO - Successfully converted image to PDF: invitations\invitation_બારડ_ભીખુભાઈ.pdf
2025-11-05 09:45:42,803 - INFO - Created PDF for બારડ ભીખુભાઈ
2025-11-05 09:45:43,757 - INFO - Created image for બારડ પરબતભાઈ
2025-11-05 09:45:43,816 - INFO - Successfully converted image to PDF: invitations\invitation_બારડ_પરબતભાઈ.pdf
2025-11-05 09:45:43,821 - INFO - Created PDF for બારડ પરબતભાઈ
2025-11-05 09:45:44,374 - INFO - Created image for બારડ કાનાભાઈ
2025-11-05 09:45:44,478 - INFO - Successfully converted image to PDF: invitations\invitation_બારડ_કાનાભાઈ.pdf
2025-11-05 09:45:44,479 - INFO - Created PDF for બારડ કાનાભાઈ
2025-11-05 09:45:45,025 - INFO - Created image for બારડ મનોજભાઈ
2025-11-05 09:45:45,090 - INFO - Successfully converted image to PDF: invitations\invitation_બારડ_મનોજભાઈ.pdf
2025-11-05 09:45:45,092 - INFO - Created PDF for બારડ મનોજભાઈ
2025-11-05 09:45:45,758 - INFO - Created image for વીંછી કરશનભાઈ
2025-11-05 09:45:45,840 - INFO - Successfully converted image to PDF: invitations\invitation_વીંછી_કરશનભાઈ.pdf
2025-11-05 09:45:45,845 - INFO - Created PDF for વીંછી કરશનભાઈ
2025-11-05 09:45:46,384 - INFO - Created image for બારડ ડોસાભાઈ
2025-11-05 09:45:46,440 - INFO - Successfully converted image to PDF: invitations\invitation_બારડ_ડોસાભાઈ.pdf
2025-11-05 09:45:46,442 - INFO - Created PDF for બારડ ડોસાભાઈ
2025-11-05 09:45:46,990 - INFO - Created image for રામભાઈ
2025-11-05 09:45:47,038 - INFO - Successfully converted image to PDF: invitations\invitation_રામભાઈ.pdf
2025-11-05 09:45:47,039 - INFO - Created PDF for રામભાઈ
2025-11-05 09:45:47,576 - INFO - Created image for કનુમામા લુવાસર
2025-11-05 09:45:47,637 - INFO - Successfully converted image to PDF: invitations\invitation_કનુમામા_લુવાસર.pdf
2025-11-05 09:45:47,639 - INFO - Created PDF for કનુમામા લુવાસર
2025-11-05 09:45:48,306 - INFO - Created image for કનુમામા લુવાસર
2025-11-05 09:45:48,359 - INFO - Successfully converted image to PDF: invitations\invitation_કનુમામા_લુવાસર.pdf
2025-11-05 09:45:48,361 - INFO - Created PDF for કનુમામા લુવાસર
2025-11-05 09:45:48,899 - INFO - Created image for વીંછી વીક્રમભાઈ
2025-11-05 09:45:48,957 - INFO - Successfully converted image to PDF: invitations\invitation_વીંછી_વીક્રમભાઈ.pdf
2025-11-05 09:45:48,962 - INFO - Created PDF for વીંછી વીક્રમભાઈ
2025-11-05 09:45:49,504 - INFO - Created image for નાઘેરા મેરામણભાઇ
2025-11-05 09:45:49,570 - INFO - Successfully converted image to PDF: invitations\invitation_નાઘેરા_મેરામણભાઇ.pdf
2025-11-05 09:45:49,573 - INFO - Created PDF for નાઘેરા મેરામણભાઇ
2025-11-05 09:45:50,113 - INFO - Created image for નાઘેરા મેરામણભાઇ
2025-11-05 09:45:50,214 - INFO - Successfully converted image to PDF: invitations\invitation_નાઘેરા_મેરામણભાઇ.pdf
2025-11-05 09:45:50,225 - INFO - Created PDF for નાઘેરા મેરામણભાઇ
2025-11-05 09:45:50,771 - INFO - Created image for કરંગીયા રામભાઈ
2025-11-05 09:45:50,824 - INFO - Successfully converted image to PDF: invitations\invitation_કરંગીયા_રામભાઈ.pdf
2025-11-05 09:45:50,826 - INFO - Created PDF for કરંગીયા રામભાઈ
2025-11-05 09:45:51,439 - INFO - Created image for કાંબલીયા ભીમાભાઇ
2025-11-05 09:45:51,840 - INFO - Successfully converted image to PDF: invitations\invitation_કાંબલીયા_ભીમાભાઇ.pdf
2025-11-05 09:45:51,931 - INFO - Created PDF for કાંબલીયા ભીમાભાઇ
2025-11-05 09:45:52,521 - INFO - Created image for કાંબલીયા કાનાભાઈ
2025-11-05 09:45:52,573 - INFO - Successfully converted image to PDF: invitations\invitation_કાંબલીયા_કાનાભાઈ.pdf
2025-11-05 09:45:52,575 - INFO - Created PDF for કાંબલીયા કાનાભાઈ
2025-11-05 09:45:53,114 - INFO - Created image for બારડ કાનાભાઈ
2025-11-05 09:45:53,174 - INFO - Successfully converted image to PDF: invitations\invitation_બારડ_કાનાભાઈ.pdf
2025-11-05 09:45:53,175 - INFO - Created PDF for બારડ કાનાભાઈ
2025-11-05 09:45:53,730 - INFO - Created image for બારડ મનોજભાઈ
2025-11-05 09:45:53,796 - INFO - Successfully converted image to PDF: invitations\invitation_બારડ_મનોજભાઈ.pdf
2025-11-05 09:45:53,802 - INFO - Created PDF for બારડ મનોજભાઈ
2025-11-05 09:45:54,339 - INFO - Created image for રામ હરેશભાઈ
2025-11-05 09:45:54,381 - INFO - Successfully converted image to PDF: invitations\invitation_રામ_હરેશભાઈ.pdf
2025-11-05 09:45:54,382 - INFO - Created PDF for રામ હરેશભાઈ
2025-11-05 09:45:54,910 - INFO - Created image for રામ કુમારભાઈ
2025-11-05 09:45:54,948 - INFO - Successfully converted image to PDF: invitations\invitation_રામ_કુમારભાઈ.pdf
2025-11-05 09:45:54,949 - INFO - Created PDF for રામ કુમારભાઈ
2025-11-05 09:45:55,476 - INFO - Created image for નંદાણીયા મુકેશભાઈ 
2025-11-05 09:45:55,517 - INFO - Successfully converted image to PDF: invitations\invitation_નંદાણીયા_મુકેશભાઈ.pdf
2025-11-05 09:45:55,518 - INFO - Created PDF for નંદાણીયા મુકેશભાઈ 
2025-11-05 09:45:56,062 - INFO - Created image for બારૈયા હરદાશભાઇ 
2025-11-05 09:45:56,110 - INFO - Successfully converted image to PDF: invitations\invitation_બારૈયા_હરદાશભાઇ.pdf
2025-11-05 09:45:56,111 - INFO - Created PDF for બારૈયા હરદાશભાઇ 
2025-11-05 09:45:56,645 - INFO - Created image for હડીયા રામભાઈ 
2025-11-05 09:45:56,692 - INFO - Successfully converted image to PDF: invitations\invitation_હડીયા_રામભાઈ.pdf
2025-11-05 09:45:56,694 - INFO - Created PDF for હડીયા રામભાઈ 
2025-11-05 09:45:57,236 - INFO - Created image for રાવલીયા હરદાસભાઇ 
2025-11-05 09:45:57,284 - INFO - Successfully converted image to PDF: invitations\invitation_રાવલીયા_હરદાસભાઇ.pdf
2025-11-05 09:45:57,286 - INFO - Created PDF for રાવલીયા હરદાસભાઇ 
2025-11-05 09:45:57,958 - INFO - Created image for પુછડીયા હર્ષદભાઈ
2025-11-05 09:45:58,243 - INFO - Successfully converted image to PDF: invitations\invitation_પુછડીયા_હર્ષદભાઈ.pdf
2025-11-05 09:45:58,248 - INFO - Created PDF for પુછડીયા હર્ષદભાઈ
2025-11-05 09:45:58,786 - INFO - Created image for સુવા નીરવભાઈ 
2025-11-05 09:45:58,827 - INFO - Successfully converted image to PDF: invitations\invitation_સુવા_નીરવભાઈ.pdf
2025-11-05 09:45:58,828 - INFO - Created PDF for સુવા નીરવભાઈ 
2025-11-05 09:45:59,370 - INFO - Created image for નાઘેરા રમેશભાઈ 
2025-11-05 09:45:59,431 - INFO - Successfully converted image to PDF: invitations\invitation_નાઘેરા_રમેશભાઈ.pdf
2025-11-05 09:45:59,434 - INFO - Created PDF for નાઘેરા રમેશભાઈ 
2025-11-05 09:45:59,973 - INFO - Created image for નાઘેરા રામભાઈ 
2025-11-05 09:46:00,035 - INFO - Successfully converted image to PDF: invitations\invitation_નાઘેરા_રામભાઈ.pdf
2025-11-05 09:46:00,040 - INFO - Created PDF for નાઘેરા રામભાઈ 
2025-11-05 09:46:00,589 - INFO - Created image for નાધેરા પરબતભાઈ 
2025-11-05 09:46:00,642 - INFO - Successfully converted image to PDF: invitations\invitation_નાધેરા_પરબતભાઈ.pdf
2025-11-05 09:46:00,642 - INFO - Created PDF for નાધેરા પરબતભાઈ 
2025-11-05 09:46:01,176 - INFO - Created image for નાધેરા વકમાતભાઈ 
2025-11-05 09:46:01,224 - INFO - Successfully converted image to PDF: invitations\invitation_નાધેરા_વકમાતભાઈ.pdf
2025-11-05 09:46:01,225 - INFO - Created PDF for નાધેરા વકમાતભાઈ 
2025-11-05 09:46:01,761 - INFO - Created image for પટેલ અંકીતભાઈ તથા પટેલ વીવેકભાઈ
2025-11-05 09:46:01,805 - INFO - Successfully converted image to PDF: invitations\invitation_પટેલ_અંકીતભાઈ_તથા_પટેલ_વીવેકભાઈ.pdf
2025-11-05 09:46:01,806 - INFO - Created PDF for પટેલ અંકીતભાઈ તથા પટેલ વીવેકભાઈ
2025-11-05 09:46:02,339 - INFO - Created image for પટેલ અંકીતભાઈ તથા પટેલ વીવેકભાઈ
2025-11-05 09:46:02,376 - INFO - Successfully converted image to PDF: invitations\invitation_પટેલ_અંકીતભાઈ_તથા_પટેલ_વીવેકભાઈ.pdf
2025-11-05 09:46:02,377 - INFO - Created PDF for પટેલ અંકીતભાઈ તથા પટેલ વીવેકભાઈ
2025-11-05 09:46:02,907 - INFO - Created image for વાળા જીગ્નેશભાઈ
2025-11-05 09:46:02,945 - INFO - Successfully converted image to PDF: invitations\invitation_વાળા_જીગ્નેશભાઈ.pdf
2025-11-05 09:46:02,946 - INFO - Created PDF for વાળા જીગ્નેશભાઈ
2025-11-05 09:46:03,485 - INFO - Created image for વાળા જીગ્નેશભાઈ
2025-11-05 09:46:03,530 - INFO - Successfully converted image to PDF: invitations\invitation_વાળા_જીગ્નેશભાઈ.pdf
2025-11-05 09:46:03,531 - INFO - Created PDF for વાળા જીગ્નેશભાઈ
2025-11-05 09:46:04,064 - INFO - Created image for નંદાણીયા ચીરાગભાઈ 
2025-11-05 09:46:04,105 - INFO - Successfully converted image to PDF: invitations\invitation_નંદાણીયા_ચીરાગભાઈ.pdf
2025-11-05 09:46:04,106 - INFO - Created PDF for નંદાણીયા ચીરાગભાઈ 
2025-11-05 09:46:04,642 - INFO - Created image for ભેડા બાદુરભાઈ નારણભાઈ
2025-11-05 09:46:04,685 - INFO - Successfully converted image to PDF: invitations\invitation_ભેડા બાદુરભાઈ_નારણભાઈ.pdf
2025-11-05 09:46:04,687 - INFO - Created PDF for ભેડા બાદુરભાઈ નારણભાઈ
2025-11-05 09:46:05,281 - INFO - Created image for ભેડા મયુરભાઈ બાદુરભાઈ
2025-11-05 09:46:05,523 - INFO - Successfully converted image to PDF: invitations\invitation_ભેડા મયુરભાઈ_બાદુરભાઈ.pdf
2025-11-05 09:46:05,536 - INFO - Created PDF for ભેડા મયુરભાઈ બાદુરભાઈ
2025-11-05 09:46:06,265 - INFO - Created image for મહેતા મુકેશભાઈ
2025-11-05 09:46:06,419 - INFO - Successfully converted image to PDF: invitations\invitation_મહેતા_મુકેશભાઈ.pdf
2025-11-05 09:46:06,422 - INFO - Created PDF for મહેતા મુકેશભાઈ
2025-11-05 09:46:06,955 - INFO - Created image for મહેશભાઈ
2025-11-05 09:46:06,992 - INFO - Successfully converted image to PDF: invitations\invitation_મહેશભાઈ.pdf
2025-11-05 09:46:06,992 - INFO - Created PDF for મહેશભાઈ
2025-11-05 09:46:07,526 - INFO - Created image for શીલાભાઈ
2025-11-05 09:46:07,573 - INFO - Successfully converted image to PDF: invitations\invitation_શીલાભાઈ.pdf
2025-11-05 09:46:07,574 - INFO - Created PDF for શીલાભાઈ
2025-11-05 09:46:08,118 - INFO - Created image for મુસાભાઈ
2025-11-05 09:46:08,254 - INFO - Successfully converted image to PDF: invitations\invitation_મુસાભાઈ.pdf
2025-11-05 09:46:08,256 - INFO - Created PDF for મુસાભાઈ
2025-11-05 09:46:08,798 - INFO - Created image for ભીખુભાઈ
2025-11-05 09:46:08,865 - INFO - Successfully converted image to PDF: invitations\invitation_ભીખુભાઈ.pdf
2025-11-05 09:46:08,871 - INFO - Created PDF for ભીખુભાઈ
2025-11-05 09:46:09,405 - INFO - Created image for કાંબલીયા કીશનભાઈ
2025-11-05 09:46:09,451 - INFO - Successfully converted image to PDF: invitations\invitation_કાંબલીયા_કીશનભાઈ.pdf
2025-11-05 09:46:09,453 - INFO - Created PDF for કાંબલીયા કીશનભાઈ
2025-11-05 09:46:09,991 - INFO - Created image for ખમલ ભરતભાઈ
2025-11-05 09:46:10,041 - INFO - Successfully converted image to PDF: invitations\invitation_ખમલ_ભરતભાઈ.pdf
2025-11-05 09:46:10,043 - INFO - Created PDF for ખમલ ભરતભાઈ
2025-11-05 09:46:10,639 - INFO - Created image for કીશન ભાણો
2025-11-05 09:46:10,962 - INFO - Successfully converted image to PDF: invitations\invitation_કીશન_ભાણો.pdf
2025-11-05 09:46:10,970 - INFO - Created PDF for કીશન ભાણો
2025-11-05 09:46:11,914 - INFO - Created image for કેરશીયા કાનાભાઈ
2025-11-05 09:46:12,409 - INFO - Successfully converted image to PDF: invitations\invitation_કેરશીયા_કાનાભાઈ.pdf
2025-11-05 09:46:12,410 - INFO - Created PDF for કેરશીયા કાનાભાઈ
2025-11-05 09:46:13,137 - INFO - Created image for ખમલ ભાણો 
2025-11-05 09:46:13,222 - INFO - Successfully converted image to PDF: invitations\invitation_ખમલ_ભાણો.pdf
2025-11-05 09:46:13,225 - INFO - Created PDF for ખમલ ભાણો 
2025-11-05 09:46:14,347 - INFO - Created image for નાથાભાઈ રંઘોળા
2025-11-05 09:46:15,000 - INFO - Successfully converted image to PDF: invitations\invitation_નાથાભાઈ_રંઘોળા.pdf
2025-11-05 09:46:15,009 - INFO - Created PDF for નાથાભાઈ રંઘોળા
2025-11-05 09:46:15,627 - INFO - Created image for નરેશભાઈ
2025-11-05 09:46:15,787 - INFO - Successfully converted image to PDF: invitations\invitation_નરેશભાઈ.pdf
2025-11-05 09:46:15,789 - INFO - Created PDF for નરેશભાઈ
2025-11-05 09:46:16,363 - INFO - Created image for સુખાનંદી અનીલભાઈ
2025-11-05 09:46:16,465 - INFO - Successfully converted image to PDF: invitations\invitation_સુખાનંદી_અનીલભાઈ.pdf
2025-11-05 09:46:16,471 - INFO - Created PDF for સુખાનંદી અનીલભાઈ
2025-11-05 09:46:17,086 - INFO - Created image for સુખાનંદી મુકેશભાઈ
2025-11-05 09:46:17,152 - INFO - Successfully converted image to PDF: invitations\invitation_સુખાનંદી_મુકેશભાઈ.pdf
2025-11-05 09:46:17,154 - INFO - Created PDF for સુખાનંદી મુકેશભાઈ
2025-11-05 09:46:17,843 - INFO - Created image for ભાદરકા કરશનભાઈ 
2025-11-05 09:46:17,905 - INFO - Successfully converted image to PDF: invitations\invitation_ભાદરકા_કરશનભાઈ.pdf
2025-11-05 09:46:17,907 - INFO - Created PDF for ભાદરકા કરશનભાઈ 
2025-11-05 09:46:18,452 - INFO - Created image for ભાદરકા કરશનભાઈ 
2025-11-05 09:46:18,501 - INFO - Successfully converted image to PDF: invitations\invitation_ભાદરકા_કરશનભાઈ.pdf
2025-11-05 09:46:18,503 - INFO - Created PDF for ભાદરકા કરશનભાઈ 
2025-11-05 09:46:19,074 - INFO - Created image for કાંબલીયા મુકેશભાઈ 
2025-11-05 09:46:19,187 - INFO - Successfully converted image to PDF: invitations\invitation_કાંબલીયા_મુકેશભાઈ.pdf
2025-11-05 09:46:19,192 - INFO - Created PDF for કાંબલીયા મુકેશભાઈ 
2025-11-05 09:46:19,860 - INFO - Created image for કાંબલીયા પીયુષભાઈ 
2025-11-05 09:46:19,960 - INFO - Successfully converted image to PDF: invitations\invitation_કાંબલીયા_પીયુષભાઈ.pdf
2025-11-05 09:46:19,964 - INFO - Created PDF for કાંબલીયા પીયુષભાઈ 
2025-11-05 09:46:20,507 - INFO - Created image for અશોકભાઈ
2025-11-05 09:46:20,559 - INFO - Successfully converted image to PDF: invitations\invitation_અશોકભાઈ.pdf
2025-11-05 09:46:20,560 - INFO - Created PDF for અશોકભાઈ
2025-11-05 09:46:21,105 - INFO - Created image for અશોકભાઈ
2025-11-05 09:46:21,219 - INFO - Successfully converted image to PDF: invitations\invitation_અશોકભાઈ.pdf
2025-11-05 09:46:21,221 - INFO - Created PDF for અશોકભાઈ
2025-11-05 09:46:21,758 - INFO - Created image for રાવતભાઈ
2025-11-05 09:46:21,814 - INFO - Successfully converted image to PDF: invitations\invitation_રાવતભાઈ.pdf
2025-11-05 09:46:21,818 - INFO - Created PDF for રાવતભાઈ
2025-11-05 09:46:22,436 - INFO - Created image for રાવતભાઈ
2025-11-05 09:46:22,514 - INFO - Successfully converted image to PDF: invitations\invitation_રાવતભાઈ.pdf
2025-11-05 09:46:22,521 - INFO - Created PDF for રાવતભાઈ
2025-11-05 09:46:23,081 - INFO - Created image for કાંબલીયા હરદાસભાઇ 
2025-11-05 09:46:23,156 - INFO - Successfully converted image to PDF: invitations\invitation_કાંબલીયા_હરદાસભાઇ.pdf
2025-11-05 09:46:23,159 - INFO - Created PDF for કાંબલીયા હરદાસભાઇ 
2025-11-05 09:46:23,825 - INFO - Created image for કાંબલીયા ખીમાભાઈ 
2025-11-05 09:46:24,077 - INFO - Successfully converted image to PDF: invitations\invitation_કાંબલીયા_ખીમાભાઈ.pdf
2025-11-05 09:46:24,078 - INFO - Created PDF for કાંબલીયા ખીમાભાઈ 
2025-11-05 09:46:24,722 - INFO - Created image for ઘ્રુવભાઈ શાહ
2025-11-05 09:46:24,832 - INFO - Successfully converted image to PDF: invitations\invitation_ઘ્રુવભાઈ_શાહ.pdf
2025-11-05 09:46:24,834 - INFO - Created PDF for ઘ્રુવભાઈ શાહ
2025-11-05 09:46:25,563 - INFO - Created image for કાંબલીયા અશ્વીનભાઈ
2025-11-05 09:46:25,814 - INFO - Successfully converted image to PDF: invitations\invitation_કાંબલીયા_અશ્વીનભાઈ.pdf
2025-11-05 09:46:25,820 - INFO - Created PDF for કાંબલીયા અશ્વીનભાઈ
2025-11-05 09:46:26,375 - INFO - Created image for કાંબલીયા જસ્વીનભાઈ
2025-11-05 09:46:26,505 - INFO - Successfully converted image to PDF: invitations\invitation_કાંબલીયા_જસ્વીનભાઈ.pdf
2025-11-05 09:46:26,508 - INFO - Created PDF for કાંબલીયા જસ્વીનભાઈ
2025-11-05 09:46:27,094 - INFO - Created image for કાંબલીયા રાકેશભાઈ
2025-11-05 09:46:27,179 - INFO - Successfully converted image to PDF: invitations\invitation_કાંબલીયા_રાકેશભાઈ.pdf
2025-11-05 09:46:27,180 - INFO - Created PDF for કાંબલીયા રાકેશભાઈ
2025-11-05 09:46:27,901 - INFO - Created image for કાંબલીયા લખમણભાઇ 
2025-11-05 09:46:27,951 - INFO - Successfully converted image to PDF: invitations\invitation_કાંબલીયા_લખમણભાઇ.pdf
2025-11-05 09:46:27,955 - INFO - Created PDF for કાંબલીયા લખમણભાઇ 
2025-11-05 09:46:28,542 - INFO - Created image for કાંબલીયા વીજયભાઈ તથા  કાંબલીયા અજયભાઈ 
2025-11-05 09:46:28,619 - INFO - Successfully converted image to PDF: invitations\invitation_કાંબલીયા_વીજયભાઈ_તથા__કાંબલીયા_અજયભાઈ.pdf
2025-11-05 09:46:28,620 - INFO - Created PDF for કાંબલીયા વીજયભાઈ તથા  કાંબલીયા અજયભાઈ 
2025-11-05 09:46:29,266 - INFO - Created image for ભાદરકા ભાવેશભાઈ 
2025-11-05 09:46:29,387 - INFO - Successfully converted image to PDF: invitations\invitation_ભાદરકા_ભાવેશભાઈ.pdf
2025-11-05 09:46:29,389 - INFO - Created PDF for ભાદરકા ભાવેશભાઈ 
2025-11-05 09:46:29,930 - INFO - Created image for ભાદરકા ગીરીશભાઈ
2025-11-05 09:46:30,543 - INFO - Successfully converted image to PDF: invitations\invitation_ભાદરકા_ગીરીશભાઈ.pdf
2025-11-05 09:46:30,549 - INFO - Created PDF for ભાદરકા ગીરીશભાઈ
2025-11-05 09:46:31,085 - INFO - Created image for નાધેરા હાર્દીકભાઈ 
2025-11-05 09:46:31,138 - INFO - Successfully converted image to PDF: invitations\invitation_નાધેરા_હાર્દીકભાઈ.pdf
2025-11-05 09:46:31,140 - INFO - Created PDF for નાધેરા હાર્દીકભાઈ 
2025-11-05 09:46:31,712 - INFO - Created image for બારડ કપીલભાઈ 
2025-11-05 09:46:31,764 - INFO - Successfully converted image to PDF: invitations\invitation_બારડ_કપીલભાઈ.pdf
2025-11-05 09:46:31,770 - INFO - Created PDF for બારડ કપીલભાઈ 
2025-11-05 09:46:32,312 - INFO - Created image for બારડ નીકુંજભાઈ 
2025-11-05 09:46:32,405 - INFO - Successfully converted image to PDF: invitations\invitation_બારડ_નીકુંજભાઈ.pdf
2025-11-05 09:46:32,408 - INFO - Created PDF for બારડ નીકુંજભાઈ 
2025-11-05 09:46:33,187 - INFO - Created image for ઘુલ અરજણભાઈ
2025-11-05 09:46:33,357 - INFO - Successfully converted image to PDF: invitations\invitation_ઘુલ_અરજણભાઈ.pdf
2025-11-05 09:46:33,374 - INFO - Created PDF for ઘુલ અરજણભાઈ
2025-11-05 09:46:33,950 - INFO - Created image for જાદવ દેવેન્દ્રભાઈ 
2025-11-05 09:46:34,006 - INFO - Successfully converted image to PDF: invitations\invitation_જાદવ_દેવેન્દ્રભાઈ.pdf
2025-11-05 09:46:34,008 - INFO - Created PDF for જાદવ દેવેન્દ્રભાઈ 
2025-11-05 09:46:34,577 - INFO - Created image for જાદવ  દેવાનંદભાઈ 
2025-11-05 09:46:34,636 - INFO - Successfully converted image to PDF: invitations\invitation_જાદવ _દેવાનંદભાઈ.pdf
2025-11-05 09:46:34,638 - INFO - Created PDF for જાદવ  દેવાનંદભાઈ 
2025-11-05 09:46:35,184 - INFO - Created image for કંડોરીયા કરણભાઈ 
2025-11-05 09:46:35,234 - INFO - Successfully converted image to PDF: invitations\invitation_કંડોરીયા_કરણભાઈ.pdf
2025-11-05 09:46:35,236 - INFO - Created PDF for કંડોરીયા કરણભાઈ 
2025-11-05 09:46:35,837 - INFO - Created image for સુવા મહેશભાઈ 
2025-11-05 09:46:35,972 - INFO - Successfully converted image to PDF: invitations\invitation_સુવા_મહેશભાઈ.pdf
2025-11-05 09:46:35,974 - INFO - Created PDF for સુવા મહેશભાઈ 
2025-11-05 09:46:36,579 - INFO - Created image for સોલંકી મનોજભાઈ 
2025-11-05 09:46:36,649 - INFO - Successfully converted image to PDF: invitations\invitation_સોલંકી_મનોજભાઈ.pdf
2025-11-05 09:46:36,651 - INFO - Created PDF for સોલંકી મનોજભાઈ 
2025-11-05 09:46:37,212 - INFO - Created image for સોલંકી જયદીપભાઇ 
2025-11-05 09:46:37,290 - INFO - Successfully converted image to PDF: invitations\invitation_સોલંકી_જયદીપભાઇ.pdf
2025-11-05 09:46:37,291 - INFO - Created PDF for સોલંકી જયદીપભાઇ 
2025-11-05 09:46:37,923 - INFO - Created image for સોલંકી જયદીપભાઇ 
2025-11-05 09:46:38,034 - INFO - Successfully converted image to PDF: invitations\invitation_સોલંકી_જયદીપભાઇ.pdf
2025-11-05 09:46:38,036 - INFO - Created PDF for સોલંકી જયદીપભાઇ 
2025-11-05 09:46:38,580 - INFO - Created image for કાંબલીયા રોહનભાઈ 
2025-11-05 09:46:38,635 - INFO - Successfully converted image to PDF: invitations\invitation_કાંબલીયા_રોહનભાઈ.pdf
2025-11-05 09:46:38,637 - INFO - Created PDF for કાંબલીયા રોહનભાઈ 
2025-11-05 09:46:39,188 - INFO - Created image for કાંબલીયા ભુપતભાઈ 
2025-11-05 09:46:39,256 - INFO - Successfully converted image to PDF: invitations\invitation_કાંબલીયા_ભુપતભાઈ.pdf
2025-11-05 09:46:39,258 - INFO - Created PDF for કાંબલીયા ભુપતભાઈ 
2025-11-05 09:46:39,811 - INFO - Created image for કનારા રાજકુમારભાઈ 
2025-11-05 09:46:39,946 - INFO - Successfully converted image to PDF: invitations\invitation_કનારા_રાજકુમારભાઈ.pdf
2025-11-05 09:46:39,957 - INFO - Created PDF for કનારા રાજકુમારભાઈ 
2025-11-05 09:46:40,619 - INFO - Created image for સોલંકી દીનેશભાઈ 
2025-11-05 09:46:40,732 - INFO - Successfully converted image to PDF: invitations\invitation_સોલંકી_દીનેશભાઈ.pdf
2025-11-05 09:46:40,733 - INFO - Created PDF for સોલંકી દીનેશભાઈ 
2025-11-05 09:46:41,292 - INFO - Created image for કાંબલીયા કરણભાઈ 
2025-11-05 09:46:41,344 - INFO - Successfully converted image to PDF: invitations\invitation_કાંબલીયા_કરણભાઈ.pdf
2025-11-05 09:46:41,346 - INFO - Created PDF for કાંબલીયા કરણભાઈ 
2025-11-05 09:46:42,024 - INFO - Created image for પીઠીયા નારણભાઈ 
2025-11-05 09:46:42,088 - INFO - Successfully converted image to PDF: invitations\invitation_પીઠીયા_નારણભાઈ.pdf
2025-11-05 09:46:42,090 - INFO - Created PDF for પીઠીયા નારણભાઈ 
2025-11-05 09:46:42,682 - INFO - Created image for ભાટુ રામભાઈ 
2025-11-05 09:46:42,792 - INFO - Successfully converted image to PDF: invitations\invitation_ભાટુ_રામભાઈ.pdf
2025-11-05 09:46:42,800 - INFO - Created PDF for ભાટુ રામભાઈ 
2025-11-05 09:46:43,354 - INFO - Created image for જાની મનીષભાઈ
2025-11-05 09:46:43,426 - INFO - Successfully converted image to PDF: invitations\invitation_જાની_મનીષભાઈ.pdf
2025-11-05 09:46:43,428 - INFO - Created PDF for જાની મનીષભાઈ
2025-11-05 09:46:44,200 - INFO - Created image for જાની મનીષભાઈ
2025-11-05 09:46:44,263 - INFO - Successfully converted image to PDF: invitations\invitation_જાની_મનીષભાઈ.pdf
2025-11-05 09:46:44,264 - INFO - Created PDF for જાની મનીષભાઈ
2025-11-05 09:46:44,891 - INFO - Created image for ભાદરકા વનરાજભાઈ 
2025-11-05 09:46:45,436 - INFO - Successfully converted image to PDF: invitations\invitation_ભાદરકા_વનરાજભાઈ.pdf
2025-11-05 09:46:45,456 - INFO - Created PDF for ભાદરકા વનરાજભાઈ 
2025-11-05 09:46:45,995 - INFO - Created image for ભાદરકા હીરેનભાઈ 
2025-11-05 09:46:46,054 - INFO - Successfully converted image to PDF: invitations\invitation_ભાદરકા_હીરેનભાઈ.pdf
2025-11-05 09:46:46,055 - INFO - Created PDF for ભાદરકા હીરેનભાઈ 
2025-11-05 09:46:46,607 - INFO - Created image for પૂંજો ઇન્દ્રોડા 
2025-11-05 09:46:46,687 - INFO - Successfully converted image to PDF: invitations\invitation_પૂંજો_ઇન્દ્રોડા.pdf
2025-11-05 09:46:46,688 - INFO - Created PDF for પૂંજો ઇન્દ્રોડા 
2025-11-05 09:46:47,247 - INFO - Created image for ભરતભાઈ ઇ બાઈક
2025-11-05 09:46:47,320 - INFO - Successfully converted image to PDF: invitations\invitation_ભરતભાઈ_ઇ_બાઈક.pdf
2025-11-05 09:46:47,322 - INFO - Created PDF for ભરતભાઈ ઇ બાઈક
2025-11-05 09:46:47,863 - INFO - Created image for ભાદરકા લીલાભાઈ 
2025-11-05 09:46:47,923 - INFO - Successfully converted image to PDF: invitations\invitation_ભાદરકા_લીલાભાઈ.pdf
2025-11-05 09:46:47,927 - INFO - Created PDF for ભાદરકા લીલાભાઈ 
2025-11-05 09:46:48,520 - INFO - Created image for ભાદરકા બાલાભાઈ 
2025-11-05 09:46:48,595 - INFO - Successfully converted image to PDF: invitations\invitation_ભાદરકા_બાલાભાઈ.pdf
2025-11-05 09:46:48,596 - INFO - Created PDF for ભાદરકા બાલાભાઈ 
2025-11-05 09:46:49,175 - INFO - Created image for ઝાલા સવદાસભાઈ 
2025-11-05 09:46:49,252 - INFO - Successfully converted image to PDF: invitations\invitation_ઝાલા_સવદાસભાઈ.pdf
2025-11-05 09:46:49,256 - INFO - Created PDF for ઝાલા સવદાસભાઈ 
2025-11-05 09:46:50,655 - INFO - Created image for ઝાલા મારખીભાઈ 
2025-11-05 09:46:51,462 - INFO - Successfully converted image to PDF: invitations\invitation_ઝાલા_મારખીભાઈ.pdf
2025-11-05 09:46:51,469 - INFO - Created PDF for ઝાલા મારખીભાઈ 
2025-11-05 09:46:52,115 - INFO - Created image for ઝાલા મારખીભાઈ 
2025-11-05 09:46:52,242 - INFO - Successfully converted image to PDF: invitations\invitation_ઝાલા_મારખીભાઈ.pdf
2025-11-05 09:46:52,245 - INFO - Created PDF for ઝાલા મારખીભાઈ 
2025-11-05 09:46:52,794 - INFO - Created image for ઝાલા ભરતભાઈ સરમણભાઈ 
2025-11-05 09:46:52,847 - INFO - Successfully converted image to PDF: invitations\invitation_ઝાલા_ભરતભાઈ_સરમણભાઈ.pdf
2025-11-05 09:46:52,849 - INFO - Created PDF for ઝાલા ભરતભાઈ સરમણભાઈ 
2025-11-05 09:46:53,435 - INFO - Created image for ભાદરકા ભીમભાઈ
2025-11-05 09:46:53,602 - INFO - Successfully converted image to PDF: invitations\invitation_ભાદરકા_ભીમભાઈ.pdf
2025-11-05 09:46:53,604 - INFO - Created PDF for ભાદરકા ભીમભાઈ
2025-11-05 09:46:54,212 - INFO - Created image for ચૌહાણ પુંજાભાઈ 
2025-11-05 09:46:54,268 - INFO - Successfully converted image to PDF: invitations\invitation_ચૌહાણ_પુંજાભાઈ.pdf
2025-11-05 09:46:54,269 - INFO - Created PDF for ચૌહાણ પુંજાભાઈ 
2025-11-05 09:46:54,822 - INFO - Created image for ચૌહાણ હરદાસભાઇ 
2025-11-05 09:46:54,891 - INFO - Successfully converted image to PDF: invitations\invitation_ચૌહાણ_હરદાસભાઇ.pdf
2025-11-05 09:46:54,893 - INFO - Created PDF for ચૌહાણ હરદાસભાઇ 
2025-11-05 09:46:55,746 - INFO - Created image for ચંદ્રવાડીયા હરદાસભાઇ
2025-11-05 09:46:55,885 - INFO - Successfully converted image to PDF: invitations\invitation_ચંદ્રવાડીયા_હરદાસભાઇ.pdf
2025-11-05 09:46:55,889 - INFO - Created PDF for ચંદ્રવાડીયા હરદાસભાઇ
2025-11-05 09:46:56,623 - INFO - Created image for ગોહીલ અમરસીંહભાઈ 
2025-11-05 09:46:57,059 - INFO - Successfully converted image to PDF: invitations\invitation_ગોહીલ_અમરસીંહભાઈ.pdf
2025-11-05 09:46:57,072 - INFO - Created PDF for ગોહીલ અમરસીંહભાઈ 
2025-11-05 09:46:57,656 - INFO - Created image for ગોહીલ અમરસીંહભાઈ 
2025-11-05 09:46:57,879 - INFO - Successfully converted image to PDF: invitations\invitation_ગોહીલ_અમરસીંહભાઈ.pdf
2025-11-05 09:46:57,883 - INFO - Created PDF for ગોહીલ અમરસીંહભાઈ 
2025-11-05 09:46:58,754 - INFO - Created image for મોદી સૌરભભાઈ 
2025-11-05 09:46:58,918 - INFO - Successfully converted image to PDF: invitations\invitation_મોદી_સૌરભભાઈ.pdf
2025-11-05 09:46:58,924 - INFO - Created PDF for મોદી સૌરભભાઈ 
2025-11-05 09:46:59,505 - INFO - Created image for પરમાર મહેન્દ્રભાઈ 
2025-11-05 09:46:59,653 - INFO - Successfully converted image to PDF: invitations\invitation_પરમાર_મહેન્દ્રભાઈ.pdf
2025-11-05 09:46:59,656 - INFO - Created PDF for પરમાર મહેન્દ્રભાઈ 
2025-11-05 09:47:00,274 - INFO - Created image for પરમાર નરેન્દ્રભાઈ 
2025-11-05 09:47:00,344 - INFO - Successfully converted image to PDF: invitations\invitation_પરમાર_નરેન્દ્રભાઈ.pdf
2025-11-05 09:47:00,354 - INFO - Created PDF for પરમાર નરેન્દ્રભાઈ 
2025-11-05 09:47:00,924 - INFO - Created image for પરમાર હરેશભાઈ 
2025-11-05 09:47:00,979 - INFO - Successfully converted image to PDF: invitations\invitation_પરમાર_હરેશભાઈ.pdf
2025-11-05 09:47:00,983 - INFO - Created PDF for પરમાર હરેશભાઈ 
2025-11-05 09:47:01,534 - INFO - Created image for પરમાર રાજ સાહેબ 
2025-11-05 09:47:01,607 - INFO - Successfully converted image to PDF: invitations\invitation_પરમાર_રાજ_સાહેબ.pdf
2025-11-05 09:47:01,610 - INFO - Created PDF for પરમાર રાજ સાહેબ 
2025-11-05 09:47:02,149 - INFO - Created image for કીરણભાઈ હોટલ
2025-11-05 09:47:02,211 - INFO - Successfully converted image to PDF: invitations\invitation_કીરણભાઈ_હોટલ.pdf
2025-11-05 09:47:02,217 - INFO - Created PDF for કીરણભાઈ હોટલ
2025-11-05 09:47:02,805 - INFO - Created image for પટેલ ભરતભાઈ રુદ્રત્રન્સપોર્ટ 
2025-11-05 09:47:02,890 - INFO - Successfully converted image to PDF: invitations\invitation_પટેલ_ભરતભાઈ_રુદ્રત્રન્સપોર્ટ.pdf
2025-11-05 09:47:02,891 - INFO - Created PDF for પટેલ ભરતભાઈ રુદ્રત્રન્સપોર્ટ 
2025-11-05 09:47:03,451 - INFO - Created image for સુવા નારણભાઈ 
2025-11-05 09:47:03,495 - INFO - Successfully converted image to PDF: invitations\invitation_સુવા_નારણભાઈ.pdf
2025-11-05 09:47:03,502 - INFO - Created PDF for સુવા નારણભાઈ 
2025-11-05 09:47:04,052 - INFO - Created image for સુવા હરેશભાઈ 
2025-11-05 09:47:04,110 - INFO - Successfully converted image to PDF: invitations\invitation_સુવા_હરેશભાઈ.pdf
2025-11-05 09:47:04,111 - INFO - Created PDF for સુવા હરેશભાઈ 
2025-11-05 09:47:04,651 - INFO - Created image for સુવા જયેશભાઈ 
2025-11-05 09:47:04,770 - INFO - Successfully converted image to PDF: invitations\invitation_સુવા_જયેશભાઈ.pdf
2025-11-05 09:47:04,775 - INFO - Created PDF for સુવા જયેશભાઈ 
2025-11-05 09:47:05,347 - INFO - Created image for સુવા જયેશભાઈ 
2025-11-05 09:47:05,399 - INFO - Successfully converted image to PDF: invitations\invitation_સુવા_જયેશભાઈ.pdf
2025-11-05 09:47:05,401 - INFO - Created PDF for સુવા જયેશભાઈ 
2025-11-05 09:47:05,960 - INFO - Created image for સોલંકી કીશોરભાઈ 
2025-11-05 09:47:06,017 - INFO - Successfully converted image to PDF: invitations\invitation_સોલંકી_કીશોરભાઈ.pdf
2025-11-05 09:47:06,019 - INFO - Created PDF for સોલંકી કીશોરભાઈ 
2025-11-05 09:47:06,572 - INFO - Created image for પીઠીયા પરાગભાઈ
2025-11-05 09:47:06,637 - INFO - Successfully converted image to PDF: invitations\invitation_પીઠીયા_પરાગભાઈ.pdf
2025-11-05 09:47:06,638 - INFO - Created PDF for પીઠીયા પરાગભાઈ
2025-11-05 09:47:07,173 - INFO - Created image for પીઠીયા પરાગભાઈ
2025-11-05 09:47:07,223 - INFO - Successfully converted image to PDF: invitations\invitation_પીઠીયા_પરાગભાઈ.pdf
2025-11-05 09:47:07,224 - INFO - Created PDF for પીઠીયા પરાગભાઈ
2025-11-05 09:47:07,783 - INFO - Created image for ભારવડીયા રામદેભાઈ
2025-11-05 09:47:07,892 - INFO - Successfully converted image to PDF: invitations\invitation_ભારવડીયા_રામદેભાઈ.pdf
2025-11-05 09:47:07,895 - INFO - Created PDF for ભારવડીયા રામદેભાઈ
2025-11-05 09:47:08,443 - INFO - Created image for  કાળુભાઈ નથુભાઈ ઉપલેટા 
2025-11-05 09:47:08,494 - INFO - Successfully converted image to PDF: invitations\invitation_કાળુભાઈ_નથુભાઈ_ઉપલેટા.pdf
2025-11-05 09:47:08,503 - INFO - Created PDF for  કાળુભાઈ નથુભાઈ ઉપલેટા 
2025-11-05 09:47:09,340 - INFO - Created image for પટેલ લાલાભાઈ 
2025-11-05 09:47:09,427 - INFO - Successfully converted image to PDF: invitations\invitation_પટેલ_લાલાભાઈ.pdf
2025-11-05 09:47:09,429 - INFO - Created PDF for પટેલ લાલાભાઈ 
2025-11-05 09:47:09,973 - INFO - Created image for પટેલ વીનોદભાઈ
2025-11-05 09:47:10,028 - INFO - Successfully converted image to PDF: invitations\invitation_પટેલ_વીનોદભાઈ.pdf
2025-11-05 09:47:10,031 - INFO - Created PDF for પટેલ વીનોદભાઈ
2025-11-05 09:47:10,600 - INFO - Created image for પટેલ ઘનશ્યામભાઈ
2025-11-05 09:47:10,721 - INFO - Successfully converted image to PDF: invitations\invitation_પટેલ_ઘનશ્યામભાઈ.pdf
2025-11-05 09:47:10,724 - INFO - Created PDF for પટેલ ઘનશ્યામભાઈ
2025-11-05 09:47:11,919 - INFO - Created image for પટેલ રાજુભાઈ
2025-11-05 09:47:12,153 - INFO - Successfully converted image to PDF: invitations\invitation_પટેલ_રાજુભાઈ.pdf
2025-11-05 09:47:12,155 - INFO - Created PDF for પટેલ રાજુભાઈ
2025-11-05 09:47:12,771 - INFO - Created image for પટેલ રાજુભાઈ
2025-11-05 09:47:13,494 - INFO - Successfully converted image to PDF: invitations\invitation_પટેલ_રાજુભાઈ.pdf
2025-11-05 09:47:13,497 - INFO - Created PDF for પટેલ રાજુભાઈ
2025-11-05 09:47:14,122 - INFO - Created image for પાઠક સંજયભાઈ
2025-11-05 09:47:14,207 - INFO - Successfully converted image to PDF: invitations\invitation_પાઠક_સંજયભાઈ.pdf
2025-11-05 09:47:14,210 - INFO - Created PDF for પાઠક સંજયભાઈ
2025-11-05 09:47:14,811 - INFO - Created image for પાઠક કલ્પેશભાઈ
2025-11-05 09:47:14,950 - INFO - Successfully converted image to PDF: invitations\invitation_પાઠક_કલ્પેશભાઈ.pdf
2025-11-05 09:47:14,956 - INFO - Created PDF for પાઠક કલ્પેશભાઈ
2025-11-05 09:47:15,721 - INFO - Created image for પાઠક હેમંતભાઈ
2025-11-05 09:47:15,788 - INFO - Successfully converted image to PDF: invitations\invitation_પાઠક_હેમંતભાઈ.pdf
2025-11-05 09:47:15,790 - INFO - Created PDF for પાઠક હેમંતભાઈ
2025-11-05 09:47:16,374 - INFO - Created image for બકાભાઈ
2025-11-05 09:47:16,488 - INFO - Successfully converted image to PDF: invitations\invitation_બકાભાઈ.pdf
2025-11-05 09:47:16,490 - INFO - Created PDF for બકાભાઈ
2025-11-05 09:47:17,094 - INFO - Created image for ભાદરકા ધનાભાઈ
2025-11-05 09:47:17,158 - INFO - Successfully converted image to PDF: invitations\invitation_ભાદરકા_ધનાભાઈ.pdf
2025-11-05 09:47:17,160 - INFO - Created PDF for ભાદરકા ધનાભાઈ
2025-11-05 09:47:17,787 - INFO - Created image for ચૌહાણ અનીઋધભાઈ
2025-11-05 09:47:17,858 - INFO - Successfully converted image to PDF: invitations\invitation_ચૌહાણ_અનીઋધભાઈ.pdf
2025-11-05 09:47:17,860 - INFO - Created PDF for ચૌહાણ અનીઋધભાઈ
2025-11-05 09:47:18,424 - INFO - Created image for ભાવીનભાઈ
2025-11-05 09:47:18,498 - INFO - Successfully converted image to PDF: invitations\invitation_ભાવીનભાઈ.pdf
2025-11-05 09:47:18,500 - INFO - Created PDF for ભાવીનભાઈ
2025-11-05 09:47:19,061 - INFO - Created image for વ્યાસ વીજયભાઈ
2025-11-05 09:47:19,119 - INFO - Successfully converted image to PDF: invitations\invitation_વ્યાસ_વીજયભાઈ.pdf
2025-11-05 09:47:19,120 - INFO - Created PDF for વ્યાસ વીજયભાઈ
2025-11-05 09:47:19,655 - INFO - Created image for સંજયભાઈ
2025-11-05 09:47:19,703 - INFO - Successfully converted image to PDF: invitations\invitation_સંજયભાઈ.pdf
2025-11-05 09:47:19,704 - INFO - Created PDF for સંજયભાઈ
2025-11-05 09:47:20,240 - INFO - Created image for સંજયભાઈ
2025-11-05 09:47:20,319 - INFO - Successfully converted image to PDF: invitations\invitation_સંજયભાઈ.pdf
2025-11-05 09:47:20,322 - INFO - Created PDF for સંજયભાઈ
2025-11-05 09:47:20,891 - INFO - Created image for ગણપતસીંહ
2025-11-05 09:47:20,943 - INFO - Successfully converted image to PDF: invitations\invitation_ગણપતસીંહ.pdf
2025-11-05 09:47:20,952 - INFO - Created PDF for ગણપતસીંહ
2025-11-05 09:47:21,588 - INFO - Created image for ગણપતસીંહ
2025-11-05 09:47:21,683 - INFO - Successfully converted image to PDF: invitations\invitation_ગણપતસીંહ.pdf
2025-11-05 09:47:21,685 - INFO - Created PDF for ગણપતસીંહ
2025-11-05 09:47:22,224 - INFO - Created image for ગણપતસીંહ
2025-11-05 09:47:22,277 - INFO - Successfully converted image to PDF: invitations\invitation_ગણપતસીંહ.pdf
2025-11-05 09:47:22,280 - INFO - Created PDF for ગણપતસીંહ
2025-11-05 09:47:22,917 - INFO - Created image for પુકાર કલ્પેશભાઈ
2025-11-05 09:47:22,967 - INFO - Successfully converted image to PDF: invitations\invitation_પુકાર_કલ્પેશભાઈ.pdf
2025-11-05 09:47:22,969 - INFO - Created PDF for પુકાર કલ્પેશભાઈ
2025-11-05 09:47:23,509 - INFO - Created image for પુકાર અશ્વીનભાઇ
2025-11-05 09:47:23,592 - INFO - Successfully converted image to PDF: invitations\invitation_પુકાર_અશ્વીનભાઇ.pdf
2025-11-05 09:47:23,599 - INFO - Created PDF for પુકાર અશ્વીનભાઇ
2025-11-05 09:47:24,140 - INFO - Created image for વણકર વીપુલભાઇ
2025-11-05 09:47:24,189 - INFO - Successfully converted image to PDF: invitations\invitation_વણકર_વીપુલભાઇ.pdf
2025-11-05 09:47:24,190 - INFO - Created PDF for વણકર વીપુલભાઇ
2025-11-05 09:47:24,733 - INFO - Created image for પીઠિયા ભાવેશભાઇ
2025-11-05 09:47:24,804 - INFO - Successfully converted image to PDF: invitations\invitation_પીઠિયા_ભાવેશભાઇ.pdf
2025-11-05 09:47:24,806 - INFO - Created PDF for પીઠિયા ભાવેશભાઇ
2025-11-05 09:47:25,535 - INFO - Created image for પટેલ કીર્તીભાઇ
2025-11-05 09:47:25,665 - INFO - Successfully converted image to PDF: invitations\invitation_પટેલ_કીર્તીભાઇ.pdf
2025-11-05 09:47:25,668 - INFO - Created PDF for પટેલ કીર્તીભાઇ
2025-11-05 09:47:26,315 - INFO - Created image for પટેલ કીર્તીભાઇ
2025-11-05 09:47:26,415 - INFO - Successfully converted image to PDF: invitations\invitation_પટેલ_કીર્તીભાઇ.pdf
2025-11-05 09:47:26,417 - INFO - Created PDF for પટેલ કીર્તીભાઇ
2025-11-05 09:47:26,964 - INFO - Created image for પટેલ સચીનભાઇ
2025-11-05 09:47:27,021 - INFO - Successfully converted image to PDF: invitations\invitation_પટેલ_સચીનભાઇ.pdf
2025-11-05 09:47:27,023 - INFO - Created PDF for પટેલ સચીનભાઇ
2025-11-05 09:47:27,559 - INFO - Created image for જાદવ ભુપતભાઇ
2025-11-05 09:47:27,635 - INFO - Successfully converted image to PDF: invitations\invitation_જાદવ_ભુપતભાઇ.pdf
2025-11-05 09:47:27,675 - INFO - Created PDF for જાદવ ભુપતભાઇ
2025-11-05 09:47:28,240 - INFO - Created image for પટેલ ભુપેન્દ્રભાઇ
2025-11-05 09:47:28,284 - INFO - Successfully converted image to PDF: invitations\invitation_પટેલ_ભુપેન્દ્રભાઇ.pdf
2025-11-05 09:47:28,285 - INFO - Created PDF for પટેલ ભુપેન્દ્રભાઇ
2025-11-05 09:47:29,402 - INFO - Created image for કાંબલીયા નથુભાઈ નગાભાઈ
2025-11-05 09:47:29,956 - INFO - Successfully converted image to PDF: invitations\invitation_કાંબલીયા_નથુભાઈ_નગાભાઈ.pdf
2025-11-05 09:47:29,982 - INFO - Created PDF for કાંબલીયા નથુભાઈ નગાભાઈ
2025-11-05 09:47:31,533 - INFO - Created image for કાંબલીયા દેવાનંદભાઈ નગાભાઈ 
2025-11-05 09:47:31,644 - INFO - Successfully converted image to PDF: invitations\invitation_કાંબલીયા_દેવાનંદભાઈ_નગાભાઈ.pdf
2025-11-05 09:47:31,649 - INFO - Created PDF for કાંબલીયા દેવાનંદભાઈ નગાભાઈ 
2025-11-05 09:47:32,189 - INFO - Created image for કાંબલીયા દેવાનંદભાઈ નગાભાઈ 
2025-11-05 09:47:32,238 - INFO - Successfully converted image to PDF: invitations\invitation_કાંબલીયા_દેવાનંદભાઈ_નગાભાઈ.pdf
2025-11-05 09:47:32,239 - INFO - Created PDF for કાંબલીયા દેવાનંદભાઈ નગાભાઈ 
2025-11-05 09:47:32,784 - INFO - Created image for કાંબલીયા હરદાસભાઇ નગાભાઈ 
2025-11-05 09:47:32,857 - INFO - Successfully converted image to PDF: invitations\invitation_કાંબલીયા_હરદાસભાઇ_નગાભાઈ.pdf
2025-11-05 09:47:32,875 - INFO - Created PDF for કાંબલીયા હરદાસભાઇ નગાભાઈ 
2025-11-05 09:47:33,452 - INFO - Created image for કાંબલીયા હરદાસભાઇ નગાભાઈ 
2025-11-05 09:47:33,558 - INFO - Successfully converted image to PDF: invitations\invitation_કાંબલીયા_હરદાસભાઇ_નગાભાઈ.pdf
2025-11-05 09:47:33,563 - INFO - Created PDF for કાંબલીયા હરદાસભાઇ નગાભાઈ 
2025-11-05 09:47:34,114 - INFO - Created image for કાંબલીયા જેઠાભાઈ ભીમાભાઇ 
2025-11-05 09:47:34,172 - INFO - Successfully converted image to PDF: invitations\invitation_કાંબલીયા_જેઠાભાઈ_ભીમાભાઇ.pdf
2025-11-05 09:47:34,174 - INFO - Created PDF for કાંબલીયા જેઠાભાઈ ભીમાભાઇ 
2025-11-05 09:47:34,715 - INFO - Created image for કાંબલીયા રાજેશભાઈ ભીમાભાઇ
2025-11-05 09:47:34,767 - INFO - Successfully converted image to PDF: invitations\invitation_કાંબલીયા_રાજેશભાઈ_ભીમાભાઇ.pdf
2025-11-05 09:47:34,772 - INFO - Created PDF for કાંબલીયા રાજેશભાઈ ભીમાભાઇ
2025-11-05 09:47:35,319 - INFO - Created image for કાંબલીયા મેરામણભાઇ મુંજાભાઈ 
2025-11-05 09:47:35,381 - INFO - Successfully converted image to PDF: invitations\invitation_કાંબલીયા_મેરામણભાઇ_મુંજાભાઈ.pdf
2025-11-05 09:47:35,383 - INFO - Created PDF for કાંબલીયા મેરામણભાઇ મુંજાભાઈ 
2025-11-05 09:47:36,057 - INFO - Created image for કાંબલીયા કરણભાઈ ટપુભાઈ 
2025-11-05 09:47:36,268 - INFO - Successfully converted image to PDF: invitations\invitation_કાંબલીયા_કરણભાઈ_ટપુભાઈ.pdf
2025-11-05 09:47:36,270 - INFO - Created PDF for કાંબલીયા કરણભાઈ ટપુભાઈ 
2025-11-05 09:47:36,819 - INFO - Created image for કાંબલીયા ગોવીંદભાઈ ટપુભાઈ 
2025-11-05 09:47:36,870 - INFO - Successfully converted image to PDF: invitations\invitation_કાંબલીયા_ગોવીંદભાઈ_ટપુભાઈ.pdf
2025-11-05 09:47:36,872 - INFO - Created PDF for કાંબલીયા ગોવીંદભાઈ ટપુભાઈ 
2025-11-05 09:47:37,410 - INFO - Created image for કાંબલીયા હર્ષદભાઈ કેશુભાઈ 
2025-11-05 09:47:37,498 - INFO - Successfully converted image to PDF: invitations\invitation_કાંબલીયા_હર્ષદભાઈ_કેશુભાઈ.pdf
2025-11-05 09:47:37,502 - INFO - Created PDF for કાંબલીયા હર્ષદભાઈ કેશુભાઈ 
2025-11-05 09:47:38,059 - INFO - Created image for કાંબલીયા મુન્નાભાઈ રામભાઈ 
2025-11-05 09:47:38,118 - INFO - Successfully converted image to PDF: invitations\invitation_કાંબલીયા_મુન્નાભાઈ_રામભાઈ.pdf
2025-11-05 09:47:38,119 - INFO - Created PDF for કાંબલીયા મુન્નાભાઈ રામભાઈ 
2025-11-05 09:47:38,660 - INFO - Created image for કાંબલીયા માલદેભાઈ બચુભાઈ 
2025-11-05 09:47:38,723 - INFO - Successfully converted image to PDF: invitations\invitation_કાંબલીયા_માલદેભાઈ_બચુભાઈ.pdf
2025-11-05 09:47:38,725 - INFO - Created PDF for કાંબલીયા માલદેભાઈ બચુભાઈ 
2025-11-05 09:47:39,284 - INFO - Created image for કાંબલીયા પરબતભાઈ બચુભાઈ 
2025-11-05 09:47:39,363 - INFO - Successfully converted image to PDF: invitations\invitation_કાંબલીયા_પરબતભાઈ_બચુભાઈ.pdf
2025-11-05 09:47:39,366 - INFO - Created PDF for કાંબલીયા પરબતભાઈ બચુભાઈ 
2025-11-05 09:47:39,899 - INFO - Created image for કાંબલીયા કીશોરભાઈ બચુભાઈ 
2025-11-05 09:47:39,947 - INFO - Successfully converted image to PDF: invitations\invitation_કાંબલીયા_કીશોરભાઈ_બચુભાઈ.pdf
2025-11-05 09:47:39,949 - INFO - Created PDF for કાંબલીયા કીશોરભાઈ બચુભાઈ 
2025-11-05 09:47:40,489 - INFO - Created image for કાંબલીયા દેવાનંદભાઈ ચીનુભાઈ 
2025-11-05 09:47:40,550 - INFO - Successfully converted image to PDF: invitations\invitation_કાંબલીયા_દેવાનંદભાઈ_ચીનુભાઈ.pdf
2025-11-05 09:47:40,552 - INFO - Created PDF for કાંબલીયા દેવાનંદભાઈ ચીનુભાઈ 
2025-11-05 09:47:41,108 - INFO - Created image for કામલીયા મહેશભાઈ ચીનુભાઈ 
2025-11-05 09:47:41,183 - INFO - Successfully converted image to PDF: invitations\invitation_કામલીયા_મહેશભાઈ_ચીનુભાઈ.pdf
2025-11-05 09:47:41,186 - INFO - Created PDF for કામલીયા મહેશભાઈ ચીનુભાઈ 
2025-11-05 09:47:41,733 - INFO - Created image for કામલીયા ભનાભાઈ ખોડાભાઈ 
2025-11-05 09:47:41,821 - INFO - Successfully converted image to PDF: invitations\invitation_કામલીયા_ભનાભાઈ_ખોડાભાઈ.pdf
2025-11-05 09:47:41,822 - INFO - Created PDF for કામલીયા ભનાભાઈ ખોડાભાઈ 
2025-11-05 09:47:42,384 - INFO - Created image for ભાદરકા લખમણભાઇ મેરામણભાઇ 
2025-11-05 09:47:42,449 - INFO - Successfully converted image to PDF: invitations\invitation_ભાદરકા_લખમણભાઇ_મેરામણભાઇ.pdf
2025-11-05 09:47:42,452 - INFO - Created PDF for ભાદરકા લખમણભાઇ મેરામણભાઇ 
2025-11-05 09:47:43,319 - INFO - Created image for ભાદરકા ભરતભાઈ મેરામણભાઇ 
2025-11-05 09:47:43,391 - INFO - Successfully converted image to PDF: invitations\invitation_ભાદરકા_ભરતભાઈ_મેરામણભાઇ.pdf
2025-11-05 09:47:43,392 - INFO - Created PDF for ભાદરકા ભરતભાઈ મેરામણભાઇ 
2025-11-05 09:47:43,933 - INFO - Created image for ભાદરકા ઉકાભાઇ કાનાભાઈ 
2025-11-05 09:47:44,014 - INFO - Successfully converted image to PDF: invitations\invitation_ભાદરકા_ઉકાભાઇ_કાનાભાઈ.pdf
2025-11-05 09:47:44,018 - INFO - Created PDF for ભાદરકા ઉકાભાઇ કાનાભાઈ 
2025-11-05 09:47:44,558 - INFO - Created image for ભાદરકા અરજણભાઈ કાનાભાઈ 
2025-11-05 09:47:44,605 - INFO - Successfully converted image to PDF: invitations\invitation_ભાદરકા_અરજણભાઈ_કાનાભાઈ.pdf
2025-11-05 09:47:44,607 - INFO - Created PDF for ભાદરકા અરજણભાઈ કાનાભાઈ 
2025-11-05 09:47:45,166 - INFO - Created image for ઘુલ કરશનભાઈ
2025-11-05 09:47:45,297 - INFO - Successfully converted image to PDF: invitations\invitation_ઘુલ_કરશનભાઈ.pdf
2025-11-05 09:47:45,302 - INFO - Created PDF for ઘુલ કરશનભાઈ
2025-11-05 09:47:45,842 - INFO - Created image for ઘુલ કરશનભાઈ
2025-11-05 09:47:45,892 - INFO - Successfully converted image to PDF: invitations\invitation_ઘુલ_કરશનભાઈ.pdf
2025-11-05 09:47:45,896 - INFO - Created PDF for ઘુલ કરશનભાઈ
2025-11-05 09:47:46,448 - INFO - Created image for ઘુલ રાજુભાઈ 
2025-11-05 09:47:46,516 - INFO - Successfully converted image to PDF: invitations\invitation_ઘુલ_રાજુભાઈ.pdf
2025-11-05 09:47:46,518 - INFO - Created PDF for ઘુલ રાજુભાઈ 
2025-11-05 09:47:47,053 - INFO - Created image for નાધેરા કાનાભાઈ જેઠાભાઈ 
2025-11-05 09:47:47,091 - INFO - Successfully converted image to PDF: invitations\invitation_નાધેરા_કાનાભાઈ_જેઠાભાઈ.pdf
2025-11-05 09:47:47,093 - INFO - Created PDF for નાધેરા કાનાભાઈ જેઠાભાઈ 
2025-11-05 09:47:47,638 - INFO - Created image for નાઘેરા મેરામણભાઇ પોલાભાઈ 
2025-11-05 09:47:47,700 - INFO - Successfully converted image to PDF: invitations\invitation_નાઘેરા_મેરામણભાઇ_પોલાભાઈ.pdf
2025-11-05 09:47:47,701 - INFO - Created PDF for નાઘેરા મેરામણભાઇ પોલાભાઈ 
2025-11-05 09:47:48,246 - INFO - Created image for નાઘેરા કીશોરભાઈ પરબતભાઈ 
2025-11-05 09:47:48,326 - INFO - Successfully converted image to PDF: invitations\invitation_નાઘેરા_કીશોરભાઈ_પરબતભાઈ.pdf
2025-11-05 09:47:48,342 - INFO - Created PDF for નાઘેરા કીશોરભાઈ પરબતભાઈ 
2025-11-05 09:47:48,881 - INFO - Created image for નાઘેરા વાઘાભાઈ પરબતભાઈ 
2025-11-05 09:47:49,047 - INFO - Successfully converted image to PDF: invitations\invitation_નાઘેરા_વાઘાભાઈ_પરબતભાઈ.pdf
2025-11-05 09:47:49,049 - INFO - Created PDF for નાઘેરા વાઘાભાઈ પરબતભાઈ 
2025-11-05 09:47:49,585 - INFO - Created image for ખોડભાયા કાનાભાઈ મેશુરભાઈ
2025-11-05 09:47:49,625 - INFO - Successfully converted image to PDF: invitations\invitation_ખોડભાયા_કાનાભાઈ_મેશુરભાઈ.pdf
2025-11-05 09:47:49,627 - INFO - Created PDF for ખોડભાયા કાનાભાઈ મેશુરભાઈ
2025-11-05 09:47:50,169 - INFO - Created image for ખોડભાયા ધનાભાઈ કાનાભાઈ 
2025-11-05 09:47:50,225 - INFO - Successfully converted image to PDF: invitations\invitation_ખોડભાયા_ધનાભાઈ_કાનાભાઈ.pdf
2025-11-05 09:47:50,226 - INFO - Created PDF for ખોડભાયા ધનાભાઈ કાનાભાઈ 
2025-11-05 09:47:50,762 - INFO - Created image for ચૌહાણ ડાયાભાઈ 
2025-11-05 09:47:50,815 - INFO - Successfully converted image to PDF: invitations\invitation_ચૌહાણ_ડાયાભાઈ.pdf
2025-11-05 09:47:50,817 - INFO - Created PDF for ચૌહાણ ડાયાભાઈ 
2025-11-05 09:47:51,357 - INFO - Created image for ચૌહાણ બાલાભાઈ 
2025-11-05 09:47:51,458 - INFO - Successfully converted image to PDF: invitations\invitation_ચૌહાણ_બાલાભાઈ.pdf
2025-11-05 09:47:51,464 - INFO - Created PDF for ચૌહાણ બાલાભાઈ 
2025-11-05 09:47:52,084 - INFO - Created image for નાઘેરા ગોપાલભાઈ પોલાભાઈ 
2025-11-05 09:47:52,172 - INFO - Successfully converted image to PDF: invitations\invitation_નાઘેરા_ગોપાલભાઈ_પોલાભાઈ.pdf
2025-11-05 09:47:52,179 - INFO - Created PDF for નાઘેરા ગોપાલભાઈ પોલાભાઈ 
2025-11-05 09:47:52,724 - INFO - Created image for રજતીય લખમણભાઈ
2025-11-05 09:47:52,775 - INFO - Successfully converted image to PDF: invitations\invitation_રજતીય_લખમણભાઈ.pdf
2025-11-05 09:47:52,775 - INFO - Created PDF for રજતીય લખમણભાઈ
2025-11-05 09:47:53,313 - INFO - Created image for રજતીય લખમણભાઈ
2025-11-05 09:47:53,370 - INFO - Successfully converted image to PDF: invitations\invitation_રજતીય_લખમણભાઈ.pdf
2025-11-05 09:47:53,373 - INFO - Created PDF for રજતીય લખમણભાઈ
2025-11-05 09:47:53,916 - INFO - Created image for ઓતીમાં 
2025-11-05 09:47:53,974 - INFO - Successfully converted image to PDF: invitations\invitation_ઓતીમાં.pdf
2025-11-05 09:47:53,975 - INFO - Created PDF for ઓતીમાં 
2025-11-05 09:47:54,552 - INFO - Created image for રાવલીયા કાનાભાઈ 
2025-11-05 09:47:54,608 - INFO - Successfully converted image to PDF: invitations\invitation_રાવલીયા_કાનાભાઈ.pdf
2025-11-05 09:47:54,609 - INFO - Created PDF for રાવલીયા કાનાભાઈ 
2025-11-05 09:47:55,148 - INFO - Created image for રાવલીયા કાનાભાઈ 
2025-11-05 09:47:55,210 - INFO - Successfully converted image to PDF: invitations\invitation_રાવલીયા_કાનાભાઈ.pdf
2025-11-05 09:47:55,213 - INFO - Created PDF for રાવલીયા કાનાભાઈ 
2025-11-05 09:47:55,755 - INFO - Created image for રાવલીયા ગોપાલભાઈ 
2025-11-05 09:47:55,807 - INFO - Successfully converted image to PDF: invitations\invitation_રાવલીયા_ગોપાલભાઈ.pdf
2025-11-05 09:47:55,808 - INFO - Created PDF for રાવલીયા ગોપાલભાઈ 
2025-11-05 09:47:56,354 - INFO - Created image for રાવલીયા સંજયભાઈ 
2025-11-05 09:47:56,655 - INFO - Successfully converted image to PDF: invitations\invitation_રાવલીયા_સંજયભાઈ.pdf
2025-11-05 09:47:56,671 - INFO - Created PDF for રાવલીયા સંજયભાઈ 
2025-11-05 09:47:57,319 - INFO - Created image for રાવલીયા પરબતભાઈ 
2025-11-05 09:47:57,391 - INFO - Successfully converted image to PDF: invitations\invitation_રાવલીયા_પરબતભાઈ.pdf
2025-11-05 09:47:57,392 - INFO - Created PDF for રાવલીયા પરબતભાઈ 
2025-11-05 09:47:58,018 - INFO - Created image for રાવલીયા મનીષભાઈ ખીમાભાઈ 
2025-11-05 09:47:58,134 - INFO - Successfully converted image to PDF: invitations\invitation_રાવલીયા_મનીષભાઈ_ખીમાભાઈ.pdf
2025-11-05 09:47:58,136 - INFO - Created PDF for રાવલીયા મનીષભાઈ ખીમાભાઈ 
2025-11-05 09:47:58,746 - INFO - Created image for રાવલીયા કીશોરભાઈ ભીમાભાઇ 
2025-11-05 09:47:58,904 - INFO - Successfully converted image to PDF: invitations\invitation_રાવલીયા_કીશોરભાઈ_ભીમાભાઇ.pdf
2025-11-05 09:47:58,906 - INFO - Created PDF for રાવલીયા કીશોરભાઈ ભીમાભાઇ 
2025-11-05 09:47:59,447 - INFO - Created image for રાવલીયા કમલેશભાઈ આલાભાઇ 
2025-11-05 09:47:59,520 - INFO - Successfully converted image to PDF: invitations\invitation_રાવલીયા_કમલેશભાઈ_આલાભાઇ.pdf
2025-11-05 09:47:59,522 - INFO - Created PDF for રાવલીયા કમલેશભાઈ આલાભાઇ 
2025-11-05 09:48:00,085 - INFO - Created image for રાવલીયા કમલેશભાઈ આલાભાઇ 
2025-11-05 09:48:00,140 - INFO - Successfully converted image to PDF: invitations\invitation_રાવલીયા_કમલેશભાઈ_આલાભાઇ.pdf
2025-11-05 09:48:00,142 - INFO - Created PDF for રાવલીયા કમલેશભાઈ આલાભાઇ 
2025-11-05 09:48:00,785 - INFO - Created image for ખોડભાયા રમેશભાઈ રાણાભાઇ 
2025-11-05 09:48:00,935 - INFO - Successfully converted image to PDF: invitations\invitation_ખોડભાયા_રમેશભાઈ_રાણાભાઇ.pdf
2025-11-05 09:48:00,939 - INFO - Created PDF for ખોડભાયા રમેશભાઈ રાણાભાઇ 
2025-11-05 09:48:01,674 - INFO - Created image for ભાદરકા વીક્રમભાઈ નાથાભાઈ 
2025-11-05 09:48:01,756 - INFO - Successfully converted image to PDF: invitations\invitation_ભાદરકા_વીક્રમભાઈ_નાથાભાઈ.pdf
2025-11-05 09:48:01,758 - INFO - Created PDF for ભાદરકા વીક્રમભાઈ નાથાભાઈ 
2025-11-05 09:48:02,301 - INFO - Created image for કાંબલીયા ભાણીયાભાઈ 
2025-11-05 09:48:02,359 - INFO - Successfully converted image to PDF: invitations\invitation_કાંબલીયા_ભાણીયાભાઈ.pdf
2025-11-05 09:48:02,365 - INFO - Created PDF for કાંબલીયા ભાણીયાભાઈ 
2025-11-05 09:48:02,898 - INFO - Created image for કાંબલીયા લાડુબેન 
2025-11-05 09:48:02,948 - INFO - Successfully converted image to PDF: invitations\invitation_કાંબલીયા_લાડુબેન.pdf
2025-11-05 09:48:02,950 - INFO - Created PDF for કાંબલીયા લાડુબેન 
2025-11-05 09:48:04,221 - INFO - Created image for ભાદરકા રાજુભાઈ હાજાભાઇ 
2025-11-05 09:48:04,486 - INFO - Successfully converted image to PDF: invitations\invitation_ભાદરકા_રાજુભાઈ_હાજાભાઇ.pdf
2025-11-05 09:48:04,489 - INFO - Created PDF for ભાદરકા રાજુભાઈ હાજાભાઇ 
2025-11-05 09:48:05,030 - INFO - Created image for નાઘેરા હમીરભાઈ મશરીભાઈ
2025-11-05 09:48:05,071 - INFO - Successfully converted image to PDF: invitations\invitation_નાઘેરા_હમીરભાઈ_મશરીભાઈ.pdf
2025-11-05 09:48:05,072 - INFO - Created PDF for નાઘેરા હમીરભાઈ મશરીભાઈ
2025-11-05 09:48:05,606 - INFO - Created image for નાઘેરા ચીનાભાઈ મશરીભાઈ
2025-11-05 09:48:05,651 - INFO - Successfully converted image to PDF: invitations\invitation_નાઘેરા_ચીનાભાઈ_મશરીભાઈ.pdf
2025-11-05 09:48:05,652 - INFO - Created PDF for નાઘેરા ચીનાભાઈ મશરીભાઈ
2025-11-05 09:48:06,198 - INFO - Created image for ભાદરકા મેરામણભાઇ રાજાભાઈ
2025-11-05 09:48:06,568 - INFO - Successfully converted image to PDF: invitations\invitation_ભાદરકા_મેરામણભાઇ_રાજાભાઈ.pdf
2025-11-05 09:48:06,651 - INFO - Created PDF for ભાદરકા મેરામણભાઇ રાજાભાઈ
2025-11-05 09:48:07,207 - INFO - Created image for ભાદરકા નગાભાઈ કેશુભાઈ 
2025-11-05 09:48:07,264 - INFO - Successfully converted image to PDF: invitations\invitation_ભાદરકા_નગાભાઈ_કેશુભાઈ.pdf
2025-11-05 09:48:07,266 - INFO - Created PDF for ભાદરકા નગાભાઈ કેશુભાઈ 
2025-11-05 09:48:08,179 - INFO - Created image for ભાદરકા નગાભાઈ કેશુભાઈ 
2025-11-05 09:48:08,256 - INFO - Successfully converted image to PDF: invitations\invitation_ભાદરકા_નગાભાઈ_કેશુભાઈ.pdf
2025-11-05 09:48:08,258 - INFO - Created PDF for ભાદરકા નગાભાઈ કેશુભાઈ 
2025-11-05 09:48:08,804 - INFO - Created image for ભાદરકા વીજયભાઈ કારાભાઈ
2025-11-05 09:48:08,913 - INFO - Successfully converted image to PDF: invitations\invitation_ભાદરકા_વીજયભાઈ_કારાભાઈ.pdf
2025-11-05 09:48:08,918 - INFO - Created PDF for ભાદરકા વીજયભાઈ કારાભાઈ
2025-11-05 09:48:09,461 - INFO - Created image for ભાદરકા વીરમભાઈ કારાભાઈ 
2025-11-05 09:48:09,528 - INFO - Successfully converted image to PDF: invitations\invitation_ભાદરકા_વીરમભાઈ_કારાભાઈ.pdf
2025-11-05 09:48:09,533 - INFO - Created PDF for ભાદરકા વીરમભાઈ કારાભાઈ 
2025-11-05 09:48:10,425 - INFO - Created image for ઢોલા પ્રકાશભાઈ ચીનાભાઈ 
2025-11-05 09:48:10,551 - INFO - Successfully converted image to PDF: invitations\invitation_ઢોલા_પ્રકાશભાઈ_ચીનાભાઈ.pdf
2025-11-05 09:48:10,565 - INFO - Created PDF for ઢોલા પ્રકાશભાઈ ચીનાભાઈ 
2025-11-05 09:48:11,583 - INFO - Created image for ગંભીર મેરામણભાઇ ભગતભાઈ 
2025-11-05 09:48:12,144 - INFO - Successfully converted image to PDF: invitations\invitation_ગંભીર_મેરામણભાઇ_ભગતભાઈ.pdf
2025-11-05 09:48:12,184 - INFO - Created PDF for ગંભીર મેરામણભાઇ ભગતભાઈ 
2025-11-05 09:48:13,920 - INFO - Created image for ગંભીર તોફાનભાઈ ભગતભાઈ 
2025-11-05 09:48:14,423 - INFO - Successfully converted image to PDF: invitations\invitation_ગંભીર_તોફાનભાઈ_ભગતભાઈ.pdf
2025-11-05 09:48:14,431 - INFO - Created PDF for ગંભીર તોફાનભાઈ ભગતભાઈ 
2025-11-05 09:48:15,616 - INFO - Created image for ગંભીર ધનાભાઈ ભગતભાઈ 
2025-11-05 09:48:15,674 - INFO - Successfully converted image to PDF: invitations\invitation_ગંભીર_ધનાભાઈ_ભગતભાઈ.pdf
2025-11-05 09:48:15,678 - INFO - Created PDF for ગંભીર ધનાભાઈ ભગતભાઈ 
2025-11-05 09:48:16,214 - INFO - Created image for ગંભીર મનોજભાઈ ભગતભાઈ 
2025-11-05 09:48:16,260 - INFO - Successfully converted image to PDF: invitations\invitation_ગંભીર_મનોજભાઈ_ભગતભાઈ.pdf
2025-11-05 09:48:16,262 - INFO - Created PDF for ગંભીર મનોજભાઈ ભગતભાઈ 
2025-11-05 09:48:16,797 - INFO - Created image for ગંભીર મનોજભાઈ ભગતભાઈ 
2025-11-05 09:48:16,844 - INFO - Successfully converted image to PDF: invitations\invitation_ગંભીર_મનોજભાઈ_ભગતભાઈ.pdf
2025-11-05 09:48:16,846 - INFO - Created PDF for ગંભીર મનોજભાઈ ભગતભાઈ 
2025-11-05 09:48:17,383 - INFO - Created image for ગંભીર સાદુરભાઈ ભગતભાઈ 
2025-11-05 09:48:17,435 - INFO - Successfully converted image to PDF: invitations\invitation_ગંભીર_સાદુરભાઈ_ભગતભાઈ.pdf
2025-11-05 09:48:17,436 - INFO - Created PDF for ગંભીર સાદુરભાઈ ભગતભાઈ 
2025-11-05 09:48:17,975 - INFO - Created image for ભાદરકા બાલુભાઇ પરબતભાઈ 
2025-11-05 09:48:18,028 - INFO - Successfully converted image to PDF: invitations\invitation_ભાદરકા_બાલુભાઇ_પરબતભાઈ.pdf
2025-11-05 09:48:18,031 - INFO - Created PDF for ભાદરકા બાલુભાઇ પરબતભાઈ 
2025-11-05 09:48:18,591 - INFO - Created image for ભાદરકા પરબતભાઈ ગીગાભાઈ
2025-11-05 09:48:18,734 - INFO - Successfully converted image to PDF: invitations\invitation_ભાદરકા_પરબતભાઈ_ગીગાભાઈ.pdf
2025-11-05 09:48:18,747 - INFO - Created PDF for ભાદરકા પરબતભાઈ ગીગાભાઈ
2025-11-05 09:48:19,336 - INFO - Created image for ભાદરકા ભુરાભાઈ રણમલભાઈ 
2025-11-05 09:48:19,388 - INFO - Successfully converted image to PDF: invitations\invitation_ભાદરકા_ભુરાભાઈ_રણમલભાઈ.pdf
2025-11-05 09:48:19,389 - INFO - Created PDF for ભાદરકા ભુરાભાઈ રણમલભાઈ 
2025-11-05 09:48:19,934 - INFO - Created image for ભાદરકા દેવાનંદભાઈ તથા મેનશીભાઈ તથા રામભાઈ
2025-11-05 09:48:19,984 - INFO - Successfully converted image to PDF: invitations\invitation_ભાદરકા_દેવાનંદભાઈ_તથા_મેનશીભાઈ_તથા_રામભાઈ.pdf
2025-11-05 09:48:19,985 - INFO - Created PDF for ભાદરકા દેવાનંદભાઈ તથા મેનશીભાઈ તથા રામભાઈ
2025-11-05 09:48:20,535 - INFO - Created image for સુખાનંદી હીતેશભાઈ 
2025-11-05 09:48:20,607 - INFO - Successfully converted image to PDF: invitations\invitation_સુખાનંદી_હીતેશભાઈ.pdf
2025-11-05 09:48:20,608 - INFO - Created PDF for સુખાનંદી હીતેશભાઈ 
2025-11-05 09:48:21,144 - INFO - Created image for નાધેરા નીરજભાઈ સવદાસભાઈ 
2025-11-05 09:48:21,193 - INFO - Successfully converted image to PDF: invitations\invitation_નાધેરા_નીરજભાઈ_સવદાસભાઈ.pdf
2025-11-05 09:48:21,203 - INFO - Created PDF for નાધેરા નીરજભાઈ સવદાસભાઈ 
2025-11-05 09:48:21,753 - INFO - Created image for નાઘેરા મહેશભાઈ સવદાસભાઈ 
2025-11-05 09:48:21,822 - INFO - Successfully converted image to PDF: invitations\invitation_નાઘેરા_મહેશભાઈ_સવદાસભાઈ.pdf
2025-11-05 09:48:21,823 - INFO - Created PDF for નાઘેરા મહેશભાઈ સવદાસભાઈ 
2025-11-05 09:48:22,366 - INFO - Created image for સવાણ વજાભાઈ કેશુરભાઈ 
2025-11-05 09:48:22,429 - INFO - Successfully converted image to PDF: invitations\invitation_સવાણ_વજાભાઈ_કેશુરભાઈ.pdf
2025-11-05 09:48:22,432 - INFO - Created PDF for સવાણ વજાભાઈ કેશુરભાઈ 
2025-11-05 09:48:22,970 - INFO - Created image for ભાદરકા ભરતભાઈ નાથાભાઈ 
2025-11-05 09:48:23,021 - INFO - Successfully converted image to PDF: invitations\invitation_ભાદરકા_ભરતભાઈ_નાથાભાઈ.pdf
2025-11-05 09:48:23,025 - INFO - Created PDF for ભાદરકા ભરતભાઈ નાથાભાઈ 
2025-11-05 09:48:23,579 - INFO - Created image for ભાદરકા ભુરાભાઈ નારણભાઈ 
2025-11-05 09:48:24,239 - INFO - Successfully converted image to PDF: invitations\invitation_ભાદરકા_ભુરાભાઈ_નારણભાઈ.pdf
2025-11-05 09:48:24,453 - INFO - Created PDF for ભાદરકા ભુરાભાઈ નારણભાઈ 
2025-11-05 09:48:25,564 - INFO - Created image for ડાંગર વીરમભાઈ પુંજાભાઈ 
2025-11-05 09:48:25,689 - INFO - Successfully converted image to PDF: invitations\invitation_ડાંગર_વીરમભાઈ_પુંજાભાઈ.pdf
2025-11-05 09:48:25,741 - INFO - Created PDF for ડાંગર વીરમભાઈ પુંજાભાઈ 
2025-11-05 09:48:26,323 - INFO - Created image for ભાદરકા ધનાભાઈ નારણભાઈ 
2025-11-05 09:48:26,479 - INFO - Successfully converted image to PDF: invitations\invitation_ભાદરકા_ધનાભાઈ_નારણભાઈ.pdf
2025-11-05 09:48:26,483 - INFO - Created PDF for ભાદરકા ધનાભાઈ નારણભાઈ 
2025-11-05 09:48:27,147 - INFO - Created image for ભાદરકા નાનુભાઈ ધનાભાઈ 
2025-11-05 09:48:27,197 - INFO - Successfully converted image to PDF: invitations\invitation_ભાદરકા_નાનુભાઈ_ધનાભાઈ.pdf
2025-11-05 09:48:27,200 - INFO - Created PDF for ભાદરકા નાનુભાઈ ધનાભાઈ 
2025-11-05 09:48:27,796 - INFO - Created image for આપારનાથી શીમનગીરી હેમગીરી 
2025-11-05 09:48:27,895 - INFO - Successfully converted image to PDF: invitations\invitation_આપારનાથી_શીમનગીરી_હેમગીરી.pdf
2025-11-05 09:48:27,896 - INFO - Created PDF for આપારનાથી શીમનગીરી હેમગીરી 
2025-11-05 09:48:28,550 - INFO - Created image for ભાદરકા લખમણભાઇ નાથાભાઈ 
2025-11-05 09:48:28,963 - INFO - Successfully converted image to PDF: invitations\invitation_ભાદરકા_લખમણભાઇ_નાથાભાઈ.pdf
2025-11-05 09:48:29,107 - INFO - Created PDF for ભાદરકા લખમણભાઇ નાથાભાઈ 
2025-11-05 09:48:29,691 - INFO - Created image for તુષારભાઈ ગોર
2025-11-05 09:48:29,750 - INFO - Successfully converted image to PDF: invitations\invitation_તુષારભાઈ_ગોર.pdf
2025-11-05 09:48:29,752 - INFO - Created PDF for તુષારભાઈ ગોર
2025-11-05 09:48:30,297 - INFO - Created image for ડાંગર કંશન 
2025-11-05 09:48:30,348 - INFO - Successfully converted image to PDF: invitations\invitation_ડાંગર_કંશન.pdf
2025-11-05 09:48:30,351 - INFO - Created PDF for ડાંગર કંશન 
2025-11-05 09:48:30,895 - INFO - Created image for ભાદરકા નગાભાઈ કરસનભાઈ 
2025-11-05 09:48:30,948 - INFO - Successfully converted image to PDF: invitations\invitation_ભાદરકા_નગાભાઈ_કરસનભાઈ.pdf
2025-11-05 09:48:30,950 - INFO - Created PDF for ભાદરકા નગાભાઈ કરસનભાઈ 
2025-11-05 09:48:31,497 - INFO - Created image for ભાદરકા નીરજભાઈ કરસનભાઈ
2025-11-05 09:48:31,565 - INFO - Successfully converted image to PDF: invitations\invitation_ભાદરકા_નીરજભાઈ_કરસનભાઈ.pdf
2025-11-05 09:48:31,567 - INFO - Created PDF for ભાદરકા નીરજભાઈ કરસનભાઈ
2025-11-05 09:48:32,106 - INFO - Created image for ડો. દેવલબાપુ
2025-11-05 09:48:32,185 - INFO - Successfully converted image to PDF: invitations\invitation_ડો._દેવલબાપુ.pdf
2025-11-05 09:48:32,189 - INFO - Created PDF for ડો. દેવલબાપુ
2025-11-05 09:48:32,738 - INFO - Created image for ભટ્ટ કમલેશભાઇ
2025-11-05 09:48:32,904 - INFO - Successfully converted image to PDF: invitations\invitation_ભટ્ટ_કમલેશભાઇ.pdf
2025-11-05 09:48:32,906 - INFO - Created PDF for ભટ્ટ કમલેશભાઇ
2025-11-05 09:48:33,569 - INFO - Created image for પંડ્યા રવીભાઈ 
2025-11-05 09:48:33,671 - INFO - Successfully converted image to PDF: invitations\invitation_પંડ્યા_રવીભાઈ.pdf
2025-11-05 09:48:33,674 - INFO - Created PDF for પંડ્યા રવીભાઈ 
2025-11-05 09:48:34,264 - INFO - Created image for રાવલીયા જગદીશભાઈ 
2025-11-05 09:48:34,333 - INFO - Successfully converted image to PDF: invitations\invitation_રાવલીયા_જગદીશભાઈ.pdf
2025-11-05 09:48:34,335 - INFO - Created PDF for રાવલીયા જગદીશભાઈ 
2025-11-05 09:48:34,921 - INFO - Created image for પટેલ પ્રફુલભાઈ
2025-11-05 09:48:34,980 - INFO - Successfully converted image to PDF: invitations\invitation_પટેલ_પ્રફુલભાઈ.pdf
2025-11-05 09:48:34,982 - INFO - Created PDF for પટેલ પ્રફુલભાઈ
2025-11-05 09:48:35,528 - INFO - Created image for સોની પ્રફુલભાઈ
2025-11-05 09:48:35,590 - INFO - Successfully converted image to PDF: invitations\invitation_સોની_પ્રફુલભાઈ.pdf
2025-11-05 09:48:35,595 - INFO - Created PDF for સોની પ્રફુલભાઈ
2025-11-05 09:48:36,132 - INFO - Created image for સંજયભાઈ
2025-11-05 09:48:36,185 - INFO - Successfully converted image to PDF: invitations\invitation_સંજયભાઈ.pdf
2025-11-05 09:48:36,186 - INFO - Created PDF for સંજયભાઈ
2025-11-05 09:48:36,730 - INFO - Created image for ખૂટી ટીલુભાઈ 
2025-11-05 09:48:36,793 - INFO - Successfully converted image to PDF: invitations\invitation_ખૂટી_ટીલુભાઈ.pdf
2025-11-05 09:48:36,796 - INFO - Created PDF for ખૂટી ટીલુભાઈ 
2025-11-05 09:48:37,336 - INFO - Created image for વખારીયા અતુલભાઇ 
2025-11-05 09:48:37,404 - INFO - Successfully converted image to PDF: invitations\invitation_વખારીયા_અતુલભાઇ.pdf
2025-11-05 09:48:37,416 - INFO - Created PDF for વખારીયા અતુલભાઇ 
2025-11-05 09:48:37,965 - INFO - Created image for પ્રતીકભાઈ 
2025-11-05 09:48:38,032 - INFO - Successfully converted image to PDF: invitations\invitation_પ્રતીકભાઈ.pdf
2025-11-05 09:48:38,034 - INFO - Created PDF for પ્રતીકભાઈ 
2025-11-05 09:48:38,570 - INFO - Created image for યોગેશભાઈ
2025-11-05 09:48:38,719 - INFO - Successfully converted image to PDF: invitations\invitation_યોગેશભાઈ.pdf
2025-11-05 09:48:38,745 - INFO - Created PDF for યોગેશભાઈ
2025-11-05 09:48:39,304 - INFO - Created image for કાછીયા આકાશભાઈ
2025-11-05 09:48:39,355 - INFO - Successfully converted image to PDF: invitations\invitation_કાછીયા_આકાશભાઈ.pdf
2025-11-05 09:48:39,356 - INFO - Created PDF for કાછીયા આકાશભાઈ
2025-11-05 10:00:13,054 - INFO - Starting creation of invitations for 430 contacts...
2025-11-05 10:00:13,156 - INFO - Created image for નંદાણીયા દેવશીભાઇ
2025-11-05 10:00:13,320 - INFO - Successfully converted image to PDF: invitations\invitation_નંદાણીયા_દેવશીભાઇ.pdf
2025-11-05 10:00:13,321 - INFO - Created PDF for નંદાણીયા દેવશીભાઇ
2025-11-05 10:00:13,847 - INFO - Created image for છુછર રામશીભાઈ
2025-11-05 10:00:13,884 - INFO - Successfully converted image to PDF: invitations\invitation_છુછર_રામશીભાઈ.pdf
2025-11-05 10:00:13,885 - INFO - Created PDF for છુછર રામશીભાઈ
2025-11-05 10:00:14,411 - INFO - Created image for માડમ ધનાભાઇ
2025-11-05 10:00:14,455 - INFO - Successfully converted image to PDF: invitations\invitation_માડમ_ધનાભાઇ.pdf
2025-11-05 10:00:14,456 - INFO - Created PDF for માડમ ધનાભાઇ
2025-11-05 10:00:14,981 - INFO - Created image for બોરખતરીયા વીજયભાઈ
2025-11-05 10:00:15,012 - INFO - Successfully converted image to PDF: invitations\invitation_બોરખતરીયા_વીજયભાઈ.pdf
2025-11-05 10:00:15,013 - INFO - Created PDF for બોરખતરીયા વીજયભાઈ
2025-11-05 10:00:15,538 - INFO - Created image for બોરખતરીયા મનોજભાઈ
2025-11-05 10:00:15,570 - INFO - Successfully converted image to PDF: invitations\invitation_બોરખતરીયા_મનોજભાઈ.pdf
2025-11-05 10:00:15,571 - INFO - Created PDF for બોરખતરીયા મનોજભાઈ
2025-11-05 10:00:16,097 - INFO - Created image for પીઠીયા ખોડાભાઈ
2025-11-05 10:00:16,124 - INFO - Successfully converted image to PDF: invitations\invitation_પીઠીયા_ખોડાભાઈ.pdf
2025-11-05 10:00:16,125 - INFO - Created PDF for પીઠીયા ખોડાભાઈ
2025-11-05 10:00:16,649 - INFO - Created image for મૈતર નારણભાઇ
2025-11-05 10:00:16,681 - INFO - Successfully converted image to PDF: invitations\invitation_મૈતર_નારણભાઇ.pdf
2025-11-05 10:00:16,682 - INFO - Created PDF for મૈતર નારણભાઇ
2025-11-05 10:00:17,215 - INFO - Created image for ગૌસ્વામી મુકેશબાપુ 
2025-11-05 10:00:17,253 - INFO - Successfully converted image to PDF: invitations\invitation_ગૌસ્વામી_મુકેશબાપુ.pdf
2025-11-05 10:00:17,253 - INFO - Created PDF for ગૌસ્વામી મુકેશબાપુ 
2025-11-05 10:00:17,784 - INFO - Created image for ભાદરકા દીનેશભાઈ
2025-11-05 10:00:17,831 - INFO - Successfully converted image to PDF: invitations\invitation_ભાદરકા_દીનેશભાઈ.pdf
2025-11-05 10:00:17,832 - INFO - Created PDF for ભાદરકા દીનેશભાઈ
2025-11-05 10:00:18,357 - INFO - Created image for ચૌહાણ ચંદ્રેશભાઈ
2025-11-05 10:00:18,389 - INFO - Successfully converted image to PDF: invitations\invitation_ચૌહાણ_ચંદ્રેશભાઈ.pdf
2025-11-05 10:00:18,390 - INFO - Created PDF for ચૌહાણ ચંદ્રેશભાઈ
2025-11-05 10:00:18,925 - INFO - Created image for ચૌહાણ ચંદ્રેશભાઈ
2025-11-05 10:00:18,962 - INFO - Successfully converted image to PDF: invitations\invitation_ચૌહાણ_ચંદ્રેશભાઈ.pdf
2025-11-05 10:00:18,963 - INFO - Created PDF for ચૌહાણ ચંદ્રેશભાઈ
2025-11-05 10:00:19,486 - INFO - Created image for કચોટ ભીખુભાઈ
2025-11-05 10:00:19,527 - INFO - Successfully converted image to PDF: invitations\invitation_કચોટ_ભીખુભાઈ.pdf
2025-11-05 10:00:19,528 - INFO - Created PDF for કચોટ ભીખુભાઈ
2025-11-05 10:00:20,053 - INFO - Created image for આલાભાઈ મુંજાભાઈ કાંબલીયા 
2025-11-05 10:00:20,088 - INFO - Successfully converted image to PDF: invitations\invitation_આલાભાઈ_મુંજાભાઈ_કાંબલીયા.pdf
2025-11-05 10:00:20,090 - INFO - Created PDF for આલાભાઈ મુંજાભાઈ કાંબલીયા 
2025-11-05 10:00:20,616 - INFO - Created image for કૈવલ્યભાઈ જોષી 
2025-11-05 10:00:20,659 - INFO - Successfully converted image to PDF: invitations\invitation_કૈવલ્યભાઈ_જોષી.pdf
2025-11-05 10:00:20,660 - INFO - Created PDF for કૈવલ્યભાઈ જોષી 
2025-11-05 10:00:21,184 - INFO - Created image for કૈવલ્યભાઈ જોષી 
2025-11-05 10:00:21,229 - INFO - Successfully converted image to PDF: invitations\invitation_કૈવલ્યભાઈ_જોષી.pdf
2025-11-05 10:00:21,230 - INFO - Created PDF for કૈવલ્યભાઈ જોષી 
2025-11-05 10:00:21,755 - INFO - Created image for વીંછી જગમાલભાઇ 
2025-11-05 10:00:21,785 - INFO - Successfully converted image to PDF: invitations\invitation_વીંછી_જગમાલભાઇ.pdf
2025-11-05 10:00:21,786 - INFO - Created PDF for વીંછી જગમાલભાઇ 
2025-11-05 10:00:22,310 - INFO - Created image for વીંછી મેણશીભાઈ
2025-11-05 10:00:22,343 - INFO - Successfully converted image to PDF: invitations\invitation_વીંછી_મેણશીભાઈ.pdf
2025-11-05 10:00:22,344 - INFO - Created PDF for વીંછી મેણશીભાઈ
2025-11-05 10:00:22,870 - INFO - Created image for કાંબલીયા મેરામણભાઇ 
2025-11-05 10:00:22,901 - INFO - Successfully converted image to PDF: invitations\invitation_કાંબલીયા_મેરામણભાઇ.pdf
2025-11-05 10:00:22,902 - INFO - Created PDF for કાંબલીયા મેરામણભાઇ 
2025-11-05 10:00:23,432 - INFO - Created image for કાંબલીયા દેશુરભાઈ 
2025-11-05 10:00:23,463 - INFO - Successfully converted image to PDF: invitations\invitation_કાંબલીયા_દેશુરભાઈ.pdf
2025-11-05 10:00:23,464 - INFO - Created PDF for કાંબલીયા દેશુરભાઈ 
2025-11-05 10:00:23,996 - INFO - Created image for વીંછી દેવાભાઈ 
2025-11-05 10:00:24,035 - INFO - Successfully converted image to PDF: invitations\invitation_વીંછી_દેવાભાઈ.pdf
2025-11-05 10:00:24,036 - INFO - Created PDF for વીંછી દેવાભાઈ 
2025-11-05 10:00:24,562 - INFO - Created image for ભાદરકા દેવાયતભાઈ 
2025-11-05 10:00:24,595 - INFO - Successfully converted image to PDF: invitations\invitation_ભાદરકા_દેવાયતભાઈ.pdf
2025-11-05 10:00:24,596 - INFO - Created PDF for ભાદરકા દેવાયતભાઈ 
2025-11-05 10:00:25,140 - INFO - Created image for નાઘેરા ગોપાલભાઈ પોલાભાઈ 
2025-11-05 10:00:25,235 - INFO - Successfully converted image to PDF: invitations\invitation_નાઘેરા_ગોપાલભાઈ_પોલાભાઈ.pdf
2025-11-05 10:00:25,250 - INFO - Created PDF for નાઘેરા ગોપાલભાઈ પોલાભાઈ 
2025-11-05 10:00:25,803 - INFO - Created image for રામ યશવંતભાઈ 
2025-11-05 10:00:25,851 - INFO - Successfully converted image to PDF: invitations\invitation_રામ_યશવંતભાઈ.pdf
2025-11-05 10:00:25,851 - INFO - Created PDF for રામ યશવંતભાઈ 
2025-11-05 10:00:26,384 - INFO - Created image for ઈભુભાઈ ગેરેજ 
2025-11-05 10:00:26,436 - INFO - Successfully converted image to PDF: invitations\invitation_ઈભુભાઈ_ગેરેજ.pdf
2025-11-05 10:00:26,439 - INFO - Created PDF for ઈભુભાઈ ગેરેજ 
2025-11-05 10:00:26,966 - INFO - Created image for ઈભુભાઈ ગેરેજ 
2025-11-05 10:00:27,000 - INFO - Successfully converted image to PDF: invitations\invitation_ઈભુભાઈ_ગેરેજ.pdf
2025-11-05 10:00:27,000 - INFO - Created PDF for ઈભુભાઈ ગેરેજ 
2025-11-05 10:00:27,524 - INFO - Created image for રાકેશ શેઠ 
2025-11-05 10:00:27,557 - INFO - Successfully converted image to PDF: invitations\invitation_રાકેશ_શેઠ.pdf
2025-11-05 10:00:27,559 - INFO - Created PDF for રાકેશ શેઠ 
2025-11-05 10:00:28,086 - INFO - Created image for કાંબલીયા નીરૂબેન 
2025-11-05 10:00:28,119 - INFO - Successfully converted image to PDF: invitations\invitation_કાંબલીયા_નીરૂબેન.pdf
2025-11-05 10:00:28,120 - INFO - Created PDF for કાંબલીયા નીરૂબેન 
2025-11-05 10:00:28,649 - INFO - Created image for જાદવ વીપુલભાઈ 
2025-11-05 10:00:28,686 - INFO - Successfully converted image to PDF: invitations\invitation_જાદવ_વીપુલભાઈ.pdf
2025-11-05 10:00:28,687 - INFO - Created PDF for જાદવ વીપુલભાઈ 
2025-11-05 10:00:29,217 - INFO - Created image for કાંબલીયા ગંગદાસભાઈ 
2025-11-05 10:00:29,268 - INFO - Successfully converted image to PDF: invitations\invitation_કાંબલીયા_ગંગદાસભાઈ.pdf
2025-11-05 10:00:29,269 - INFO - Created PDF for કાંબલીયા ગંગદાસભાઈ 
2025-11-05 10:00:29,794 - INFO - Created image for કાંબલીયા ગંગદાસભાઈ 
2025-11-05 10:00:29,829 - INFO - Successfully converted image to PDF: invitations\invitation_કાંબલીયા_ગંગદાસભાઈ.pdf
2025-11-05 10:00:29,829 - INFO - Created PDF for કાંબલીયા ગંગદાસભાઈ 
2025-11-05 10:00:30,355 - INFO - Created image for ભાદરકા કીશોરભાઈ 
2025-11-05 10:00:30,385 - INFO - Successfully converted image to PDF: invitations\invitation_ભાદરકા_કીશોરભાઈ.pdf
2025-11-05 10:00:30,386 - INFO - Created PDF for ભાદરકા કીશોરભાઈ 
2025-11-05 10:00:30,911 - INFO - Created image for કીશોરભાઈ રાધા રમણ 
2025-11-05 10:00:30,942 - INFO - Successfully converted image to PDF: invitations\invitation_કીશોરભાઈ_રાધા_રમણ.pdf
2025-11-05 10:00:30,943 - INFO - Created PDF for કીશોરભાઈ રાધા રમણ 
2025-11-05 10:00:31,467 - INFO - Created image for મેઘનાથી દીનેશભાઈ 
2025-11-05 10:00:31,497 - INFO - Successfully converted image to PDF: invitations\invitation_મેઘનાથી_દીનેશભાઈ.pdf
2025-11-05 10:00:31,498 - INFO - Created PDF for મેઘનાથી દીનેશભાઈ 
2025-11-05 10:00:32,024 - INFO - Created image for પીઠીયા હાજાભાઇ 
2025-11-05 10:00:32,055 - INFO - Successfully converted image to PDF: invitations\invitation_પીઠીયા_હાજાભાઇ.pdf
2025-11-05 10:00:32,056 - INFO - Created PDF for પીઠીયા હાજાભાઇ 
2025-11-05 10:00:32,581 - INFO - Created image for નાધેરા આશીષભાઈ
2025-11-05 10:00:32,612 - INFO - Successfully converted image to PDF: invitations\invitation_નાધેરા_આશીષભાઈ.pdf
2025-11-05 10:00:32,613 - INFO - Created PDF for નાધેરા આશીષભાઈ
2025-11-05 10:00:33,139 - INFO - Created image for ખોડભાયા જીનાભાઈ 
2025-11-05 10:00:33,170 - INFO - Successfully converted image to PDF: invitations\invitation_ખોડભાયા_જીનાભાઈ.pdf
2025-11-05 10:00:33,171 - INFO - Created PDF for ખોડભાયા જીનાભાઈ 
2025-11-05 10:00:33,694 - INFO - Created image for ટાંક પંકજભાઈ 
2025-11-05 10:00:33,725 - INFO - Successfully converted image to PDF: invitations\invitation_ટાંક_પંકજભાઈ.pdf
2025-11-05 10:00:33,726 - INFO - Created PDF for ટાંક પંકજભાઈ 
2025-11-05 10:00:34,251 - INFO - Created image for ઓઝા વીપુલભાઈ
2025-11-05 10:00:34,300 - INFO - Successfully converted image to PDF: invitations\invitation_ઓઝા_વીપુલભાઈ.pdf
2025-11-05 10:00:34,302 - INFO - Created PDF for ઓઝા વીપુલભાઈ
2025-11-05 10:00:34,827 - INFO - Created image for ડેર રીટાબેન 
2025-11-05 10:00:34,861 - INFO - Successfully converted image to PDF: invitations\invitation_ડેર_રીટાબેન.pdf
2025-11-05 10:00:34,862 - INFO - Created PDF for ડેર રીટાબેન 
2025-11-05 10:00:35,388 - INFO - Created image for રાવલીયા લીલાભાઈ 
2025-11-05 10:00:35,422 - INFO - Successfully converted image to PDF: invitations\invitation_રાવલીયા_લીલાભાઈ.pdf
2025-11-05 10:00:35,423 - INFO - Created PDF for રાવલીયા લીલાભાઈ 
2025-11-05 10:00:35,946 - INFO - Created image for રામ હીમીબેન 
2025-11-05 10:00:35,978 - INFO - Successfully converted image to PDF: invitations\invitation_રામ_હીમીબેન.pdf
2025-11-05 10:00:35,979 - INFO - Created PDF for રામ હીમીબેન 
2025-11-05 10:00:36,504 - INFO - Created image for સોલંકી પરેશભાઈ
2025-11-05 10:00:36,535 - INFO - Successfully converted image to PDF: invitations\invitation_સોલંકી_પરેશભાઈ.pdf
2025-11-05 10:00:36,536 - INFO - Created PDF for સોલંકી પરેશભાઈ
2025-11-05 10:00:37,060 - INFO - Created image for ઝાલા કરસનભાઈ 
2025-11-05 10:00:37,090 - INFO - Successfully converted image to PDF: invitations\invitation_ઝાલા_કરસનભાઈ.pdf
2025-11-05 10:00:37,091 - INFO - Created PDF for ઝાલા કરસનભાઈ 
2025-11-05 10:00:37,622 - INFO - Created image for નાધેરા હાજાભાઇ 
2025-11-05 10:00:37,695 - INFO - Successfully converted image to PDF: invitations\invitation_નાધેરા_હાજાભાઇ.pdf
2025-11-05 10:00:37,696 - INFO - Created PDF for નાધેરા હાજાભાઇ 
2025-11-05 10:00:38,221 - INFO - Created image for ભાદરકા કૌશીકભાઈ 
2025-11-05 10:00:38,265 - INFO - Successfully converted image to PDF: invitations\invitation_ભાદરકા_કૌશીકભાઈ.pdf
2025-11-05 10:00:38,266 - INFO - Created PDF for ભાદરકા કૌશીકભાઈ 
2025-11-05 10:00:38,791 - INFO - Created image for નાઘેરા રામદેભાઈ 
2025-11-05 10:00:38,844 - INFO - Successfully converted image to PDF: invitations\invitation_નાઘેરા_રામદેભાઈ.pdf
2025-11-05 10:00:38,845 - INFO - Created PDF for નાઘેરા રામદેભાઈ 
2025-11-05 10:00:39,372 - INFO - Created image for મારૂ આશીષભાઈ 
2025-11-05 10:00:39,408 - INFO - Successfully converted image to PDF: invitations\invitation_મારૂ_આશીષભાઈ.pdf
2025-11-05 10:00:39,409 - INFO - Created PDF for મારૂ આશીષભાઈ 
2025-11-05 10:00:39,937 - INFO - Created image for ભાદરકા જીણાભાઈ
2025-11-05 10:00:39,969 - INFO - Successfully converted image to PDF: invitations\invitation_ભાદરકા_જીણાભાઈ.pdf
2025-11-05 10:00:39,971 - INFO - Created PDF for ભાદરકા જીણાભાઈ
2025-11-05 10:00:40,497 - INFO - Created image for કોરડીયા સાગરભાઇ 
2025-11-05 10:00:40,527 - INFO - Successfully converted image to PDF: invitations\invitation_કોરડીયા_સાગરભાઇ.pdf
2025-11-05 10:00:40,528 - INFO - Created PDF for કોરડીયા સાગરભાઇ 
2025-11-05 10:00:41,052 - INFO - Created image for નાઘેરા નાથાભાઈ 
2025-11-05 10:00:41,085 - INFO - Successfully converted image to PDF: invitations\invitation_નાઘેરા_નાથાભાઈ.pdf
2025-11-05 10:00:41,086 - INFO - Created PDF for નાઘેરા નાથાભાઈ 
2025-11-05 10:00:41,610 - INFO - Created image for પીઠીયા અરજણભાઈ 
2025-11-05 10:00:41,639 - INFO - Successfully converted image to PDF: invitations\invitation_પીઠીયા_અરજણભાઈ.pdf
2025-11-05 10:00:41,641 - INFO - Created PDF for પીઠીયા અરજણભાઈ 
2025-11-05 10:00:42,165 - INFO - Created image for કાંબલીયા માલદેભાઈ 
2025-11-05 10:00:42,199 - INFO - Successfully converted image to PDF: invitations\invitation_કાંબલીયા_માલદેભાઈ.pdf
2025-11-05 10:00:42,200 - INFO - Created PDF for કાંબલીયા માલદેભાઈ 
2025-11-05 10:00:42,725 - INFO - Created image for ઘૂલ પરેશભાઈ 
2025-11-05 10:00:42,815 - INFO - Successfully converted image to PDF: invitations\invitation_ઘૂલ_પરેશભાઈ.pdf
2025-11-05 10:00:42,834 - INFO - Created PDF for ઘૂલ પરેશભાઈ 
2025-11-05 10:00:43,366 - INFO - Created image for ઘૂલ અલ્પેશભાઈ 
2025-11-05 10:00:43,410 - INFO - Successfully converted image to PDF: invitations\invitation_ઘૂલ_અલ્પેશભાઈ.pdf
2025-11-05 10:00:43,412 - INFO - Created PDF for ઘૂલ અલ્પેશભાઈ 
2025-11-05 10:00:43,946 - INFO - Created image for ચાવડા અર્જુનભાઈ સુરેશભાઈ 
2025-11-05 10:00:43,993 - INFO - Successfully converted image to PDF: invitations\invitation_ચાવડા_અર્જુનભાઈ_સુરેશભાઈ.pdf
2025-11-05 10:00:43,994 - INFO - Created PDF for ચાવડા અર્જુનભાઈ સુરેશભાઈ 
2025-11-05 10:00:44,518 - INFO - Created image for કાંબલીયા વજશીભાઈ
2025-11-05 10:00:44,550 - INFO - Successfully converted image to PDF: invitations\invitation_કાંબલીયા_વજશીભાઈ.pdf
2025-11-05 10:00:44,551 - INFO - Created PDF for કાંબલીયા વજશીભાઈ
2025-11-05 10:00:45,075 - INFO - Created image for ભાદરકા હરદાશભાઇ
2025-11-05 10:00:45,105 - INFO - Successfully converted image to PDF: invitations\invitation_ભાદરકા_હરદાશભાઇ.pdf
2025-11-05 10:00:45,107 - INFO - Created PDF for ભાદરકા હરદાશભાઇ
2025-11-05 10:00:45,632 - INFO - Created image for સોલંકી હીરેનભાઈ 
2025-11-05 10:00:45,665 - INFO - Successfully converted image to PDF: invitations\invitation_સોલંકી_હીરેનભાઈ.pdf
2025-11-05 10:00:45,666 - INFO - Created PDF for સોલંકી હીરેનભાઈ 
2025-11-05 10:00:46,190 - INFO - Created image for માડમ અશ્વીનભાઈ 
2025-11-05 10:00:46,218 - INFO - Successfully converted image to PDF: invitations\invitation_માડમ_અશ્વીનભાઈ.pdf
2025-11-05 10:00:46,219 - INFO - Created PDF for માડમ અશ્વીનભાઈ 
2025-11-05 10:00:46,745 - INFO - Created image for બલોચ હારૂનભાઈ
2025-11-05 10:00:46,789 - INFO - Successfully converted image to PDF: invitations\invitation_બલોચ_હારૂનભાઈ.pdf
2025-11-05 10:00:46,790 - INFO - Created PDF for બલોચ હારૂનભાઈ
2025-11-05 10:00:47,317 - INFO - Created image for કાંબલીયા આનંદભાઈ 
2025-11-05 10:00:47,361 - INFO - Successfully converted image to PDF: invitations\invitation_કાંબલીયા_આનંદભાઈ.pdf
2025-11-05 10:00:47,363 - INFO - Created PDF for કાંબલીયા આનંદભાઈ 
2025-11-05 10:00:47,893 - INFO - Created image for રાહુલભાઈ મેરામણભાઇ કાંબલીયા 
2025-11-05 10:00:47,931 - INFO - Successfully converted image to PDF: invitations\invitation_રાહુલભાઈ_મેરામણભાઇ_કાંબલીયા.pdf
2025-11-05 10:00:47,932 - INFO - Created PDF for રાહુલભાઈ મેરામણભાઇ કાંબલીયા 
2025-11-05 10:00:48,460 - INFO - Created image for જાદવ ડોસાભાઇ 
2025-11-05 10:00:48,493 - INFO - Successfully converted image to PDF: invitations\invitation_જાદવ_ડોસાભાઇ.pdf
2025-11-05 10:00:48,495 - INFO - Created PDF for જાદવ ડોસાભાઇ 
2025-11-05 10:00:49,018 - INFO - Created image for જાદવ પરબતભાઈ 
2025-11-05 10:00:49,049 - INFO - Successfully converted image to PDF: invitations\invitation_જાદવ_પરબતભાઈ.pdf
2025-11-05 10:00:49,050 - INFO - Created PDF for જાદવ પરબતભાઈ 
2025-11-05 10:00:49,576 - INFO - Created image for જાદવ પરબતભાઈ 
2025-11-05 10:00:49,606 - INFO - Successfully converted image to PDF: invitations\invitation_જાદવ_પરબતભાઈ.pdf
2025-11-05 10:00:49,607 - INFO - Created PDF for જાદવ પરબતભાઈ 
2025-11-05 10:00:50,138 - INFO - Created image for જાદવ જગમાલભાઇ 
2025-11-05 10:00:50,190 - INFO - Successfully converted image to PDF: invitations\invitation_જાદવ_જગમાલભાઇ.pdf
2025-11-05 10:00:50,191 - INFO - Created PDF for જાદવ જગમાલભાઇ 
2025-11-05 10:00:50,715 - INFO - Created image for જાદવ જગમાલભાઇ 
2025-11-05 10:00:50,755 - INFO - Successfully converted image to PDF: invitations\invitation_જાદવ_જગમાલભાઇ.pdf
2025-11-05 10:00:50,755 - INFO - Created PDF for જાદવ જગમાલભાઇ 
2025-11-05 10:00:51,325 - INFO - Created image for સવદાસભાઈ ભગત 
2025-11-05 10:00:51,407 - INFO - Successfully converted image to PDF: invitations\invitation_સવદાસભાઈ_ભગત.pdf
2025-11-05 10:00:51,408 - INFO - Created PDF for સવદાસભાઈ ભગત 
2025-11-05 10:00:51,942 - INFO - Created image for જાદવ રામભાઈ 
2025-11-05 10:00:51,976 - INFO - Successfully converted image to PDF: invitations\invitation_જાદવ_રામભાઈ.pdf
2025-11-05 10:00:51,976 - INFO - Created PDF for જાદવ રામભાઈ 
2025-11-05 10:00:52,504 - INFO - Created image for જાદવ અરજણભાઈ 
2025-11-05 10:00:52,536 - INFO - Successfully converted image to PDF: invitations\invitation_જાદવ_અરજણભાઈ.pdf
2025-11-05 10:00:52,537 - INFO - Created PDF for જાદવ અરજણભાઈ 
2025-11-05 10:00:53,062 - INFO - Created image for જાદવ કાળુભાઈ 
2025-11-05 10:00:53,095 - INFO - Successfully converted image to PDF: invitations\invitation_જાદવ_કાળુભાઈ.pdf
2025-11-05 10:00:53,096 - INFO - Created PDF for જાદવ કાળુભાઈ 
2025-11-05 10:00:53,621 - INFO - Created image for જાદવ લાખાભાઈ 
2025-11-05 10:00:53,651 - INFO - Successfully converted image to PDF: invitations\invitation_જાદવ_લાખાભાઈ.pdf
2025-11-05 10:00:53,652 - INFO - Created PDF for જાદવ લાખાભાઈ 
2025-11-05 10:00:54,177 - INFO - Created image for જાદવ હમીરભાઈ 
2025-11-05 10:00:54,207 - INFO - Successfully converted image to PDF: invitations\invitation_જાદવ_હમીરભાઈ.pdf
2025-11-05 10:00:54,207 - INFO - Created PDF for જાદવ હમીરભાઈ 
2025-11-05 10:00:54,733 - INFO - Created image for જાદવ અરજણભાઈ કરશનભાઈ
2025-11-05 10:00:54,778 - INFO - Successfully converted image to PDF: invitations\invitation_જાદવ_અરજણભાઈ_કરશનભાઈ.pdf
2025-11-05 10:00:54,779 - INFO - Created PDF for જાદવ અરજણભાઈ કરશનભાઈ
2025-11-05 10:00:55,305 - INFO - Created image for કાંબલીયા ભીખુભાઈ 
2025-11-05 10:00:55,347 - INFO - Successfully converted image to PDF: invitations\invitation_કાંબલીયા_ભીખુભાઈ.pdf
2025-11-05 10:00:55,348 - INFO - Created PDF for કાંબલીયા ભીખુભાઈ 
2025-11-05 10:00:55,894 - INFO - Created image for કાંબલીયા અરશીભાઈ 
2025-11-05 10:00:55,934 - INFO - Successfully converted image to PDF: invitations\invitation_કાંબલીયા_અરશીભાઈ.pdf
2025-11-05 10:00:55,939 - INFO - Created PDF for કાંબલીયા અરશીભાઈ 
2025-11-05 10:00:56,473 - INFO - Created image for કાંબલીયા માલદેભાઈ 
2025-11-05 10:00:56,504 - INFO - Successfully converted image to PDF: invitations\invitation_કાંબલીયા_માલદેભાઈ.pdf
2025-11-05 10:00:56,506 - INFO - Created PDF for કાંબલીયા માલદેભાઈ 
2025-11-05 10:00:57,030 - INFO - Created image for રાવલીયા ભરતભાઈ 
2025-11-05 10:00:57,061 - INFO - Successfully converted image to PDF: invitations\invitation_રાવલીયા_ભરતભાઈ.pdf
2025-11-05 10:00:57,061 - INFO - Created PDF for રાવલીયા ભરતભાઈ 
2025-11-05 10:00:57,592 - INFO - Created image for રાવલીયા હર્ષદભાઈ 
2025-11-05 10:00:57,642 - INFO - Successfully converted image to PDF: invitations\invitation_રાવલીયા_હર્ષદભાઈ.pdf
2025-11-05 10:00:57,643 - INFO - Created PDF for રાવલીયા હર્ષદભાઈ 
2025-11-05 10:00:58,170 - INFO - Created image for નાઘેરા વજશીભાઈ
2025-11-05 10:00:58,201 - INFO - Successfully converted image to PDF: invitations\invitation_નાઘેરા_વજશીભાઈ.pdf
2025-11-05 10:00:58,201 - INFO - Created PDF for નાઘેરા વજશીભાઈ
2025-11-05 10:00:58,726 - INFO - Created image for નાગેરા પરબતભાઈ 
2025-11-05 10:00:58,758 - INFO - Successfully converted image to PDF: invitations\invitation_નાગેરા_પરબતભાઈ.pdf
2025-11-05 10:00:58,759 - INFO - Created PDF for નાગેરા પરબતભાઈ 
2025-11-05 10:00:59,283 - INFO - Created image for નાગેરા દેવરખીભાઈ 
2025-11-05 10:00:59,327 - INFO - Successfully converted image to PDF: invitations\invitation_નાગેરા_દેવરખીભાઈ.pdf
2025-11-05 10:00:59,328 - INFO - Created PDF for નાગેરા દેવરખીભાઈ 
2025-11-05 10:00:59,853 - INFO - Created image for વીંછી માલદેભાઈ 
2025-11-05 10:00:59,891 - INFO - Successfully converted image to PDF: invitations\invitation_વીંછી_માલદેભાઈ.pdf
2025-11-05 10:00:59,892 - INFO - Created PDF for વીંછી માલદેભાઈ 
2025-11-05 10:01:00,427 - INFO - Created image for જાદવ ઘુઘાભાઇ 
2025-11-05 10:01:00,472 - INFO - Successfully converted image to PDF: invitations\invitation_જાદવ_ઘુઘાભાઇ.pdf
2025-11-05 10:01:00,473 - INFO - Created PDF for જાદવ ઘુઘાભાઇ 
2025-11-05 10:01:00,999 - INFO - Created image for હાથલીયા કાનાભાઈ 
2025-11-05 10:01:01,032 - INFO - Successfully converted image to PDF: invitations\invitation_હાથલીયા_કાનાભાઈ.pdf
2025-11-05 10:01:01,033 - INFO - Created PDF for હાથલીયા કાનાભાઈ 
2025-11-05 10:01:01,558 - INFO - Created image for ઘુલ નગાભાઈ
2025-11-05 10:01:01,591 - INFO - Successfully converted image to PDF: invitations\invitation_ઘુલ_નગાભાઈ.pdf
2025-11-05 10:01:01,592 - INFO - Created PDF for ઘુલ નગાભાઈ
2025-11-05 10:01:02,116 - INFO - Created image for બંધીયા વજા ભગત 
2025-11-05 10:01:02,152 - INFO - Successfully converted image to PDF: invitations\invitation_બંધીયા_વજા_ભગત.pdf
2025-11-05 10:01:02,153 - INFO - Created PDF for બંધીયા વજા ભગત 
2025-11-05 10:01:02,685 - INFO - Created image for ગઢવી દેવદાનભાઈ 
2025-11-05 10:01:02,718 - INFO - Successfully converted image to PDF: invitations\invitation_ગઢવી_દેવદાનભાઈ.pdf
2025-11-05 10:01:02,720 - INFO - Created PDF for ગઢવી દેવદાનભાઈ 
2025-11-05 10:01:03,244 - INFO - Created image for કાંબલીયા મેરામણભાઇ
2025-11-05 10:01:03,276 - INFO - Successfully converted image to PDF: invitations\invitation_કાંબલીયા_મેરામણભાઇ.pdf
2025-11-05 10:01:03,277 - INFO - Created PDF for કાંબલીયા મેરામણભાઇ
2025-11-05 10:01:03,805 - INFO - Created image for જાદવ હમીરભાઇ અને જાદવ ભનાભાઈ 
2025-11-05 10:01:03,834 - INFO - Successfully converted image to PDF: invitations\invitation_જાદવ_હમીરભાઇ_અને_જાદવ_ભનાભાઈ.pdf
2025-11-05 10:01:03,835 - INFO - Created PDF for જાદવ હમીરભાઇ અને જાદવ ભનાભાઈ 
2025-11-05 10:01:04,361 - INFO - Created image for જાદવ રામાભાઈ 
2025-11-05 10:01:04,395 - INFO - Successfully converted image to PDF: invitations\invitation_જાદવ_રામાભાઈ.pdf
2025-11-05 10:01:04,396 - INFO - Created PDF for જાદવ રામાભાઈ 
2025-11-05 10:01:04,922 - INFO - Created image for જાદવ લખમણભાઇ  જાદવ કારાભાઈ
2025-11-05 10:01:04,958 - INFO - Successfully converted image to PDF: invitations\invitation_જાદવ_લખમણભાઇ _જાદવ_કારાભાઈ.pdf
2025-11-05 10:01:04,958 - INFO - Created PDF for જાદવ લખમણભાઇ  જાદવ કારાભાઈ
2025-11-05 10:01:05,488 - INFO - Created image for જાદવ વીરમભાઈ 
2025-11-05 10:01:05,521 - INFO - Successfully converted image to PDF: invitations\invitation_જાદવ_વીરમભાઈ.pdf
2025-11-05 10:01:05,522 - INFO - Created PDF for જાદવ વીરમભાઈ 
2025-11-05 10:01:06,047 - INFO - Created image for ગંભીર રામભાઈ 
2025-11-05 10:01:06,095 - INFO - Successfully converted image to PDF: invitations\invitation_ગંભીર_રામભાઈ.pdf
2025-11-05 10:01:06,096 - INFO - Created PDF for ગંભીર રામભાઈ 
2025-11-05 10:01:06,619 - INFO - Created image for ગંભીર જીવાભાઇ 
2025-11-05 10:01:06,662 - INFO - Successfully converted image to PDF: invitations\invitation_ગંભીર_જીવાભાઇ.pdf
2025-11-05 10:01:06,663 - INFO - Created PDF for ગંભીર જીવાભાઇ 
2025-11-05 10:01:07,189 - INFO - Created image for ગંભીર નારણભાઈ 
2025-11-05 10:01:07,219 - INFO - Successfully converted image to PDF: invitations\invitation_ગંભીર_નારણભાઈ.pdf
2025-11-05 10:01:07,221 - INFO - Created PDF for ગંભીર નારણભાઈ 
2025-11-05 10:01:07,745 - INFO - Created image for ઢેબર બાપુ 
2025-11-05 10:01:07,777 - INFO - Successfully converted image to PDF: invitations\invitation_ઢેબર_બાપુ.pdf
2025-11-05 10:01:07,777 - INFO - Created PDF for ઢેબર બાપુ 
2025-11-05 10:01:08,304 - INFO - Created image for રાવલીયા મીનાક્ષીબેન કૌશીકભાઈ 
2025-11-05 10:01:08,344 - INFO - Successfully converted image to PDF: invitations\invitation_રાવલીયા_મીનાક્ષીબેન_કૌશીકભાઈ.pdf
2025-11-05 10:01:08,345 - INFO - Created PDF for રાવલીયા મીનાક્ષીબેન કૌશીકભાઈ 
2025-11-05 10:01:08,871 - INFO - Created image for જાદવ વીજયભાઈ 
2025-11-05 10:01:08,906 - INFO - Successfully converted image to PDF: invitations\invitation_જાદવ_વીજયભાઈ.pdf
2025-11-05 10:01:08,907 - INFO - Created PDF for જાદવ વીજયભાઈ 
2025-11-05 10:01:09,432 - INFO - Created image for ગરેણીયા અમૃતભાઈ 
2025-11-05 10:01:09,467 - INFO - Successfully converted image to PDF: invitations\invitation_ગરેણીયા_અમૃતભાઈ.pdf
2025-11-05 10:01:09,468 - INFO - Created PDF for ગરેણીયા અમૃતભાઈ 
2025-11-05 10:01:09,996 - INFO - Created image for ગરેણીયા અમૃતભાઈ 
2025-11-05 10:01:10,026 - INFO - Successfully converted image to PDF: invitations\invitation_ગરેણીયા_અમૃતભાઈ.pdf
2025-11-05 10:01:10,027 - INFO - Created PDF for ગરેણીયા અમૃતભાઈ 
2025-11-05 10:01:10,552 - INFO - Created image for ડેર ચનાભાઈ ભગુભાઈ
2025-11-05 10:01:10,583 - INFO - Successfully converted image to PDF: invitations\invitation_ડેર_ચનાભાઈ_ભગુભાઈ.pdf
2025-11-05 10:01:10,584 - INFO - Created PDF for ડેર ચનાભાઈ ભગુભાઈ
2025-11-05 10:01:11,110 - INFO - Created image for કરંગીયા સરમણભાઈ 
2025-11-05 10:01:11,151 - INFO - Successfully converted image to PDF: invitations\invitation_કરંગીયા_સરમણભાઈ.pdf
2025-11-05 10:01:11,152 - INFO - Created PDF for કરંગીયા સરમણભાઈ 
2025-11-05 10:01:11,676 - INFO - Created image for ભાદરકા પરબતભાઈ 
2025-11-05 10:01:11,719 - INFO - Successfully converted image to PDF: invitations\invitation_ભાદરકા_પરબતભાઈ.pdf
2025-11-05 10:01:11,720 - INFO - Created PDF for ભાદરકા પરબતભાઈ 
2025-11-05 10:01:12,245 - INFO - Created image for ભાદરકા કારાભાઈ 
2025-11-05 10:01:12,281 - INFO - Successfully converted image to PDF: invitations\invitation_ભાદરકા_કારાભાઈ.pdf
2025-11-05 10:01:12,283 - INFO - Created PDF for ભાદરકા કારાભાઈ 
2025-11-05 10:01:12,810 - INFO - Created image for કાંબલીયા રામભાઈ 
2025-11-05 10:01:12,843 - INFO - Successfully converted image to PDF: invitations\invitation_કાંબલીયા_રામભાઈ.pdf
2025-11-05 10:01:12,844 - INFO - Created PDF for કાંબલીયા રામભાઈ 
2025-11-05 10:01:13,368 - INFO - Created image for પીઠીયા દેવાયતભાઈ 
2025-11-05 10:01:13,397 - INFO - Successfully converted image to PDF: invitations\invitation_પીઠીયા_દેવાયતભાઈ.pdf
2025-11-05 10:01:13,398 - INFO - Created PDF for પીઠીયા દેવાયતભાઈ 
2025-11-05 10:01:13,928 - INFO - Created image for જોગલ અરજણભાઈ 
2025-11-05 10:01:13,962 - INFO - Successfully converted image to PDF: invitations\invitation_જોગલ_અરજણભાઈ.pdf
2025-11-05 10:01:13,963 - INFO - Created PDF for જોગલ અરજણભાઈ 
2025-11-05 10:01:14,494 - INFO - Created image for જોગલ અરજણભાઈ 
2025-11-05 10:01:14,543 - INFO - Successfully converted image to PDF: invitations\invitation_જોગલ_અરજણભાઈ.pdf
2025-11-05 10:01:14,544 - INFO - Created PDF for જોગલ અરજણભાઈ 
2025-11-05 10:01:15,070 - INFO - Created image for ભાદરકા કાનાભાઈ ગીગાભાઈ 
2025-11-05 10:01:15,100 - INFO - Successfully converted image to PDF: invitations\invitation_ભાદરકા_કાનાભાઈ_ગીગાભાઈ.pdf
2025-11-05 10:01:15,102 - INFO - Created PDF for ભાદરકા કાનાભાઈ ગીગાભાઈ 
2025-11-05 10:01:15,628 - INFO - Created image for ભાદરકા નારણભાઈ ગીગાભાઈ 
2025-11-05 10:01:15,675 - INFO - Successfully converted image to PDF: invitations\invitation_ભાદરકા_નારણભાઈ_ગીગાભાઈ.pdf
2025-11-05 10:01:15,676 - INFO - Created PDF for ભાદરકા નારણભાઈ ગીગાભાઈ 
2025-11-05 10:01:16,199 - INFO - Created image for માડમ રામશીભાઈ
2025-11-05 10:01:16,241 - INFO - Successfully converted image to PDF: invitations\invitation_માડમ_રામશીભાઈ.pdf
2025-11-05 10:01:16,242 - INFO - Created PDF for માડમ રામશીભાઈ
2025-11-05 10:01:16,766 - INFO - Created image for માડમ રામશીભાઈ
2025-11-05 10:01:16,797 - INFO - Successfully converted image to PDF: invitations\invitation_માડમ_રામશીભાઈ.pdf
2025-11-05 10:01:16,797 - INFO - Created PDF for માડમ રામશીભાઈ
2025-11-05 10:01:17,322 - INFO - Created image for માડમ કાનાભાઈ 
2025-11-05 10:01:17,351 - INFO - Successfully converted image to PDF: invitations\invitation_માડમ_કાનાભાઈ.pdf
2025-11-05 10:01:17,352 - INFO - Created PDF for માડમ કાનાભાઈ 
2025-11-05 10:01:17,879 - INFO - Created image for જોગલ પરબતભાઈ ભીમશીભાઈ 
2025-11-05 10:01:17,920 - INFO - Successfully converted image to PDF: invitations\invitation_જોગલ_પરબતભાઈ_ભીમશીભાઈ.pdf
2025-11-05 10:01:17,922 - INFO - Created PDF for જોગલ પરબતભાઈ ભીમશીભાઈ 
2025-11-05 10:01:18,446 - INFO - Created image for ચૌહાણ વીરમભાઈ 
2025-11-05 10:01:18,490 - INFO - Successfully converted image to PDF: invitations\invitation_ચૌહાણ_વીરમભાઈ.pdf
2025-11-05 10:01:18,491 - INFO - Created PDF for ચૌહાણ વીરમભાઈ 
2025-11-05 10:01:19,021 - INFO - Created image for કાંબલીયા વીરમભાઈ 
2025-11-05 10:01:19,067 - INFO - Successfully converted image to PDF: invitations\invitation_કાંબલીયા_વીરમભાઈ.pdf
2025-11-05 10:01:19,070 - INFO - Created PDF for કાંબલીયા વીરમભાઈ 
2025-11-05 10:01:19,595 - INFO - Created image for માડમ માલદેભાઈ 
2025-11-05 10:01:19,626 - INFO - Successfully converted image to PDF: invitations\invitation_માડમ_માલદેભાઈ.pdf
2025-11-05 10:01:19,627 - INFO - Created PDF for માડમ માલદેભાઈ 
2025-11-05 10:01:20,161 - INFO - Created image for માડમ માલદેભાઈ 
2025-11-05 10:01:20,207 - INFO - Successfully converted image to PDF: invitations\invitation_માડમ_માલદેભાઈ.pdf
2025-11-05 10:01:20,208 - INFO - Created PDF for માડમ માલદેભાઈ 
2025-11-05 10:01:20,731 - INFO - Created image for માલદે કાળુભાઈ 
2025-11-05 10:01:20,762 - INFO - Successfully converted image to PDF: invitations\invitation_માલદે_કાળુભાઈ.pdf
2025-11-05 10:01:20,763 - INFO - Created PDF for માલદે કાળુભાઈ 
2025-11-05 10:01:21,287 - INFO - Created image for મૈતર જગાભાઈ
2025-11-05 10:01:21,317 - INFO - Successfully converted image to PDF: invitations\invitation_મૈતર_જગાભાઈ.pdf
2025-11-05 10:01:21,317 - INFO - Created PDF for મૈતર જગાભાઈ
2025-11-05 10:01:21,842 - INFO - Created image for ગોધમ હાજાભાઇ 
2025-11-05 10:01:21,874 - INFO - Successfully converted image to PDF: invitations\invitation_ગોધમ_હાજાભાઇ.pdf
2025-11-05 10:01:21,874 - INFO - Created PDF for ગોધમ હાજાભાઇ 
2025-11-05 10:01:22,399 - INFO - Created image for મૈતર કનુભાઈ 
2025-11-05 10:01:22,430 - INFO - Successfully converted image to PDF: invitations\invitation_મૈતર_કનુભાઈ.pdf
2025-11-05 10:01:22,431 - INFO - Created PDF for મૈતર કનુભાઈ 
2025-11-05 10:01:22,955 - INFO - Created image for મૈતર ભીખાભાઈ 
2025-11-05 10:01:22,987 - INFO - Successfully converted image to PDF: invitations\invitation_મૈતર_ભીખાભાઈ.pdf
2025-11-05 10:01:22,987 - INFO - Created PDF for મૈતર ભીખાભાઈ 
2025-11-05 10:01:23,512 - INFO - Created image for મૈતર મેરાભાઈ
2025-11-05 10:01:23,560 - INFO - Successfully converted image to PDF: invitations\invitation_મૈતર_મેરાભાઈ.pdf
2025-11-05 10:01:23,562 - INFO - Created PDF for મૈતર મેરાભાઈ
2025-11-05 10:01:24,098 - INFO - Created image for મૈતર નારણભાઈ 
2025-11-05 10:01:24,131 - INFO - Successfully converted image to PDF: invitations\invitation_મૈતર_નારણભાઈ.pdf
2025-11-05 10:01:24,131 - INFO - Created PDF for મૈતર નારણભાઈ 
2025-11-05 10:01:24,657 - INFO - Created image for બંધીયા મુનાભાઈ
2025-11-05 10:01:24,687 - INFO - Successfully converted image to PDF: invitations\invitation_બંધીયા_મુનાભાઈ.pdf
2025-11-05 10:01:24,688 - INFO - Created PDF for બંધીયા મુનાભાઈ
2025-11-05 10:01:25,214 - INFO - Created image for માડમ લખમણભાઇ
2025-11-05 10:01:25,246 - INFO - Successfully converted image to PDF: invitations\invitation_માડમ_લખમણભાઇ.pdf
2025-11-05 10:01:25,247 - INFO - Created PDF for માડમ લખમણભાઇ
2025-11-05 10:01:25,772 - INFO - Created image for માડમ લખમણભાઇ
2025-11-05 10:01:25,801 - INFO - Successfully converted image to PDF: invitations\invitation_માડમ_લખમણભાઇ.pdf
2025-11-05 10:01:25,802 - INFO - Created PDF for માડમ લખમણભાઇ
2025-11-05 10:01:26,327 - INFO - Created image for માડમ લખમણભાઇ
2025-11-05 10:01:26,358 - INFO - Successfully converted image to PDF: invitations\invitation_માડમ_લખમણભાઇ.pdf
2025-11-05 10:01:26,359 - INFO - Created PDF for માડમ લખમણભાઇ
2025-11-05 10:01:26,883 - INFO - Created image for બંધીયા લખમણભાઇ
2025-11-05 10:01:26,914 - INFO - Successfully converted image to PDF: invitations\invitation_બંધીયા_લખમણભાઇ.pdf
2025-11-05 10:01:26,915 - INFO - Created PDF for બંધીયા લખમણભાઇ
2025-11-05 10:01:27,438 - INFO - Created image for બંધીયા સવદાસભાઈ 
2025-11-05 10:01:27,487 - INFO - Successfully converted image to PDF: invitations\invitation_બંધીયા_સવદાસભાઈ.pdf
2025-11-05 10:01:27,488 - INFO - Created PDF for બંધીયા સવદાસભાઈ 
2025-11-05 10:01:28,013 - INFO - Created image for કરમુર દેવાયતભાઈ 
2025-11-05 10:01:28,044 - INFO - Successfully converted image to PDF: invitations\invitation_કરમુર_દેવાયતભાઈ.pdf
2025-11-05 10:01:28,044 - INFO - Created PDF for કરમુર દેવાયતભાઈ 
2025-11-05 10:01:28,581 - INFO - Created image for માડમ હરદાસભાઇ 
2025-11-05 10:01:28,637 - INFO - Successfully converted image to PDF: invitations\invitation_માડમ_હરદાસભાઇ.pdf
2025-11-05 10:01:28,638 - INFO - Created PDF for માડમ હરદાસભાઇ 
2025-11-05 10:01:29,164 - INFO - Created image for મેડમ પીયુશભાઈ મેરામણભાઇ
2025-11-05 10:01:29,197 - INFO - Successfully converted image to PDF: invitations\invitation_મેડમ_પીયુશભાઈ_મેરામણભાઇ.pdf
2025-11-05 10:01:29,198 - INFO - Created PDF for મેડમ પીયુશભાઈ મેરામણભાઇ
2025-11-05 10:01:29,725 - INFO - Created image for નાઘેરા દેવાયતભાઈ 
2025-11-05 10:01:29,762 - INFO - Successfully converted image to PDF: invitations\invitation_નાઘેરા_દેવાયતભાઈ.pdf
2025-11-05 10:01:29,762 - INFO - Created PDF for નાઘેરા દેવાયતભાઈ 
2025-11-05 10:01:30,287 - INFO - Created image for રાવલીયા જીવતીબેન
2025-11-05 10:01:30,318 - INFO - Successfully converted image to PDF: invitations\invitation_રાવલીયા_જીવતીબેન.pdf
2025-11-05 10:01:30,319 - INFO - Created PDF for રાવલીયા જીવતીબેન
2025-11-05 10:01:30,844 - INFO - Created image for ગર વીરલભાઈ કાનાભાઈ 
2025-11-05 10:01:30,881 - INFO - Successfully converted image to PDF: invitations\invitation_ગર_વીરલભાઈ_કાનાભાઈ.pdf
2025-11-05 10:01:30,882 - INFO - Created PDF for ગર વીરલભાઈ કાનાભાઈ 
2025-11-05 10:01:31,409 - INFO - Created image for પીઠીયા પ્રદીપભાઈ 
2025-11-05 10:01:31,457 - INFO - Successfully converted image to PDF: invitations\invitation_પીઠીયા_પ્રદીપભાઈ.pdf
2025-11-05 10:01:31,457 - INFO - Created PDF for પીઠીયા પ્રદીપભાઈ 
2025-11-05 10:01:31,982 - INFO - Created image for પાડા રસીકભાઈ 
2025-11-05 10:01:32,014 - INFO - Successfully converted image to PDF: invitations\invitation_પાડા_રસીકભાઈ.pdf
2025-11-05 10:01:32,014 - INFO - Created PDF for પાડા રસીકભાઈ 
2025-11-05 10:01:32,538 - INFO - Created image for રાવલીયા જીવાભાઇ 
2025-11-05 10:01:32,581 - INFO - Successfully converted image to PDF: invitations\invitation_રાવલીયા_જીવાભાઇ.pdf
2025-11-05 10:01:32,582 - INFO - Created PDF for રાવલીયા જીવાભાઇ 
2025-11-05 10:01:33,113 - INFO - Created image for રમેશભાઈ શીવધારા ફાર્મ 
2025-11-05 10:01:33,163 - INFO - Successfully converted image to PDF: invitations\invitation_રમેશભાઈ_શીવધારા_ફાર્મ.pdf
2025-11-05 10:01:33,164 - INFO - Created PDF for રમેશભાઈ શીવધારા ફાર્મ 
2025-11-05 10:01:33,688 - INFO - Created image for સોલંકી હરદાશભાઈ 
2025-11-05 10:01:33,718 - INFO - Successfully converted image to PDF: invitations\invitation_સોલંકી_હરદાશભાઈ.pdf
2025-11-05 10:01:33,721 - INFO - Created PDF for સોલંકી હરદાશભાઈ 
2025-11-05 10:01:34,251 - INFO - Created image for ડાંગર નગાભાઈ 
2025-11-05 10:01:34,289 - INFO - Successfully converted image to PDF: invitations\invitation_ડાંગર_નગાભાઈ.pdf
2025-11-05 10:01:34,290 - INFO - Created PDF for ડાંગર નગાભાઈ 
2025-11-05 10:01:34,818 - INFO - Created image for રામ કીશોરભાઈ 
2025-11-05 10:01:34,853 - INFO - Successfully converted image to PDF: invitations\invitation_રામ_કીશોરભાઈ.pdf
2025-11-05 10:01:34,854 - INFO - Created PDF for રામ કીશોરભાઈ 
2025-11-05 10:01:35,378 - INFO - Created image for ભાદરકા સોમાતભાઈ
2025-11-05 10:01:35,410 - INFO - Successfully converted image to PDF: invitations\invitation_ભાદરકા_સોમાતભાઈ.pdf
2025-11-05 10:01:35,411 - INFO - Created PDF for ભાદરકા સોમાતભાઈ
2025-11-05 10:01:35,936 - INFO - Created image for ભાદરકા સોમાતભાઈ
2025-11-05 10:01:35,965 - INFO - Successfully converted image to PDF: invitations\invitation_ભાદરકા_સોમાતભાઈ.pdf
2025-11-05 10:01:35,966 - INFO - Created PDF for ભાદરકા સોમાતભાઈ
2025-11-05 10:01:36,492 - INFO - Created image for ડો. ચીરાગભાઈ પીઠીયા 
2025-11-05 10:01:36,539 - INFO - Successfully converted image to PDF: invitations\invitation_ડો._ચીરાગભાઈ_પીઠીયા.pdf
2025-11-05 10:01:36,540 - INFO - Created PDF for ડો. ચીરાગભાઈ પીઠીયા 
2025-11-05 10:01:37,064 - INFO - Created image for ખોડભાયા પરબતભાઈ 
2025-11-05 10:01:37,105 - INFO - Successfully converted image to PDF: invitations\invitation_ખોડભાયા_પરબતભાઈ.pdf
2025-11-05 10:01:37,106 - INFO - Created PDF for ખોડભાયા પરબતભાઈ 
2025-11-05 10:01:37,639 - INFO - Created image for રાવલીયા હરેશભાઈ 
2025-11-05 10:01:37,691 - INFO - Successfully converted image to PDF: invitations\invitation_રાવલીયા_હરેશભાઈ.pdf
2025-11-05 10:01:37,692 - INFO - Created PDF for રાવલીયા હરેશભાઈ 
2025-11-05 10:01:38,220 - INFO - Created image for નરેન્દ્રભાઈ ગેરેજ 
2025-11-05 10:01:38,261 - INFO - Successfully converted image to PDF: invitations\invitation_નરેન્દ્રભાઈ_ગેરેજ.pdf
2025-11-05 10:01:38,262 - INFO - Created PDF for નરેન્દ્રભાઈ ગેરેજ 
2025-11-05 10:01:38,789 - INFO - Created image for સોલંકી કમલેશભાઈ 
2025-11-05 10:01:38,826 - INFO - Successfully converted image to PDF: invitations\invitation_સોલંકી_કમલેશભાઈ.pdf
2025-11-05 10:01:38,827 - INFO - Created PDF for સોલંકી કમલેશભાઈ 
2025-11-05 10:01:39,352 - INFO - Created image for સોલંકી નાથાભાઈ 
2025-11-05 10:01:39,393 - INFO - Successfully converted image to PDF: invitations\invitation_સોલંકી_નાથાભાઈ.pdf
2025-11-05 10:01:39,394 - INFO - Created PDF for સોલંકી નાથાભાઈ 
2025-11-05 10:01:39,921 - INFO - Created image for સોલંકી ભનાભાઈ
2025-11-05 10:01:39,964 - INFO - Successfully converted image to PDF: invitations\invitation_સોલંકી_ભનાભાઈ.pdf
2025-11-05 10:01:39,965 - INFO - Created PDF for સોલંકી ભનાભાઈ
2025-11-05 10:01:40,492 - INFO - Created image for સોલંકી કીશોરભાઈ 
2025-11-05 10:01:40,522 - INFO - Successfully converted image to PDF: invitations\invitation_સોલંકી_કીશોરભાઈ.pdf
2025-11-05 10:01:40,523 - INFO - Created PDF for સોલંકી કીશોરભાઈ 
2025-11-05 10:01:41,052 - INFO - Created image for સોલંકી મુકેશભાઈ કરશનભાઈ તથા સોલંકી પ્રવીણભાઈ કરશનભાઈ
2025-11-05 10:01:41,088 - INFO - Successfully converted image to PDF: invitations\invitation_સોલંકી_મુકેશભાઈ_કરશનભાઈ_તથા_સોલંકી_પ્રવીણભાઈ_કરશનભાઈ.pdf
2025-11-05 10:01:41,090 - INFO - Created PDF for સોલંકી મુકેશભાઈ કરશનભાઈ તથા સોલંકી પ્રવીણભાઈ કરશનભાઈ
2025-11-05 10:01:41,632 - INFO - Created image for જાદવ વીપુલભાઈ 
2025-11-05 10:01:41,669 - INFO - Successfully converted image to PDF: invitations\invitation_જાદવ_વીપુલભાઈ.pdf
2025-11-05 10:01:41,670 - INFO - Created PDF for જાદવ વીપુલભાઈ 
2025-11-05 10:01:42,195 - INFO - Created image for જાદવ વીપુલભાઈ 
2025-11-05 10:01:42,227 - INFO - Successfully converted image to PDF: invitations\invitation_જાદવ_વીપુલભાઈ.pdf
2025-11-05 10:01:42,228 - INFO - Created PDF for જાદવ વીપુલભાઈ 
2025-11-05 10:01:42,752 - INFO - Created image for પીઠીયા અભયભાઈ
2025-11-05 10:01:42,782 - INFO - Successfully converted image to PDF: invitations\invitation_પીઠીયા_અભયભાઈ.pdf
2025-11-05 10:01:42,783 - INFO - Created PDF for પીઠીયા અભયભાઈ
2025-11-05 10:01:43,307 - INFO - Created image for રાવલીયા સંજયભાઈ 
2025-11-05 10:01:43,341 - INFO - Successfully converted image to PDF: invitations\invitation_રાવલીયા_સંજયભાઈ.pdf
2025-11-05 10:01:43,342 - INFO - Created PDF for રાવલીયા સંજયભાઈ 
2025-11-05 10:01:43,877 - INFO - Created image for કાંબલીયા સરમણભાઈ 
2025-11-05 10:01:43,921 - INFO - Successfully converted image to PDF: invitations\invitation_કાંબલીયા_સરમણભાઈ.pdf
2025-11-05 10:01:43,922 - INFO - Created PDF for કાંબલીયા સરમણભાઈ 
2025-11-05 10:01:44,448 - INFO - Created image for કાંબલીયા વીજયભાઈ ભનાભાઇ 
2025-11-05 10:01:44,489 - INFO - Successfully converted image to PDF: invitations\invitation_કાંબલીયા_વીજયભાઈ_ભનાભાઇ.pdf
2025-11-05 10:01:44,490 - INFO - Created PDF for કાંબલીયા વીજયભાઈ ભનાભાઇ 
2025-11-05 10:01:45,015 - INFO - Created image for વીંછી ભનાભાઈ
2025-11-05 10:01:45,044 - INFO - Successfully converted image to PDF: invitations\invitation_વીંછી_ભનાભાઈ.pdf
2025-11-05 10:01:45,045 - INFO - Created PDF for વીંછી ભનાભાઈ
2025-11-05 10:01:45,570 - INFO - Created image for ભાદરકા બોઘાભાઈ
2025-11-05 10:01:45,600 - INFO - Successfully converted image to PDF: invitations\invitation_ભાદરકા_બોઘાભાઈ.pdf
2025-11-05 10:01:45,601 - INFO - Created PDF for ભાદરકા બોઘાભાઈ
2025-11-05 10:01:46,126 - INFO - Created image for ભાદરકા કાનાભાઈ 
2025-11-05 10:01:46,168 - INFO - Successfully converted image to PDF: invitations\invitation_ભાદરકા_કાનાભાઈ.pdf
2025-11-05 10:01:46,169 - INFO - Created PDF for ભાદરકા કાનાભાઈ 
2025-11-05 10:01:46,693 - INFO - Created image for ભાદરકા શાદુલભાઈ 
2025-11-05 10:01:46,723 - INFO - Successfully converted image to PDF: invitations\invitation_ભાદરકા_શાદુલભાઈ.pdf
2025-11-05 10:01:46,724 - INFO - Created PDF for ભાદરકા શાદુલભાઈ 
2025-11-05 10:01:47,253 - INFO - Created image for ભાદરકા જગાભાઈ 
2025-11-05 10:01:47,308 - INFO - Successfully converted image to PDF: invitations\invitation_ભાદરકા_જગાભાઈ.pdf
2025-11-05 10:01:47,309 - INFO - Created PDF for ભાદરકા જગાભાઈ 
2025-11-05 10:01:47,837 - INFO - Created image for ભાદરકા પરેશભાઈ
2025-11-05 10:01:47,882 - INFO - Successfully converted image to PDF: invitations\invitation_ભાદરકા_પરેશભાઈ.pdf
2025-11-05 10:01:47,887 - INFO - Created PDF for ભાદરકા પરેશભાઈ
2025-11-05 10:01:48,413 - INFO - Created image for ભાદરકા ગોવીંદભાઈ
2025-11-05 10:01:48,444 - INFO - Successfully converted image to PDF: invitations\invitation_ભાદરકા_ગોવીંદભાઈ.pdf
2025-11-05 10:01:48,445 - INFO - Created PDF for ભાદરકા ગોવીંદભાઈ
2025-11-05 10:01:48,970 - INFO - Created image for ભાદરકા ગોવીંદભાઈ
2025-11-05 10:01:49,000 - INFO - Successfully converted image to PDF: invitations\invitation_ભાદરકા_ગોવીંદભાઈ.pdf
2025-11-05 10:01:49,002 - INFO - Created PDF for ભાદરકા ગોવીંદભાઈ
2025-11-05 10:01:49,525 - INFO - Created image for ચૌહાણ એભાભાઈ
2025-11-05 10:01:49,555 - INFO - Successfully converted image to PDF: invitations\invitation_ચૌહાણ_એભાભાઈ.pdf
2025-11-05 10:01:49,555 - INFO - Created PDF for ચૌહાણ એભાભાઈ
2025-11-05 10:01:50,080 - INFO - Created image for વીઠ્ઠલભાઈ પટેલ 
2025-11-05 10:01:50,116 - INFO - Successfully converted image to PDF: invitations\invitation_વીઠ્ઠલભાઈ_પટેલ.pdf
2025-11-05 10:01:50,119 - INFO - Created PDF for વીઠ્ઠલભાઈ પટેલ 
2025-11-05 10:01:50,643 - INFO - Created image for અખેડ હમીરભાઇ
2025-11-05 10:01:50,675 - INFO - Successfully converted image to PDF: invitations\invitation_અખેડ_હમીરભાઇ.pdf
2025-11-05 10:01:50,676 - INFO - Created PDF for અખેડ હમીરભાઇ
2025-11-05 10:01:51,202 - INFO - Created image for અખેડ બાલુભાઈ 
2025-11-05 10:01:51,236 - INFO - Successfully converted image to PDF: invitations\invitation_અખેડ_બાલુભાઈ.pdf
2025-11-05 10:01:51,236 - INFO - Created PDF for અખેડ બાલુભાઈ 
2025-11-05 10:01:51,761 - INFO - Created image for અખેડ બાલુભાઈ 
2025-11-05 10:01:51,792 - INFO - Successfully converted image to PDF: invitations\invitation_અખેડ_બાલુભાઈ.pdf
2025-11-05 10:01:51,792 - INFO - Created PDF for અખેડ બાલુભાઈ 
2025-11-05 10:01:52,317 - INFO - Created image for અખેડ કરશનભાઈ કારાભાઈ 
2025-11-05 10:01:52,349 - INFO - Successfully converted image to PDF: invitations\invitation_અખેડ_કરશનભાઈ_કારાભાઈ.pdf
2025-11-05 10:01:52,350 - INFO - Created PDF for અખેડ કરશનભાઈ કારાભાઈ 
2025-11-05 10:01:52,874 - INFO - Created image for દીનેશભાઈ ભુવા આતા 
2025-11-05 10:01:52,907 - INFO - Successfully converted image to PDF: invitations\invitation_દીનેશભાઈ_ભુવા_આતા.pdf
2025-11-05 10:01:52,908 - INFO - Created PDF for દીનેશભાઈ ભુવા આતા 
2025-11-05 10:01:53,432 - INFO - Created image for અખેડ મહેશભાઈ બાબુભાઈ
2025-11-05 10:01:53,463 - INFO - Successfully converted image to PDF: invitations\invitation_અખેડ_મહેશભાઈ_બાબુભાઈ.pdf
2025-11-05 10:01:53,464 - INFO - Created PDF for અખેડ મહેશભાઈ બાબુભાઈ
2025-11-05 10:01:53,992 - INFO - Created image for કાંબલીયા રમેશભાઈ વકમાતભાઈ
2025-11-05 10:01:54,027 - INFO - Successfully converted image to PDF: invitations\invitation_કાંબલીયા_રમેશભાઈ_વકમાતભાઈ.pdf
2025-11-05 10:01:54,028 - INFO - Created PDF for કાંબલીયા રમેશભાઈ વકમાતભાઈ
2025-11-05 10:01:54,552 - INFO - Created image for અખેડ પ્રફુલભાઈ
2025-11-05 10:01:54,592 - INFO - Successfully converted image to PDF: invitations\invitation_અખેડ_પ્રફુલભાઈ.pdf
2025-11-05 10:01:54,593 - INFO - Created PDF for અખેડ પ્રફુલભાઈ
2025-11-05 10:01:55,123 - INFO - Created image for વીનુભાઈ બેરીયા 
2025-11-05 10:01:55,175 - INFO - Successfully converted image to PDF: invitations\invitation_વીનુભાઈ_બેરીયા.pdf
2025-11-05 10:01:55,176 - INFO - Created PDF for વીનુભાઈ બેરીયા 
2025-11-05 10:01:55,700 - INFO - Created image for વીનુભાઈ બેરીયા 
2025-11-05 10:01:55,731 - INFO - Successfully converted image to PDF: invitations\invitation_વીનુભાઈ_બેરીયા.pdf
2025-11-05 10:01:55,732 - INFO - Created PDF for વીનુભાઈ બેરીયા 
2025-11-05 10:01:56,258 - INFO - Created image for પીઠીયા કારાભાઈ
2025-11-05 10:01:56,288 - INFO - Successfully converted image to PDF: invitations\invitation_પીઠીયા_કારાભાઈ.pdf
2025-11-05 10:01:56,289 - INFO - Created PDF for પીઠીયા કારાભાઈ
2025-11-05 10:01:56,813 - INFO - Created image for પીઠીયા હમીરભાઇ
2025-11-05 10:01:56,854 - INFO - Successfully converted image to PDF: invitations\invitation_પીઠીયા_હમીરભાઇ.pdf
2025-11-05 10:01:56,854 - INFO - Created PDF for પીઠીયા હમીરભાઇ
2025-11-05 10:01:57,387 - INFO - Created image for પીઠીયા અરજણભાઈ 
2025-11-05 10:01:57,420 - INFO - Successfully converted image to PDF: invitations\invitation_પીઠીયા_અરજણભાઈ.pdf
2025-11-05 10:01:57,421 - INFO - Created PDF for પીઠીયા અરજણભાઈ 
2025-11-05 10:01:57,945 - INFO - Created image for વીંછી સાદુલભાઈ 
2025-11-05 10:01:57,978 - INFO - Successfully converted image to PDF: invitations\invitation_વીંછી_સાદુલભાઈ.pdf
2025-11-05 10:01:57,979 - INFO - Created PDF for વીંછી સાદુલભાઈ 
2025-11-05 10:01:58,504 - INFO - Created image for બારડ કારાભાઈ
2025-11-05 10:01:58,535 - INFO - Successfully converted image to PDF: invitations\invitation_બારડ_કારાભાઈ.pdf
2025-11-05 10:01:58,536 - INFO - Created PDF for બારડ કારાભાઈ
2025-11-05 10:01:59,062 - INFO - Created image for બારડ ભીખુભાઈ
2025-11-05 10:01:59,106 - INFO - Successfully converted image to PDF: invitations\invitation_બારડ_ભીખુભાઈ.pdf
2025-11-05 10:01:59,107 - INFO - Created PDF for બારડ ભીખુભાઈ
2025-11-05 10:01:59,635 - INFO - Created image for બારડ પરબતભાઈ
2025-11-05 10:01:59,667 - INFO - Successfully converted image to PDF: invitations\invitation_બારડ_પરબતભાઈ.pdf
2025-11-05 10:01:59,668 - INFO - Created PDF for બારડ પરબતભાઈ
2025-11-05 10:02:00,196 - INFO - Created image for બારડ કાનાભાઈ
2025-11-05 10:02:00,229 - INFO - Successfully converted image to PDF: invitations\invitation_બારડ_કાનાભાઈ.pdf
2025-11-05 10:02:00,230 - INFO - Created PDF for બારડ કાનાભાઈ
2025-11-05 10:02:00,756 - INFO - Created image for બારડ મનોજભાઈ
2025-11-05 10:02:00,787 - INFO - Successfully converted image to PDF: invitations\invitation_બારડ_મનોજભાઈ.pdf
2025-11-05 10:02:00,788 - INFO - Created PDF for બારડ મનોજભાઈ
2025-11-05 10:02:01,314 - INFO - Created image for વીંછી કરશનભાઈ
2025-11-05 10:02:01,352 - INFO - Successfully converted image to PDF: invitations\invitation_વીંછી_કરશનભાઈ.pdf
2025-11-05 10:02:01,398 - INFO - Created PDF for વીંછી કરશનભાઈ
2025-11-05 10:02:01,935 - INFO - Created image for બારડ ડોસાભાઈ
2025-11-05 10:02:01,976 - INFO - Successfully converted image to PDF: invitations\invitation_બારડ_ડોસાભાઈ.pdf
2025-11-05 10:02:01,977 - INFO - Created PDF for બારડ ડોસાભાઈ
2025-11-05 10:02:02,504 - INFO - Created image for રામભાઈ
2025-11-05 10:02:02,558 - INFO - Successfully converted image to PDF: invitations\invitation_રામભાઈ.pdf
2025-11-05 10:02:02,559 - INFO - Created PDF for રામભાઈ
2025-11-05 10:02:03,087 - INFO - Created image for કનુમામા લુવાસર
2025-11-05 10:02:03,128 - INFO - Successfully converted image to PDF: invitations\invitation_કનુમામા_લુવાસર.pdf
2025-11-05 10:02:03,129 - INFO - Created PDF for કનુમામા લુવાસર
2025-11-05 10:02:03,656 - INFO - Created image for કનુમામા લુવાસર
2025-11-05 10:02:03,687 - INFO - Successfully converted image to PDF: invitations\invitation_કનુમામા_લુવાસર.pdf
2025-11-05 10:02:03,688 - INFO - Created PDF for કનુમામા લુવાસર
2025-11-05 10:02:04,214 - INFO - Created image for વીંછી વીક્રમભાઈ
2025-11-05 10:02:04,257 - INFO - Successfully converted image to PDF: invitations\invitation_વીંછી_વીક્રમભાઈ.pdf
2025-11-05 10:02:04,258 - INFO - Created PDF for વીંછી વીક્રમભાઈ
2025-11-05 10:02:04,783 - INFO - Created image for નાઘેરા મેરામણભાઇ
2025-11-05 10:02:04,813 - INFO - Successfully converted image to PDF: invitations\invitation_નાઘેરા_મેરામણભાઇ.pdf
2025-11-05 10:02:04,814 - INFO - Created PDF for નાઘેરા મેરામણભાઇ
2025-11-05 10:02:05,340 - INFO - Created image for નાઘેરા મેરામણભાઇ
2025-11-05 10:02:05,373 - INFO - Successfully converted image to PDF: invitations\invitation_નાઘેરા_મેરામણભાઇ.pdf
2025-11-05 10:02:05,374 - INFO - Created PDF for નાઘેરા મેરામણભાઇ
2025-11-05 10:02:05,901 - INFO - Created image for કરંગીયા રામભાઈ
2025-11-05 10:02:05,935 - INFO - Successfully converted image to PDF: invitations\invitation_કરંગીયા_રામભાઈ.pdf
2025-11-05 10:02:05,936 - INFO - Created PDF for કરંગીયા રામભાઈ
2025-11-05 10:02:06,462 - INFO - Created image for કાંબલીયા ભીમાભાઇ
2025-11-05 10:02:06,506 - INFO - Successfully converted image to PDF: invitations\invitation_કાંબલીયા_ભીમાભાઇ.pdf
2025-11-05 10:02:06,507 - INFO - Created PDF for કાંબલીયા ભીમાભાઇ
2025-11-05 10:02:07,033 - INFO - Created image for કાંબલીયા કાનાભાઈ
2025-11-05 10:02:07,072 - INFO - Successfully converted image to PDF: invitations\invitation_કાંબલીયા_કાનાભાઈ.pdf
2025-11-05 10:02:07,073 - INFO - Created PDF for કાંબલીયા કાનાભાઈ
2025-11-05 10:02:07,600 - INFO - Created image for બારડ કાનાભાઈ
2025-11-05 10:02:07,685 - INFO - Successfully converted image to PDF: invitations\invitation_બારડ_કાનાભાઈ.pdf
2025-11-05 10:02:07,735 - INFO - Created PDF for બારડ કાનાભાઈ
2025-11-05 10:02:08,288 - INFO - Created image for બારડ મનોજભાઈ
2025-11-05 10:02:08,318 - INFO - Successfully converted image to PDF: invitations\invitation_બારડ_મનોજભાઈ.pdf
2025-11-05 10:02:08,319 - INFO - Created PDF for બારડ મનોજભાઈ
2025-11-05 10:02:08,845 - INFO - Created image for રામ હરેશભાઈ
2025-11-05 10:02:08,879 - INFO - Successfully converted image to PDF: invitations\invitation_રામ_હરેશભાઈ.pdf
2025-11-05 10:02:08,880 - INFO - Created PDF for રામ હરેશભાઈ
2025-11-05 10:02:09,404 - INFO - Created image for રામ કુમારભાઈ
2025-11-05 10:02:09,439 - INFO - Successfully converted image to PDF: invitations\invitation_રામ_કુમારભાઈ.pdf
2025-11-05 10:02:09,440 - INFO - Created PDF for રામ કુમારભાઈ
2025-11-05 10:02:09,972 - INFO - Created image for નંદાણીયા મુકેશભાઈ 
2025-11-05 10:02:10,020 - INFO - Successfully converted image to PDF: invitations\invitation_નંદાણીયા_મુકેશભાઈ.pdf
2025-11-05 10:02:10,022 - INFO - Created PDF for નંદાણીયા મુકેશભાઈ 
2025-11-05 10:02:10,551 - INFO - Created image for બારૈયા હરદાશભાઇ 
2025-11-05 10:02:10,586 - INFO - Successfully converted image to PDF: invitations\invitation_બારૈયા_હરદાશભાઇ.pdf
2025-11-05 10:02:10,587 - INFO - Created PDF for બારૈયા હરદાશભાઇ 
2025-11-05 10:02:11,124 - INFO - Created image for હડીયા રામભાઈ 
2025-11-05 10:02:11,156 - INFO - Successfully converted image to PDF: invitations\invitation_હડીયા_રામભાઈ.pdf
2025-11-05 10:02:11,157 - INFO - Created PDF for હડીયા રામભાઈ 
2025-11-05 10:02:11,683 - INFO - Created image for રાવલીયા હરદાસભાઇ 
2025-11-05 10:02:11,714 - INFO - Successfully converted image to PDF: invitations\invitation_રાવલીયા_હરદાસભાઇ.pdf
2025-11-05 10:02:11,714 - INFO - Created PDF for રાવલીયા હરદાસભાઇ 
2025-11-05 10:02:12,239 - INFO - Created image for પુછડીયા હર્ષદભાઈ
2025-11-05 10:02:12,271 - INFO - Successfully converted image to PDF: invitations\invitation_પુછડીયા_હર્ષદભાઈ.pdf
2025-11-05 10:02:12,272 - INFO - Created PDF for પુછડીયા હર્ષદભાઈ
2025-11-05 10:02:12,796 - INFO - Created image for સુવા નીરવભાઈ 
2025-11-05 10:02:12,828 - INFO - Successfully converted image to PDF: invitations\invitation_સુવા_નીરવભાઈ.pdf
2025-11-05 10:02:12,829 - INFO - Created PDF for સુવા નીરવભાઈ 
2025-11-05 10:02:13,353 - INFO - Created image for નાઘેરા રમેશભાઈ 
2025-11-05 10:02:13,393 - INFO - Successfully converted image to PDF: invitations\invitation_નાઘેરા_રમેશભાઈ.pdf
2025-11-05 10:02:13,394 - INFO - Created PDF for નાઘેરા રમેશભાઈ 
2025-11-05 10:02:13,922 - INFO - Created image for નાઘેરા રામભાઈ 
2025-11-05 10:02:13,969 - INFO - Successfully converted image to PDF: invitations\invitation_નાઘેરા_રામભાઈ.pdf
2025-11-05 10:02:13,975 - INFO - Created PDF for નાઘેરા રામભાઈ 
2025-11-05 10:02:14,518 - INFO - Created image for નાધેરા પરબતભાઈ 
2025-11-05 10:02:14,546 - INFO - Successfully converted image to PDF: invitations\invitation_નાધેરા_પરબતભાઈ.pdf
2025-11-05 10:02:14,547 - INFO - Created PDF for નાધેરા પરબતભાઈ 
2025-11-05 10:02:15,073 - INFO - Created image for નાધેરા વકમાતભાઈ 
2025-11-05 10:02:15,106 - INFO - Successfully converted image to PDF: invitations\invitation_નાધેરા_વકમાતભાઈ.pdf
2025-11-05 10:02:15,107 - INFO - Created PDF for નાધેરા વકમાતભાઈ 
2025-11-05 10:02:15,634 - INFO - Created image for પટેલ અંકીતભાઈ તથા પટેલ વીવેકભાઈ
2025-11-05 10:02:15,668 - INFO - Successfully converted image to PDF: invitations\invitation_પટેલ_અંકીતભાઈ_તથા_પટેલ_વીવેકભાઈ.pdf
2025-11-05 10:02:15,669 - INFO - Created PDF for પટેલ અંકીતભાઈ તથા પટેલ વીવેકભાઈ
2025-11-05 10:02:16,194 - INFO - Created image for પટેલ અંકીતભાઈ તથા પટેલ વીવેકભાઈ
2025-11-05 10:02:16,225 - INFO - Successfully converted image to PDF: invitations\invitation_પટેલ_અંકીતભાઈ_તથા_પટેલ_વીવેકભાઈ.pdf
2025-11-05 10:02:16,226 - INFO - Created PDF for પટેલ અંકીતભાઈ તથા પટેલ વીવેકભાઈ
2025-11-05 10:02:16,751 - INFO - Created image for વાળા જીગ્નેશભાઈ
2025-11-05 10:02:16,779 - INFO - Successfully converted image to PDF: invitations\invitation_વાળા_જીગ્નેશભાઈ.pdf
2025-11-05 10:02:16,780 - INFO - Created PDF for વાળા જીગ્નેશભાઈ
2025-11-05 10:02:17,305 - INFO - Created image for વાળા જીગ્નેશભાઈ
2025-11-05 10:02:17,336 - INFO - Successfully converted image to PDF: invitations\invitation_વાળા_જીગ્નેશભાઈ.pdf
2025-11-05 10:02:17,337 - INFO - Created PDF for વાળા જીગ્નેશભાઈ
2025-11-05 10:02:17,873 - INFO - Created image for નંદાણીયા ચીરાગભાઈ 
2025-11-05 10:02:17,902 - INFO - Successfully converted image to PDF: invitations\invitation_નંદાણીયા_ચીરાગભાઈ.pdf
2025-11-05 10:02:17,903 - INFO - Created PDF for નંદાણીયા ચીરાગભાઈ 
2025-11-05 10:02:18,429 - INFO - Created image for ભેડા બાદુરભાઈ નારણભાઈ
2025-11-05 10:02:18,473 - INFO - Successfully converted image to PDF: invitations\invitation_ભેડા બાદુરભાઈ_નારણભાઈ.pdf
2025-11-05 10:02:18,473 - INFO - Created PDF for ભેડા બાદુરભાઈ નારણભાઈ
2025-11-05 10:02:18,998 - INFO - Created image for ભેડા મયુરભાઈ બાદુરભાઈ
2025-11-05 10:02:19,040 - INFO - Successfully converted image to PDF: invitations\invitation_ભેડા મયુરભાઈ_બાદુરભાઈ.pdf
2025-11-05 10:02:19,041 - INFO - Created PDF for ભેડા મયુરભાઈ બાદુરભાઈ
2025-11-05 10:02:19,574 - INFO - Created image for મહેતા મુકેશભાઈ
2025-11-05 10:02:19,605 - INFO - Successfully converted image to PDF: invitations\invitation_મહેતા_મુકેશભાઈ.pdf
2025-11-05 10:02:19,606 - INFO - Created PDF for મહેતા મુકેશભાઈ
2025-11-05 10:02:20,150 - INFO - Created image for મહેશભાઈ
2025-11-05 10:02:20,196 - INFO - Successfully converted image to PDF: invitations\invitation_મહેશભાઈ.pdf
2025-11-05 10:02:20,196 - INFO - Created PDF for મહેશભાઈ
2025-11-05 10:02:20,720 - INFO - Created image for શીલાભાઈ
2025-11-05 10:02:20,761 - INFO - Successfully converted image to PDF: invitations\invitation_શીલાભાઈ.pdf
2025-11-05 10:02:20,762 - INFO - Created PDF for શીલાભાઈ
2025-11-05 10:02:21,287 - INFO - Created image for મુસાભાઈ
2025-11-05 10:02:21,318 - INFO - Successfully converted image to PDF: invitations\invitation_મુસાભાઈ.pdf
2025-11-05 10:02:21,319 - INFO - Created PDF for મુસાભાઈ
2025-11-05 10:02:21,843 - INFO - Created image for ભીખુભાઈ
2025-11-05 10:02:21,873 - INFO - Successfully converted image to PDF: invitations\invitation_ભીખુભાઈ.pdf
2025-11-05 10:02:21,873 - INFO - Created PDF for ભીખુભાઈ
2025-11-05 10:02:22,400 - INFO - Created image for કાંબલીયા કીશનભાઈ
2025-11-05 10:02:22,431 - INFO - Successfully converted image to PDF: invitations\invitation_કાંબલીયા_કીશનભાઈ.pdf
2025-11-05 10:02:22,433 - INFO - Created PDF for કાંબલીયા કીશનભાઈ
2025-11-05 10:02:22,956 - INFO - Created image for ખમલ ભરતભાઈ
2025-11-05 10:02:22,988 - INFO - Successfully converted image to PDF: invitations\invitation_ખમલ_ભરતભાઈ.pdf
2025-11-05 10:02:22,989 - INFO - Created PDF for ખમલ ભરતભાઈ
2025-11-05 10:02:23,513 - INFO - Created image for કીશન ભાણો
2025-11-05 10:02:23,558 - INFO - Successfully converted image to PDF: invitations\invitation_કીશન_ભાણો.pdf
2025-11-05 10:02:23,559 - INFO - Created PDF for કીશન ભાણો
2025-11-05 10:02:24,096 - INFO - Created image for કેરશીયા કાનાભાઈ
2025-11-05 10:02:24,128 - INFO - Successfully converted image to PDF: invitations\invitation_કેરશીયા_કાનાભાઈ.pdf
2025-11-05 10:02:24,129 - INFO - Created PDF for કેરશીયા કાનાભાઈ
2025-11-05 10:02:24,657 - INFO - Created image for ખમલ ભાણો 
2025-11-05 10:02:24,705 - INFO - Successfully converted image to PDF: invitations\invitation_ખમલ_ભાણો.pdf
2025-11-05 10:02:24,706 - INFO - Created PDF for ખમલ ભાણો 
2025-11-05 10:02:25,233 - INFO - Created image for નાથાભાઈ રંઘોળા
2025-11-05 10:02:25,263 - INFO - Successfully converted image to PDF: invitations\invitation_નાથાભાઈ_રંઘોળા.pdf
2025-11-05 10:02:25,264 - INFO - Created PDF for નાથાભાઈ રંઘોળા
2025-11-05 10:02:25,788 - INFO - Created image for નરેશભાઈ
2025-11-05 10:02:25,819 - INFO - Successfully converted image to PDF: invitations\invitation_નરેશભાઈ.pdf
2025-11-05 10:02:25,819 - INFO - Created PDF for નરેશભાઈ
2025-11-05 10:02:26,343 - INFO - Created image for સુખાનંદી અનીલભાઈ
2025-11-05 10:02:26,383 - INFO - Successfully converted image to PDF: invitations\invitation_સુખાનંદી_અનીલભાઈ.pdf
2025-11-05 10:02:26,384 - INFO - Created PDF for સુખાનંદી અનીલભાઈ
2025-11-05 10:02:26,909 - INFO - Created image for સુખાનંદી મુકેશભાઈ
2025-11-05 10:02:26,940 - INFO - Successfully converted image to PDF: invitations\invitation_સુખાનંદી_મુકેશભાઈ.pdf
2025-11-05 10:02:26,941 - INFO - Created PDF for સુખાનંદી મુકેશભાઈ
2025-11-05 10:02:27,465 - INFO - Created image for ભાદરકા કરશનભાઈ 
2025-11-05 10:02:27,507 - INFO - Successfully converted image to PDF: invitations\invitation_ભાદરકા_કરશનભાઈ.pdf
2025-11-05 10:02:27,508 - INFO - Created PDF for ભાદરકા કરશનભાઈ 
2025-11-05 10:02:28,034 - INFO - Created image for ભાદરકા કરશનભાઈ 
2025-11-05 10:02:28,063 - INFO - Successfully converted image to PDF: invitations\invitation_ભાદરકા_કરશનભાઈ.pdf
2025-11-05 10:02:28,064 - INFO - Created PDF for ભાદરકા કરશનભાઈ 
2025-11-05 10:02:28,607 - INFO - Created image for કાંબલીયા મુકેશભાઈ 
2025-11-05 10:02:28,642 - INFO - Successfully converted image to PDF: invitations\invitation_કાંબલીયા_મુકેશભાઈ.pdf
2025-11-05 10:02:28,643 - INFO - Created PDF for કાંબલીયા મુકેશભાઈ 
2025-11-05 10:02:29,185 - INFO - Created image for કાંબલીયા પીયુષભાઈ 
2025-11-05 10:02:29,232 - INFO - Successfully converted image to PDF: invitations\invitation_કાંબલીયા_પીયુષભાઈ.pdf
2025-11-05 10:02:29,234 - INFO - Created PDF for કાંબલીયા પીયુષભાઈ 
2025-11-05 10:02:29,760 - INFO - Created image for અશોકભાઈ
2025-11-05 10:02:29,803 - INFO - Successfully converted image to PDF: invitations\invitation_અશોકભાઈ.pdf
2025-11-05 10:02:29,804 - INFO - Created PDF for અશોકભાઈ
2025-11-05 10:02:30,330 - INFO - Created image for અશોકભાઈ
2025-11-05 10:02:30,360 - INFO - Successfully converted image to PDF: invitations\invitation_અશોકભાઈ.pdf
2025-11-05 10:02:30,360 - INFO - Created PDF for અશોકભાઈ
2025-11-05 10:02:30,884 - INFO - Created image for રાવતભાઈ
2025-11-05 10:02:30,916 - INFO - Successfully converted image to PDF: invitations\invitation_રાવતભાઈ.pdf
2025-11-05 10:02:30,917 - INFO - Created PDF for રાવતભાઈ
2025-11-05 10:02:31,443 - INFO - Created image for રાવતભાઈ
2025-11-05 10:02:31,474 - INFO - Successfully converted image to PDF: invitations\invitation_રાવતભાઈ.pdf
2025-11-05 10:02:31,475 - INFO - Created PDF for રાવતભાઈ
2025-11-05 10:02:31,999 - INFO - Created image for કાંબલીયા હરદાસભાઇ 
2025-11-05 10:02:32,029 - INFO - Successfully converted image to PDF: invitations\invitation_કાંબલીયા_હરદાસભાઇ.pdf
2025-11-05 10:02:32,029 - INFO - Created PDF for કાંબલીયા હરદાસભાઇ 
2025-11-05 10:02:32,556 - INFO - Created image for કાંબલીયા ખીમાભાઈ 
2025-11-05 10:02:32,588 - INFO - Successfully converted image to PDF: invitations\invitation_કાંબલીયા_ખીમાભાઈ.pdf
2025-11-05 10:02:32,588 - INFO - Created PDF for કાંબલીયા ખીમાભાઈ 
2025-11-05 10:02:33,112 - INFO - Created image for ઘ્રુવભાઈ શાહ
2025-11-05 10:02:33,145 - INFO - Successfully converted image to PDF: invitations\invitation_ઘ્રુવભાઈ_શાહ.pdf
2025-11-05 10:02:33,146 - INFO - Created PDF for ઘ્રુવભાઈ શાહ
2025-11-05 10:02:33,678 - INFO - Created image for કાંબલીયા અશ્વીનભાઈ
2025-11-05 10:02:33,713 - INFO - Successfully converted image to PDF: invitations\invitation_કાંબલીયા_અશ્વીનભાઈ.pdf
2025-11-05 10:02:33,714 - INFO - Created PDF for કાંબલીયા અશ્વીનભાઈ
2025-11-05 10:02:34,239 - INFO - Created image for કાંબલીયા જસ્વીનભાઈ
2025-11-05 10:02:34,273 - INFO - Successfully converted image to PDF: invitations\invitation_કાંબલીયા_જસ્વીનભાઈ.pdf
2025-11-05 10:02:34,274 - INFO - Created PDF for કાંબલીયા જસ્વીનભાઈ
2025-11-05 10:02:34,800 - INFO - Created image for કાંબલીયા રાકેશભાઈ
2025-11-05 10:02:34,829 - INFO - Successfully converted image to PDF: invitations\invitation_કાંબલીયા_રાકેશભાઈ.pdf
2025-11-05 10:02:34,830 - INFO - Created PDF for કાંબલીયા રાકેશભાઈ
2025-11-05 10:02:35,355 - INFO - Created image for કાંબલીયા લખમણભાઇ 
2025-11-05 10:02:35,389 - INFO - Successfully converted image to PDF: invitations\invitation_કાંબલીયા_લખમણભાઇ.pdf
2025-11-05 10:02:35,390 - INFO - Created PDF for કાંબલીયા લખમણભાઇ 
2025-11-05 10:02:35,915 - INFO - Created image for કાંબલીયા વીજયભાઈ તથા  કાંબલીયા અજયભાઈ 
2025-11-05 10:02:35,958 - INFO - Successfully converted image to PDF: invitations\invitation_કાંબલીયા_વીજયભાઈ_તથા__કાંબલીયા_અજયભાઈ.pdf
2025-11-05 10:02:35,958 - INFO - Created PDF for કાંબલીયા વીજયભાઈ તથા  કાંબલીયા અજયભાઈ 
2025-11-05 10:02:36,484 - INFO - Created image for ભાદરકા ભાવેશભાઈ 
2025-11-05 10:02:36,529 - INFO - Successfully converted image to PDF: invitations\invitation_ભાદરકા_ભાવેશભાઈ.pdf
2025-11-05 10:02:36,530 - INFO - Created PDF for ભાદરકા ભાવેશભાઈ 
2025-11-05 10:02:37,057 - INFO - Created image for ભાદરકા ગીરીશભાઈ
2025-11-05 10:02:37,087 - INFO - Successfully converted image to PDF: invitations\invitation_ભાદરકા_ગીરીશભાઈ.pdf
2025-11-05 10:02:37,088 - INFO - Created PDF for ભાદરકા ગીરીશભાઈ
2025-11-05 10:02:37,613 - INFO - Created image for નાધેરા હાર્દીકભાઈ 
2025-11-05 10:02:37,658 - INFO - Successfully converted image to PDF: invitations\invitation_નાધેરા_હાર્દીકભાઈ.pdf
2025-11-05 10:02:37,658 - INFO - Created PDF for નાધેરા હાર્દીકભાઈ 
2025-11-05 10:02:38,188 - INFO - Created image for બારડ કપીલભાઈ 
2025-11-05 10:02:38,251 - INFO - Successfully converted image to PDF: invitations\invitation_બારડ_કપીલભાઈ.pdf
2025-11-05 10:02:38,251 - INFO - Created PDF for બારડ કપીલભાઈ 
2025-11-05 10:02:38,776 - INFO - Created image for બારડ નીકુંજભાઈ 
2025-11-05 10:02:38,822 - INFO - Successfully converted image to PDF: invitations\invitation_બારડ_નીકુંજભાઈ.pdf
2025-11-05 10:02:38,823 - INFO - Created PDF for બારડ નીકુંજભાઈ 
2025-11-05 10:02:39,348 - INFO - Created image for ઘુલ અરજણભાઈ
2025-11-05 10:02:39,378 - INFO - Successfully converted image to PDF: invitations\invitation_ઘુલ_અરજણભાઈ.pdf
2025-11-05 10:02:39,379 - INFO - Created PDF for ઘુલ અરજણભાઈ
2025-11-05 10:02:39,905 - INFO - Created image for જાદવ દેવેન્દ્રભાઈ 
2025-11-05 10:02:39,937 - INFO - Successfully converted image to PDF: invitations\invitation_જાદવ_દેવેન્દ્રભાઈ.pdf
2025-11-05 10:02:39,938 - INFO - Created PDF for જાદવ દેવેન્દ્રભાઈ 
2025-11-05 10:02:40,464 - INFO - Created image for જાદવ  દેવાનંદભાઈ 
2025-11-05 10:02:40,500 - INFO - Successfully converted image to PDF: invitations\invitation_જાદવ _દેવાનંદભાઈ.pdf
2025-11-05 10:02:40,501 - INFO - Created PDF for જાદવ  દેવાનંદભાઈ 
2025-11-05 10:02:41,026 - INFO - Created image for કંડોરીયા કરણભાઈ 
2025-11-05 10:02:41,072 - INFO - Successfully converted image to PDF: invitations\invitation_કંડોરીયા_કરણભાઈ.pdf
2025-11-05 10:02:41,073 - INFO - Created PDF for કંડોરીયા કરણભાઈ 
2025-11-05 10:02:41,596 - INFO - Created image for સુવા મહેશભાઈ 
2025-11-05 10:02:41,626 - INFO - Successfully converted image to PDF: invitations\invitation_સુવા_મહેશભાઈ.pdf
2025-11-05 10:02:41,627 - INFO - Created PDF for સુવા મહેશભાઈ 
2025-11-05 10:02:42,152 - INFO - Created image for સોલંકી મનોજભાઈ 
2025-11-05 10:02:42,190 - INFO - Successfully converted image to PDF: invitations\invitation_સોલંકી_મનોજભાઈ.pdf
2025-11-05 10:02:42,191 - INFO - Created PDF for સોલંકી મનોજભાઈ 
2025-11-05 10:02:42,719 - INFO - Created image for સોલંકી જયદીપભાઇ 
2025-11-05 10:02:42,773 - INFO - Successfully converted image to PDF: invitations\invitation_સોલંકી_જયદીપભાઇ.pdf
2025-11-05 10:02:42,774 - INFO - Created PDF for સોલંકી જયદીપભાઇ 
2025-11-05 10:02:43,311 - INFO - Created image for સોલંકી જયદીપભાઇ 
2025-11-05 10:02:43,359 - INFO - Successfully converted image to PDF: invitations\invitation_સોલંકી_જયદીપભાઇ.pdf
2025-11-05 10:02:43,360 - INFO - Created PDF for સોલંકી જયદીપભાઇ 
2025-11-05 10:02:43,896 - INFO - Created image for કાંબલીયા રોહનભાઈ 
2025-11-05 10:02:43,961 - INFO - Successfully converted image to PDF: invitations\invitation_કાંબલીયા_રોહનભાઈ.pdf
2025-11-05 10:02:43,961 - INFO - Created PDF for કાંબલીયા રોહનભાઈ 
2025-11-05 10:02:44,503 - INFO - Created image for કાંબલીયા ભુપતભાઈ 
2025-11-05 10:02:44,554 - INFO - Successfully converted image to PDF: invitations\invitation_કાંબલીયા_ભુપતભાઈ.pdf
2025-11-05 10:02:44,556 - INFO - Created PDF for કાંબલીયા ભુપતભાઈ 
2025-11-05 10:02:45,089 - INFO - Created image for કનારા રાજકુમારભાઈ 
2025-11-05 10:02:45,129 - INFO - Successfully converted image to PDF: invitations\invitation_કનારા_રાજકુમારભાઈ.pdf
2025-11-05 10:02:45,134 - INFO - Created PDF for કનારા રાજકુમારભાઈ 
2025-11-05 10:02:45,667 - INFO - Created image for સોલંકી દીનેશભાઈ 
2025-11-05 10:02:45,724 - INFO - Successfully converted image to PDF: invitations\invitation_સોલંકી_દીનેશભાઈ.pdf
2025-11-05 10:02:45,728 - INFO - Created PDF for સોલંકી દીનેશભાઈ 
2025-11-05 10:02:46,290 - INFO - Created image for કાંબલીયા કરણભાઈ 
2025-11-05 10:02:46,332 - INFO - Successfully converted image to PDF: invitations\invitation_કાંબલીયા_કરણભાઈ.pdf
2025-11-05 10:02:46,334 - INFO - Created PDF for કાંબલીયા કરણભાઈ 
2025-11-05 10:02:46,866 - INFO - Created image for પીઠીયા નારણભાઈ 
2025-11-05 10:02:46,907 - INFO - Successfully converted image to PDF: invitations\invitation_પીઠીયા_નારણભાઈ.pdf
2025-11-05 10:02:46,909 - INFO - Created PDF for પીઠીયા નારણભાઈ 
2025-11-05 10:02:47,443 - INFO - Created image for ભાટુ રામભાઈ 
2025-11-05 10:02:47,481 - INFO - Successfully converted image to PDF: invitations\invitation_ભાટુ_રામભાઈ.pdf
2025-11-05 10:02:47,484 - INFO - Created PDF for ભાટુ રામભાઈ 
2025-11-05 10:02:48,017 - INFO - Created image for જાની મનીષભાઈ
2025-11-05 10:02:48,057 - INFO - Successfully converted image to PDF: invitations\invitation_જાની_મનીષભાઈ.pdf
2025-11-05 10:02:48,059 - INFO - Created PDF for જાની મનીષભાઈ
2025-11-05 10:02:48,584 - INFO - Created image for જાની મનીષભાઈ
2025-11-05 10:02:48,618 - INFO - Successfully converted image to PDF: invitations\invitation_જાની_મનીષભાઈ.pdf
2025-11-05 10:02:48,618 - INFO - Created PDF for જાની મનીષભાઈ
2025-11-05 10:02:49,144 - INFO - Created image for ભાદરકા વનરાજભાઈ 
2025-11-05 10:02:49,178 - INFO - Successfully converted image to PDF: invitations\invitation_ભાદરકા_વનરાજભાઈ.pdf
2025-11-05 10:02:49,179 - INFO - Created PDF for ભાદરકા વનરાજભાઈ 
2025-11-05 10:02:49,711 - INFO - Created image for ભાદરકા હીરેનભાઈ 
2025-11-05 10:02:49,758 - INFO - Successfully converted image to PDF: invitations\invitation_ભાદરકા_હીરેનભાઈ.pdf
2025-11-05 10:02:49,760 - INFO - Created PDF for ભાદરકા હીરેનભાઈ 
2025-11-05 10:02:51,015 - INFO - Created image for પૂંજો ઇન્દ્રોડા 
2025-11-05 10:02:51,281 - INFO - Successfully converted image to PDF: invitations\invitation_પૂંજો_ઇન્દ્રોડા.pdf
2025-11-05 10:02:51,299 - INFO - Created PDF for પૂંજો ઇન્દ્રોડા 
2025-11-05 10:02:51,843 - INFO - Created image for ભરતભાઈ ઇ બાઈક
2025-11-05 10:02:51,898 - INFO - Successfully converted image to PDF: invitations\invitation_ભરતભાઈ_ઇ_બાઈક.pdf
2025-11-05 10:02:51,900 - INFO - Created PDF for ભરતભાઈ ઇ બાઈક
2025-11-05 10:02:52,429 - INFO - Created image for ભાદરકા લીલાભાઈ 
2025-11-05 10:02:52,478 - INFO - Successfully converted image to PDF: invitations\invitation_ભાદરકા_લીલાભાઈ.pdf
2025-11-05 10:02:52,488 - INFO - Created PDF for ભાદરકા લીલાભાઈ 
2025-11-05 10:02:53,050 - INFO - Created image for ભાદરકા બાલાભાઈ 
2025-11-05 10:02:53,124 - INFO - Successfully converted image to PDF: invitations\invitation_ભાદરકા_બાલાભાઈ.pdf
2025-11-05 10:02:53,125 - INFO - Created PDF for ભાદરકા બાલાભાઈ 
2025-11-05 10:02:53,669 - INFO - Created image for ઝાલા સવદાસભાઈ 
2025-11-05 10:02:53,738 - INFO - Successfully converted image to PDF: invitations\invitation_ઝાલા_સવદાસભાઈ.pdf
2025-11-05 10:02:53,739 - INFO - Created PDF for ઝાલા સવદાસભાઈ 
2025-11-05 10:02:54,290 - INFO - Created image for ઝાલા મારખીભાઈ 
2025-11-05 10:02:54,407 - INFO - Successfully converted image to PDF: invitations\invitation_ઝાલા_મારખીભાઈ.pdf
2025-11-05 10:02:54,410 - INFO - Created PDF for ઝાલા મારખીભાઈ 
2025-11-05 10:02:54,959 - INFO - Created image for ઝાલા મારખીભાઈ 
2025-11-05 10:02:55,134 - INFO - Successfully converted image to PDF: invitations\invitation_ઝાલા_મારખીભાઈ.pdf
2025-11-05 10:02:55,143 - INFO - Created PDF for ઝાલા મારખીભાઈ 
2025-11-05 10:02:55,736 - INFO - Created image for ઝાલા ભરતભાઈ સરમણભાઈ 
2025-11-05 10:02:55,882 - INFO - Successfully converted image to PDF: invitations\invitation_ઝાલા_ભરતભાઈ_સરમણભાઈ.pdf
2025-11-05 10:02:55,890 - INFO - Created PDF for ઝાલા ભરતભાઈ સરમણભાઈ 
2025-11-05 10:02:56,551 - INFO - Created image for ભાદરકા ભીમભાઈ
2025-11-05 10:02:56,646 - INFO - Successfully converted image to PDF: invitations\invitation_ભાદરકા_ભીમભાઈ.pdf
2025-11-05 10:02:56,649 - INFO - Created PDF for ભાદરકા ભીમભાઈ
2025-11-05 10:02:57,202 - INFO - Created image for ચૌહાણ પુંજાભાઈ 
2025-11-05 10:02:57,253 - INFO - Successfully converted image to PDF: invitations\invitation_ચૌહાણ_પુંજાભાઈ.pdf
2025-11-05 10:02:57,254 - INFO - Created PDF for ચૌહાણ પુંજાભાઈ 
2025-11-05 10:02:57,866 - INFO - Created image for ચૌહાણ હરદાસભાઇ 
2025-11-05 10:02:57,910 - INFO - Successfully converted image to PDF: invitations\invitation_ચૌહાણ_હરદાસભાઇ.pdf
2025-11-05 10:02:57,916 - INFO - Created PDF for ચૌહાણ હરદાસભાઇ 
2025-11-05 10:02:58,455 - INFO - Created image for ચંદ્રવાડીયા હરદાસભાઇ
2025-11-05 10:02:58,504 - INFO - Successfully converted image to PDF: invitations\invitation_ચંદ્રવાડીયા_હરદાસભાઇ.pdf
2025-11-05 10:02:58,506 - INFO - Created PDF for ચંદ્રવાડીયા હરદાસભાઇ
2025-11-05 10:02:59,076 - INFO - Created image for ગોહીલ અમરસીંહભાઈ 
2025-11-05 10:02:59,236 - INFO - Successfully converted image to PDF: invitations\invitation_ગોહીલ_અમરસીંહભાઈ.pdf
2025-11-05 10:02:59,239 - INFO - Created PDF for ગોહીલ અમરસીંહભાઈ 
2025-11-05 10:02:59,773 - INFO - Created image for ગોહીલ અમરસીંહભાઈ 
2025-11-05 10:02:59,806 - INFO - Successfully converted image to PDF: invitations\invitation_ગોહીલ_અમરસીંહભાઈ.pdf
2025-11-05 10:02:59,807 - INFO - Created PDF for ગોહીલ અમરસીંહભાઈ 
2025-11-05 10:03:00,337 - INFO - Created image for મોદી સૌરભભાઈ 
2025-11-05 10:03:00,375 - INFO - Successfully converted image to PDF: invitations\invitation_મોદી_સૌરભભાઈ.pdf
2025-11-05 10:03:00,376 - INFO - Created PDF for મોદી સૌરભભાઈ 
2025-11-05 10:03:00,911 - INFO - Created image for પરમાર મહેન્દ્રભાઈ 
2025-11-05 10:03:00,957 - INFO - Successfully converted image to PDF: invitations\invitation_પરમાર_મહેન્દ્રભાઈ.pdf
2025-11-05 10:03:00,959 - INFO - Created PDF for પરમાર મહેન્દ્રભાઈ 
2025-11-05 10:03:01,498 - INFO - Created image for પરમાર નરેન્દ્રભાઈ 
2025-11-05 10:03:01,588 - INFO - Successfully converted image to PDF: invitations\invitation_પરમાર_નરેન્દ્રભાઈ.pdf
2025-11-05 10:03:01,592 - INFO - Created PDF for પરમાર નરેન્દ્રભાઈ 
2025-11-05 10:03:02,228 - INFO - Created image for પરમાર હરેશભાઈ 
2025-11-05 10:03:02,341 - INFO - Successfully converted image to PDF: invitations\invitation_પરમાર_હરેશભાઈ.pdf
2025-11-05 10:03:02,343 - INFO - Created PDF for પરમાર હરેશભાઈ 
2025-11-05 10:03:02,876 - INFO - Created image for પરમાર રાજ સાહેબ 
2025-11-05 10:03:02,918 - INFO - Successfully converted image to PDF: invitations\invitation_પરમાર_રાજ_સાહેબ.pdf
2025-11-05 10:03:02,919 - INFO - Created PDF for પરમાર રાજ સાહેબ 
2025-11-05 10:03:03,449 - INFO - Created image for કીરણભાઈ હોટલ
2025-11-05 10:03:03,487 - INFO - Successfully converted image to PDF: invitations\invitation_કીરણભાઈ_હોટલ.pdf
2025-11-05 10:03:03,488 - INFO - Created PDF for કીરણભાઈ હોટલ
2025-11-05 10:03:04,019 - INFO - Created image for પટેલ ભરતભાઈ રુદ્રત્રન્સપોર્ટ 
2025-11-05 10:03:04,055 - INFO - Successfully converted image to PDF: invitations\invitation_પટેલ_ભરતભાઈ_રુદ્રત્રન્સપોર્ટ.pdf
2025-11-05 10:03:04,056 - INFO - Created PDF for પટેલ ભરતભાઈ રુદ્રત્રન્સપોર્ટ 
2025-11-05 10:03:04,787 - INFO - Created image for સુવા નારણભાઈ 
2025-11-05 10:03:04,884 - INFO - Successfully converted image to PDF: invitations\invitation_સુવા_નારણભાઈ.pdf
2025-11-05 10:03:04,887 - INFO - Created PDF for સુવા નારણભાઈ 
2025-11-05 10:03:05,456 - INFO - Created image for સુવા હરેશભાઈ 
2025-11-05 10:03:05,520 - INFO - Successfully converted image to PDF: invitations\invitation_સુવા_હરેશભાઈ.pdf
2025-11-05 10:03:05,522 - INFO - Created PDF for સુવા હરેશભાઈ 
2025-11-05 10:03:06,057 - INFO - Created image for સુવા જયેશભાઈ 
2025-11-05 10:03:06,103 - INFO - Successfully converted image to PDF: invitations\invitation_સુવા_જયેશભાઈ.pdf
2025-11-05 10:03:06,105 - INFO - Created PDF for સુવા જયેશભાઈ 
2025-11-05 10:03:06,639 - INFO - Created image for સુવા જયેશભાઈ 
2025-11-05 10:03:06,691 - INFO - Successfully converted image to PDF: invitations\invitation_સુવા_જયેશભાઈ.pdf
2025-11-05 10:03:06,692 - INFO - Created PDF for સુવા જયેશભાઈ 
2025-11-05 10:03:07,228 - INFO - Created image for સોલંકી કીશોરભાઈ 
2025-11-05 10:03:07,261 - INFO - Successfully converted image to PDF: invitations\invitation_સોલંકી_કીશોરભાઈ.pdf
2025-11-05 10:03:07,265 - INFO - Created PDF for સોલંકી કીશોરભાઈ 
2025-11-05 10:03:07,801 - INFO - Created image for પીઠીયા પરાગભાઈ
2025-11-05 10:03:07,843 - INFO - Successfully converted image to PDF: invitations\invitation_પીઠીયા_પરાગભાઈ.pdf
2025-11-05 10:03:07,844 - INFO - Created PDF for પીઠીયા પરાગભાઈ
2025-11-05 10:03:08,371 - INFO - Created image for પીઠીયા પરાગભાઈ
2025-11-05 10:03:08,403 - INFO - Successfully converted image to PDF: invitations\invitation_પીઠીયા_પરાગભાઈ.pdf
2025-11-05 10:03:08,404 - INFO - Created PDF for પીઠીયા પરાગભાઈ
2025-11-05 10:03:08,934 - INFO - Created image for ભારવડીયા રામદેભાઈ
2025-11-05 10:03:08,967 - INFO - Successfully converted image to PDF: invitations\invitation_ભારવડીયા_રામદેભાઈ.pdf
2025-11-05 10:03:08,968 - INFO - Created PDF for ભારવડીયા રામદેભાઈ
2025-11-05 10:03:09,610 - INFO - Created image for  કાળુભાઈ નથુભાઈ ઉપલેટા 
2025-11-05 10:03:09,893 - INFO - Successfully converted image to PDF: invitations\invitation_કાળુભાઈ_નથુભાઈ_ઉપલેટા.pdf
2025-11-05 10:03:09,898 - INFO - Created PDF for  કાળુભાઈ નથુભાઈ ઉપલેટા 
2025-11-05 10:03:10,425 - INFO - Created image for પટેલ લાલાભાઈ 
2025-11-05 10:03:10,460 - INFO - Successfully converted image to PDF: invitations\invitation_પટેલ_લાલાભાઈ.pdf
2025-11-05 10:03:10,462 - INFO - Created PDF for પટેલ લાલાભાઈ 
2025-11-05 10:03:10,999 - INFO - Created image for પટેલ વીનોદભાઈ
2025-11-05 10:03:11,041 - INFO - Successfully converted image to PDF: invitations\invitation_પટેલ_વીનોદભાઈ.pdf
2025-11-05 10:03:11,043 - INFO - Created PDF for પટેલ વીનોદભાઈ
2025-11-05 10:03:11,571 - INFO - Created image for પટેલ ઘનશ્યામભાઈ
2025-11-05 10:03:11,657 - INFO - Successfully converted image to PDF: invitations\invitation_પટેલ_ઘનશ્યામભાઈ.pdf
2025-11-05 10:03:11,660 - INFO - Created PDF for પટેલ ઘનશ્યામભાઈ
2025-11-05 10:03:12,192 - INFO - Created image for પટેલ રાજુભાઈ
2025-11-05 10:03:12,275 - INFO - Successfully converted image to PDF: invitations\invitation_પટેલ_રાજુભાઈ.pdf
2025-11-05 10:03:12,281 - INFO - Created PDF for પટેલ રાજુભાઈ
2025-11-05 10:03:12,816 - INFO - Created image for પટેલ રાજુભાઈ
2025-11-05 10:03:12,856 - INFO - Successfully converted image to PDF: invitations\invitation_પટેલ_રાજુભાઈ.pdf
2025-11-05 10:03:12,857 - INFO - Created PDF for પટેલ રાજુભાઈ
2025-11-05 10:03:13,385 - INFO - Created image for પાઠક સંજયભાઈ
2025-11-05 10:03:13,422 - INFO - Successfully converted image to PDF: invitations\invitation_પાઠક_સંજયભાઈ.pdf
2025-11-05 10:03:13,423 - INFO - Created PDF for પાઠક સંજયભાઈ
2025-11-05 10:03:13,968 - INFO - Created image for પાઠક કલ્પેશભાઈ
2025-11-05 10:03:14,055 - INFO - Successfully converted image to PDF: invitations\invitation_પાઠક_કલ્પેશભાઈ.pdf
2025-11-05 10:03:14,058 - INFO - Created PDF for પાઠક કલ્પેશભાઈ
2025-11-05 10:03:14,587 - INFO - Created image for પાઠક હેમંતભાઈ
2025-11-05 10:03:14,626 - INFO - Successfully converted image to PDF: invitations\invitation_પાઠક_હેમંતભાઈ.pdf
2025-11-05 10:03:14,628 - INFO - Created PDF for પાઠક હેમંતભાઈ
2025-11-05 10:03:15,166 - INFO - Created image for બકાભાઈ
2025-11-05 10:03:15,247 - INFO - Successfully converted image to PDF: invitations\invitation_બકાભાઈ.pdf
2025-11-05 10:03:15,249 - INFO - Created PDF for બકાભાઈ
2025-11-05 10:03:15,775 - INFO - Created image for ભાદરકા ધનાભાઈ
2025-11-05 10:03:15,809 - INFO - Successfully converted image to PDF: invitations\invitation_ભાદરકા_ધનાભાઈ.pdf
2025-11-05 10:03:15,810 - INFO - Created PDF for ભાદરકા ધનાભાઈ
2025-11-05 10:03:16,357 - INFO - Created image for ચૌહાણ અનીઋધભાઈ
2025-11-05 10:03:16,473 - INFO - Successfully converted image to PDF: invitations\invitation_ચૌહાણ_અનીઋધભાઈ.pdf
2025-11-05 10:03:16,476 - INFO - Created PDF for ચૌહાણ અનીઋધભાઈ
2025-11-05 10:03:17,005 - INFO - Created image for ભાવીનભાઈ
2025-11-05 10:03:17,038 - INFO - Successfully converted image to PDF: invitations\invitation_ભાવીનભાઈ.pdf
2025-11-05 10:03:17,039 - INFO - Created PDF for ભાવીનભાઈ
2025-11-05 10:03:17,574 - INFO - Created image for વ્યાસ વીજયભાઈ
2025-11-05 10:03:17,613 - INFO - Successfully converted image to PDF: invitations\invitation_વ્યાસ_વીજયભાઈ.pdf
2025-11-05 10:03:17,616 - INFO - Created PDF for વ્યાસ વીજયભાઈ
2025-11-05 10:03:18,141 - INFO - Created image for સંજયભાઈ
2025-11-05 10:03:18,174 - INFO - Successfully converted image to PDF: invitations\invitation_સંજયભાઈ.pdf
2025-11-05 10:03:18,175 - INFO - Created PDF for સંજયભાઈ
2025-11-05 10:03:18,702 - INFO - Created image for સંજયભાઈ
2025-11-05 10:03:18,737 - INFO - Successfully converted image to PDF: invitations\invitation_સંજયભાઈ.pdf
2025-11-05 10:03:18,739 - INFO - Created PDF for સંજયભાઈ
2025-11-05 10:03:19,265 - INFO - Created image for ગણપતસીંહ
2025-11-05 10:03:19,297 - INFO - Successfully converted image to PDF: invitations\invitation_ગણપતસીંહ.pdf
2025-11-05 10:03:19,299 - INFO - Created PDF for ગણપતસીંહ
2025-11-05 10:03:19,825 - INFO - Created image for ગણપતસીંહ
2025-11-05 10:03:19,862 - INFO - Successfully converted image to PDF: invitations\invitation_ગણપતસીંહ.pdf
2025-11-05 10:03:19,865 - INFO - Created PDF for ગણપતસીંહ
2025-11-05 10:03:20,391 - INFO - Created image for ગણપતસીંહ
2025-11-05 10:03:20,434 - INFO - Successfully converted image to PDF: invitations\invitation_ગણપતસીંહ.pdf
2025-11-05 10:03:20,435 - INFO - Created PDF for ગણપતસીંહ
2025-11-05 10:03:20,962 - INFO - Created image for પુકાર કલ્પેશભાઈ
2025-11-05 10:03:21,001 - INFO - Successfully converted image to PDF: invitations\invitation_પુકાર_કલ્પેશભાઈ.pdf
2025-11-05 10:03:21,003 - INFO - Created PDF for પુકાર કલ્પેશભાઈ
2025-11-05 10:03:21,534 - INFO - Created image for પુકાર અશ્વીનભાઇ
2025-11-05 10:03:21,570 - INFO - Successfully converted image to PDF: invitations\invitation_પુકાર_અશ્વીનભાઇ.pdf
2025-11-05 10:03:21,572 - INFO - Created PDF for પુકાર અશ્વીનભાઇ
2025-11-05 10:03:22,098 - INFO - Created image for વણકર વીપુલભાઇ
2025-11-05 10:03:22,139 - INFO - Successfully converted image to PDF: invitations\invitation_વણકર_વીપુલભાઇ.pdf
2025-11-05 10:03:22,140 - INFO - Created PDF for વણકર વીપુલભાઇ
2025-11-05 10:03:22,677 - INFO - Created image for પીઠિયા ભાવેશભાઇ
2025-11-05 10:03:22,722 - INFO - Successfully converted image to PDF: invitations\invitation_પીઠિયા_ભાવેશભાઇ.pdf
2025-11-05 10:03:22,723 - INFO - Created PDF for પીઠિયા ભાવેશભાઇ
2025-11-05 10:03:23,253 - INFO - Created image for પટેલ કીર્તીભાઇ
2025-11-05 10:03:23,299 - INFO - Successfully converted image to PDF: invitations\invitation_પટેલ_કીર્તીભાઇ.pdf
2025-11-05 10:03:23,300 - INFO - Created PDF for પટેલ કીર્તીભાઇ
2025-11-05 10:03:23,825 - INFO - Created image for પટેલ કીર્તીભાઇ
2025-11-05 10:03:23,859 - INFO - Successfully converted image to PDF: invitations\invitation_પટેલ_કીર્તીભાઇ.pdf
2025-11-05 10:03:23,860 - INFO - Created PDF for પટેલ કીર્તીભાઇ
2025-11-05 10:03:24,389 - INFO - Created image for પટેલ સચીનભાઇ
2025-11-05 10:03:24,427 - INFO - Successfully converted image to PDF: invitations\invitation_પટેલ_સચીનભાઇ.pdf
2025-11-05 10:03:24,430 - INFO - Created PDF for પટેલ સચીનભાઇ
2025-11-05 10:03:24,969 - INFO - Created image for જાદવ ભુપતભાઇ
2025-11-05 10:03:25,007 - INFO - Successfully converted image to PDF: invitations\invitation_જાદવ_ભુપતભાઇ.pdf
2025-11-05 10:03:25,008 - INFO - Created PDF for જાદવ ભુપતભાઇ
2025-11-05 10:03:25,539 - INFO - Created image for પટેલ ભુપેન્દ્રભાઇ
2025-11-05 10:03:25,585 - INFO - Successfully converted image to PDF: invitations\invitation_પટેલ_ભુપેન્દ્રભાઇ.pdf
2025-11-05 10:03:25,586 - INFO - Created PDF for પટેલ ભુપેન્દ્રભાઇ
2025-11-05 10:03:26,119 - INFO - Created image for કાંબલીયા નથુભાઈ નગાભાઈ
2025-11-05 10:03:26,156 - INFO - Successfully converted image to PDF: invitations\invitation_કાંબલીયા_નથુભાઈ_નગાભાઈ.pdf
2025-11-05 10:03:26,157 - INFO - Created PDF for કાંબલીયા નથુભાઈ નગાભાઈ
2025-11-05 10:03:26,686 - INFO - Created image for કાંબલીયા દેવાનંદભાઈ નગાભાઈ 
2025-11-05 10:03:26,721 - INFO - Successfully converted image to PDF: invitations\invitation_કાંબલીયા_દેવાનંદભાઈ_નગાભાઈ.pdf
2025-11-05 10:03:26,722 - INFO - Created PDF for કાંબલીયા દેવાનંદભાઈ નગાભાઈ 
2025-11-05 10:03:27,466 - INFO - Created image for કાંબલીયા દેવાનંદભાઈ નગાભાઈ 
2025-11-05 10:03:27,653 - INFO - Successfully converted image to PDF: invitations\invitation_કાંબલીયા_દેવાનંદભાઈ_નગાભાઈ.pdf
2025-11-05 10:03:27,655 - INFO - Created PDF for કાંબલીયા દેવાનંદભાઈ નગાભાઈ 
2025-11-05 10:03:28,183 - INFO - Created image for કાંબલીયા હરદાસભાઇ નગાભાઈ 
2025-11-05 10:03:28,222 - INFO - Successfully converted image to PDF: invitations\invitation_કાંબલીયા_હરદાસભાઇ_નગાભાઈ.pdf
2025-11-05 10:03:28,224 - INFO - Created PDF for કાંબલીયા હરદાસભાઇ નગાભાઈ 
2025-11-05 10:03:29,006 - INFO - Created image for કાંબલીયા હરદાસભાઇ નગાભાઈ 
2025-11-05 10:03:29,115 - INFO - Successfully converted image to PDF: invitations\invitation_કાંબલીયા_હરદાસભાઇ_નગાભાઈ.pdf
2025-11-05 10:03:29,117 - INFO - Created PDF for કાંબલીયા હરદાસભાઇ નગાભાઈ 
2025-11-05 10:03:29,858 - INFO - Created image for કાંબલીયા જેઠાભાઈ ભીમાભાઇ 
2025-11-05 10:03:29,918 - INFO - Successfully converted image to PDF: invitations\invitation_કાંબલીયા_જેઠાભાઈ_ભીમાભાઇ.pdf
2025-11-05 10:03:29,919 - INFO - Created PDF for કાંબલીયા જેઠાભાઈ ભીમાભાઇ 
2025-11-05 10:03:30,572 - INFO - Created image for કાંબલીયા રાજેશભાઈ ભીમાભાઇ
2025-11-05 10:03:30,621 - INFO - Successfully converted image to PDF: invitations\invitation_કાંબલીયા_રાજેશભાઈ_ભીમાભાઇ.pdf
2025-11-05 10:03:30,623 - INFO - Created PDF for કાંબલીયા રાજેશભાઈ ભીમાભાઇ
2025-11-05 10:03:31,164 - INFO - Created image for કાંબલીયા મેરામણભાઇ મુંજાભાઈ 
2025-11-05 10:03:31,224 - INFO - Successfully converted image to PDF: invitations\invitation_કાંબલીયા_મેરામણભાઇ_મુંજાભાઈ.pdf
2025-11-05 10:03:31,227 - INFO - Created PDF for કાંબલીયા મેરામણભાઇ મુંજાભાઈ 
2025-11-05 10:03:31,770 - INFO - Created image for કાંબલીયા કરણભાઈ ટપુભાઈ 
2025-11-05 10:03:31,818 - INFO - Successfully converted image to PDF: invitations\invitation_કાંબલીયા_કરણભાઈ_ટપુભાઈ.pdf
2025-11-05 10:03:31,819 - INFO - Created PDF for કાંબલીયા કરણભાઈ ટપુભાઈ 
2025-11-05 10:03:32,354 - INFO - Created image for કાંબલીયા ગોવીંદભાઈ ટપુભાઈ 
2025-11-05 10:03:32,656 - INFO - Successfully converted image to PDF: invitations\invitation_કાંબલીયા_ગોવીંદભાઈ_ટપુભાઈ.pdf
2025-11-05 10:03:32,715 - INFO - Created PDF for કાંબલીયા ગોવીંદભાઈ ટપુભાઈ 
2025-11-05 10:03:33,259 - INFO - Created image for કાંબલીયા હર્ષદભાઈ કેશુભાઈ 
2025-11-05 10:03:33,304 - INFO - Successfully converted image to PDF: invitations\invitation_કાંબલીયા_હર્ષદભાઈ_કેશુભાઈ.pdf
2025-11-05 10:03:33,305 - INFO - Created PDF for કાંબલીયા હર્ષદભાઈ કેશુભાઈ 
2025-11-05 10:03:33,842 - INFO - Created image for કાંબલીયા મુન્નાભાઈ રામભાઈ 
2025-11-05 10:03:33,902 - INFO - Successfully converted image to PDF: invitations\invitation_કાંબલીયા_મુન્નાભાઈ_રામભાઈ.pdf
2025-11-05 10:03:33,904 - INFO - Created PDF for કાંબલીયા મુન્નાભાઈ રામભાઈ 
2025-11-05 10:03:34,437 - INFO - Created image for કાંબલીયા માલદેભાઈ બચુભાઈ 
2025-11-05 10:03:34,474 - INFO - Successfully converted image to PDF: invitations\invitation_કાંબલીયા_માલદેભાઈ_બચુભાઈ.pdf
2025-11-05 10:03:34,475 - INFO - Created PDF for કાંબલીયા માલદેભાઈ બચુભાઈ 
2025-11-05 10:03:35,015 - INFO - Created image for કાંબલીયા પરબતભાઈ બચુભાઈ 
2025-11-05 10:03:35,074 - INFO - Successfully converted image to PDF: invitations\invitation_કાંબલીયા_પરબતભાઈ_બચુભાઈ.pdf
2025-11-05 10:03:35,076 - INFO - Created PDF for કાંબલીયા પરબતભાઈ બચુભાઈ 
2025-11-05 10:03:35,608 - INFO - Created image for કાંબલીયા કીશોરભાઈ બચુભાઈ 
2025-11-05 10:03:35,650 - INFO - Successfully converted image to PDF: invitations\invitation_કાંબલીયા_કીશોરભાઈ_બચુભાઈ.pdf
2025-11-05 10:03:35,652 - INFO - Created PDF for કાંબલીયા કીશોરભાઈ બચુભાઈ 
2025-11-05 10:03:36,183 - INFO - Created image for કાંબલીયા દેવાનંદભાઈ ચીનુભાઈ 
2025-11-05 10:03:36,232 - INFO - Successfully converted image to PDF: invitations\invitation_કાંબલીયા_દેવાનંદભાઈ_ચીનુભાઈ.pdf
2025-11-05 10:03:36,234 - INFO - Created PDF for કાંબલીયા દેવાનંદભાઈ ચીનુભાઈ 
2025-11-05 10:03:36,766 - INFO - Created image for કામલીયા મહેશભાઈ ચીનુભાઈ 
2025-11-05 10:03:36,802 - INFO - Successfully converted image to PDF: invitations\invitation_કામલીયા_મહેશભાઈ_ચીનુભાઈ.pdf
2025-11-05 10:03:36,803 - INFO - Created PDF for કામલીયા મહેશભાઈ ચીનુભાઈ 
2025-11-05 10:03:37,523 - INFO - Created image for કામલીયા ભનાભાઈ ખોડાભાઈ 
2025-11-05 10:03:37,767 - INFO - Successfully converted image to PDF: invitations\invitation_કામલીયા_ભનાભાઈ_ખોડાભાઈ.pdf
2025-11-05 10:03:37,771 - INFO - Created PDF for કામલીયા ભનાભાઈ ખોડાભાઈ 
2025-11-05 10:03:38,669 - INFO - Created image for ભાદરકા લખમણભાઇ મેરામણભાઇ 
2025-11-05 10:03:39,001 - INFO - Successfully converted image to PDF: invitations\invitation_ભાદરકા_લખમણભાઇ_મેરામણભાઇ.pdf
2025-11-05 10:03:39,076 - INFO - Created PDF for ભાદરકા લખમણભાઇ મેરામણભાઇ 
2025-11-05 10:03:39,716 - INFO - Created image for ભાદરકા ભરતભાઈ મેરામણભાઇ 
2025-11-05 10:03:40,054 - INFO - Successfully converted image to PDF: invitations\invitation_ભાદરકા_ભરતભાઈ_મેરામણભાઇ.pdf
2025-11-05 10:03:40,088 - INFO - Created PDF for ભાદરકા ભરતભાઈ મેરામણભાઇ 
2025-11-05 10:03:40,820 - INFO - Created image for ભાદરકા ઉકાભાઇ કાનાભાઈ 
2025-11-05 10:03:41,202 - INFO - Successfully converted image to PDF: invitations\invitation_ભાદરકા_ઉકાભાઇ_કાનાભાઈ.pdf
2025-11-05 10:03:41,266 - INFO - Created PDF for ભાદરકા ઉકાભાઇ કાનાભાઈ 
2025-11-05 10:03:41,824 - INFO - Created image for ભાદરકા અરજણભાઈ કાનાભાઈ 
2025-11-05 10:03:41,882 - INFO - Successfully converted image to PDF: invitations\invitation_ભાદરકા_અરજણભાઈ_કાનાભાઈ.pdf
2025-11-05 10:03:41,884 - INFO - Created PDF for ભાદરકા અરજણભાઈ કાનાભાઈ 
2025-11-05 10:03:42,417 - INFO - Created image for ઘુલ કરશનભાઈ
2025-11-05 10:03:42,464 - INFO - Successfully converted image to PDF: invitations\invitation_ઘુલ_કરશનભાઈ.pdf
2025-11-05 10:03:42,465 - INFO - Created PDF for ઘુલ કરશનભાઈ
2025-11-05 10:03:42,999 - INFO - Created image for ઘુલ કરશનભાઈ
2025-11-05 10:03:43,056 - INFO - Successfully converted image to PDF: invitations\invitation_ઘુલ_કરશનભાઈ.pdf
2025-11-05 10:03:43,070 - INFO - Created PDF for ઘુલ કરશનભાઈ
2025-11-05 10:03:43,600 - INFO - Created image for ઘુલ રાજુભાઈ 
2025-11-05 10:03:43,635 - INFO - Successfully converted image to PDF: invitations\invitation_ઘુલ_રાજુભાઈ.pdf
2025-11-05 10:03:43,636 - INFO - Created PDF for ઘુલ રાજુભાઈ 
2025-11-05 10:03:44,170 - INFO - Created image for નાધેરા કાનાભાઈ જેઠાભાઈ 
2025-11-05 10:03:44,225 - INFO - Successfully converted image to PDF: invitations\invitation_નાધેરા_કાનાભાઈ_જેઠાભાઈ.pdf
2025-11-05 10:03:44,228 - INFO - Created PDF for નાધેરા કાનાભાઈ જેઠાભાઈ 
2025-11-05 10:03:44,770 - INFO - Created image for નાઘેરા મેરામણભાઇ પોલાભાઈ 
2025-11-05 10:03:44,818 - INFO - Successfully converted image to PDF: invitations\invitation_નાઘેરા_મેરામણભાઇ_પોલાભાઈ.pdf
2025-11-05 10:03:44,819 - INFO - Created PDF for નાઘેરા મેરામણભાઇ પોલાભાઈ 
2025-11-05 10:03:45,350 - INFO - Created image for નાઘેરા કીશોરભાઈ પરબતભાઈ 
2025-11-05 10:03:45,397 - INFO - Successfully converted image to PDF: invitations\invitation_નાઘેરા_કીશોરભાઈ_પરબતભાઈ.pdf
2025-11-05 10:03:45,399 - INFO - Created PDF for નાઘેરા કીશોરભાઈ પરબતભાઈ 
2025-11-05 10:03:45,933 - INFO - Created image for નાઘેરા વાઘાભાઈ પરબતભાઈ 
2025-11-05 10:03:45,971 - INFO - Successfully converted image to PDF: invitations\invitation_નાઘેરા_વાઘાભાઈ_પરબતભાઈ.pdf
2025-11-05 10:03:45,972 - INFO - Created PDF for નાઘેરા વાઘાભાઈ પરબતભાઈ 
2025-11-05 10:03:46,503 - INFO - Created image for ખોડભાયા કાનાભાઈ મેશુરભાઈ
2025-11-05 10:03:46,542 - INFO - Successfully converted image to PDF: invitations\invitation_ખોડભાયા_કાનાભાઈ_મેશુરભાઈ.pdf
2025-11-05 10:03:46,542 - INFO - Created PDF for ખોડભાયા કાનાભાઈ મેશુરભાઈ
2025-11-05 10:03:47,086 - INFO - Created image for ખોડભાયા ધનાભાઈ કાનાભાઈ 
2025-11-05 10:03:47,139 - INFO - Successfully converted image to PDF: invitations\invitation_ખોડભાયા_ધનાભાઈ_કાનાભાઈ.pdf
2025-11-05 10:03:47,140 - INFO - Created PDF for ખોડભાયા ધનાભાઈ કાનાભાઈ 
2025-11-05 10:03:47,685 - INFO - Created image for ચૌહાણ ડાયાભાઈ 
2025-11-05 10:03:47,750 - INFO - Successfully converted image to PDF: invitations\invitation_ચૌહાણ_ડાયાભાઈ.pdf
2025-11-05 10:03:47,752 - INFO - Created PDF for ચૌહાણ ડાયાભાઈ 
2025-11-05 10:03:48,283 - INFO - Created image for ચૌહાણ બાલાભાઈ 
2025-11-05 10:03:48,322 - INFO - Successfully converted image to PDF: invitations\invitation_ચૌહાણ_બાલાભાઈ.pdf
2025-11-05 10:03:48,323 - INFO - Created PDF for ચૌહાણ બાલાભાઈ 
2025-11-05 10:03:48,865 - INFO - Created image for નાઘેરા ગોપાલભાઈ પોલાભાઈ 
2025-11-05 10:03:48,921 - INFO - Successfully converted image to PDF: invitations\invitation_નાઘેરા_ગોપાલભાઈ_પોલાભાઈ.pdf
2025-11-05 10:03:48,923 - INFO - Created PDF for નાઘેરા ગોપાલભાઈ પોલાભાઈ 
2025-11-05 10:03:49,455 - INFO - Created image for રજતીય લખમણભાઈ
2025-11-05 10:03:49,491 - INFO - Successfully converted image to PDF: invitations\invitation_રજતીય_લખમણભાઈ.pdf
2025-11-05 10:03:49,492 - INFO - Created PDF for રજતીય લખમણભાઈ
2025-11-05 10:03:50,022 - INFO - Created image for રજતીય લખમણભાઈ
2025-11-05 10:03:50,057 - INFO - Successfully converted image to PDF: invitations\invitation_રજતીય_લખમણભાઈ.pdf
2025-11-05 10:03:50,058 - INFO - Created PDF for રજતીય લખમણભાઈ
2025-11-05 10:03:50,590 - INFO - Created image for ઓતીમાં 
2025-11-05 10:03:50,629 - INFO - Successfully converted image to PDF: invitations\invitation_ઓતીમાં.pdf
2025-11-05 10:03:50,630 - INFO - Created PDF for ઓતીમાં 
2025-11-05 10:03:51,166 - INFO - Created image for રાવલીયા કાનાભાઈ 
2025-11-05 10:03:51,212 - INFO - Successfully converted image to PDF: invitations\invitation_રાવલીયા_કાનાભાઈ.pdf
2025-11-05 10:03:51,214 - INFO - Created PDF for રાવલીયા કાનાભાઈ 
2025-11-05 10:03:51,973 - INFO - Created image for રાવલીયા કાનાભાઈ 
2025-11-05 10:03:52,056 - INFO - Successfully converted image to PDF: invitations\invitation_રાવલીયા_કાનાભાઈ.pdf
2025-11-05 10:03:52,065 - INFO - Created PDF for રાવલીયા કાનાભાઈ 
2025-11-05 10:03:52,602 - INFO - Created image for રાવલીયા ગોપાલભાઈ 
2025-11-05 10:03:52,663 - INFO - Successfully converted image to PDF: invitations\invitation_રાવલીયા_ગોપાલભાઈ.pdf
2025-11-05 10:03:52,665 - INFO - Created PDF for રાવલીયા ગોપાલભાઈ 
2025-11-05 10:03:53,205 - INFO - Created image for રાવલીયા સંજયભાઈ 
2025-11-05 10:03:53,251 - INFO - Successfully converted image to PDF: invitations\invitation_રાવલીયા_સંજયભાઈ.pdf
2025-11-05 10:03:53,252 - INFO - Created PDF for રાવલીયા સંજયભાઈ 
2025-11-05 10:03:53,787 - INFO - Created image for રાવલીયા પરબતભાઈ 
2025-11-05 10:03:53,835 - INFO - Successfully converted image to PDF: invitations\invitation_રાવલીયા_પરબતભાઈ.pdf
2025-11-05 10:03:53,837 - INFO - Created PDF for રાવલીયા પરબતભાઈ 
2025-11-05 10:03:54,380 - INFO - Created image for રાવલીયા મનીષભાઈ ખીમાભાઈ 
2025-11-05 10:03:54,414 - INFO - Successfully converted image to PDF: invitations\invitation_રાવલીયા_મનીષભાઈ_ખીમાભાઈ.pdf
2025-11-05 10:03:54,416 - INFO - Created PDF for રાવલીયા મનીષભાઈ ખીમાભાઈ 
2025-11-05 10:03:54,950 - INFO - Created image for રાવલીયા કીશોરભાઈ ભીમાભાઇ 
2025-11-05 10:03:54,990 - INFO - Successfully converted image to PDF: invitations\invitation_રાવલીયા_કીશોરભાઈ_ભીમાભાઇ.pdf
2025-11-05 10:03:54,992 - INFO - Created PDF for રાવલીયા કીશોરભાઈ ભીમાભાઇ 
2025-11-05 10:03:55,523 - INFO - Created image for રાવલીયા કમલેશભાઈ આલાભાઇ 
2025-11-05 10:03:55,566 - INFO - Successfully converted image to PDF: invitations\invitation_રાવલીયા_કમલેશભાઈ_આલાભાઇ.pdf
2025-11-05 10:03:55,568 - INFO - Created PDF for રાવલીયા કમલેશભાઈ આલાભાઇ 
2025-11-05 10:03:56,140 - INFO - Created image for રાવલીયા કમલેશભાઈ આલાભાઇ 
2025-11-05 10:03:56,198 - INFO - Successfully converted image to PDF: invitations\invitation_રાવલીયા_કમલેશભાઈ_આલાભાઇ.pdf
2025-11-05 10:03:56,199 - INFO - Created PDF for રાવલીયા કમલેશભાઈ આલાભાઇ 
2025-11-05 10:03:56,729 - INFO - Created image for ખોડભાયા રમેશભાઈ રાણાભાઇ 
2025-11-05 10:03:56,770 - INFO - Successfully converted image to PDF: invitations\invitation_ખોડભાયા_રમેશભાઈ_રાણાભાઇ.pdf
2025-11-05 10:03:56,773 - INFO - Created PDF for ખોડભાયા રમેશભાઈ રાણાભાઇ 
2025-11-05 10:03:57,312 - INFO - Created image for ભાદરકા વીક્રમભાઈ નાથાભાઈ 
2025-11-05 10:03:57,351 - INFO - Successfully converted image to PDF: invitations\invitation_ભાદરકા_વીક્રમભાઈ_નાથાભાઈ.pdf
2025-11-05 10:03:57,352 - INFO - Created PDF for ભાદરકા વીક્રમભાઈ નાથાભાઈ 
2025-11-05 10:03:57,881 - INFO - Created image for કાંબલીયા ભાણીયાભાઈ 
2025-11-05 10:03:57,916 - INFO - Successfully converted image to PDF: invitations\invitation_કાંબલીયા_ભાણીયાભાઈ.pdf
2025-11-05 10:03:57,917 - INFO - Created PDF for કાંબલીયા ભાણીયાભાઈ 
2025-11-05 10:03:58,481 - INFO - Created image for કાંબલીયા લાડુબેન 
2025-11-05 10:03:58,521 - INFO - Successfully converted image to PDF: invitations\invitation_કાંબલીયા_લાડુબેન.pdf
2025-11-05 10:03:58,522 - INFO - Created PDF for કાંબલીયા લાડુબેન 
2025-11-05 10:03:59,116 - INFO - Created image for ભાદરકા રાજુભાઈ હાજાભાઇ 
2025-11-05 10:03:59,249 - INFO - Successfully converted image to PDF: invitations\invitation_ભાદરકા_રાજુભાઈ_હાજાભાઇ.pdf
2025-11-05 10:03:59,252 - INFO - Created PDF for ભાદરકા રાજુભાઈ હાજાભાઇ 
2025-11-05 10:03:59,805 - INFO - Created image for નાઘેરા હમીરભાઈ મશરીભાઈ
2025-11-05 10:03:59,844 - INFO - Successfully converted image to PDF: invitations\invitation_નાઘેરા_હમીરભાઈ_મશરીભાઈ.pdf
2025-11-05 10:03:59,845 - INFO - Created PDF for નાઘેરા હમીરભાઈ મશરીભાઈ
2025-11-05 10:04:00,373 - INFO - Created image for નાઘેરા ચીનાભાઈ મશરીભાઈ
2025-11-05 10:04:00,424 - INFO - Successfully converted image to PDF: invitations\invitation_નાઘેરા_ચીનાભાઈ_મશરીભાઈ.pdf
2025-11-05 10:04:00,425 - INFO - Created PDF for નાઘેરા ચીનાભાઈ મશરીભાઈ
2025-11-05 10:04:01,137 - INFO - Created image for ભાદરકા મેરામણભાઇ રાજાભાઈ
2025-11-05 10:04:01,281 - INFO - Successfully converted image to PDF: invitations\invitation_ભાદરકા_મેરામણભાઇ_રાજાભાઈ.pdf
2025-11-05 10:04:01,282 - INFO - Created PDF for ભાદરકા મેરામણભાઇ રાજાભાઈ
2025-11-05 10:04:01,828 - INFO - Created image for ભાદરકા નગાભાઈ કેશુભાઈ 
2025-11-05 10:04:01,870 - INFO - Successfully converted image to PDF: invitations\invitation_ભાદરકા_નગાભાઈ_કેશુભાઈ.pdf
2025-11-05 10:04:01,871 - INFO - Created PDF for ભાદરકા નગાભાઈ કેશુભાઈ 
2025-11-05 10:04:02,400 - INFO - Created image for ભાદરકા નગાભાઈ કેશુભાઈ 
2025-11-05 10:04:02,437 - INFO - Successfully converted image to PDF: invitations\invitation_ભાદરકા_નગાભાઈ_કેશુભાઈ.pdf
2025-11-05 10:04:02,438 - INFO - Created PDF for ભાદરકા નગાભાઈ કેશુભાઈ 
2025-11-05 10:04:02,967 - INFO - Created image for ભાદરકા વીજયભાઈ કારાભાઈ
2025-11-05 10:04:03,003 - INFO - Successfully converted image to PDF: invitations\invitation_ભાદરકા_વીજયભાઈ_કારાભાઈ.pdf
2025-11-05 10:04:03,004 - INFO - Created PDF for ભાદરકા વીજયભાઈ કારાભાઈ
2025-11-05 10:04:03,533 - INFO - Created image for ભાદરકા વીરમભાઈ કારાભાઈ 
2025-11-05 10:04:03,567 - INFO - Successfully converted image to PDF: invitations\invitation_ભાદરકા_વીરમભાઈ_કારાભાઈ.pdf
2025-11-05 10:04:03,568 - INFO - Created PDF for ભાદરકા વીરમભાઈ કારાભાઈ 
2025-11-05 10:04:04,098 - INFO - Created image for ઢોલા પ્રકાશભાઈ ચીનાભાઈ 
2025-11-05 10:04:04,131 - INFO - Successfully converted image to PDF: invitations\invitation_ઢોલા_પ્રકાશભાઈ_ચીનાભાઈ.pdf
2025-11-05 10:04:04,132 - INFO - Created PDF for ઢોલા પ્રકાશભાઈ ચીનાભાઈ 
2025-11-05 10:04:04,661 - INFO - Created image for ગંભીર મેરામણભાઇ ભગતભાઈ 
2025-11-05 10:04:04,690 - INFO - Successfully converted image to PDF: invitations\invitation_ગંભીર_મેરામણભાઇ_ભગતભાઈ.pdf
2025-11-05 10:04:04,691 - INFO - Created PDF for ગંભીર મેરામણભાઇ ભગતભાઈ 
2025-11-05 10:04:05,237 - INFO - Created image for ગંભીર તોફાનભાઈ ભગતભાઈ 
2025-11-05 10:04:05,305 - INFO - Successfully converted image to PDF: invitations\invitation_ગંભીર_તોફાનભાઈ_ભગતભાઈ.pdf
2025-11-05 10:04:05,308 - INFO - Created PDF for ગંભીર તોફાનભાઈ ભગતભાઈ 
2025-11-05 10:04:06,052 - INFO - Created image for ગંભીર ધનાભાઈ ભગતભાઈ 
2025-11-05 10:04:06,103 - INFO - Successfully converted image to PDF: invitations\invitation_ગંભીર_ધનાભાઈ_ભગતભાઈ.pdf
2025-11-05 10:04:06,105 - INFO - Created PDF for ગંભીર ધનાભાઈ ભગતભાઈ 
2025-11-05 10:04:06,639 - INFO - Created image for ગંભીર મનોજભાઈ ભગતભાઈ 
2025-11-05 10:04:06,683 - INFO - Successfully converted image to PDF: invitations\invitation_ગંભીર_મનોજભાઈ_ભગતભાઈ.pdf
2025-11-05 10:04:06,684 - INFO - Created PDF for ગંભીર મનોજભાઈ ભગતભાઈ 
2025-11-05 10:04:07,217 - INFO - Created image for ગંભીર મનોજભાઈ ભગતભાઈ 
2025-11-05 10:04:07,266 - INFO - Successfully converted image to PDF: invitations\invitation_ગંભીર_મનોજભાઈ_ભગતભાઈ.pdf
2025-11-05 10:04:07,269 - INFO - Created PDF for ગંભીર મનોજભાઈ ભગતભાઈ 
2025-11-05 10:04:07,796 - INFO - Created image for ગંભીર સાદુરભાઈ ભગતભાઈ 
2025-11-05 10:04:07,832 - INFO - Successfully converted image to PDF: invitations\invitation_ગંભીર_સાદુરભાઈ_ભગતભાઈ.pdf
2025-11-05 10:04:07,834 - INFO - Created PDF for ગંભીર સાદુરભાઈ ભગતભાઈ 
2025-11-05 10:04:08,709 - INFO - Created image for ભાદરકા બાલુભાઇ પરબતભાઈ 
2025-11-05 10:04:08,770 - INFO - Successfully converted image to PDF: invitations\invitation_ભાદરકા_બાલુભાઇ_પરબતભાઈ.pdf
2025-11-05 10:04:08,772 - INFO - Created PDF for ભાદરકા બાલુભાઇ પરબતભાઈ 
2025-11-05 10:04:09,405 - INFO - Created image for ભાદરકા પરબતભાઈ ગીગાભાઈ
2025-11-05 10:04:09,497 - INFO - Successfully converted image to PDF: invitations\invitation_ભાદરકા_પરબતભાઈ_ગીગાભાઈ.pdf
2025-11-05 10:04:09,499 - INFO - Created PDF for ભાદરકા પરબતભાઈ ગીગાભાઈ
2025-11-05 10:04:10,045 - INFO - Created image for ભાદરકા ભુરાભાઈ રણમલભાઈ 
2025-11-05 10:04:10,100 - INFO - Successfully converted image to PDF: invitations\invitation_ભાદરકા_ભુરાભાઈ_રણમલભાઈ.pdf
2025-11-05 10:04:10,100 - INFO - Created PDF for ભાદરકા ભુરાભાઈ રણમલભાઈ 
2025-11-05 10:04:10,631 - INFO - Created image for ભાદરકા દેવાનંદભાઈ તથા મેનશીભાઈ તથા રામભાઈ
2025-11-05 10:04:10,667 - INFO - Successfully converted image to PDF: invitations\invitation_ભાદરકા_દેવાનંદભાઈ_તથા_મેનશીભાઈ_તથા_રામભાઈ.pdf
2025-11-05 10:04:10,668 - INFO - Created PDF for ભાદરકા દેવાનંદભાઈ તથા મેનશીભાઈ તથા રામભાઈ
2025-11-05 10:04:11,419 - INFO - Created image for સુખાનંદી હીતેશભાઈ 
2025-11-05 10:04:11,541 - INFO - Successfully converted image to PDF: invitations\invitation_સુખાનંદી_હીતેશભાઈ.pdf
2025-11-05 10:04:11,544 - INFO - Created PDF for સુખાનંદી હીતેશભાઈ 
2025-11-05 10:04:12,096 - INFO - Created image for નાધેરા નીરજભાઈ સવદાસભાઈ 
2025-11-05 10:04:12,136 - INFO - Successfully converted image to PDF: invitations\invitation_નાધેરા_નીરજભાઈ_સવદાસભાઈ.pdf
2025-11-05 10:04:12,137 - INFO - Created PDF for નાધેરા નીરજભાઈ સવદાસભાઈ 
2025-11-05 10:04:12,673 - INFO - Created image for નાઘેરા મહેશભાઈ સવદાસભાઈ 
2025-11-05 10:04:12,724 - INFO - Successfully converted image to PDF: invitations\invitation_નાઘેરા_મહેશભાઈ_સવદાસભાઈ.pdf
2025-11-05 10:04:12,725 - INFO - Created PDF for નાઘેરા મહેશભાઈ સવદાસભાઈ 
2025-11-05 10:04:13,251 - INFO - Created image for સવાણ વજાભાઈ કેશુરભાઈ 
2025-11-05 10:04:13,284 - INFO - Successfully converted image to PDF: invitations\invitation_સવાણ_વજાભાઈ_કેશુરભાઈ.pdf
2025-11-05 10:04:13,286 - INFO - Created PDF for સવાણ વજાભાઈ કેશુરભાઈ 
2025-11-05 10:04:13,814 - INFO - Created image for ભાદરકા ભરતભાઈ નાથાભાઈ 
2025-11-05 10:04:13,847 - INFO - Successfully converted image to PDF: invitations\invitation_ભાદરકા_ભરતભાઈ_નાથાભાઈ.pdf
2025-11-05 10:04:13,848 - INFO - Created PDF for ભાદરકા ભરતભાઈ નાથાભાઈ 
2025-11-05 10:04:14,375 - INFO - Created image for ભાદરકા ભુરાભાઈ નારણભાઈ 
2025-11-05 10:04:14,406 - INFO - Successfully converted image to PDF: invitations\invitation_ભાદરકા_ભુરાભાઈ_નારણભાઈ.pdf
2025-11-05 10:04:14,407 - INFO - Created PDF for ભાદરકા ભુરાભાઈ નારણભાઈ 
2025-11-05 10:04:14,939 - INFO - Created image for ડાંગર વીરમભાઈ પુંજાભાઈ 
2025-11-05 10:04:14,992 - INFO - Successfully converted image to PDF: invitations\invitation_ડાંગર_વીરમભાઈ_પુંજાભાઈ.pdf
2025-11-05 10:04:14,994 - INFO - Created PDF for ડાંગર વીરમભાઈ પુંજાભાઈ 
2025-11-05 10:04:15,522 - INFO - Created image for ભાદરકા ધનાભાઈ નારણભાઈ 
2025-11-05 10:04:15,567 - INFO - Successfully converted image to PDF: invitations\invitation_ભાદરકા_ધનાભાઈ_નારણભાઈ.pdf
2025-11-05 10:04:15,568 - INFO - Created PDF for ભાદરકા ધનાભાઈ નારણભાઈ 
2025-11-05 10:04:16,096 - INFO - Created image for ભાદરકા નાનુભાઈ ધનાભાઈ 
2025-11-05 10:04:16,128 - INFO - Successfully converted image to PDF: invitations\invitation_ભાદરકા_નાનુભાઈ_ધનાભાઈ.pdf
2025-11-05 10:04:16,129 - INFO - Created PDF for ભાદરકા નાનુભાઈ ધનાભાઈ 
2025-11-05 10:04:16,658 - INFO - Created image for આપારનાથી શીમનગીરી હેમગીરી 
2025-11-05 10:04:16,689 - INFO - Successfully converted image to PDF: invitations\invitation_આપારનાથી_શીમનગીરી_હેમગીરી.pdf
2025-11-05 10:04:16,690 - INFO - Created PDF for આપારનાથી શીમનગીરી હેમગીરી 
2025-11-05 10:04:17,217 - INFO - Created image for ભાદરકા લખમણભાઇ નાથાભાઈ 
2025-11-05 10:04:17,262 - INFO - Successfully converted image to PDF: invitations\invitation_ભાદરકા_લખમણભાઇ_નાથાભાઈ.pdf
2025-11-05 10:04:17,264 - INFO - Created PDF for ભાદરકા લખમણભાઇ નાથાભાઈ 
2025-11-05 10:04:17,795 - INFO - Created image for તુષારભાઈ ગોર
2025-11-05 10:04:17,826 - INFO - Successfully converted image to PDF: invitations\invitation_તુષારભાઈ_ગોર.pdf
2025-11-05 10:04:17,828 - INFO - Created PDF for તુષારભાઈ ગોર
2025-11-05 10:04:18,354 - INFO - Created image for ડાંગર કંશન 
2025-11-05 10:04:18,387 - INFO - Successfully converted image to PDF: invitations\invitation_ડાંગર_કંશન.pdf
2025-11-05 10:04:18,388 - INFO - Created PDF for ડાંગર કંશન 
2025-11-05 10:04:18,927 - INFO - Created image for ભાદરકા નગાભાઈ કરસનભાઈ 
2025-11-05 10:04:18,993 - INFO - Successfully converted image to PDF: invitations\invitation_ભાદરકા_નગાભાઈ_કરસનભાઈ.pdf
2025-11-05 10:04:18,995 - INFO - Created PDF for ભાદરકા નગાભાઈ કરસનભાઈ 
2025-11-05 10:04:19,542 - INFO - Created image for ભાદરકા નીરજભાઈ કરસનભાઈ
2025-11-05 10:04:19,584 - INFO - Successfully converted image to PDF: invitations\invitation_ભાદરકા_નીરજભાઈ_કરસનભાઈ.pdf
2025-11-05 10:04:19,585 - INFO - Created PDF for ભાદરકા નીરજભાઈ કરસનભાઈ
2025-11-05 10:04:20,140 - INFO - Created image for ડો. દેવલબાપુ
2025-11-05 10:04:20,183 - INFO - Successfully converted image to PDF: invitations\invitation_ડો._દેવલબાપુ.pdf
2025-11-05 10:04:20,184 - INFO - Created PDF for ડો. દેવલબાપુ
2025-11-05 10:04:20,712 - INFO - Created image for ભટ્ટ કમલેશભાઇ
2025-11-05 10:04:20,746 - INFO - Successfully converted image to PDF: invitations\invitation_ભટ્ટ_કમલેશભાઇ.pdf
2025-11-05 10:04:20,747 - INFO - Created PDF for ભટ્ટ કમલેશભાઇ
2025-11-05 10:04:21,273 - INFO - Created image for પંડ્યા રવીભાઈ 
2025-11-05 10:04:21,305 - INFO - Successfully converted image to PDF: invitations\invitation_પંડ્યા_રવીભાઈ.pdf
2025-11-05 10:04:21,306 - INFO - Created PDF for પંડ્યા રવીભાઈ 
2025-11-05 10:04:21,844 - INFO - Created image for રાવલીયા જગદીશભાઈ 
2025-11-05 10:04:21,877 - INFO - Successfully converted image to PDF: invitations\invitation_રાવલીયા_જગદીશભાઈ.pdf
2025-11-05 10:04:21,879 - INFO - Created PDF for રાવલીયા જગદીશભાઈ 
2025-11-05 10:04:22,404 - INFO - Created image for પટેલ પ્રફુલભાઈ
2025-11-05 10:04:22,446 - INFO - Successfully converted image to PDF: invitations\invitation_પટેલ_પ્રફુલભાઈ.pdf
2025-11-05 10:04:22,448 - INFO - Created PDF for પટેલ પ્રફુલભાઈ
2025-11-05 10:04:22,978 - INFO - Created image for સોની પ્રફુલભાઈ
2025-11-05 10:04:23,022 - INFO - Successfully converted image to PDF: invitations\invitation_સોની_પ્રફુલભાઈ.pdf
2025-11-05 10:04:23,023 - INFO - Created PDF for સોની પ્રફુલભાઈ
2025-11-05 10:04:23,549 - INFO - Created image for સંજયભાઈ
2025-11-05 10:04:23,581 - INFO - Successfully converted image to PDF: invitations\invitation_સંજયભાઈ.pdf
2025-11-05 10:04:23,582 - INFO - Created PDF for સંજયભાઈ
2025-11-05 10:04:24,107 - INFO - Created image for ખૂટી ટીલુભાઈ 
2025-11-05 10:04:24,139 - INFO - Successfully converted image to PDF: invitations\invitation_ખૂટી_ટીલુભાઈ.pdf
2025-11-05 10:04:24,140 - INFO - Created PDF for ખૂટી ટીલુભાઈ 
2025-11-05 10:04:24,667 - INFO - Created image for વખારીયા અતુલભાઇ 
2025-11-05 10:04:24,700 - INFO - Successfully converted image to PDF: invitations\invitation_વખારીયા_અતુલભાઇ.pdf
2025-11-05 10:04:24,701 - INFO - Created PDF for વખારીયા અતુલભાઇ 
2025-11-05 10:04:25,226 - INFO - Created image for પ્રતીકભાઈ 
2025-11-05 10:04:25,267 - INFO - Successfully converted image to PDF: invitations\invitation_પ્રતીકભાઈ.pdf
2025-11-05 10:04:25,268 - INFO - Created PDF for પ્રતીકભાઈ 
2025-11-05 10:04:25,795 - INFO - Created image for યોગેશભાઈ
2025-11-05 10:04:25,828 - INFO - Successfully converted image to PDF: invitations\invitation_યોગેશભાઈ.pdf
2025-11-05 10:04:25,829 - INFO - Created PDF for યોગેશભાઈ
2025-11-05 10:04:26,358 - INFO - Created image for કાછીયા આકાશભાઈ
2025-11-05 10:04:26,413 - INFO - Successfully converted image to PDF: invitations\invitation_કાછીયા_આકાશભાઈ.pdf
2025-11-05 10:04:26,415 - INFO - Created PDF for કાછીયા આકાશભાઈ
2025-11-07 09:42:29,024 - INFO - Starting WebDriver initialization...
2025-11-07 09:42:38,919 - INFO - Chrome browser launched
2025-11-07 09:42:38,928 - INFO - Browser window maximized
2025-11-07 09:42:38,928 - INFO - Loading WhatsApp Web...
2025-11-07 09:42:41,862 - INFO - Checking WhatsApp Web status (attempt 1/3)...
2025-11-07 09:42:49,889 - INFO - Found menu using selector: div[aria-label="Menu"]
2025-11-07 09:42:52,062 - INFO - Found chat_list using selector: #pane-side
2025-11-07 09:42:52,081 - INFO - Found message_input using selector: div[contenteditable="true"]
2025-11-07 09:42:54,174 - INFO - Found main_area using selector: #main
2025-11-07 09:42:54,174 - INFO - WhatsApp readiness probe found selectors: [('menu', 'div[aria-label="Menu"]'), ('chat_list', '#pane-side'), ('message_input', 'div[contenteditable="true"]'), ('main_area', '#main')]
2025-11-07 09:42:54,175 - INFO - WhatsApp Web interface appears ready
2025-11-07 09:42:54,175 - INFO - WhatsApp Web loaded successfully after 12s
2025-11-07 09:42:54,677 - INFO - Starting creation of invitations for 1 contacts...
2025-11-07 09:42:55,311 - INFO - Created image for કાંબલીયા વીજયભાઇ તથા  કાંબલીયા અજયભાઇ 
2025-11-07 09:42:55,508 - ERROR - Failed to convert image to PDF: cannot identify image file 'invitations\\invitation_કાંબલીયા_વીજયભાઇ_તથા__કાંબલીયા_અજયભાઇ.jpg'
2025-11-07 09:42:55,508 - ERROR - Failed to convert image to PDF for કાંબલીયા વીજયભાઇ તથા  કાંબલીયા અજયભાઇ 
2025-11-07 09:42:56,025 - INFO - Starting to send existing invitations to 1 contacts...
2025-11-07 09:42:56,025 - INFO - Sending 1/1: કાંબલીયા વીજયભાઇ તથા  કાંબલીયા અજયભાઇ 
2025-11-07 09:42:56,026 - ERROR - PDF not found and creation disabled: invitations\invitation_કાંબલીયા_વીજયભાઇ_તથા__કાંબલીયા_અજયભાઇ.pdf
2025-11-07 09:42:56,026 - WARNING - X Not sent to કાંબલીયા વીજયભાઇ તથા  કાંબલીયા અજયભાઇ 
2025-11-07 09:42:58,027 - INFO - Completed sending: 0/1 sent
2025-11-07 09:43:37,676 - INFO - Starting creation of invitations for 1 contacts...
2025-11-07 09:43:38,240 - INFO - Created image for કાંબલીયા વીજયભાઇ તથા  કાંબલીયા અજયભાઇ 
2025-11-07 09:43:38,329 - ERROR - Failed to convert image to PDF: cannot identify image file 'invitations\\invitation_કાંબલીયા_વીજયભાઇ_તથા__કાંબલીયા_અજયભાઇ.jpg'
2025-11-07 09:43:38,329 - ERROR - Failed to convert image to PDF for કાંબલીયા વીજયભાઇ તથા  કાંબલીયા અજયભાઇ 
2025-11-07 09:46:33,122 - INFO - Starting creation of invitations for 1 contacts...
2025-11-07 09:46:33,894 - INFO - Created image for કાંબલીયા વીજયભાઇ તથા  કાંબલીયા અજયભાઇ 
2025-11-07 09:46:34,021 - ERROR - Failed to convert image to PDF: cannot identify image file 'invitations\\invitation_કાંબલીયા_વીજયભાઇ_તથા__કાંબલીયા_અજયભાઇ.jpg'
2025-11-07 09:46:34,021 - ERROR - Failed to convert image to PDF for કાંબલીયા વીજયભાઇ તથા  કાંબલીયા અજયભાઇ 
2025-11-07 09:47:58,811 - INFO - Starting creation of invitations for 1 contacts...
2025-11-07 09:47:59,557 - INFO - Created PDF for કાંબલીયા વીજયભાઇ તથા  કાંબલીયા અજયભાઇ 
2025-11-07 09:50:02,005 - INFO - Starting creation of invitations for 1 contacts...
2025-11-07 09:50:02,702 - INFO - Created PDF for કાંબલીયા વીજયભાઇ તથા  કાંબલીયા અજયભાઇ 
2025-11-07 09:51:06,320 - INFO - Starting creation of invitations for 1 contacts...
2025-11-07 09:51:06,908 - INFO - Created PDF for કાંબલીયા વીજયભાઇ તથા  કાંબલીયા અજયભાઇ 
2025-11-07 09:52:04,259 - INFO - Starting creation of invitations for 1 contacts...
2025-11-07 09:52:04,858 - INFO - Created PDF for કાંબલીયા વીજયભાઇ તથા  કાંબલીયા અજયભાઇ 
2025-11-07 09:52:43,657 - INFO - Starting creation of invitations for 1 contacts...
2025-11-07 09:52:44,257 - INFO - Created PDF for કાંબલીયા વીજયભાઇ તથા  કાંબલીયા અજયભાઇ 
2025-11-07 09:53:15,119 - INFO - Starting creation of invitations for 1 contacts...
2025-11-07 09:53:15,722 - INFO - Created PDF for કાંબલીયા વીજયભાઇ તથા  કાંબલીયા અજયભાઇ 
2025-11-07 09:53:44,303 - INFO - Starting creation of invitations for 1 contacts...
2025-11-07 09:53:44,883 - INFO - Created PDF for કાંબલીયા વીજયભાઇ તથા  કાંબલીયા અજયભાઇ 
2025-11-07 09:59:09,242 - INFO - Starting creation of invitations for 1 contacts...
2025-11-07 09:59:10,439 - INFO - Created PDF for કાંબલીયા વીજયભાઇ તથા  કાંબલીયા અજયભાઇ 
2025-11-07 09:59:42,209 - INFO - Starting creation of invitations for 1 contacts...
2025-11-07 09:59:43,222 - INFO - Created PDF for કાંબલીયા વીજયભાઇ તથા  કાંબલીયા અજયભાઇ 
2025-11-07 10:00:31,299 - INFO - Starting creation of invitations for 1 contacts...
2025-11-07 10:00:32,478 - INFO - Created PDF for કાંબલીયા વીજયભાઇ તથા  કાંબલીયા અજયભાઇ 
2025-11-07 10:01:08,484 - INFO - Starting creation of invitations for 1 contacts...
2025-11-07 10:01:11,132 - INFO - Created PDF for કાંબલીયા વીજયભાઇ તથા  કાંબલીયા અજયભાઇ 
2025-11-07 10:02:24,675 - INFO - Starting creation of invitations for 1 contacts...
2025-11-07 10:02:25,690 - INFO - Created PDF for કાંબલીયા વીજયભાઇ તથા  કાંબલીયા અજયભાઇ 
2025-11-07 10:05:22,413 - INFO - Starting creation of invitations for 1 contacts...
2025-11-07 10:05:23,441 - INFO - Created PDF for કાંબલીયા વીજયભાઇ તથા  કાંબલીયા અજયભાઇ 
2025-11-07 10:06:54,493 - INFO - Starting creation of invitations for 1 contacts...
2025-11-07 10:06:55,513 - INFO - Created PDF for કાંબલીયા વીજયભાઇ તથા  કાંબલીયા અજયભાઇ 
2025-11-07 10:08:38,154 - INFO - Starting creation of invitations for 1 contacts...
2025-11-07 10:08:39,159 - INFO - Created PDF for કાંબલીયા વીજયભાઇ તથા  કાંબલીયા અજયભાઇ 
2025-11-07 10:10:36,724 - INFO - Attempting to close existing Chrome processes...
2025-11-07 10:10:39,175 - INFO - Starting WebDriver initialization...
2025-11-07 10:10:45,731 - INFO - Chrome browser launched
2025-11-07 10:10:45,749 - INFO - Browser window maximized
2025-11-07 10:10:45,752 - INFO - Loading WhatsApp Web...
2025-11-07 10:10:48,447 - INFO - Checking WhatsApp Web status (attempt 1/3)...
2025-11-07 10:10:55,375 - INFO - Found menu using selector: div[aria-label="Menu"]
2025-11-07 10:10:57,594 - INFO - Found chat_list using selector: #pane-side
2025-11-07 10:10:57,736 - INFO - Found message_input using selector: div[contenteditable="true"]
2025-11-07 10:10:59,814 - INFO - Found main_area using selector: #main
2025-11-07 10:10:59,816 - INFO - WhatsApp readiness probe found selectors: [('menu', 'div[aria-label="Menu"]'), ('chat_list', '#pane-side'), ('message_input', 'div[contenteditable="true"]'), ('main_area', '#main')]
2025-11-07 10:10:59,816 - INFO - WhatsApp Web interface appears ready
2025-11-07 10:10:59,817 - INFO - WhatsApp Web loaded successfully after 11s
2025-11-07 10:11:00,201 - INFO - Starting to send existing invitations to 1 contacts...
2025-11-07 10:11:00,202 - INFO - Sending 1/1: કાંબલીયા વીજયભાઇ તથા  કાંબલીયા અજયભાઇ 
2025-11-07 10:11:11,109 - INFO - Found menu using selector: div[aria-label="Menu"]
2025-11-07 10:11:13,180 - INFO - Found chat_list using selector: #pane-side
2025-11-07 10:11:13,195 - INFO - Found message_input using selector: div[contenteditable="true"]
2025-11-07 10:11:15,254 - INFO - Found main_area using selector: #main
2025-11-07 10:11:15,255 - INFO - WhatsApp readiness probe found selectors: [('menu', 'div[aria-label="Menu"]'), ('chat_list', '#pane-side'), ('message_input', 'div[contenteditable="true"]'), ('main_area', '#main')]
2025-11-07 10:11:15,255 - INFO - WhatsApp Web interface appears ready
2025-11-07 10:11:59,292 - INFO - Attached file: D:\WorkflowAuto\Invitation\invitations\invitation_કાંબલીયા_વીજયભાઇ_તથા__કાંબલીયા_અજયભાઇ.pdf
2025-11-07 10:12:04,250 - INFO - Message send verified (outgoing message with status icon detected)
2025-11-07 10:12:05,252 - INFO - ✓ Sent to કાંબલીયા વીજયભાઇ તથા  કાંબલીયા અજયભાઇ 
2025-11-07 10:12:07,269 - INFO - Completed sending: 1/1 sent
2025-11-07 10:13:33,014 - INFO - Starting creation of invitations for 1 contacts...
2025-11-07 10:13:34,332 - INFO - Created PDF for કાંબલીયા વીજયભાઇ તથા  કાંબલીયા અજયભાઇ 
2025-11-07 10:14:27,702 - INFO - Starting creation of invitations for 1 contacts...
2025-11-07 10:14:28,773 - INFO - Created PDF for કાંબલીયા વીજયભાઇ તથા  કાંબલીયા અજયભાઇ 
2025-11-07 10:17:59,015 - INFO - Starting creation of invitations for 1 contacts...
2025-11-07 10:18:00,417 - INFO - Created PDF for કાંબલીયા વીજયભાઇ તથા  કાંબલીયા અજયભાઇ 
2025-11-07 10:19:48,496 - INFO - Starting creation of invitations for 1 contacts...
2025-11-07 10:19:49,750 - INFO - Created PDF for કાંબલીયા વીજયભાઇ તથા  કાંબલીયા અજયભાઇ 
2025-11-07 10:20:53,056 - INFO - Starting creation of invitations for 1 contacts...
2025-11-07 10:20:54,723 - INFO - Created PDF for કાંબલીયા વીજયભાઇ તથા  કાંબલીયા અજયભાઇ 
2025-11-07 10:21:18,332 - INFO - Starting creation of invitations for 1 contacts...
2025-11-07 10:21:19,865 - INFO - Created PDF for કાંબલીયા વીજયભાઇ તથા  કાંબલીયા અજયભાઇ 
2025-11-07 10:25:25,724 - INFO - Starting creation of invitations for 1 contacts...
2025-11-07 10:25:27,014 - INFO - Created PDF for કાંબલીયા વીજયભાઇ તથા  કાંબલીયા અજયભાઇ 
2025-11-07 10:25:51,091 - INFO - Attempting to close existing Chrome processes...
2025-11-07 10:25:53,650 - INFO - Starting WebDriver initialization...
2025-11-07 10:26:07,049 - INFO - Chrome browser launched
2025-11-07 10:26:07,062 - INFO - Browser window maximized
2025-11-07 10:26:07,065 - INFO - Loading WhatsApp Web...
2025-11-07 10:26:10,875 - INFO - Checking WhatsApp Web status (attempt 1/3)...
2025-11-07 10:26:19,942 - INFO - Found menu using selector: div[aria-label="Menu"]
2025-11-07 10:26:22,314 - INFO - Found chat_list using selector: #pane-side
2025-11-07 10:26:22,374 - INFO - Found message_input using selector: div[contenteditable="true"]
2025-11-07 10:26:24,462 - INFO - Found main_area using selector: #main
2025-11-07 10:26:24,462 - INFO - WhatsApp readiness probe found selectors: [('menu', 'div[aria-label="Menu"]'), ('chat_list', '#pane-side'), ('message_input', 'div[contenteditable="true"]'), ('main_area', '#main')]
2025-11-07 10:26:24,462 - INFO - WhatsApp Web interface appears ready
2025-11-07 10:26:24,462 - INFO - WhatsApp Web loaded successfully after 13s
2025-11-07 10:26:24,872 - INFO - Starting to send existing invitations to 1 contacts...
2025-11-07 10:26:24,873 - INFO - Sending 1/1: કાંબલીયા વીજયભાઇ તથા  કાંબલીયા અજયભાઇ 
2025-11-07 10:26:34,682 - INFO - Found menu using selector: div[aria-label="Menu"]
2025-11-07 10:26:36,737 - INFO - Found chat_list using selector: #pane-side
2025-11-07 10:26:36,752 - INFO - Found message_input using selector: div[contenteditable="true"]
2025-11-07 10:26:38,814 - INFO - Found main_area using selector: #main
2025-11-07 10:26:38,814 - INFO - WhatsApp readiness probe found selectors: [('menu', 'div[aria-label="Menu"]'), ('chat_list', '#pane-side'), ('message_input', 'div[contenteditable="true"]'), ('main_area', '#main')]
2025-11-07 10:26:38,815 - INFO - WhatsApp Web interface appears ready
2025-11-07 10:27:22,341 - INFO - Attached file: D:\WorkflowAuto\Invitation\invitations\invitation_કાંબલીયા_વીજયભાઇ_તથા__કાંબલીયા_અજયભાઇ.pdf
2025-11-07 10:27:27,695 - INFO - Message send verified (outgoing message with status icon detected)
2025-11-07 10:27:28,696 - INFO - ✓ Sent to કાંબલીયા વીજયભાઇ તથા  કાંબલીયા અજયભાઇ 
2025-11-07 10:27:30,697 - INFO - Completed sending: 1/1 sent
2025-11-07 10:33:12,275 - INFO - Starting WebDriver initialization...
2025-11-07 10:33:20,025 - INFO - Chrome browser launched
2025-11-07 10:33:20,050 - INFO - Browser window maximized
2025-11-07 10:33:20,053 - INFO - Loading WhatsApp Web...
2025-11-07 10:33:22,334 - INFO - Checking WhatsApp Web status (attempt 1/3)...
2025-11-07 10:33:29,359 - INFO - Found menu using selector: div[aria-label="Menu"]
2025-11-07 10:33:31,425 - INFO - Found chat_list using selector: #pane-side
2025-11-07 10:33:31,444 - INFO - Found message_input using selector: div[contenteditable="true"]
2025-11-07 10:33:33,509 - INFO - Found main_area using selector: #main
2025-11-07 10:33:33,509 - INFO - WhatsApp readiness probe found selectors: [('menu', 'div[aria-label="Menu"]'), ('chat_list', '#pane-side'), ('message_input', 'div[contenteditable="true"]'), ('main_area', '#main')]
2025-11-07 10:33:33,509 - INFO - WhatsApp Web interface appears ready
2025-11-07 10:33:33,510 - INFO - WhatsApp Web loaded successfully after 11s
2025-11-07 10:33:33,909 - INFO - Starting to send existing invitations to 1 contacts...
2025-11-07 10:33:33,910 - INFO - Sending 1/1: કાંબલીયા વીજયભાઇ તથા  કાંબલીયા અજયભાઇ 
2025-11-07 10:33:43,203 - INFO - Found menu using selector: div[aria-label="Menu"]
2025-11-07 10:33:45,253 - INFO - Found chat_list using selector: #pane-side
2025-11-07 10:33:45,267 - INFO - Found message_input using selector: div[contenteditable="true"]
2025-11-07 10:33:47,315 - INFO - Found main_area using selector: #main
2025-11-07 10:33:47,315 - INFO - WhatsApp readiness probe found selectors: [('menu', 'div[aria-label="Menu"]'), ('chat_list', '#pane-side'), ('message_input', 'div[contenteditable="true"]'), ('main_area', '#main')]
2025-11-07 10:33:47,315 - INFO - WhatsApp Web interface appears ready
2025-11-07 10:34:30,298 - INFO - Attached file: D:\WorkflowAuto\Invitation\invitations\invitation_કાંબલીયા_વીજયભાઇ_તથા__કાંબલીયા_અજયભાઇ.pdf
2025-11-07 10:34:34,558 - INFO - Outgoing message appeared in chat
2025-11-07 10:34:41,469 - INFO - Single-tick detected - message sent but not yet delivered
2025-11-07 10:34:41,996 - INFO - Single-tick detected - message sent but not yet delivered
2025-11-07 10:34:42,518 - INFO - Single-tick detected - message sent but not yet delivered
2025-11-07 10:34:43,035 - INFO - Double-tick detected - message delivered to server
2025-11-07 10:34:43,036 - INFO - ✓ Message delivery confirmed (double-tick verified)
2025-11-07 10:34:48,036 - INFO - ✓ Sent to કાંબલીયા વીજયભાઇ તથા  કાંબલીયા અજયભાઇ 
2025-11-07 10:34:50,037 - INFO - Completed sending: 1/1 sent
2025-11-09 22:39:00,535 - INFO - Starting creation of invitations for 391 contacts...
2025-11-09 22:39:02,596 - INFO - Created PDF for નંદાણીયા દેવશીભાઇ
2025-11-09 22:39:04,289 - INFO - Created PDF for છુછર રામશીભાઇ
2025-11-09 22:39:05,955 - INFO - Created PDF for માડમ ધનાભાઇ
2025-11-09 22:39:07,555 - INFO - Created PDF for બોરખતરીયા વીજયભાઇ
2025-11-09 22:39:09,720 - INFO - Created PDF for બોરખતરીયા મનોજભાઇ
2025-11-09 22:39:11,536 - INFO - Created PDF for પીઠીયા ખોડાભાઇ
2025-11-09 22:39:13,164 - INFO - Created PDF for મૈતર નારણભાઇ
2025-11-09 22:39:14,841 - INFO - Created PDF for ભાદરકા દીનેશભાઇ
2025-11-09 22:44:49,288 - WARNING - Invalid phone numbers found:
2025-11-09 22:44:49,288 - WARNING - બારડ લાખાભાઈ : 
2025-11-09 22:44:49,289 - WARNING - રાવલીયા લક્ષ્મણભાઈ : 
2025-11-09 22:44:49,289 - WARNING - ભાદરકા વિરમભાઇ: 
2025-11-09 22:44:49,289 - WARNING - કાંબલીયા કનુભાઈ : 
2025-11-09 22:44:49,289 - WARNING - મલ્હોત્રા વિકાશભાઈ: 
2025-11-09 22:44:49,289 - WARNING - જેસલિનબેન મયંકભાઇ પટેલ: 
2025-11-09 22:44:49,290 - WARNING - નૈન્શીબેન ધ્રુવકુમાર શાહ: 
2025-11-09 22:44:49,290 - WARNING - જાદવ ભુરાબાપા : 
2025-11-09 22:44:49,290 - INFO - Starting creation of invitations for 444 contacts...
2025-11-09 22:44:51,631 - INFO - Created PDF for નંદાણીયા દેવશીભાઇ
2025-11-09 22:44:53,374 - INFO - Created PDF for છુછર રામશીભાઇ
2025-11-09 22:44:54,945 - INFO - Created PDF for માડમ ધનાભાઇ
2025-11-09 22:44:56,522 - INFO - Created PDF for બોરખતરીયા વીજયભાઇ
2025-11-09 22:44:58,122 - INFO - Created PDF for બોરખતરીયા મનોજભાઇ
2025-11-09 22:44:59,982 - INFO - Created PDF for પીઠીયા ખોડાભાઇ
2025-11-09 22:45:01,587 - INFO - Created PDF for મૈતર નારણભાઇ
2025-11-09 22:45:03,193 - INFO - Created PDF for ભાદરકા દીનેશભાઇ
2025-11-09 22:45:05,198 - INFO - Created PDF for કચોટ ભીખુભાઇ
2025-11-09 22:45:06,819 - INFO - Created PDF for આલાભાઇ મુંજાભાઇ કાંબલીયા 
2025-11-09 22:45:08,413 - INFO - Created PDF for વીંછી જગમાલભાઇ 
2025-11-09 22:45:10,932 - INFO - Created PDF for વીંછી મેણશીભાઇ
2025-11-09 22:45:12,531 - INFO - Created PDF for કાંબલીયા મેરામણભાઇ 
2025-11-09 22:45:14,104 - INFO - Created PDF for કાંબલીયા દેશુરભાઇ 
2025-11-09 22:45:15,989 - INFO - Created PDF for વીંછી દેવાભાઇ 
2025-11-09 22:45:17,602 - INFO - Created PDF for ભાદરકા દેવાયતભાઇ 
2025-11-09 22:45:19,251 - INFO - Created PDF for નાઘેરા ગોપાલભાઇ પોલાભાઇ 
2025-11-09 22:45:21,080 - INFO - Created PDF for રામ યશવંતભાઇ 
2025-11-09 22:45:22,710 - INFO - Created PDF for ઇભુભાઇ ગેરેજ 
2025-11-09 22:45:24,326 - INFO - Created PDF for ઇભુભાઇ ગેરેજ 
2025-11-09 22:45:26,019 - INFO - Created PDF for રાકેશ શેઠ 
2025-11-09 22:45:27,787 - INFO - Created PDF for કાંબલીયા નીરૂબેન 
2025-11-09 22:45:29,718 - INFO - Created PDF for જાદવ વીપુલભાઇ 
2025-11-09 22:45:31,616 - INFO - Created PDF for કાંબલીયા ગંગદાસભાઇ 
2025-11-09 22:45:33,465 - INFO - Created PDF for કાંબલીયા ગંગદાસભાઇ 
2025-11-09 22:45:35,179 - INFO - Created PDF for ભાદરકા કીશોરભાઇ 
2025-11-09 22:45:37,021 - INFO - Created PDF for કીશોરભાઇ રાધા રમણ 
2025-11-09 22:45:38,755 - INFO - Created PDF for મેઘનાથી દીનેશભાઇ 
2025-11-09 22:45:40,394 - INFO - Created PDF for પીઠીયા હાજાભાઇ 
2025-11-09 22:45:42,047 - INFO - Created PDF for પીઠીયા હાજાભાઇ 
2025-11-09 22:45:43,754 - INFO - Created PDF for નાધેરા આશીષભાઇ
2025-11-09 22:45:45,285 - INFO - Created PDF for ખોડભાયા જીતાભાઇ 
2025-11-09 22:45:46,987 - INFO - Created PDF for ટાંક પંકજભાઇ 
2025-11-09 22:45:48,770 - INFO - Created PDF for ઓઝા વીપુલભાઇ
2025-11-09 22:45:50,361 - INFO - Created PDF for ડેર રીટાબેન 
2025-11-09 22:45:51,934 - INFO - Created PDF for રાવલીયા લીલાભાઇ 
2025-11-09 22:45:53,743 - INFO - Created PDF for રામ હીમીબેન 
2025-11-09 22:45:55,581 - INFO - Created PDF for સોલંકી પરેશભાઇ
2025-11-09 22:45:57,341 - INFO - Created PDF for ઝાલા કરસનભાઇ 
2025-11-09 22:45:59,273 - INFO - Created PDF for નાધેરા હાજાભાઇ 
2025-11-09 22:46:01,011 - INFO - Created PDF for ભાદરકા કૌશીકભાઇ 
2025-11-09 22:46:02,719 - INFO - Created PDF for નાઘેરા રામદેભાઇ 
2025-11-09 22:46:04,647 - INFO - Created PDF for મારૂ આશીષભાઇ 
2025-11-09 22:46:06,342 - INFO - Created PDF for ભાદરકા જીણાભાઇ
2025-11-09 22:46:07,977 - INFO - Created PDF for કોરડીયા સાગરભાઇ 
2025-11-09 22:46:09,900 - INFO - Created PDF for નાઘેરા નાથાભાઇ 
2025-11-09 22:46:11,704 - INFO - Created PDF for પીઠીયા અરજણભાઇ 
2025-11-09 22:46:13,414 - INFO - Created PDF for કાંબલીયા માલદેભાઇ 
2025-11-09 22:46:15,148 - INFO - Created PDF for ઘૂલ પરેશભાઇ 
2025-11-09 22:46:16,731 - INFO - Created PDF for કાંબલીયા વજશીભાઇ
2025-11-09 22:46:18,467 - INFO - Created PDF for ભાદરકા હરદાશભાઇ
2025-11-09 22:46:20,114 - INFO - Created PDF for સોલંકી હીરેનભાઇ 
2025-11-09 22:46:21,910 - INFO - Created PDF for બલોચ હારૂનભાઇ
2025-11-09 22:46:23,602 - INFO - Created PDF for કાંબલીયા આનંદભાઇ 
2025-11-09 22:46:25,267 - INFO - Created PDF for રાહુલભાઇ મેરામણભાઇ કાંબલીયા 
2025-11-09 22:46:27,080 - INFO - Created PDF for જાદવ ડોસાભાઇ 
2025-11-09 22:46:28,665 - INFO - Created PDF for જાદવ પરબતભાઇ 
2025-11-09 22:46:30,248 - INFO - Created PDF for જાદવ પરબતભાઇ 
2025-11-09 22:46:31,996 - INFO - Created PDF for જાદવ જગમાલભાઇ 
2025-11-09 22:46:33,595 - INFO - Created PDF for જાદવ જગમાલભાઇ 
2025-11-09 22:46:35,173 - INFO - Created PDF for સવદાસભાઇ ભગત 
2025-11-09 22:46:36,801 - INFO - Created PDF for જાદવ રામભાઇ 
2025-11-09 22:46:38,478 - INFO - Created PDF for જાદવ અરજણભાઇ 
2025-11-09 22:46:40,058 - INFO - Created PDF for જાદવ કાળુભાઇ 
2025-11-09 22:46:41,660 - INFO - Created PDF for જાદવ લાખાભાઇ 
2025-11-09 22:46:43,431 - INFO - Created PDF for જાદવ હમીરભાઇ 
2025-11-09 22:46:45,023 - INFO - Created PDF for જાદવ અરજણભાઇ કરશનભાઇ
2025-11-09 22:46:46,800 - INFO - Created PDF for કાંબલીયા ભીખુભાઇ 
2025-11-09 22:46:48,535 - INFO - Created PDF for કાંબલીયા અરશીભાઇ 
2025-11-09 22:46:50,156 - INFO - Created PDF for કાંબલીયા માલદેભાઇ 
2025-11-09 22:46:51,761 - INFO - Created PDF for રાવલીયા ભરતભાઇ 
2025-11-09 22:46:53,509 - INFO - Created PDF for નાઘેરા વજશીભાઇ
2025-11-09 22:46:55,146 - INFO - Created PDF for નાગેરા પરબતભાઇ 
2025-11-09 22:46:56,751 - INFO - Created PDF for નાગેરા દેવરખીભાઇ 
2025-11-09 22:46:58,304 - INFO - Created PDF for વીંછી માલદેભાઇ 
2025-11-09 22:47:00,016 - INFO - Created PDF for જાદવ ઘુઘાભાઇ 
2025-11-09 22:47:01,610 - INFO - Created PDF for હાથલીયા કાનાભાઇ 
2025-11-09 22:47:03,236 - INFO - Created PDF for ઘુલ નગાભાઇ
2025-11-09 22:47:04,990 - INFO - Created PDF for બંધીયા વજા ભગત 
2025-11-09 22:47:06,565 - INFO - Created PDF for ગઢવી દેવદાનભાઇ 
2025-11-09 22:47:08,237 - INFO - Created PDF for કાંબલીયા મેરામણભાઇ
2025-11-09 22:47:10,287 - INFO - Created PDF for જાદવ હમીરભાઇ તથા જાદવ ભનાભાઇ 
2025-11-09 22:47:12,058 - INFO - Created PDF for જાદવ રામાભાઇ 
2025-11-09 22:47:13,675 - INFO - Created PDF for જાદવ લખમણભાઇ તથા જાદવ કારાભાઇ
2025-11-09 22:47:15,361 - INFO - Created PDF for જાદવ વીરમભાઇ 
2025-11-09 22:47:16,974 - INFO - Created PDF for ગંભીર રામભાઇ 
2025-11-09 22:47:18,685 - INFO - Created PDF for ગંભીર જીવાભાઇ 
2025-11-09 22:47:20,266 - INFO - Created PDF for ગંભીર નારણભાઇ 
2025-11-09 22:47:21,931 - INFO - Created PDF for ઢેબર બાપુ 
2025-11-09 22:47:23,566 - INFO - Created PDF for જાદવ વીજયભાઇ 
2025-11-09 22:47:25,322 - INFO - Created PDF for ગરેણીયા અમૃતભાઇ 
2025-11-09 22:47:27,502 - INFO - Created PDF for ગરેણીયા અમૃતભાઇ 
2025-11-09 22:47:29,550 - INFO - Created PDF for ડેર ચનાભાઇ ભગુભાઇ
2025-11-09 22:47:31,391 - INFO - Created PDF for કરંગીયા સરમણભાઇ 
2025-11-09 22:47:33,108 - INFO - Created PDF for ભાદરકા પરબતભાઇ 
2025-11-09 22:47:34,881 - INFO - Created PDF for ભાદરકા કારાભાઇ 
2025-11-09 22:47:36,746 - INFO - Created PDF for કાંબલીયા રામભાઇ 
2025-11-09 22:47:38,597 - INFO - Created PDF for પીઠીયા દેવાયતભાઇ 
2025-11-09 22:47:40,311 - INFO - Created PDF for જોગલ અરજણભાઇ 
2025-11-09 22:47:42,053 - INFO - Created PDF for જોગલ અરજણભાઇ 
2025-11-09 22:47:43,665 - INFO - Created PDF for ભાદરકા કાનાભાઇ ગીગાભાઇ 
2025-11-09 22:47:45,237 - INFO - Created PDF for ભાદરકા નારણભાઇ ગીગાભાઇ 
2025-11-09 22:47:46,810 - INFO - Created PDF for માડમ રામશીભાઇ
2025-11-09 22:47:48,755 - INFO - Created PDF for માડમ રામશીભાઇ
2025-11-09 22:47:50,402 - INFO - Created PDF for માડમ કાનાભાઇ 
2025-11-09 22:47:52,023 - INFO - Created PDF for જોગલ પરબતભાઇ ભીમશીભાઇ 
2025-11-09 22:47:53,848 - INFO - Created PDF for ચૌહાણ વીરમભાઇ 
2025-11-09 22:47:55,466 - INFO - Created PDF for કાંબલીયા વીરમભાઇ 
2025-11-09 22:47:57,040 - INFO - Created PDF for માડમ માલદેભાઇ 
2025-11-09 22:47:58,677 - INFO - Created PDF for માડમ માલદેભાઇ 
2025-11-09 22:48:00,378 - INFO - Created PDF for માલદે કાળુભાઇ 
2025-11-09 22:48:01,991 - INFO - Created PDF for મૈતર જગાભાઇ
2025-11-09 22:48:03,581 - INFO - Created PDF for ગોધમ હાજાભાઇ 
2025-11-09 22:48:05,494 - INFO - Created PDF for મૈતર કનુભાઇ 
2025-11-09 22:48:07,132 - INFO - Created PDF for મૈતર ભીખાભાઇ 
2025-11-09 22:48:08,740 - INFO - Created PDF for મૈતર મેરાભાઇ
2025-11-09 22:48:10,939 - INFO - Created PDF for મૈતર નારણભાઇ 
2025-11-09 22:48:12,675 - INFO - Created PDF for બંધીયા મુનાભાઇ
2025-11-09 22:48:14,408 - INFO - Created PDF for માડમ લખમણભાઇ
2025-11-09 22:48:16,170 - INFO - Created PDF for માડમ લખમણભાઇ
2025-11-09 22:48:17,874 - INFO - Created PDF for માડમ લખમણભાઇ
2025-11-09 22:48:19,664 - INFO - Created PDF for બંધીયા લખમણભાઇ
2025-11-09 22:48:21,476 - INFO - Created PDF for બંધીયા સવદાસભાઇ 
2025-11-09 22:48:23,109 - INFO - Created PDF for કરમુર દેવાયતભાઇ 
2025-11-09 22:48:24,737 - INFO - Created PDF for માડમ હરદાસભાઇ 
2025-11-09 22:48:26,531 - INFO - Created PDF for મેડમ પીયુશભાઇ મેરામણભાઇ
2025-11-09 22:48:28,074 - INFO - Created PDF for નાઘેરા દેવાયતભાઇ 
2025-11-09 22:48:29,706 - INFO - Created PDF for રાવલીયા જીવતીબેન
2025-11-09 22:48:31,374 - INFO - Created PDF for ગર વીરલભાઇ કાનાભાઇ 
2025-11-09 22:48:32,921 - INFO - Created PDF for પાડા રસીકભાઇ 
2025-11-09 22:48:34,574 - INFO - Created PDF for રાવલીયા જીવાભાઇ 
2025-11-09 22:48:36,183 - INFO - Created PDF for સોલંકી હરદાશભાઇ 
2025-11-09 22:48:37,870 - INFO - Created PDF for ડાંગર નગાભાઇ 
2025-11-09 22:48:39,443 - INFO - Created PDF for રામ કીશોરભાઇ 
2025-11-09 22:48:41,013 - INFO - Created PDF for ભાદરકા સોમાતભાઇ
2025-11-09 22:48:42,810 - INFO - Created PDF for ભાદરકા સોમાતભાઇ
2025-11-09 22:48:44,475 - INFO - Created PDF for ડો. ચીરાગભાઇ પીઠીયા 
2025-11-09 22:48:46,129 - INFO - Created PDF for ખોડભાયા પરબતભાઇ 
2025-11-09 22:48:47,825 - INFO - Created PDF for રાવલીયા હરેશભાઇ 
2025-11-09 22:48:49,418 - INFO - Created PDF for સોલંકી કમલેશભાઇ 
2025-11-09 22:48:51,035 - INFO - Created PDF for સોલંકી નાથાભાઇ 
2025-11-09 22:48:52,708 - INFO - Created PDF for સોલંકી ભનાભાઇ
2025-11-09 22:48:54,430 - INFO - Created PDF for સોલંકી કીશોરભાઇ 
2025-11-09 22:48:56,017 - INFO - Created PDF for જાદવ વીપુલભાઇ 
2025-11-09 22:48:57,623 - INFO - Created PDF for જાદવ વીપુલભાઇ 
2025-11-09 22:48:59,283 - INFO - Created PDF for પીઠીયા અભયભાઇ
2025-11-09 22:49:00,909 - INFO - Created PDF for રાવલીયા સંજયભાઇ 
2025-11-09 22:49:05,805 - INFO - Created PDF for કાંબલીયા સરમણભાઇ 
2025-11-09 22:49:10,725 - INFO - Created PDF for કાંબલીયા વીજયભાઇ ભનાભાઇ 
2025-11-09 22:49:16,048 - INFO - Created PDF for વીંછી ભનાભાઇ
2025-11-09 22:49:21,188 - INFO - Created PDF for ભાદરકા વિરમભાઇ
2025-11-09 22:49:26,823 - INFO - Created PDF for ગંભીર ભરતભાઇ
2025-11-09 22:49:32,501 - INFO - Created PDF for ભાદરકા બોઘાભાઇ
2025-11-09 22:49:37,910 - INFO - Created PDF for ભાદરકા કાનાભાઇ 
2025-11-09 22:49:43,048 - INFO - Created PDF for ભાદરકા શાદુલભાઇ 
2025-11-09 22:49:48,250 - INFO - Created PDF for ભાદરકા જગાભાઇ 
2025-11-09 22:49:54,330 - INFO - Created PDF for ભાદરકા પરેશભાઇ
2025-11-09 22:50:01,247 - INFO - Created PDF for ભાદરકા પરેશભાઇ
2025-11-09 22:50:06,420 - INFO - Created PDF for ભાદરકા ગોવીંદભાઇ
2025-11-09 22:50:12,589 - INFO - Created PDF for ચૌહાણ એભાભાઇ
2025-11-09 22:50:18,195 - INFO - Created PDF for અખેડ હમીરભાઇ
2025-11-09 22:50:22,597 - INFO - Created PDF for અખેડ હમીરભાઇ
2025-11-09 22:50:26,937 - INFO - Created PDF for અખેડ બાલુભાઇ 
2025-11-09 22:50:31,597 - INFO - Created PDF for અખેડ કરશનભાઇ કારાભાઇ 
2025-11-09 22:50:36,315 - INFO - Created PDF for દીનેશભાઇ ભુવા આતા 
2025-11-09 22:50:40,809 - INFO - Created PDF for અખેડ મહેશભાઇ બાબુભાઇ
2025-11-09 22:50:44,952 - INFO - Created PDF for કાંબલીયા રમેશભાઇ વકમાતભાઇ
2025-11-09 22:50:49,180 - INFO - Created PDF for વીનુભાઇ બેરીયા 
2025-11-09 22:50:53,713 - INFO - Created PDF for અખેડ નારણભાઇ
2025-11-09 22:50:57,568 - INFO - Created PDF for પીઠીયા કારાભાઇ
2025-11-09 22:51:02,894 - INFO - Created PDF for પીઠીયા હમીરભાઇ
2025-11-09 22:51:07,288 - INFO - Created PDF for પીઠીયા અરજણભાઇ 
2025-11-09 22:51:13,021 - INFO - Created PDF for વીંછી સાદુલભાઇ 
2025-11-09 22:51:17,233 - INFO - Created PDF for બારડ કારાભાઇ
2025-11-09 22:51:21,446 - INFO - Created PDF for બારડ ભીખુભાઇ
2025-11-09 22:51:26,164 - INFO - Created PDF for બારડ પરબતભાઇ
2025-11-09 22:51:30,004 - INFO - Created PDF for બારડ કાનાભાઇ
2025-11-09 22:51:34,302 - INFO - Created PDF for બારડ મનોજભાઇ
2025-11-09 22:51:38,541 - INFO - Created PDF for વીંછી કરશનભાઇ
2025-11-09 22:51:42,593 - INFO - Created PDF for બારડ ડોસાભાઇ
2025-11-09 22:51:46,528 - INFO - Created PDF for રામભાઇ
2025-11-09 22:51:52,655 - INFO - Created PDF for રામભાઇ
2025-11-09 22:51:56,794 - INFO - Created PDF for કનુભાઇ લુવાસર
2025-11-09 22:52:00,864 - INFO - Created PDF for નાઘેરા મેરામણભાઇ
2025-11-09 22:52:05,112 - INFO - Created PDF for કરંગીયા રામભાઇ
2025-11-09 22:52:09,434 - INFO - Created PDF for કાંબલીયા ભીમાભાઇ
2025-11-09 22:52:15,085 - INFO - Created PDF for કાંબલીયા કાનાભાઇ
2025-11-09 22:52:19,367 - INFO - Created PDF for બારડ કાનાભાઇ
2025-11-09 22:52:24,322 - INFO - Created PDF for બારડ મનોજભાઇ
2025-11-09 22:52:28,602 - INFO - Created PDF for રામ હરેશભાઇ
2025-11-09 22:52:33,512 - INFO - Created PDF for રામ કુમારભાઇ
2025-11-09 22:52:38,819 - INFO - Created PDF for નંદાણીયા મુકેશભાઇ 
2025-11-09 22:52:42,901 - INFO - Created PDF for બારૈયા હરદાશભાઇ 
2025-11-09 22:52:46,895 - INFO - Created PDF for હડીયા રામભાઇ 
2025-11-09 22:52:51,215 - INFO - Created PDF for રાવલીયા હરદાસભાઇ 
2025-11-09 22:52:55,761 - INFO - Created PDF for સુવા નીરવભાઇ 
2025-11-09 22:53:00,196 - INFO - Created PDF for નાઘેરા રમેશભાઇ 
2025-11-09 22:53:04,143 - INFO - Created PDF for નાઘેરા રામભાઇ 
2025-11-09 22:53:08,241 - INFO - Created PDF for નાધેરા પરબતભાઇ 
2025-11-09 22:53:14,353 - INFO - Created PDF for નાધેરા વકમાતભાઇ 
2025-11-09 22:53:18,923 - INFO - Created PDF for નાધેરા વકમાતભાઇ 
2025-11-09 22:53:23,608 - INFO - Created PDF for પટેલ અંકીતભાઇ તથા પટેલ વીવેકભાઇ
2025-11-09 22:53:28,507 - INFO - Created PDF for પટેલ અંકીતભાઇ તથા પટેલ વીવેકભાઇ
2025-11-09 22:53:32,914 - INFO - Created PDF for નંદાણીયા ચીરાગભાઇ 
2025-11-09 22:53:37,475 - INFO - Created PDF for ભેડા બાદુરભાઇ નારણભાઇ
2025-11-09 22:53:41,652 - INFO - Created PDF for ભેડા મયુરભાઇ બાદુરભાઇ
2025-11-09 22:53:46,594 - INFO - Created PDF for મહેતા મુકેશભાઇ
2025-11-09 22:53:50,956 - INFO - Created PDF for મહેશભાઇ
2025-11-09 22:53:54,959 - INFO - Created PDF for શીલાભાઇ
2025-11-09 22:53:58,945 - INFO - Created PDF for મુસાભાઇ
2025-11-09 22:54:03,351 - INFO - Created PDF for ભીખુભાઇ
2025-11-09 22:54:08,442 - INFO - Created PDF for કાંબલીયા કીશનભાઇ
2025-11-09 22:54:15,273 - INFO - Created PDF for ખમલ ભરતભાઇ
2025-11-09 22:54:20,902 - INFO - Created PDF for કીશન ભાણો
2025-11-09 22:54:25,569 - INFO - Created PDF for કેરશીયા કાનાભાઇ
2025-11-09 22:54:30,328 - INFO - Created PDF for ખમલ ભાણો 
2025-11-09 22:54:34,674 - INFO - Created PDF for નાથાભાઇ રંઘોળા
2025-11-09 22:54:38,753 - INFO - Created PDF for નરેશભાઇ
2025-11-09 22:54:42,819 - INFO - Created PDF for સુખાનંદી અનીલભાઇ
2025-11-09 22:54:47,152 - INFO - Created PDF for સુખાનંદી મુકેશભાઇ
2025-11-09 22:54:51,222 - INFO - Created PDF for ભાદરકા કરશનભાઇ 
2025-11-09 22:54:56,136 - INFO - Created PDF for ભાદરકા કરશનભાઇ 
2025-11-09 22:55:00,760 - INFO - Created PDF for કાંબલીયા મુકેશભાઇ 
2025-11-09 22:55:05,506 - INFO - Created PDF for કાંબલીયા પીયુષભાઇ 
2025-11-09 22:55:09,671 - INFO - Created PDF for અશોકભાઇ
2025-11-09 22:55:15,115 - INFO - Created PDF for અશોકભાઇ
2025-11-09 22:55:19,471 - INFO - Created PDF for રાવતભાઇ
2025-11-09 22:55:24,422 - INFO - Created PDF for રાવતભાઇ
2025-11-09 22:55:28,857 - INFO - Created PDF for કાંબલીયા હરદાસભાઇ 
2025-11-09 22:55:32,864 - INFO - Created PDF for કાંબલીયા ખીમાભાઇ 
2025-11-09 22:55:37,205 - INFO - Created PDF for કાંબલીયા રાકેશભાઇ
2025-11-09 22:55:41,553 - INFO - Created PDF for કાંબલીયા લખમણભાઇ 
2025-11-09 22:55:45,323 - INFO - Created PDF for કાંબલીયા વીજયભાઇ તથા  કાંબલીયા અજયભાઇ 
2025-11-09 22:55:49,767 - INFO - Created PDF for ભાદરકા ભાવેશભાઇ 
2025-11-09 22:55:54,701 - INFO - Created PDF for ભાદરકા ગીરીશભાઇ
2025-11-09 22:55:58,943 - INFO - Created PDF for બારડ કપીલભાઇ 
2025-11-09 22:56:03,348 - INFO - Created PDF for બારડ નીકુંજભાઇ 
2025-11-09 22:56:07,544 - INFO - Created PDF for ઘુલ અરજણભાઇ
2025-11-09 22:56:12,156 - INFO - Created PDF for જાદવ  દેવાનંદભાઇ 
2025-11-09 22:56:17,190 - INFO - Created PDF for કંડોરીયા કરણભાઇ 
2025-11-09 22:56:21,831 - INFO - Created PDF for સુવા મહેશભાઇ 
2025-11-09 22:56:26,357 - INFO - Created PDF for સોલંકી મનોજભાઇ 
2025-11-09 22:56:31,023 - INFO - Created PDF for સોલંકી જયદીપભાઇ 
2025-11-09 22:56:35,129 - INFO - Created PDF for સોલંકી જયદીપભાઇ 
2025-11-09 22:56:39,595 - INFO - Created PDF for કાંબલીયા રોહનભાઇ 
2025-11-09 22:56:43,860 - INFO - Created PDF for કાંબલીયા ભુપતભાઇ 
2025-11-09 22:56:48,201 - INFO - Created PDF for કનારા રાજકુમારભાઇ 
2025-11-09 22:56:52,524 - INFO - Created PDF for સોલંકી દીનેશભાઇ 
2025-11-09 22:56:57,052 - INFO - Created PDF for કાંબલીયા કરણભાઇ 
2025-11-09 22:57:01,057 - INFO - Created PDF for પીઠીયા નારણભાઇ 
2025-11-09 22:57:05,311 - INFO - Created PDF for ભાટુ રામભાઇ 
2025-11-09 22:57:10,796 - INFO - Created PDF for જાની મનીષભાઇ
2025-11-09 22:57:15,887 - INFO - Created PDF for જાની મનીષભાઇ
2025-11-09 22:57:19,976 - INFO - Created PDF for ભાદરકા વનરાજભાઇ 
2025-11-09 22:57:25,327 - INFO - Created PDF for ભાદરકા હીરેનભાઇ 
2025-11-09 22:57:32,657 - INFO - Created PDF for ભરતભાઇ ઇ બાઇક
2025-11-09 22:57:37,818 - INFO - Created PDF for ભાદરકા લીલાભાઇ 
2025-11-09 22:57:42,099 - INFO - Created PDF for ભાદરકા બાલાભાઇ 
2025-11-09 22:57:46,467 - INFO - Created PDF for ઝાલા સવદાસભાઇ 
2025-11-09 22:57:50,790 - INFO - Created PDF for ઝાલા મારખીભાઇ 
2025-11-09 22:57:55,132 - INFO - Created PDF for ઝાલા મારખીભાઇ 
2025-11-09 22:57:59,644 - INFO - Created PDF for ઝાલા ભરતભાઇ સરમણભાઇ 
2025-11-09 22:58:03,766 - INFO - Created PDF for ભાદરકા ભીમભાઇ
2025-11-09 22:58:08,096 - INFO - Created PDF for ચૌહાણ પુંજાભાઇ 
2025-11-09 22:58:13,248 - INFO - Created PDF for ચૌહાણ હરદાસભાઇ 
2025-11-09 22:58:18,150 - INFO - Created PDF for ચંદ્રવાડીયા હરદાસભાઇ
2025-11-09 22:58:22,526 - INFO - Created PDF for ગોહીલ અમરસીંહભાઇ 
2025-11-09 22:58:26,862 - INFO - Created PDF for ગોહીલ અમરસીંહભાઇ 
2025-11-09 22:58:30,805 - INFO - Created PDF for મોદી સૌરભભાઇ 
2025-11-09 22:58:34,919 - INFO - Created PDF for પરમાર હરેશભાઇ 
2025-11-09 22:58:39,316 - INFO - Created PDF for પરમાર રાજ સાહેબ 
2025-11-09 22:58:43,335 - INFO - Created PDF for કીરણભાઇ હોટલ
2025-11-09 22:58:47,274 - INFO - Created PDF for સુવા નારણભાઇ 
2025-11-09 22:58:51,705 - INFO - Created PDF for સુવા હરેશભાઇ 
2025-11-09 22:58:55,846 - INFO - Created PDF for સુવા જયેશભાઇ 
2025-11-09 22:58:59,915 - INFO - Created PDF for સુવા જયેશભાઇ 
2025-11-09 22:59:04,607 - INFO - Created PDF for સોલંકી કીશોરભાઇ 
2025-11-09 22:59:09,223 - INFO - Created PDF for પીઠીયા પરાગભાઇ
2025-11-09 22:59:14,976 - INFO - Created PDF for પીઠીયા પરાગભાઇ
2025-11-09 22:59:19,287 - INFO - Created PDF for ભારવડીયા રામદેભાઇ
2025-11-09 22:59:24,248 - INFO - Created PDF for  કાળુભાઇ નથુભાઇ ઉપલેટા 
2025-11-09 22:59:28,605 - INFO - Created PDF for કાછીયા આકાશભાઇ
2025-11-09 22:59:33,453 - INFO - Created PDF for પટેલ લાલાભાઇ 
2025-11-09 22:59:37,490 - INFO - Created PDF for પટેલ વીનોદભાઇ
2025-11-09 22:59:42,396 - INFO - Created PDF for પટેલ રાજુભાઇ
2025-11-09 22:59:46,420 - INFO - Created PDF for પટેલ રાજુભાઇ
2025-11-09 22:59:51,032 - INFO - Created PDF for પાઠક સંજયભાઇ
2025-11-09 22:59:55,413 - INFO - Created PDF for પાઠક હેમંતભાઇ
2025-11-09 22:59:59,835 - INFO - Created PDF for બકાભાઇ
2025-11-09 23:00:03,637 - INFO - Created PDF for ભાદરકા ધનાભાઇ
2025-11-09 23:00:08,059 - INFO - Created PDF for ભાવીનભાઇ
2025-11-09 23:00:13,553 - INFO - Created PDF for સંજયભાઇ
2025-11-09 23:00:18,482 - INFO - Created PDF for સંજયભાઇ
2025-11-09 23:00:22,394 - INFO - Created PDF for ગણપતસીંહ
2025-11-09 23:00:26,821 - INFO - Created PDF for ગણપતસીંહ
2025-11-09 23:00:30,997 - INFO - Created PDF for ગણપતસીંહ
2025-11-09 23:00:35,624 - INFO - Created PDF for વણકર વીપુલભાઇ
2025-11-09 23:00:40,331 - INFO - Created PDF for પીઠિયા ભાવેશભાઇ
2025-11-09 23:00:44,924 - INFO - Created PDF for પટેલ સચીનભાઇ
2025-11-09 23:00:48,981 - INFO - Created PDF for જાદવ ભુપતભાઇ
2025-11-09 23:00:52,984 - INFO - Created PDF for કાંબલીયા નથુભાઇ નગાભાઇ
2025-11-09 23:00:57,332 - INFO - Created PDF for કાંબલીયા દેવાનંદભાઇ નગાભાઇ 
2025-11-09 23:01:01,425 - INFO - Created PDF for કાંબલીયા દેવાનંદભાઇ નગાભાઇ 
2025-11-09 23:01:05,506 - INFO - Created PDF for કાંબલીયા હરદાસભાઇ નગાભાઇ 
2025-11-09 23:01:10,050 - INFO - Created PDF for કાંબલીયા હરદાસભાઇ નગાભાઇ 
2025-11-09 23:01:15,241 - INFO - Created PDF for કાંબલીયા જેઠાભાઇ ભીમાભાઇ 
2025-11-09 23:01:19,278 - INFO - Created PDF for કાંબલીયા રાજેશભાઇ ભીમાભાઇ
2025-11-09 23:01:23,767 - INFO - Created PDF for કાંબલીયા મેરામણભાઇ મુંજાભાઇ 
2025-11-09 23:01:28,529 - INFO - Created PDF for કાંબલીયા કરણભાઇ ટપુભાઇ 
2025-11-09 23:01:32,555 - INFO - Created PDF for કાંબલીયા ગોવીંદભાઇ ટપુભાઇ 
2025-11-09 23:01:36,665 - INFO - Created PDF for કાંબલીયા માલદેભાઇ બચુભાઇ 
2025-11-09 23:01:40,994 - INFO - Created PDF for કાંબલીયા પરબતભાઇ બચુભાઇ 
2025-11-09 23:01:45,043 - INFO - Created PDF for કાંબલીયા કીશોરભાઇ બચુભાઇ 
2025-11-09 23:01:49,092 - INFO - Created PDF for કાંબલીયા દેવાનંદભાઇ ચીનુભાઇ 
2025-11-09 23:01:53,478 - INFO - Created PDF for કામલીયા મહેશભાઇ ચીનુભાઇ 
2025-11-09 23:01:57,630 - INFO - Created PDF for કામલીયા ભનાભાઇ ખોડાભાઇ 
2025-11-09 23:02:01,410 - INFO - Created PDF for ભાદરકા લખમણભાઇ મેરામણભાઇ 
2025-11-09 23:02:05,724 - INFO - Created PDF for ભાદરકા ભરતભાઇ મેરામણભાઇ 
2025-11-09 23:02:10,813 - INFO - Created PDF for ભાદરકા ઉકાભાઇ કાનાભાઇ 
2025-11-09 23:02:16,357 - INFO - Created PDF for ભાદરકા અરજણભાઇ કાનાભાઇ 
2025-11-09 23:02:20,106 - INFO - Created PDF for ઘુલ કરશનભાઇ
2025-11-09 23:02:24,078 - INFO - Created PDF for ઘુલ કરશનભાઇ
2025-11-09 23:02:29,873 - INFO - Created PDF for ઘુલ રાજુભાઇ 
2025-11-09 23:02:33,413 - INFO - Created PDF for નાધેરા કાનાભાઇ જેઠાભાઇ 
2025-11-09 23:02:37,401 - INFO - Created PDF for નાઘેરા મેરામણભાઇ પોલાભાઇ 
2025-11-09 23:02:41,453 - INFO - Created PDF for નાઘેરા કીશોરભાઇ પરબતભાઇ 
2025-11-09 23:02:45,025 - INFO - Created PDF for નાઘેરા વાઘાભાઇ પરબતભાઇ 
2025-11-09 23:02:49,013 - INFO - Created PDF for ખોડભાયા કાનાભાઇ મેશુરભાઇ
2025-11-09 23:02:52,562 - INFO - Created PDF for ખોડભાયા ધનાભાઇ કાનાભાઇ 
2025-11-09 23:02:54,716 - INFO - Created PDF for ચૌહાણ ડાયાભાઇ 
2025-11-09 23:02:56,512 - INFO - Created PDF for ચૌહાણ બાલાભાઇ 
2025-11-09 23:02:58,352 - INFO - Created PDF for નાઘેરા ગોપાલભાઇ પોલાભાઇ 
2025-11-09 23:03:00,018 - INFO - Created PDF for રજતીય લખમણભાઇ
2025-11-09 23:03:01,676 - INFO - Created PDF for રજતીય લખમણભાઇ
2025-11-09 23:03:06,377 - INFO - Created PDF for ઓતીમાં 
2025-11-09 23:03:09,918 - INFO - Created PDF for રાવલીયા કાનાભાઇ 
2025-11-09 23:03:14,184 - INFO - Created PDF for રાવલીયા કાનાભાઇ 
2025-11-09 23:03:18,197 - INFO - Created PDF for રાવલીયા ગોપાલભાઇ 
2025-11-09 23:03:22,321 - INFO - Created PDF for રાવલીયા સંજયભાઇ 
2025-11-09 23:03:25,667 - INFO - Created PDF for રાવલીયા પરબતભાઇ 
2025-11-09 23:03:29,818 - INFO - Created PDF for રાવલીયા મનીષભાઇ ખીમાભાઇ 
2025-11-09 23:03:31,655 - INFO - Created PDF for રાવલીયા કીશોરભાઇ ભીમાભાઇ 
2025-11-09 23:03:33,344 - INFO - Created PDF for રાવલીયા કમલેશભાઇ આલાભાઇ 
2025-11-09 23:03:35,087 - INFO - Created PDF for રાવલીયા કમલેશભાઇ આલાભાઇ 
2025-11-09 23:03:36,963 - INFO - Created PDF for ખોડભાયા રમેશભાઇ રાણાભાઇ 
2025-11-09 23:03:38,559 - INFO - Created PDF for કાંબલીયા ભાણીયાભાઇ 
2025-11-09 23:03:40,240 - INFO - Created PDF for કાંબલીયા લાડુબેન 
2025-11-09 23:03:42,055 - INFO - Created PDF for ભાદરકા રાજુભાઇ હાજાભાઇ 
2025-11-09 23:03:43,719 - INFO - Created PDF for નાઘેરા હમીરભાઇ મશરીભાઇ
2025-11-09 23:03:45,272 - INFO - Created PDF for નાઘેરા ચીનાભાઇ મશરીભાઇ
2025-11-09 23:03:47,062 - INFO - Created PDF for ભાદરકા મેરામણભાઇ રાજાભાઇ
2025-11-09 23:03:48,657 - INFO - Created PDF for ભાદરકા નગાભાઇ કેશુભાઇ 
2025-11-09 23:03:50,270 - INFO - Created PDF for ભાદરકા નગાભાઇ કેશુભાઇ 
2025-11-09 23:03:52,076 - INFO - Created PDF for ભાદરકા વીજયભાઇ કારાભાઇ
2025-11-09 23:03:54,391 - INFO - Created PDF for ભાદરકા વીરમભાઇ કારાભાઇ 
2025-11-09 23:03:59,207 - INFO - Created PDF for ગંભીર મેરામણભાઇ ભગતભાઇ 
2025-11-09 23:04:02,893 - INFO - Created PDF for ગંભીર મેરામણભાઇ ભગતભાઇ 
2025-11-09 23:04:07,179 - INFO - Created PDF for ગંભીર તોફાનભાઇ ભગતભાઇ 
2025-11-09 23:04:11,291 - INFO - Created PDF for ગંભીર ધનાભાઇ ભગતભાઇ 
2025-11-09 23:04:15,713 - INFO - Created PDF for ગંભીર મનોજભાઇ ભગતભાઇ 
2025-11-09 23:04:19,526 - INFO - Created PDF for ગંભીર મનોજભાઇ ભગતભાઇ 
2025-11-09 23:04:23,711 - INFO - Created PDF for ગંભીર સાદુરભાઇ ભગતભાઇ 
2025-11-09 23:04:27,587 - INFO - Created PDF for ભાદરકા બાલુભાઇ પરબતભાઇ 
2025-11-09 23:04:30,896 - INFO - Created PDF for ભાદરકા પરબતભાઇ ગીગાભાઇ
2025-11-09 23:04:34,562 - INFO - Created PDF for ભાદરકા ભુરાભાઇ રણમલભાઇ 
2025-11-09 23:04:38,184 - INFO - Created PDF for ભાદરકા દેવાનંદભાઇ તથા મેનશીભાઇ તથા રામભાઇ
2025-11-09 23:04:41,582 - INFO - Created PDF for સુખાનંદી હીતેશભાઇ 
2025-11-09 23:04:47,434 - INFO - Created PDF for નાધેરા નીરજભાઇ સવદાસભાઇ 
2025-11-09 23:04:50,994 - INFO - Created PDF for નાઘેરા મહેશભાઇ સવદાસભાઇ 
2025-11-09 23:04:54,549 - INFO - Created PDF for સવાણ વજાભાઇ કેશુરભાઇ 
2025-11-09 23:04:58,806 - INFO - Created PDF for ભાદરકા ભરતભાઇ નાથાભાઇ 
2025-11-09 23:05:02,604 - INFO - Created PDF for ભાદરકા ભુરાભાઇ નારણભાઇ 
2025-11-09 23:05:06,179 - INFO - Created PDF for ડાંગર વીરમભાઇ પુંજાભાઇ 
2025-11-09 23:05:09,522 - INFO - Created PDF for ભાદરકા ધનાભાઇ નારણભાઇ 
2025-11-09 23:05:12,838 - INFO - Created PDF for ભાદરકા નાનુભાઇ ધનાભાઇ 
2025-11-09 23:05:16,293 - INFO - Created PDF for આપારનાથી શીમનગીરી હેમગીરી 
2025-11-09 23:05:19,327 - INFO - Created PDF for ભાદરકા લખમણભાઇ નાથાભાઇ 
2025-11-09 23:05:22,851 - INFO - Created PDF for તુષારભાઇ ગોર
2025-11-09 23:05:26,463 - INFO - Created PDF for ડાંગર કંશન 
2025-11-09 23:05:29,327 - INFO - Created PDF for ભાદરકા નગાભાઇ કરસનભાઇ 
2025-11-09 23:05:32,359 - INFO - Created PDF for ભાદરકા નીરજભાઇ કરસનભાઇ
2025-11-09 23:05:36,014 - INFO - Created PDF for ડો. દેવલબાપુ
2025-11-09 23:05:39,623 - INFO - Created PDF for પંડ્યા રવીભાઇ 
2025-11-09 23:05:42,713 - INFO - Created PDF for રાવલીયા જગદીશભાઇ 
2025-11-09 23:05:45,949 - INFO - Created PDF for પટેલ પ્રફુલભાઇ
2025-11-09 23:05:48,730 - INFO - Created PDF for સોની પ્રફુલભાઇ
2025-11-09 23:05:52,099 - INFO - Created PDF for સંજયભાઇ
2025-11-09 23:05:55,755 - INFO - Created PDF for ખૂટી ટીલુભાઇ 
2025-11-09 23:05:59,477 - INFO - Created PDF for વખારીયા અતુલભાઇ 
2025-11-09 23:06:03,105 - INFO - Created PDF for યોગેશભાઇ
2025-11-09 23:06:06,743 - INFO - Created PDF for વીનુભાઈ ભાટિયા
2025-11-09 23:06:10,498 - INFO - Created PDF for બારડ લાખાભાઈ 
2025-11-09 23:06:14,172 - INFO - Created PDF for રાવલીયા લક્ષ્મણભાઈ 
2025-11-09 23:06:17,394 - INFO - Created PDF for ભાદરકા વિરમભાઇ
2025-11-09 23:06:20,754 - INFO - Created PDF for કાંબલીયા કનુભાઈ 
2025-11-09 23:06:24,240 - INFO - Created PDF for મલ્હોત્રા વિકાશભાઈ
2025-11-09 23:06:27,696 - INFO - Created PDF for જેસલિનબેન મયંકભાઇ પટેલ
2025-11-09 23:06:30,930 - INFO - Created PDF for નૈન્શીબેન ધ્રુવકુમાર શાહ
2025-11-09 23:06:35,554 - INFO - Created PDF for જાદવ ભુરાબાપા 
2025-11-09 23:06:39,591 - INFO - Created PDF for ગૌસ્વામી મુકેશબાપુ 
2025-11-09 23:06:45,682 - INFO - Created PDF for ચૌહાણ ચંદ્રેશભાઇ
2025-11-09 23:06:50,820 - INFO - Created PDF for ચૌહાણ ચંદ્રેશભાઇ
2025-11-09 23:06:55,785 - INFO - Created PDF for કૈવલ્યભાઇ જોષી 
2025-11-09 23:06:59,757 - INFO - Created PDF for કૈવલ્યભાઇ જોષી 
2025-11-09 23:07:04,531 - INFO - Created PDF for ઘૂલ અલ્પેશભાઇ 
2025-11-09 23:07:09,378 - INFO - Created PDF for ચાવડા અર્જુનભાઇ સુરેશભાઇ 
2025-11-09 23:07:13,441 - INFO - Created PDF for માડમ અશ્વીનભાઇ 
2025-11-09 23:07:19,768 - INFO - Created PDF for રાવલીયા હર્ષદભાઇ 
2025-11-09 23:07:24,954 - INFO - Created PDF for રાવલીયા મીનાક્ષીબેન કૌશીકભાઇ 
2025-11-09 23:07:33,244 - INFO - Created PDF for પીઠીયા પ્રદીપભાઇ 
2025-11-09 23:07:37,314 - INFO - Created PDF for રમેશભાઇ શીવધારા ફાર્મ 
2025-11-09 23:07:40,935 - INFO - Created PDF for નરેન્દ્રભાઇ ગેરેજ 
2025-11-09 23:07:46,123 - INFO - Created PDF for સોલંકી મુકેશભાઇ કરશનભાઇ તથા સોલંકી પ્રવીણભાઇ કરશનભાઇ
2025-11-09 23:07:49,915 - INFO - Created PDF for વીઠ્ઠલભાઇ પટેલ 
2025-11-09 23:07:54,660 - INFO - Created PDF for અખેડ પ્રફુલભાઇ
2025-11-09 23:07:57,950 - INFO - Created PDF for અખેડ પ્રફુલભાઇ
2025-11-09 23:08:01,402 - INFO - Created PDF for વીંછી વીક્રમભાઇ
2025-11-09 23:08:04,533 - INFO - Created PDF for વીંછી વીક્રમભાઇ
2025-11-09 23:08:07,825 - INFO - Created PDF for પુછડીયા હર્ષદભાઇ
2025-11-09 23:08:11,207 - INFO - Created PDF for વાળા જીગ્નેશભાઇ
2025-11-09 23:08:14,883 - INFO - Created PDF for ઘ્રુવભાઇ શાહ
2025-11-09 23:08:18,675 - INFO - Created PDF for કાંબલીયા અશ્વીનભાઇ
2025-11-09 23:08:22,317 - INFO - Created PDF for કાંબલીયા જસ્વીનભાઇ
2025-11-09 23:08:25,911 - INFO - Created PDF for નાધેરા હાર્દીકભાઇ 
2025-11-09 23:08:29,280 - INFO - Created PDF for જાદવ દેવેન્દ્રભાઇ 
2025-11-09 23:08:32,526 - INFO - Created PDF for પૂંજો ઇન્દ્રોડા 
2025-11-09 23:08:35,789 - INFO - Created PDF for પરમાર મહેન્દ્રભાઇ 
2025-11-09 23:08:38,856 - INFO - Created PDF for પરમાર નરેન્દ્રભાઇ 
2025-11-09 23:08:42,007 - INFO - Created PDF for પટેલ ભરતભાઇ રુદ્રત્રન્સપોર્ટ 
2025-11-09 23:08:45,215 - INFO - Created PDF for પટેલ ઘનશ્યામભાઇ
2025-11-09 23:08:48,468 - INFO - Created PDF for પાઠક કલ્પેશભાઇ
2025-11-09 23:08:51,982 - INFO - Created PDF for ચૌહાણ અનીઋધભાઇ
2025-11-09 23:08:55,544 - INFO - Created PDF for વ્યાસ વીજયભાઇ
2025-11-09 23:08:59,045 - INFO - Created PDF for પુકાર કલ્પેશભાઇ
2025-11-09 23:09:02,478 - INFO - Created PDF for પુકાર અશ્વીનભાઇ
2025-11-09 23:09:05,758 - INFO - Created PDF for પટેલ કીર્તીભાઇ
2025-11-09 23:09:09,482 - INFO - Created PDF for પટેલ કીર્તીભાઇ
2025-11-09 23:09:12,846 - INFO - Created PDF for પટેલ ભુપેન્દ્રભાઇ
2025-11-09 23:09:16,263 - INFO - Created PDF for કાંબલીયા હર્ષદભાઇ કેશુભાઇ 
2025-11-09 23:09:19,706 - INFO - Created PDF for કાંબલીયા મુન્નાભાઇ રામભાઇ 
2025-11-09 23:09:23,140 - INFO - Created PDF for ભાદરકા વીક્રમભાઇ નાથાભાઇ 
2025-11-09 23:09:26,518 - INFO - Created PDF for ઢોલા પ્રકાશભાઇ ચીનાભાઇ 
2025-11-09 23:09:29,766 - INFO - Created PDF for ભટ્ટ કમલેશભાઇ
2025-11-09 23:09:33,293 - INFO - Created PDF for પ્રતીકભાઇ 
2025-11-09 23:20:28,156 - WARNING - Invalid phone numbers found:
2025-11-09 23:20:28,157 - WARNING - બારડ લાખાભાઈ : 1
2025-11-09 23:20:28,157 - WARNING - રાવલીયા લક્ષ્મણભાઈ : 2
2025-11-09 23:20:28,158 - WARNING - ભાદરકા વિરમભાઇ: 3
2025-11-09 23:20:28,158 - WARNING - કાંબલીયા કનુભાઈ : 4
2025-11-09 23:20:28,159 - WARNING - મલ્હોત્રા વિકાશભાઈ: 5
2025-11-09 23:20:28,159 - WARNING - જેસલિનબેન મયંકભાઇ પટેલ: 6
2025-11-09 23:20:28,160 - WARNING - નૈન્શીબેન ધ્રુવકુમાર શાહ: 7
2025-11-09 23:20:28,160 - INFO - Starting creation of invitations for 7 contacts...
2025-11-09 23:20:30,304 - INFO - Created PDF for બારડ લાખાભાઈ 
2025-11-09 23:20:32,111 - INFO - Created PDF for રાવલીયા લક્ષ્મણભાઈ 
2025-11-09 23:20:33,857 - INFO - Created PDF for ભાદરકા વિરમભાઇ
2025-11-09 23:20:35,436 - INFO - Created PDF for કાંબલીયા કનુભાઈ 
2025-11-09 23:20:37,141 - INFO - Created PDF for મલ્હોત્રા વિકાશભાઈ
2025-11-09 23:20:38,696 - INFO - Created PDF for જેસલિનબેન મયંકભાઇ પટેલ
2025-11-09 23:20:40,362 - INFO - Created PDF for નૈન્શીબેન ધ્રુવકુમાર શાહ
2025-11-09 23:48:18,859 - INFO - Attempting to close existing Chrome processes...
2025-11-09 23:48:21,561 - INFO - Starting WebDriver initialization...
2025-11-09 23:48:39,955 - ERROR - Failed to initialize WebDriver: [WinError 193] %1 is not a valid Win32 application
2025-11-09 23:48:39,956 - ERROR - Failed to initialize: [WinError 193] %1 is not a valid Win32 application
2025-11-09 23:50:00,845 - INFO - Starting WebDriver initialization...
2025-11-09 23:50:03,040 - ERROR - Failed to initialize WebDriver: [WinError 193] %1 is not a valid Win32 application
2025-11-09 23:50:03,040 - ERROR - Failed to initialize: [WinError 193] %1 is not a valid Win32 application
2025-11-09 23:51:28,279 - INFO - Starting WebDriver initialization...
2025-11-09 23:51:30,499 - ERROR - Failed to initialize WebDriver: [WinError 193] %1 is not a valid Win32 application
2025-11-09 23:51:30,500 - ERROR - Failed to initialize: [WinError 193] %1 is not a valid Win32 application
2025-11-09 23:52:05,870 - INFO - Starting WebDriver initialization...
2025-11-09 23:52:07,858 - ERROR - Failed to initialize WebDriver: [WinError 193] %1 is not a valid Win32 application
2025-11-09 23:52:07,860 - ERROR - Failed to initialize: [WinError 193] %1 is not a valid Win32 application
2025-11-09 23:58:07,274 - INFO - Starting WebDriver initialization...
2025-11-09 23:58:14,125 - ERROR - Failed to initialize WebDriver: [WinError 193] %1 is not a valid Win32 application
2025-11-09 23:58:14,125 - ERROR - Failed to initialize: [WinError 193] %1 is not a valid Win32 application
2025-11-10 00:03:17,949 - INFO - Starting creation of invitations for 386 contacts...
2025-11-10 00:03:19,548 - INFO - Created PDF for નંદાણીયા દેવશીભાઇ
2025-11-10 00:03:21,397 - INFO - Created PDF for છુછર રામશીભાઇ
2025-11-10 00:03:22,899 - INFO - Created PDF for માડમ ધનાભાઇ
2025-11-10 00:03:24,414 - INFO - Created PDF for બોરખતરીયા વીજયભાઇ
2025-11-10 00:03:25,967 - INFO - Created PDF for બોરખતરીયા મનોજભાઇ
2025-11-10 00:03:27,813 - INFO - Created PDF for પીઠીયા ખોડાભાઇ
2025-11-10 00:03:29,914 - INFO - Created PDF for મૈતર નારણભાઇ
2025-11-10 00:03:31,503 - INFO - Created PDF for ભાદરકા દીનેશભાઇ
2025-11-10 00:03:33,078 - INFO - Created PDF for કચોટ ભીખુભાઇ
2025-11-10 00:03:34,673 - INFO - Created PDF for આલાભાઇ મુંજાભાઇ કાંબલીયા 
2025-11-10 00:03:36,233 - INFO - Created PDF for વીંછી જગમાલભાઇ 
2025-11-10 00:03:38,154 - INFO - Created PDF for વીંછી મેણશીભાઇ
2025-11-10 00:03:39,689 - INFO - Created PDF for કાંબલીયા મેરામણભાઇ 
2025-11-10 00:03:41,311 - INFO - Created PDF for કાંબલીયા દેશુરભાઇ 
2025-11-10 00:03:42,980 - INFO - Created PDF for વીંછી દેવાભાઇ 
2025-11-10 00:03:44,508 - INFO - Created PDF for ભાદરકા દેવાયતભાઇ 
2025-11-10 00:03:46,069 - INFO - Created PDF for નાઘેરા ગોપાલભાઇ પોલાભાઇ 
2025-11-10 00:03:47,744 - INFO - Created PDF for રામ યશવંતભાઇ 
2025-11-10 00:03:49,605 - INFO - Created PDF for ઇભુભાઇ ગેરેજ 
2025-11-10 00:03:51,214 - INFO - Created PDF for ઇભુભાઇ ગેરેજ 
2025-11-10 00:03:52,740 - INFO - Created PDF for રાકેશ શેઠ 
2025-11-10 00:03:54,551 - INFO - Created PDF for કાંબલીયા નીરૂબેન 
2025-11-10 00:03:56,151 - INFO - Created PDF for જાદવ વીપુલભાઇ 
2025-11-10 00:03:57,893 - INFO - Created PDF for કાંબલીયા ગંગદાસભાઇ 
2025-11-10 00:04:00,101 - INFO - Created PDF for કાંબલીયા ગંગદાસભાઇ 
2025-11-10 00:04:01,584 - INFO - Created PDF for ભાદરકા કીશોરભાઇ 
2025-11-10 00:04:03,217 - INFO - Created PDF for કીશોરભાઇ રાધા રમણ 
2025-11-10 00:04:04,699 - INFO - Created PDF for મેઘનાથી દીનેશભાઇ 
2025-11-10 00:04:06,354 - INFO - Created PDF for પીઠીયા હાજાભાઇ 
2025-11-10 00:04:08,013 - INFO - Created PDF for પીઠીયા હાજાભાઇ 
2025-11-10 00:04:09,500 - INFO - Created PDF for નાધેરા આશીષભાઇ
2025-11-10 00:04:11,194 - INFO - Created PDF for ખોડભાયા જીતાભાઇ 
2025-11-10 00:04:12,678 - INFO - Created PDF for ટાંક પંકજભાઇ 
2025-11-10 00:04:14,157 - INFO - Created PDF for ઓઝા વીપુલભાઇ
2025-11-10 00:04:15,816 - INFO - Created PDF for ડેર રીટાબેન 
2025-11-10 00:04:18,487 - INFO - Created PDF for રાવલીયા લીલાભાઇ 
2025-11-10 00:04:20,997 - INFO - Created PDF for રામ હીમીબેન 
2025-11-10 00:04:22,889 - INFO - Created PDF for સોલંકી પરેશભાઇ
2025-11-10 00:04:24,705 - INFO - Created PDF for ઝાલા કરસનભાઇ 
2025-11-10 00:04:26,788 - INFO - Created PDF for નાધેરા હાજાભાઇ 
2025-11-10 00:04:28,822 - INFO - Created PDF for ભાદરકા કૌશીકભાઇ 
2025-11-10 00:04:31,893 - INFO - Created PDF for નાઘેરા રામદેભાઇ 
2025-11-10 00:04:33,493 - INFO - Created PDF for મારૂ આશીષભાઇ 
2025-11-10 00:04:35,173 - INFO - Created PDF for ભાદરકા જીણાભાઇ
2025-11-10 00:04:36,683 - INFO - Created PDF for કોરડીયા સાગરભાઇ 
2025-11-10 00:04:38,346 - INFO - Created PDF for નાઘેરા નાથાભાઇ 
2025-11-10 00:04:40,792 - INFO - Created PDF for પીઠીયા અરજણભાઇ 
2025-11-10 00:04:42,379 - INFO - Created PDF for કાંબલીયા માલદેભાઇ 
2025-11-10 00:04:44,205 - INFO - Created PDF for ઘૂલ પરેશભાઇ 
2025-11-10 00:04:45,689 - INFO - Created PDF for કાંબલીયા વજશીભાઇ
2025-11-10 00:04:47,211 - INFO - Created PDF for ભાદરકા હરદાશભાઇ
2025-11-10 00:04:48,620 - INFO - Created PDF for સોલંકી હીરેનભાઇ 
2025-11-10 00:04:52,197 - INFO - Created PDF for બલોચ હારૂનભાઇ
2025-11-10 00:04:53,815 - INFO - Created PDF for કાંબલીયા આનંદભાઇ 
2025-11-10 00:04:55,404 - INFO - Created PDF for રાહુલભાઇ મેરામણભાઇ કાંબલીયા 
2025-11-10 00:04:56,943 - INFO - Created PDF for જાદવ ડોસાભાઇ 
2025-11-10 00:04:58,509 - INFO - Created PDF for જાદવ પરબતભાઇ 
2025-11-10 00:05:00,184 - INFO - Created PDF for જાદવ પરબતભાઇ 
2025-11-10 00:05:01,855 - INFO - Created PDF for જાદવ જગમાલભાઇ 
2025-11-10 00:05:03,351 - INFO - Created PDF for જાદવ જગમાલભાઇ 
2025-11-10 00:05:04,836 - INFO - Created PDF for સવદાસભાઇ ભગત 
2025-11-10 00:05:06,948 - INFO - Created PDF for જાદવ રામભાઇ 
2025-11-10 00:05:10,210 - INFO - Created PDF for જાદવ અરજણભાઇ 
2025-11-10 00:05:12,338 - INFO - Created PDF for જાદવ કાળુભાઇ 
2025-11-10 00:05:14,114 - INFO - Created PDF for જાદવ લાખાભાઇ 
2025-11-10 00:05:15,571 - INFO - Created PDF for જાદવ હમીરભાઇ 
2025-11-10 00:05:17,435 - INFO - Created PDF for જાદવ અરજણભાઇ કરશનભાઇ
2025-11-10 00:05:19,233 - INFO - Created PDF for કાંબલીયા ભીખુભાઇ 
2025-11-10 00:05:20,781 - INFO - Created PDF for કાંબલીયા અરશીભાઇ 
2025-11-10 00:05:22,371 - INFO - Created PDF for કાંબલીયા માલદેભાઇ 
2025-11-10 00:05:23,981 - INFO - Created PDF for રાવલીયા ભરતભાઇ 
2025-11-10 00:05:25,452 - INFO - Created PDF for નાઘેરા વજશીભાઇ
2025-11-10 00:05:26,912 - INFO - Created PDF for નાગેરા પરબતભાઇ 
2025-11-10 00:05:28,916 - INFO - Created PDF for નાગેરા દેવરખીભાઇ 
2025-11-10 00:05:30,443 - INFO - Created PDF for વીંછી માલદેભાઇ 
2025-11-10 00:05:31,892 - INFO - Created PDF for જાદવ ઘુઘાભાઇ 
2025-11-10 00:05:33,383 - INFO - Created PDF for હાથલીયા કાનાભાઇ 
2025-11-10 00:05:35,111 - INFO - Created PDF for ઘુલ નગાભાઇ
2025-11-10 00:05:36,561 - INFO - Created PDF for બંધીયા વજા ભગત 
2025-11-10 00:05:38,023 - INFO - Created PDF for ગઢવી દેવદાનભાઇ 
2025-11-10 00:05:39,644 - INFO - Created PDF for કાંબલીયા મેરામણભાઇ
2025-11-10 00:05:41,335 - INFO - Created PDF for જાદવ હમીરભાઇ તથા જાદવ ભનાભાઇ 
2025-11-10 00:05:42,799 - INFO - Created PDF for જાદવ રામાભાઇ 
2025-11-10 00:05:44,345 - INFO - Created PDF for જાદવ લખમણભાઇ તથા જાદવ કારાભાઇ
2025-11-10 00:05:46,249 - INFO - Created PDF for જાદવ વીરમભાઇ 
2025-11-10 00:05:47,735 - INFO - Created PDF for ગંભીર રામભાઇ 
2025-11-10 00:05:49,218 - INFO - Created PDF for ગંભીર જીવાભાઇ 
2025-11-10 00:05:50,738 - INFO - Created PDF for ગંભીર નારણભાઇ 
2025-11-10 00:05:52,250 - INFO - Created PDF for ઢેબર બાપુ 
2025-11-10 00:05:53,702 - INFO - Created PDF for જાદવ વીજયભાઇ 
2025-11-10 00:05:55,176 - INFO - Created PDF for ગરેણીયા અમૃતભાઇ 
2025-11-10 00:05:56,794 - INFO - Created PDF for ગરેણીયા અમૃતભાઇ 
2025-11-10 00:05:58,278 - INFO - Created PDF for ડેર ચનાભાઇ ભગુભાઇ
2025-11-10 00:05:59,754 - INFO - Created PDF for કરંગીયા સરમણભાઇ 
2025-11-10 00:06:01,200 - INFO - Created PDF for ભાદરકા પરબતભાઇ 
2025-11-10 00:06:02,817 - INFO - Created PDF for ભાદરકા કારાભાઇ 
2025-11-10 00:06:04,271 - INFO - Created PDF for કાંબલીયા રામભાઇ 
2025-11-10 00:06:05,741 - INFO - Created PDF for પીઠીયા દેવાયતભાઇ 
2025-11-10 00:06:07,487 - INFO - Created PDF for જોગલ અરજણભાઇ 
2025-11-10 00:06:08,972 - INFO - Created PDF for જોગલ અરજણભાઇ 
2025-11-10 00:06:10,564 - INFO - Created PDF for ભાદરકા કાનાભાઇ ગીગાભાઇ 
2025-11-10 00:06:12,099 - INFO - Created PDF for ભાદરકા નારણભાઇ ગીગાભાઇ 
2025-11-10 00:06:13,586 - INFO - Created PDF for માડમ રામશીભાઇ
2025-11-10 00:06:15,069 - INFO - Created PDF for માડમ રામશીભાઇ
2025-11-10 00:06:16,576 - INFO - Created PDF for માડમ કાનાભાઇ 
2025-11-10 00:06:18,300 - INFO - Created PDF for જોગલ પરબતભાઇ ભીમશીભાઇ 
2025-11-10 00:06:19,745 - INFO - Created PDF for ચૌહાણ વીરમભાઇ 
2025-11-10 00:06:21,220 - INFO - Created PDF for કાંબલીયા વીરમભાઇ 
2025-11-10 00:06:22,726 - INFO - Created PDF for માડમ માલદેભાઇ 
2025-11-10 00:06:24,354 - INFO - Created PDF for માડમ માલદેભાઇ 
2025-11-10 00:06:25,850 - INFO - Created PDF for માલદે કાળુભાઇ 
2025-11-10 00:06:27,325 - INFO - Created PDF for મૈતર જગાભાઇ
2025-11-10 00:06:29,541 - INFO - Created PDF for ગોધમ હાજાભાઇ 
2025-11-10 00:06:31,013 - INFO - Created PDF for મૈતર કનુભાઇ 
2025-11-10 00:06:32,493 - INFO - Created PDF for મૈતર ભીખાભાઇ 
2025-11-10 00:06:33,972 - INFO - Created PDF for મૈતર મેરાભાઇ
2025-11-10 00:06:35,529 - INFO - Created PDF for મૈતર નારણભાઇ 
2025-11-10 00:06:37,125 - INFO - Created PDF for બંધીયા મુનાભાઇ
2025-11-10 00:06:38,593 - INFO - Created PDF for માડમ લખમણભાઇ
2025-11-10 00:06:40,280 - INFO - Created PDF for માડમ લખમણભાઇ
2025-11-10 00:06:41,794 - INFO - Created PDF for માડમ લખમણભાઇ
2025-11-10 00:06:43,284 - INFO - Created PDF for બંધીયા લખમણભાઇ
2025-11-10 00:06:44,725 - INFO - Created PDF for બંધીયા સવદાસભાઇ 
2025-11-10 00:06:46,329 - INFO - Created PDF for કરમુર દેવાયતભાઇ 
2025-11-10 00:06:47,792 - INFO - Created PDF for માડમ હરદાસભાઇ 
2025-11-10 00:06:49,288 - INFO - Created PDF for મેડમ પીયુશભાઇ મેરામણભાઇ
2025-11-10 00:06:50,943 - INFO - Created PDF for નાઘેરા દેવાયતભાઇ 
2025-11-10 00:06:52,385 - INFO - Created PDF for રાવલીયા જીવતીબેન
2025-11-10 00:06:53,872 - INFO - Created PDF for ગર વીરલભાઇ કાનાભાઇ 
2025-11-10 00:06:55,331 - INFO - Created PDF for પાડા રસીકભાઇ 
2025-11-10 00:06:56,952 - INFO - Created PDF for રાવલીયા જીવાભાઇ 
2025-11-10 00:06:58,408 - INFO - Created PDF for સોલંકી હરદાશભાઇ 
2025-11-10 00:06:59,880 - INFO - Created PDF for ડાંગર નગાભાઇ 
2025-11-10 00:07:01,584 - INFO - Created PDF for રામ કીશોરભાઇ 
2025-11-10 00:07:03,152 - INFO - Created PDF for ભાદરકા સોમાતભાઇ
2025-11-10 00:07:04,706 - INFO - Created PDF for ભાદરકા સોમાતભાઇ
2025-11-10 00:07:06,236 - INFO - Created PDF for ડો. ચીરાગભાઇ પીઠીયા 
2025-11-10 00:07:07,747 - INFO - Created PDF for ખોડભાયા પરબતભાઇ 
2025-11-10 00:07:09,206 - INFO - Created PDF for રાવલીયા હરેશભાઇ 
2025-11-10 00:07:10,772 - INFO - Created PDF for સોલંકી કમલેશભાઇ 
2025-11-10 00:07:12,430 - INFO - Created PDF for સોલંકી નાથાભાઇ 
2025-11-10 00:07:13,985 - INFO - Created PDF for સોલંકી ભનાભાઇ
2025-11-10 00:07:15,458 - INFO - Created PDF for સોલંકી કીશોરભાઇ 
2025-11-10 00:07:17,036 - INFO - Created PDF for જાદવ વીપુલભાઇ 
2025-11-10 00:07:18,620 - INFO - Created PDF for જાદવ વીપુલભાઇ 
2025-11-10 00:07:20,105 - INFO - Created PDF for પીઠીયા અભયભાઇ
2025-11-10 00:07:21,576 - INFO - Created PDF for રાવલીયા સંજયભાઇ 
2025-11-10 00:07:23,271 - INFO - Created PDF for કાંબલીયા સરમણભાઇ 
2025-11-10 00:07:24,717 - INFO - Created PDF for કાંબલીયા વીજયભાઇ ભનાભાઇ 
2025-11-10 00:07:26,184 - INFO - Created PDF for ગંભીર ભરતભાઇ
2025-11-10 00:07:27,809 - INFO - Created PDF for ભાદરકા બોઘાભાઇ
2025-11-10 00:07:30,101 - INFO - Created PDF for ભાદરકા કાનાભાઇ 
2025-11-10 00:07:31,559 - INFO - Created PDF for ભાદરકા શાદુલભાઇ 
2025-11-10 00:07:33,044 - INFO - Created PDF for ભાદરકા જગાભાઇ 
2025-11-10 00:07:34,577 - INFO - Created PDF for ભાદરકા પરેશભાઇ
2025-11-10 00:07:36,026 - INFO - Created PDF for ભાદરકા પરેશભાઇ
2025-11-10 00:07:37,612 - INFO - Created PDF for ભાદરકા ગોવીંદભાઇ
2025-11-10 00:07:39,296 - INFO - Created PDF for ચૌહાણ એભાભાઇ
2025-11-10 00:07:40,749 - INFO - Created PDF for અખેડ હમીરભાઇ
2025-11-10 00:07:42,224 - INFO - Created PDF for અખેડ હમીરભાઇ
2025-11-10 00:07:43,696 - INFO - Created PDF for અખેડ બાલુભાઇ 
2025-11-10 00:07:45,441 - INFO - Created PDF for અખેડ કરશનભાઇ કારાભાઇ 
2025-11-10 00:07:46,901 - INFO - Created PDF for દીનેશભાઇ ભુવા આતા 
2025-11-10 00:07:48,412 - INFO - Created PDF for અખેડ મહેશભાઇ બાબુભાઇ
2025-11-10 00:07:50,076 - INFO - Created PDF for કાંબલીયા રમેશભાઇ વકમાતભાઇ
2025-11-10 00:07:51,532 - INFO - Created PDF for વીનુભાઇ બેરીયા 
2025-11-10 00:07:53,020 - INFO - Created PDF for અખેડ નારણભાઇ
2025-11-10 00:07:54,472 - INFO - Created PDF for પીઠીયા કારાભાઇ
2025-11-10 00:07:56,094 - INFO - Created PDF for પીઠીયા હમીરભાઇ
2025-11-10 00:07:57,539 - INFO - Created PDF for પીઠીયા અરજણભાઇ 
2025-11-10 00:07:59,014 - INFO - Created PDF for વીંછી સાદુલભાઇ 
2025-11-10 00:08:00,723 - INFO - Created PDF for બારડ કારાભાઇ
2025-11-10 00:08:02,212 - INFO - Created PDF for બારડ ભીખુભાઇ
2025-11-10 00:08:03,664 - INFO - Created PDF for બારડ પરબતભાઇ
2025-11-10 00:08:05,142 - INFO - Created PDF for બારડ કાનાભાઇ
2025-11-10 00:08:06,740 - INFO - Created PDF for બારડ મનોજભાઇ
2025-11-10 00:08:08,193 - INFO - Created PDF for વીંછી કરશનભાઇ
2025-11-10 00:08:09,714 - INFO - Created PDF for બારડ ડોસાભાઇ
2025-11-10 00:08:11,455 - INFO - Created PDF for રામભાઇ
2025-11-10 00:08:12,933 - INFO - Created PDF for રામભાઇ
2025-11-10 00:08:14,424 - INFO - Created PDF for કનુભાઇ લુવાસર
2025-11-10 00:08:15,877 - INFO - Created PDF for નાઘેરા મેરામણભાઇ
2025-11-10 00:08:17,454 - INFO - Created PDF for કરંગીયા રામભાઇ
2025-11-10 00:08:18,993 - INFO - Created PDF for કાંબલીયા ભીમાભાઇ
2025-11-10 00:08:20,737 - INFO - Created PDF for કાંબલીયા કાનાભાઇ
2025-11-10 00:08:22,801 - INFO - Created PDF for બારડ કાનાભાઇ
2025-11-10 00:08:24,384 - INFO - Created PDF for બારડ મનોજભાઇ
2025-11-10 00:08:25,910 - INFO - Created PDF for રામ હરેશભાઇ
2025-11-10 00:08:27,593 - INFO - Created PDF for રામ કુમારભાઇ
2025-11-10 00:08:29,701 - INFO - Created PDF for નંદાણીયા મુકેશભાઇ 
2025-11-10 00:08:31,157 - INFO - Created PDF for બારૈયા હરદાશભાઇ 
2025-11-10 00:08:32,770 - INFO - Created PDF for હડીયા રામભાઇ 
2025-11-10 00:08:34,268 - INFO - Created PDF for રાવલીયા હરદાસભાઇ 
2025-11-10 00:08:35,740 - INFO - Created PDF for સુવા નીરવભાઇ 
2025-11-10 00:08:37,649 - INFO - Created PDF for નાઘેરા રમેશભાઇ 
2025-11-10 00:08:39,407 - INFO - Created PDF for નાઘેરા રામભાઇ 
2025-11-10 00:08:40,865 - INFO - Created PDF for નાધેરા પરબતભાઇ 
2025-11-10 00:08:42,332 - INFO - Created PDF for નાધેરા વકમાતભાઇ 
2025-11-10 00:08:44,190 - INFO - Created PDF for નાધેરા વકમાતભાઇ 
2025-11-10 00:08:45,669 - INFO - Created PDF for પટેલ અંકીતભાઇ તથા પટેલ વીવેકભાઇ
2025-11-10 00:08:47,128 - INFO - Created PDF for પટેલ અંકીતભાઇ તથા પટેલ વીવેકભાઇ
2025-11-10 00:08:48,591 - INFO - Created PDF for નંદાણીયા ચીરાગભાઇ 
2025-11-10 00:08:50,204 - INFO - Created PDF for ભેડા બાદુરભાઇ નારણભાઇ
2025-11-10 00:08:51,659 - INFO - Created PDF for ભેડા મયુરભાઇ બાદુરભાઇ
2025-11-10 00:08:53,133 - INFO - Created PDF for મહેતા મુકેશભાઇ
2025-11-10 00:08:54,791 - INFO - Created PDF for મહેશભાઇ
2025-11-10 00:08:56,237 - INFO - Created PDF for શીલાભાઇ
2025-11-10 00:08:57,708 - INFO - Created PDF for મુસાભાઇ
2025-11-10 00:08:59,163 - INFO - Created PDF for ભીખુભાઇ
2025-11-10 00:09:00,792 - INFO - Created PDF for કાંબલીયા કીશનભાઇ
2025-11-10 00:09:02,240 - INFO - Created PDF for ખમલ ભરતભાઇ
2025-11-10 00:09:03,706 - INFO - Created PDF for કીશન ભાણો
2025-11-10 00:09:05,306 - INFO - Created PDF for કેરશીયા કાનાભાઇ
2025-11-10 00:09:06,799 - INFO - Created PDF for ખમલ ભાણો 
2025-11-10 00:09:08,266 - INFO - Created PDF for નાથાભાઇ રંઘોળા
2025-11-10 00:09:09,748 - INFO - Created PDF for નરેશભાઇ
2025-11-10 00:09:11,364 - INFO - Created PDF for સુખાનંદી અનીલભાઇ
2025-11-10 00:09:12,844 - INFO - Created PDF for સુખાનંદી મુકેશભાઇ
2025-11-10 00:09:14,345 - INFO - Created PDF for ભાદરકા કરશનભાઇ 
2025-11-10 00:09:15,956 - INFO - Created PDF for ભાદરકા કરશનભાઇ 
2025-11-10 00:09:17,408 - INFO - Created PDF for કાંબલીયા મુકેશભાઇ 
2025-11-10 00:09:18,867 - INFO - Created PDF for કાંબલીયા પીયુષભાઇ 
2025-11-10 00:09:20,460 - INFO - Created PDF for અશોકભાઇ
2025-11-10 00:09:22,113 - INFO - Created PDF for અશોકભાઇ
2025-11-10 00:09:23,590 - INFO - Created PDF for રાવતભાઇ
2025-11-10 00:09:25,074 - INFO - Created PDF for રાવતભાઇ
2025-11-10 00:09:26,771 - INFO - Created PDF for કાંબલીયા હરદાસભાઇ 
2025-11-10 00:09:28,511 - INFO - Created PDF for કાંબલીયા ખીમાભાઇ 
2025-11-10 00:09:30,021 - INFO - Created PDF for કાંબલીયા રાકેશભાઇ
2025-11-10 00:09:31,534 - INFO - Created PDF for કાંબલીયા લખમણભાઇ 
2025-11-10 00:09:33,032 - INFO - Created PDF for કાંબલીયા વીજયભાઇ તથા  કાંબલીયા અજયભાઇ 
2025-11-10 00:09:34,592 - INFO - Created PDF for ભાદરકા ભાવેશભાઇ 
2025-11-10 00:09:36,044 - INFO - Created PDF for ભાદરકા ગીરીશભાઇ
2025-11-10 00:09:37,752 - INFO - Created PDF for બારડ કપીલભાઇ 
2025-11-10 00:09:39,211 - INFO - Created PDF for બારડ નીકુંજભાઇ 
2025-11-10 00:09:40,692 - INFO - Created PDF for ઘુલ અરજણભાઇ
2025-11-10 00:09:42,202 - INFO - Created PDF for જાદવ  દેવાનંદભાઇ 
2025-11-10 00:09:43,791 - INFO - Created PDF for કંડોરીયા કરણભાઇ 
2025-11-10 00:09:45,244 - INFO - Created PDF for સુવા મહેશભાઇ 
2025-11-10 00:09:46,714 - INFO - Created PDF for સોલંકી મનોજભાઇ 
2025-11-10 00:09:48,420 - INFO - Created PDF for સોલંકી જયદીપભાઇ 
2025-11-10 00:09:49,873 - INFO - Created PDF for સોલંકી જયદીપભાઇ 
2025-11-10 00:09:51,359 - INFO - Created PDF for કાંબલીયા રોહનભાઇ 
2025-11-10 00:09:52,953 - INFO - Created PDF for કાંબલીયા ભુપતભાઇ 
2025-11-10 00:09:54,603 - INFO - Created PDF for કનારા રાજકુમારભાઇ 
2025-11-10 00:09:56,048 - INFO - Created PDF for સોલંકી દીનેશભાઇ 
2025-11-10 00:09:57,515 - INFO - Created PDF for કાંબલીયા કરણભાઇ 
2025-11-10 00:09:59,196 - INFO - Created PDF for પીઠીયા નારણભાઇ 
2025-11-10 00:10:00,685 - INFO - Created PDF for ભાટુ રામભાઇ 
2025-11-10 00:10:02,185 - INFO - Created PDF for જાની મનીષભાઇ
2025-11-10 00:10:03,890 - INFO - Created PDF for જાની મનીષભાઇ
2025-11-10 00:10:05,678 - INFO - Created PDF for ભાદરકા વનરાજભાઇ 
2025-11-10 00:10:07,127 - INFO - Created PDF for ભાદરકા હીરેનભાઇ 
2025-11-10 00:10:08,601 - INFO - Created PDF for ભરતભાઇ ઇ બાઇક
2025-11-10 00:10:10,208 - INFO - Created PDF for ભાદરકા લીલાભાઇ 
2025-11-10 00:10:11,719 - INFO - Created PDF for ભાદરકા બાલાભાઇ 
2025-11-10 00:10:13,188 - INFO - Created PDF for ઝાલા સવદાસભાઇ 
2025-11-10 00:10:14,692 - INFO - Created PDF for ઝાલા મારખીભાઇ 
2025-11-10 00:10:16,317 - INFO - Created PDF for ઝાલા મારખીભાઇ 
2025-11-10 00:10:17,820 - INFO - Created PDF for ઝાલા ભરતભાઇ સરમણભાઇ 
2025-11-10 00:10:19,332 - INFO - Created PDF for ભાદરકા ભીમભાઇ
2025-11-10 00:10:20,966 - INFO - Created PDF for ચૌહાણ પુંજાભાઇ 
2025-11-10 00:10:22,442 - INFO - Created PDF for ચૌહાણ હરદાસભાઇ 
2025-11-10 00:10:24,031 - INFO - Created PDF for ગોહીલ અમરસીંહભાઇ 
2025-11-10 00:10:25,522 - INFO - Created PDF for ગોહીલ અમરસીંહભાઇ 
2025-11-10 00:10:27,141 - INFO - Created PDF for મોદી સૌરભભાઇ 
2025-11-10 00:10:29,179 - INFO - Created PDF for પરમાર હરેશભાઇ 
2025-11-10 00:10:30,644 - INFO - Created PDF for પરમાર રાજ સાહેબ 
2025-11-10 00:10:32,246 - INFO - Created PDF for કીરણભાઇ હોટલ
2025-11-10 00:10:33,687 - INFO - Created PDF for સુવા નારણભાઇ 
2025-11-10 00:10:35,174 - INFO - Created PDF for સુવા હરેશભાઇ 
2025-11-10 00:10:36,800 - INFO - Created PDF for સુવા જયેશભાઇ 
2025-11-10 00:10:38,275 - INFO - Created PDF for સુવા જયેશભાઇ 
2025-11-10 00:10:39,759 - INFO - Created PDF for સોલંકી કીશોરભાઇ 
2025-11-10 00:10:41,220 - INFO - Created PDF for પીઠીયા પરાગભાઇ
2025-11-10 00:10:42,886 - INFO - Created PDF for પીઠીયા પરાગભાઇ
2025-11-10 00:10:44,370 - INFO - Created PDF for ભારવડીયા રામદેભાઇ
2025-11-10 00:10:45,877 - INFO - Created PDF for  કાળુભાઇ નથુભાઇ ઉપલેટા 
2025-11-10 00:10:47,459 - INFO - Created PDF for કાછીયા આકાશભાઇ
2025-11-10 00:10:48,975 - INFO - Created PDF for પટેલ લાલાભાઇ 
2025-11-10 00:10:50,431 - INFO - Created PDF for પટેલ વીનોદભાઇ
2025-11-10 00:10:51,905 - INFO - Created PDF for પટેલ રાજુભાઇ
2025-11-10 00:10:53,539 - INFO - Created PDF for પટેલ રાજુભાઇ
2025-11-10 00:10:55,015 - INFO - Created PDF for પાઠક સંજયભાઇ
2025-11-10 00:10:56,499 - INFO - Created PDF for પાઠક હેમંતભાઇ
2025-11-10 00:10:58,085 - INFO - Created PDF for બકાભાઇ
2025-11-10 00:10:59,551 - INFO - Created PDF for ભાદરકા ધનાભાઇ
2025-11-10 00:11:01,010 - INFO - Created PDF for ભાવીનભાઇ
2025-11-10 00:11:02,491 - INFO - Created PDF for સંજયભાઇ
2025-11-10 00:11:04,165 - INFO - Created PDF for સંજયભાઇ
2025-11-10 00:11:05,642 - INFO - Created PDF for ગણપતસીંહ
2025-11-10 00:11:07,128 - INFO - Created PDF for ગણપતસીંહ
2025-11-10 00:11:08,747 - INFO - Created PDF for ગણપતસીંહ
2025-11-10 00:11:10,226 - INFO - Created PDF for વણકર વીપુલભાઇ
2025-11-10 00:11:11,681 - INFO - Created PDF for પીઠિયા ભાવેશભાઇ
2025-11-10 00:11:13,164 - INFO - Created PDF for પટેલ સચીનભાઇ
2025-11-10 00:11:14,829 - INFO - Created PDF for જાદવ ભુપતભાઇ
2025-11-10 00:11:16,290 - INFO - Created PDF for કાંબલીયા નથુભાઇ નગાભાઇ
2025-11-10 00:11:17,762 - INFO - Created PDF for કાંબલીયા દેવાનંદભાઇ નગાભાઇ 
2025-11-10 00:11:19,326 - INFO - Created PDF for કાંબલીયા દેવાનંદભાઇ નગાભાઇ 
2025-11-10 00:11:20,800 - INFO - Created PDF for કાંબલીયા હરદાસભાઇ નગાભાઇ 
2025-11-10 00:11:22,240 - INFO - Created PDF for કાંબલીયા હરદાસભાઇ નગાભાઇ 
2025-11-10 00:11:23,697 - INFO - Created PDF for કાંબલીયા જેઠાભાઇ ભીમાભાઇ 
2025-11-10 00:11:25,430 - INFO - Created PDF for કાંબલીયા રાજેશભાઇ ભીમાભાઇ
2025-11-10 00:11:26,894 - INFO - Created PDF for કાંબલીયા મેરામણભાઇ મુંજાભાઇ 
2025-11-10 00:11:28,700 - INFO - Created PDF for કાંબલીયા કરણભાઇ ટપુભાઇ 
2025-11-10 00:11:30,336 - INFO - Created PDF for કાંબલીયા ગોવીંદભાઇ ટપુભાઇ 
2025-11-10 00:11:31,884 - INFO - Created PDF for કાંબલીયા માલદેભાઇ બચુભાઇ 
2025-11-10 00:11:33,354 - INFO - Created PDF for કાંબલીયા પરબતભાઇ બચુભાઇ 
2025-11-10 00:11:34,802 - INFO - Created PDF for કાંબલીયા કીશોરભાઇ બચુભાઇ 
2025-11-10 00:11:36,403 - INFO - Created PDF for કાંબલીયા દેવાનંદભાઇ ચીનુભાઇ 
2025-11-10 00:11:37,857 - INFO - Created PDF for કામલીયા મહેશભાઇ ચીનુભાઇ 
2025-11-10 00:11:39,342 - INFO - Created PDF for કામલીયા ભનાભાઇ ખોડાભાઇ 
2025-11-10 00:11:40,921 - INFO - Created PDF for ભાદરકા લખમણભાઇ મેરામણભાઇ 
2025-11-10 00:11:42,365 - INFO - Created PDF for ભાદરકા ભરતભાઇ મેરામણભાઇ 
2025-11-10 00:11:43,816 - INFO - Created PDF for ભાદરકા ઉકાભાઇ કાનાભાઇ 
2025-11-10 00:11:45,295 - INFO - Created PDF for ભાદરકા અરજણભાઇ કાનાભાઇ 
2025-11-10 00:11:46,965 - INFO - Created PDF for ઘુલ કરશનભાઇ
2025-11-10 00:11:48,420 - INFO - Created PDF for ઘુલ કરશનભાઇ
2025-11-10 00:11:49,895 - INFO - Created PDF for ઘુલ રાજુભાઇ 
2025-11-10 00:11:51,470 - INFO - Created PDF for નાધેરા કાનાભાઇ જેઠાભાઇ 
2025-11-10 00:11:52,926 - INFO - Created PDF for નાઘેરા મેરામણભાઇ પોલાભાઇ 
2025-11-10 00:11:54,387 - INFO - Created PDF for નાઘેરા કીશોરભાઇ પરબતભાઇ 
2025-11-10 00:11:55,874 - INFO - Created PDF for નાઘેરા વાઘાભાઇ પરબતભાઇ 
2025-11-10 00:11:57,698 - INFO - Created PDF for ખોડભાયા કાનાભાઇ મેશુરભાઇ
2025-11-10 00:11:59,153 - INFO - Created PDF for ખોડભાયા ધનાભાઇ કાનાભાઇ 
2025-11-10 00:12:00,653 - INFO - Created PDF for ચૌહાણ ડાયાભાઇ 
2025-11-10 00:12:02,258 - INFO - Created PDF for ચૌહાણ બાલાભાઇ 
2025-11-10 00:12:03,724 - INFO - Created PDF for નાઘેરા ગોપાલભાઇ પોલાભાઇ 
2025-11-10 00:12:05,218 - INFO - Created PDF for રજતીય લખમણભાઇ
2025-11-10 00:12:06,693 - INFO - Created PDF for રજતીય લખમણભાઇ
2025-11-10 00:12:08,417 - INFO - Created PDF for ઓતીમાં 
2025-11-10 00:12:09,901 - INFO - Created PDF for રાવલીયા કાનાભાઇ 
2025-11-10 00:12:11,400 - INFO - Created PDF for રાવલીયા કાનાભાઇ 
2025-11-10 00:12:13,052 - INFO - Created PDF for રાવલીયા ગોપાલભાઇ 
2025-11-10 00:12:14,525 - INFO - Created PDF for રાવલીયા સંજયભાઇ 
2025-11-10 00:12:16,010 - INFO - Created PDF for રાવલીયા પરબતભાઇ 
2025-11-10 00:12:17,490 - INFO - Created PDF for રાવલીયા મનીષભાઇ ખીમાભાઇ 
2025-11-10 00:12:19,135 - INFO - Created PDF for રાવલીયા કીશોરભાઇ ભીમાભાઇ 
2025-11-10 00:12:20,586 - INFO - Created PDF for રાવલીયા કમલેશભાઇ આલાભાઇ 
2025-11-10 00:12:22,163 - INFO - Created PDF for રાવલીયા કમલેશભાઇ આલાભાઇ 
2025-11-10 00:12:23,821 - INFO - Created PDF for ખોડભાયા રમેશભાઇ રાણાભાઇ 
2025-11-10 00:12:25,294 - INFO - Created PDF for કાંબલીયા ભાણીયાભાઇ 
2025-11-10 00:12:26,769 - INFO - Created PDF for કાંબલીયા લાડુબેન 
2025-11-10 00:12:28,522 - INFO - Created PDF for ભાદરકા રાજુભાઇ હાજાભાઇ 
2025-11-10 00:12:30,322 - INFO - Created PDF for નાઘેરા હમીરભાઇ મશરીભાઇ
2025-11-10 00:12:31,775 - INFO - Created PDF for નાઘેરા ચીનાભાઇ મશરીભાઇ
2025-11-10 00:12:33,255 - INFO - Created PDF for ભાદરકા મેરામણભાઇ રાજાભાઇ
2025-11-10 00:12:34,829 - INFO - Created PDF for ભાદરકા નગાભાઇ કેશુભાઇ 
2025-11-10 00:12:36,285 - INFO - Created PDF for ભાદરકા નગાભાઇ કેશુભાઇ 
2025-11-10 00:12:37,804 - INFO - Created PDF for ભાદરકા વીજયભાઇ કારાભાઇ
2025-11-10 00:12:39,281 - INFO - Created PDF for ભાદરકા વીરમભાઇ કારાભાઇ 
2025-11-10 00:12:40,930 - INFO - Created PDF for ગંભીર મેરામણભાઇ ભગતભાઇ 
2025-11-10 00:12:42,552 - INFO - Created PDF for ગંભીર મેરામણભાઇ ભગતભાઇ 
2025-11-10 00:12:44,018 - INFO - Created PDF for ગંભીર તોફાનભાઇ ભગતભાઇ 
2025-11-10 00:12:45,627 - INFO - Created PDF for ગંભીર ધનાભાઇ ભગતભાઇ 
2025-11-10 00:12:47,782 - INFO - Created PDF for ગંભીર મનોજભાઇ ભગતભાઇ 
2025-11-10 00:12:49,342 - INFO - Created PDF for ગંભીર મનોજભાઇ ભગતભાઇ 
2025-11-10 00:12:50,932 - INFO - Created PDF for ગંભીર સાદુરભાઇ ભગતભાઇ 
2025-11-10 00:12:52,369 - INFO - Created PDF for ભાદરકા બાલુભાઇ પરબતભાઇ 
2025-11-10 00:12:53,839 - INFO - Created PDF for ભાદરકા પરબતભાઇ ગીગાભાઇ
2025-11-10 00:12:55,369 - INFO - Created PDF for ભાદરકા ભુરાભાઇ રણમલભાઇ 
2025-11-10 00:12:57,025 - INFO - Created PDF for ભાદરકા દેવાનંદભાઇ તથા મેનશીભાઇ તથા રામભાઇ
2025-11-10 00:12:58,478 - INFO - Created PDF for સુખાનંદી હીતેશભાઇ 
2025-11-10 00:12:59,950 - INFO - Created PDF for નાધેરા નીરજભાઇ સવદાસભાઇ 
2025-11-10 00:13:01,704 - INFO - Created PDF for નાઘેરા મહેશભાઇ સવદાસભાઇ 
2025-11-10 00:13:03,226 - INFO - Created PDF for સવાણ વજાભાઇ કેશુરભાઇ 
2025-11-10 00:13:04,952 - INFO - Created PDF for ભાદરકા ભરતભાઇ નાથાભાઇ 
2025-11-10 00:13:06,439 - INFO - Created PDF for ભાદરકા ભુરાભાઇ નારણભાઇ 
2025-11-10 00:13:07,988 - INFO - Created PDF for ડાંગર વીરમભાઇ પુંજાભાઇ 
2025-11-10 00:13:09,468 - INFO - Created PDF for ભાદરકા ધનાભાઇ નારણભાઇ 
2025-11-10 00:13:10,948 - INFO - Created PDF for ભાદરકા નાનુભાઇ ધનાભાઇ 
2025-11-10 00:13:12,642 - INFO - Created PDF for આપારનાથી શીમનગીરી હેમગીરી 
2025-11-10 00:13:14,095 - INFO - Created PDF for ભાદરકા લખમણભાઇ નાથાભાઇ 
2025-11-10 00:13:15,597 - INFO - Created PDF for તુષારભાઇ ગોર
2025-11-10 00:13:17,053 - INFO - Created PDF for ડાંગર કંશન 
2025-11-10 00:13:18,676 - INFO - Created PDF for ભાદરકા નગાભાઇ કરસનભાઇ 
2025-11-10 00:13:20,217 - INFO - Created PDF for ભાદરકા નીરજભાઇ કરસનભાઇ
2025-11-10 00:13:21,725 - INFO - Created PDF for ડો. દેવલબાપુ
2025-11-10 00:13:23,432 - INFO - Created PDF for પંડ્યા રવીભાઇ 
2025-11-10 00:13:24,934 - INFO - Created PDF for રાવલીયા જગદીશભાઇ 
2025-11-10 00:13:26,428 - INFO - Created PDF for સંજયભાઇ
2025-11-10 00:13:28,208 - INFO - Created PDF for ખૂટી ટીલુભાઇ 
2025-11-10 00:13:30,002 - INFO - Created PDF for વખારીયા અતુલભાઇ 
2025-11-10 00:13:31,519 - INFO - Created PDF for યોગેશભાઇ
2025-11-10 00:13:33,044 - INFO - Created PDF for વીનુભાઈ ભાટિયા
2025-11-10 00:14:00,786 - INFO - Starting WebDriver initialization...
2025-11-10 00:14:05,687 - INFO - Chrome browser launched
2025-11-10 00:14:05,693 - INFO - Browser window maximized
2025-11-10 00:14:05,694 - INFO - Loading WhatsApp Web...
2025-11-10 00:14:08,315 - INFO - Checking WhatsApp Web status (attempt 1/3)...
2025-11-10 00:14:15,974 - INFO - Found menu using selector: div[aria-label="Menu"]
2025-11-10 00:14:18,037 - INFO - Found chat_list using selector: #pane-side
2025-11-10 00:14:18,053 - INFO - Found message_input using selector: div[contenteditable="true"]
2025-11-10 00:14:20,182 - INFO - Found main_area using selector: #main
2025-11-10 00:14:20,182 - INFO - WhatsApp readiness probe found selectors: [('menu', 'div[aria-label="Menu"]'), ('chat_list', '#pane-side'), ('message_input', 'div[contenteditable="true"]'), ('main_area', '#main')]
2025-11-10 00:14:20,182 - INFO - WhatsApp Web interface appears ready
2025-11-10 00:14:20,182 - INFO - WhatsApp Web loaded successfully after 11s
2025-11-10 00:14:20,642 - INFO - Starting to send existing invitations to 386 contacts...
2025-11-10 00:14:20,642 - INFO - Sending 1/386: નંદાણીયા દેવશીભાઇ
2025-11-10 00:14:20,643 - ERROR - PDF not found and creation disabled: invitations\Wedding_Invitation_નંદાણીયા_દેવશીભાઇ.pdf
2025-11-10 00:14:20,643 - WARNING - X Not sent to નંદાણીયા દેવશીભાઇ
2025-11-10 00:14:22,644 - INFO - Sending 2/386: છુછર રામશીભાઇ
2025-11-10 00:14:22,644 - ERROR - PDF not found and creation disabled: invitations\Wedding_Invitation_છુછર_રામશીભાઇ.pdf
2025-11-10 00:14:22,645 - WARNING - X Not sent to છુછર રામશીભાઇ
2025-11-10 00:14:24,645 - INFO - Sending 3/386: માડમ ધનાભાઇ
2025-11-10 00:14:24,646 - ERROR - PDF not found and creation disabled: invitations\Wedding_Invitation_માડમ_ધનાભાઇ.pdf
2025-11-10 00:14:24,646 - WARNING - X Not sent to માડમ ધનાભાઇ
2025-11-10 00:14:26,647 - INFO - Sending 4/386: બોરખતરીયા વીજયભાઇ
2025-11-10 00:14:26,647 - ERROR - PDF not found and creation disabled: invitations\Wedding_Invitation_બોરખતરીયા_વીજયભાઇ.pdf
2025-11-10 00:14:26,648 - WARNING - X Not sent to બોરખતરીયા વીજયભાઇ
2025-11-10 00:14:28,654 - INFO - Sending 5/386: બોરખતરીયા મનોજભાઇ
2025-11-10 00:14:28,691 - ERROR - PDF not found and creation disabled: invitations\Wedding_Invitation_બોરખતરીયા_મનોજભાઇ.pdf
2025-11-10 00:14:28,697 - WARNING - X Not sent to બોરખતરીયા મનોજભાઇ
2025-11-10 00:14:30,698 - INFO - Sending 6/386: પીઠીયા ખોડાભાઇ
2025-11-10 00:14:30,698 - ERROR - PDF not found and creation disabled: invitations\Wedding_Invitation_પીઠીયા_ખોડાભાઇ.pdf
2025-11-10 00:14:30,699 - WARNING - X Not sent to પીઠીયા ખોડાભાઇ
2025-11-10 00:14:32,700 - INFO - Sending 7/386: મૈતર નારણભાઇ
2025-11-10 00:14:32,700 - ERROR - PDF not found and creation disabled: invitations\Wedding_Invitation_મૈતર_નારણભાઇ.pdf
2025-11-10 00:14:32,700 - WARNING - X Not sent to મૈતર નારણભાઇ
2025-11-10 00:14:34,701 - INFO - Sending 8/386: ભાદરકા દીનેશભાઇ
2025-11-10 00:14:34,702 - ERROR - PDF not found and creation disabled: invitations\Wedding_Invitation_ભાદરકા_દીનેશભાઇ.pdf
2025-11-10 00:14:34,702 - WARNING - X Not sent to ભાદરકા દીનેશભાઇ
2025-11-10 00:14:36,703 - INFO - Sending 9/386: કચોટ ભીખુભાઇ
2025-11-10 00:14:36,703 - ERROR - PDF not found and creation disabled: invitations\Wedding_Invitation_કચોટ_ભીખુભાઇ.pdf
2025-11-10 00:14:36,703 - WARNING - X Not sent to કચોટ ભીખુભાઇ
2025-11-10 00:14:38,704 - INFO - Sending 10/386: આલાભાઇ મુંજાભાઇ કાંબલીયા 
2025-11-10 00:14:38,705 - ERROR - PDF not found and creation disabled: invitations\Wedding_Invitation_આલાભાઇ_મુંજાભાઇ_કાંબલીયા.pdf
2025-11-10 00:14:38,705 - WARNING - X Not sent to આલાભાઇ મુંજાભાઇ કાંબલીયા 
2025-11-10 00:14:40,706 - INFO - Sending 11/386: વીંછી જગમાલભાઇ 
2025-11-10 00:14:40,706 - ERROR - PDF not found and creation disabled: invitations\Wedding_Invitation_વીંછી_જગમાલભાઇ.pdf
2025-11-10 00:14:40,706 - WARNING - X Not sent to વીંછી જગમાલભાઇ 
2025-11-10 00:14:42,707 - INFO - Sending 12/386: વીંછી મેણશીભાઇ
2025-11-10 00:14:42,708 - ERROR - PDF not found and creation disabled: invitations\Wedding_Invitation_વીંછી_મેણશીભાઇ.pdf
2025-11-10 00:14:42,708 - WARNING - X Not sent to વીંછી મેણશીભાઇ
2025-11-10 00:14:44,709 - INFO - Sending 13/386: કાંબલીયા મેરામણભાઇ 
2025-11-10 00:14:44,709 - ERROR - PDF not found and creation disabled: invitations\Wedding_Invitation_કાંબલીયા_મેરામણભાઇ.pdf
2025-11-10 00:14:44,710 - WARNING - X Not sent to કાંબલીયા મેરામણભાઇ 
2025-11-10 00:17:23,775 - INFO - Attempting to close existing Chrome processes...
2025-11-10 00:17:26,078 - INFO - Starting WebDriver initialization...
2025-11-10 00:17:29,462 - INFO - Chrome browser launched
2025-11-10 00:17:29,519 - INFO - Browser window maximized
2025-11-10 00:17:29,522 - INFO - Loading WhatsApp Web...
2025-11-10 00:17:31,321 - INFO - Checking WhatsApp Web status (attempt 1/3)...
2025-11-10 00:17:38,729 - INFO - Found menu using selector: div[aria-label="Menu"]
2025-11-10 00:17:40,822 - INFO - Found chat_list using selector: #pane-side
2025-11-10 00:17:40,855 - INFO - Found message_input using selector: div[contenteditable="true"]
2025-11-10 00:17:43,011 - INFO - Found main_area using selector: #main
2025-11-10 00:17:43,011 - INFO - WhatsApp readiness probe found selectors: [('menu', 'div[aria-label="Menu"]'), ('chat_list', '#pane-side'), ('message_input', 'div[contenteditable="true"]'), ('main_area', '#main')]
2025-11-10 00:17:43,012 - INFO - WhatsApp Web interface appears ready
2025-11-10 00:17:43,012 - INFO - WhatsApp Web loaded successfully after 11s
2025-11-10 00:17:43,310 - INFO - Starting to send existing invitations to 386 contacts...
2025-11-10 00:17:43,310 - INFO - Sending 1/386: નંદાણીયા દેવશીભાઇ
2025-11-10 00:17:43,310 - ERROR - PDF not found and creation disabled: invitations\Wedding_Invitation_નંદાણીયા_દેવશીભાઇ.pdf
2025-11-10 00:17:43,311 - WARNING - X Not sent to નંદાણીયા દેવશીભાઇ
2025-11-10 00:17:45,311 - INFO - Sending 2/386: છુછર રામશીભાઇ
2025-11-10 00:17:45,312 - ERROR - PDF not found and creation disabled: invitations\Wedding_Invitation_છુછર_રામશીભાઇ.pdf
2025-11-10 00:17:45,312 - WARNING - X Not sent to છુછર રામશીભાઇ
2025-11-10 00:19:27,098 - INFO - Attempting to close existing Chrome processes...
2025-11-10 00:19:29,344 - INFO - Starting WebDriver initialization...
2025-11-10 00:19:32,776 - INFO - Chrome browser launched
2025-11-10 00:19:32,782 - INFO - Browser window maximized
2025-11-10 00:19:32,783 - INFO - Loading WhatsApp Web...
2025-11-10 00:19:34,158 - INFO - Checking WhatsApp Web status (attempt 1/3)...
2025-11-10 00:19:41,255 - INFO - Found menu using selector: div[aria-label="Menu"]
2025-11-10 00:19:43,320 - INFO - Found chat_list using selector: #pane-side
2025-11-10 00:19:43,340 - INFO - Found message_input using selector: div[contenteditable="true"]
2025-11-10 00:19:45,449 - INFO - Found main_area using selector: #main
2025-11-10 00:19:45,449 - INFO - WhatsApp readiness probe found selectors: [('menu', 'div[aria-label="Menu"]'), ('chat_list', '#pane-side'), ('message_input', 'div[contenteditable="true"]'), ('main_area', '#main')]
2025-11-10 00:19:45,449 - INFO - WhatsApp Web interface appears ready
2025-11-10 00:19:45,449 - INFO - WhatsApp Web loaded successfully after 11s
2025-11-10 00:19:45,727 - INFO - Starting to send existing invitations to 386 contacts...
2025-11-10 00:19:45,728 - INFO - Sending 1/386: નંદાણીયા દેવશીભાઇ
2025-11-10 00:19:54,972 - INFO - Found menu using selector: div[aria-label="Menu"]
2025-11-10 00:19:57,030 - INFO - Found chat_list using selector: #pane-side
2025-11-10 00:19:57,043 - INFO - Found message_input using selector: div[contenteditable="true"]
2025-11-10 00:19:59,116 - INFO - Found main_area using selector: #main
2025-11-10 00:19:59,116 - INFO - WhatsApp readiness probe found selectors: [('menu', 'div[aria-label="Menu"]'), ('chat_list', '#pane-side'), ('message_input', 'div[contenteditable="true"]'), ('main_area', '#main')]
2025-11-10 00:19:59,117 - INFO - WhatsApp Web interface appears ready
2025-11-10 00:20:42,363 - INFO - Attached file: D:\WorkflowAuto\Invitation\invitations\invitation_નંદાણીયા_દેવશીભાઇ.pdf
2025-11-10 00:20:47,209 - INFO - Outgoing message appeared in chat
2025-11-10 00:20:58,379 - INFO - Single-tick detected - message sent but not yet delivered
2025-11-10 00:20:58,903 - INFO - Single-tick detected - message sent but not yet delivered
2025-11-10 00:20:59,428 - INFO - Single-tick detected - message sent but not yet delivered
2025-11-10 00:20:59,975 - INFO - Single-tick detected - message sent but not yet delivered
2025-11-10 00:21:00,492 - INFO - Double-tick detected - message delivered to server
2025-11-10 00:21:00,492 - INFO - ✓ Message delivery confirmed (double-tick verified)
2025-11-10 00:21:05,493 - INFO - ✓ Sent to નંદાણીયા દેવશીભાઇ
2025-11-10 00:21:07,494 - INFO - Sending 2/386: છુછર રામશીભાઇ
2025-11-10 00:21:16,656 - INFO - Found menu using selector: div[aria-label="Menu"]
2025-11-10 00:21:18,723 - INFO - Found chat_list using selector: #pane-side
2025-11-10 00:21:18,743 - INFO - Found message_input using selector: div[contenteditable="true"]
2025-11-10 00:21:20,812 - INFO - Found main_area using selector: #main
2025-11-10 00:21:20,813 - INFO - WhatsApp readiness probe found selectors: [('menu', 'div[aria-label="Menu"]'), ('chat_list', '#pane-side'), ('message_input', 'div[contenteditable="true"]'), ('main_area', '#main')]
2025-11-10 00:21:20,813 - INFO - WhatsApp Web interface appears ready
2025-11-10 00:22:03,884 - INFO - Attached file: D:\WorkflowAuto\Invitation\invitations\invitation_છુછર_રામશીભાઇ.pdf
2025-11-10 00:22:08,708 - INFO - Outgoing message appeared in chat
2025-11-10 00:22:25,021 - INFO - Single-tick detected - message sent but not yet delivered
2025-11-10 00:22:25,546 - INFO - Single-tick detected - message sent but not yet delivered
2025-11-10 00:22:26,074 - INFO - Single-tick detected - message sent but not yet delivered
2025-11-10 00:22:26,599 - INFO - Single-tick detected - message sent but not yet delivered
2025-11-10 00:22:27,123 - INFO - Single-tick detected - message sent but not yet delivered
2025-11-10 00:22:27,666 - INFO - Single-tick detected - message sent but not yet delivered
2025-11-10 00:22:28,194 - INFO - Single-tick detected - message sent but not yet delivered
2025-11-10 00:22:28,722 - INFO - Single-tick detected - message sent but not yet delivered
2025-11-10 00:22:29,247 - INFO - Single-tick detected - message sent but not yet delivered
2025-11-10 00:22:29,773 - INFO - Single-tick detected - message sent but not yet delivered
2025-11-10 00:22:30,298 - INFO - Single-tick detected - message sent but not yet delivered
2025-11-10 00:22:30,824 - INFO - Single-tick detected - message sent but not yet delivered
2025-11-10 00:22:31,349 - INFO - Single-tick detected - message sent but not yet delivered
2025-11-10 00:22:31,872 - INFO - Single-tick detected - message sent but not yet delivered
2025-11-10 00:22:32,397 - INFO - Single-tick detected - message sent but not yet delivered
2025-11-10 00:22:32,922 - INFO - Single-tick detected - message sent but not yet delivered
2025-11-10 00:22:33,448 - INFO - Single-tick detected - message sent but not yet delivered
2025-11-10 00:22:33,972 - INFO - Single-tick detected - message sent but not yet delivered
2025-11-10 00:22:34,493 - INFO - Single-tick detected - message sent but not yet delivered
2025-11-10 00:22:35,018 - INFO - Single-tick detected - message sent but not yet delivered
2025-11-10 00:22:35,543 - INFO - Single-tick detected - message sent but not yet delivered
2025-11-10 00:22:36,131 - INFO - Single-tick detected - message sent but not yet delivered
2025-11-10 00:22:36,656 - INFO - Single-tick detected - message sent but not yet delivered
2025-11-10 00:22:37,182 - INFO - Single-tick detected - message sent but not yet delivered
2025-11-10 00:22:37,701 - INFO - Single-tick detected - message sent but not yet delivered
2025-11-10 00:22:38,226 - INFO - Single-tick detected - message sent but not yet delivered
2025-11-10 00:22:38,752 - INFO - Single-tick detected - message sent but not yet delivered
2025-11-10 00:22:39,275 - INFO - Single-tick detected - message sent but not yet delivered
2025-11-10 00:22:39,800 - INFO - Single-tick detected - message sent but not yet delivered
2025-11-10 00:22:40,324 - INFO - Single-tick detected - message sent but not yet delivered
2025-11-10 00:22:40,847 - INFO - Single-tick detected - message sent but not yet delivered
2025-11-10 00:22:41,370 - INFO - Single-tick detected - message sent but not yet delivered
2025-11-10 00:22:41,895 - INFO - Single-tick detected - message sent but not yet delivered
2025-11-10 00:22:42,420 - INFO - Single-tick detected - message sent but not yet delivered
2025-11-10 00:22:42,944 - INFO - Single-tick detected - message sent but not yet delivered
2025-11-10 00:22:43,470 - INFO - Single-tick detected - message sent but not yet delivered
2025-11-10 00:22:43,995 - INFO - Single-tick detected - message sent but not yet delivered
2025-11-10 00:22:44,520 - INFO - Single-tick detected - message sent but not yet delivered
2025-11-10 00:22:45,045 - INFO - Single-tick detected - message sent but not yet delivered
2025-11-10 00:22:45,569 - INFO - Single-tick detected - message sent but not yet delivered
2025-11-10 00:22:46,140 - INFO - Single-tick detected - message sent but not yet delivered
2025-11-10 00:22:46,715 - INFO - Single-tick detected - message sent but not yet delivered
2025-11-10 00:22:47,301 - INFO - Single-tick detected - message sent but not yet delivered
2025-11-10 00:22:47,824 - INFO - Single-tick detected - message sent but not yet delivered
2025-11-10 00:22:48,349 - INFO - Single-tick detected - message sent but not yet delivered
2025-11-10 00:22:48,874 - INFO - Single-tick detected - message sent but not yet delivered
2025-11-10 00:22:49,398 - INFO - Single-tick detected - message sent but not yet delivered
2025-11-10 00:22:49,922 - INFO - Single-tick detected - message sent but not yet delivered
2025-11-10 00:22:50,445 - INFO - Single-tick detected - message sent but not yet delivered
2025-11-10 00:22:50,969 - INFO - Single-tick detected - message sent but not yet delivered
2025-11-10 00:22:51,493 - INFO - Single-tick detected - message sent but not yet delivered
2025-11-10 00:22:52,016 - INFO - Single-tick detected - message sent but not yet delivered
2025-11-10 00:22:52,542 - INFO - Single-tick detected - message sent but not yet delivered
2025-11-10 00:22:53,068 - INFO - Single-tick detected - message sent but not yet delivered
2025-11-10 00:22:53,591 - INFO - Single-tick detected - message sent but not yet delivered
2025-11-10 00:22:54,116 - INFO - Single-tick detected - message sent but not yet delivered
2025-11-10 00:22:54,638 - INFO - Single-tick detected - message sent but not yet delivered
2025-11-10 00:22:55,160 - INFO - Single-tick detected - message sent but not yet delivered
2025-11-10 00:22:55,685 - INFO - Single-tick detected - message sent but not yet delivered
2025-11-10 00:22:56,289 - INFO - Single-tick detected - message sent but not yet delivered
2025-11-10 00:22:56,812 - INFO - Single-tick detected - message sent but not yet delivered
2025-11-10 00:22:57,336 - INFO - Single-tick detected - message sent but not yet delivered
2025-11-10 00:22:57,860 - INFO - Single-tick detected - message sent but not yet delivered
2025-11-10 00:22:58,383 - INFO - Single-tick detected - message sent but not yet delivered
2025-11-10 00:22:58,907 - INFO - Single-tick detected - message sent but not yet delivered
2025-11-10 00:22:59,434 - INFO - Single-tick detected - message sent but not yet delivered
2025-11-10 00:22:59,958 - INFO - Single-tick detected - message sent but not yet delivered
2025-11-10 00:23:00,482 - INFO - Single-tick detected - message sent but not yet delivered
2025-11-10 00:23:01,007 - INFO - Single-tick detected - message sent but not yet delivered
2025-11-10 00:23:01,533 - INFO - Single-tick detected - message sent but not yet delivered
2025-11-10 00:23:02,056 - INFO - Single-tick detected - message sent but not yet delivered
2025-11-10 00:23:02,576 - INFO - Single-tick detected - message sent but not yet delivered
2025-11-10 00:23:03,123 - INFO - Single-tick detected - message sent but not yet delivered
2025-11-10 00:23:03,643 - INFO - Single-tick detected - message sent but not yet delivered
2025-11-10 00:23:04,166 - INFO - Single-tick detected - message sent but not yet delivered
2025-11-10 00:23:04,692 - INFO - Single-tick detected - message sent but not yet delivered
2025-11-10 00:23:05,216 - INFO - Single-tick detected - message sent but not yet delivered
2025-11-10 00:23:05,739 - INFO - Single-tick detected - message sent but not yet delivered
2025-11-10 00:23:06,355 - INFO - Single-tick detected - message sent but not yet delivered
2025-11-10 00:23:06,878 - INFO - Single-tick detected - message sent but not yet delivered
2025-11-10 00:23:07,419 - INFO - Single-tick detected - message sent but not yet delivered
2025-11-10 00:23:07,943 - INFO - Single-tick detected - message sent but not yet delivered
2025-11-10 00:23:08,465 - INFO - Single-tick detected - message sent but not yet delivered
2025-11-10 00:23:08,990 - INFO - Single-tick detected - message sent but not yet delivered
2025-11-10 00:23:09,510 - INFO - Single-tick detected - message sent but not yet delivered
2025-11-10 00:23:10,036 - INFO - Single-tick detected - message sent but not yet delivered
2025-11-10 00:23:10,559 - INFO - Single-tick detected - message sent but not yet delivered
2025-11-10 00:23:11,118 - INFO - Single-tick detected - message sent but not yet delivered
2025-11-10 00:23:11,638 - INFO - Single-tick detected - message sent but not yet delivered
2025-11-10 00:23:12,175 - INFO - Single-tick detected - message sent but not yet delivered
2025-11-10 00:23:12,696 - INFO - Single-tick detected - message sent but not yet delivered
2025-11-10 00:23:13,220 - INFO - Single-tick detected - message sent but not yet delivered
2025-11-10 00:23:13,745 - INFO - Single-tick detected - message sent but not yet delivered
2025-11-10 00:23:14,270 - INFO - Single-tick detected - message sent but not yet delivered
2025-11-10 00:23:14,793 - INFO - Single-tick detected - message sent but not yet delivered
2025-11-10 00:23:15,318 - INFO - Single-tick detected - message sent but not yet delivered
2025-11-10 00:23:15,843 - INFO - Single-tick detected - message sent but not yet delivered
2025-11-10 00:23:16,386 - INFO - Single-tick detected - message sent but not yet delivered
2025-11-10 00:23:16,903 - INFO - Single-tick detected - message sent but not yet delivered
2025-11-10 00:23:17,444 - INFO - Single-tick detected - message sent but not yet delivered
2025-11-10 00:23:18,044 - INFO - Single-tick detected - message sent but not yet delivered
2025-11-10 00:23:18,569 - INFO - Single-tick detected - message sent but not yet delivered
2025-11-10 00:23:19,095 - INFO - Single-tick detected - message sent but not yet delivered
2025-11-10 00:23:19,618 - INFO - Single-tick detected - message sent but not yet delivered
2025-11-10 00:23:20,139 - INFO - Single-tick detected - message sent but not yet delivered
2025-11-10 00:23:20,664 - INFO - Single-tick detected - message sent but not yet delivered
2025-11-10 00:23:21,186 - INFO - Single-tick detected - message sent but not yet delivered
2025-11-10 00:23:21,739 - INFO - Single-tick detected - message sent but not yet delivered
2025-11-10 00:23:22,267 - INFO - Single-tick detected - message sent but not yet delivered
2025-11-10 00:23:22,862 - INFO - Single-tick detected - message sent but not yet delivered
2025-11-10 00:23:23,452 - INFO - Single-tick detected - message sent but not yet delivered
2025-11-10 00:23:23,974 - INFO - Single-tick detected - message sent but not yet delivered
2025-11-10 00:23:24,508 - INFO - Single-tick detected - message sent but not yet delivered
2025-11-10 00:23:25,041 - INFO - Single-tick detected - message sent but not yet delivered
2025-11-10 00:23:25,565 - INFO - Single-tick detected - message sent but not yet delivered
2025-11-10 00:26:19,416 - INFO - Attempting to close existing Chrome processes...
2025-11-10 00:26:21,737 - INFO - Starting WebDriver initialization...
2025-11-10 00:26:24,872 - INFO - Chrome browser launched
2025-11-10 00:26:24,885 - INFO - Browser window maximized
2025-11-10 00:26:24,887 - INFO - Loading WhatsApp Web...
2025-11-10 00:26:26,319 - INFO - Checking WhatsApp Web status (attempt 1/3)...
2025-11-10 00:26:33,635 - INFO - Found menu using selector: div[aria-label="Menu"]
2025-11-10 00:26:35,797 - INFO - Found chat_list using selector: #pane-side
2025-11-10 00:26:35,811 - INFO - Found message_input using selector: div[contenteditable="true"]
2025-11-10 00:26:37,874 - INFO - Found main_area using selector: #main
2025-11-10 00:26:37,874 - INFO - WhatsApp readiness probe found selectors: [('menu', 'div[aria-label="Menu"]'), ('chat_list', '#pane-side'), ('message_input', 'div[contenteditable="true"]'), ('main_area', '#main')]
2025-11-10 00:26:37,874 - INFO - WhatsApp Web interface appears ready
2025-11-10 00:26:37,874 - INFO - WhatsApp Web loaded successfully after 11s
2025-11-10 00:26:38,186 - INFO - Starting to send existing invitations to 384 contacts...
2025-11-10 00:26:38,186 - INFO - Sending 1/384: માડમ ધનાભાઇ
2025-11-10 00:26:47,226 - INFO - Found menu using selector: div[aria-label="Menu"]
2025-11-10 00:26:49,278 - INFO - Found chat_list using selector: #pane-side
2025-11-10 00:26:49,291 - INFO - Found message_input using selector: div[contenteditable="true"]
2025-11-10 00:26:51,356 - INFO - Found main_area using selector: #main
2025-11-10 00:26:51,357 - INFO - WhatsApp readiness probe found selectors: [('menu', 'div[aria-label="Menu"]'), ('chat_list', '#pane-side'), ('message_input', 'div[contenteditable="true"]'), ('main_area', '#main')]
2025-11-10 00:26:51,357 - INFO - WhatsApp Web interface appears ready
2025-11-10 00:27:34,483 - INFO - Attached file: D:\WorkflowAuto\Invitation\invitations\invitation_માડમ_ધનાભાઇ.pdf
2025-11-10 00:27:39,362 - INFO - Outgoing message appeared in chat
2025-11-10 00:27:53,339 - INFO - ✓ Single-tick detected - message sent to server/client (accepted)
2025-11-10 00:27:55,340 - INFO - ✓ Sent to માડમ ધનાભાઇ
2025-11-10 00:27:57,341 - INFO - Sending 2/384: બોરખતરીયા વીજયભાઇ
2025-11-10 00:28:06,714 - INFO - Found menu using selector: div[aria-label="Menu"]
2025-11-10 00:28:08,782 - INFO - Found chat_list using selector: #pane-side
2025-11-10 00:28:08,800 - INFO - Found message_input using selector: div[contenteditable="true"]
2025-11-10 00:28:10,867 - INFO - Found main_area using selector: #main
2025-11-10 00:28:10,867 - INFO - WhatsApp readiness probe found selectors: [('menu', 'div[aria-label="Menu"]'), ('chat_list', '#pane-side'), ('message_input', 'div[contenteditable="true"]'), ('main_area', '#main')]
2025-11-10 00:28:10,867 - INFO - WhatsApp Web interface appears ready
2025-11-10 00:28:54,040 - INFO - Attached file: D:\WorkflowAuto\Invitation\invitations\invitation_બોરખતરીયા_વીજયભાઇ.pdf
2025-11-10 00:28:58,911 - INFO - Outgoing message appeared in chat
2025-11-10 00:29:10,806 - INFO - ✓ Single-tick detected - message sent to server/client (accepted)
2025-11-10 00:29:12,807 - INFO - ✓ Sent to બોરખતરીયા વીજયભાઇ
2025-11-10 00:29:14,808 - INFO - Sending 3/384: બોરખતરીયા મનોજભાઇ
2025-11-10 00:29:23,762 - INFO - Found menu using selector: div[aria-label="Menu"]
2025-11-10 00:29:25,829 - INFO - Found chat_list using selector: #pane-side
2025-11-10 00:29:25,853 - INFO - Found message_input using selector: div[contenteditable="true"]
2025-11-10 00:29:27,920 - INFO - Found main_area using selector: #main
2025-11-10 00:29:27,921 - INFO - WhatsApp readiness probe found selectors: [('menu', 'div[aria-label="Menu"]'), ('chat_list', '#pane-side'), ('message_input', 'div[contenteditable="true"]'), ('main_area', '#main')]
2025-11-10 00:29:27,921 - INFO - WhatsApp Web interface appears ready
2025-11-10 00:30:10,991 - INFO - Attached file: D:\WorkflowAuto\Invitation\invitations\invitation_બોરખતરીયા_મનોજભાઇ.pdf
2025-11-10 00:30:15,807 - INFO - Outgoing message appeared in chat
2025-11-10 00:30:24,800 - INFO - ✓ Single-tick detected - message sent to server/client (accepted)
2025-11-10 00:30:26,801 - INFO - ✓ Sent to બોરખતરીયા મનોજભાઇ
2025-11-10 00:30:28,803 - INFO - Sending 4/384: પીઠીયા ખોડાભાઇ
2025-11-10 00:30:38,418 - INFO - Found menu using selector: div[aria-label="Menu"]
2025-11-10 00:30:40,491 - INFO - Found chat_list using selector: #pane-side
2025-11-10 00:30:40,508 - INFO - Found message_input using selector: div[contenteditable="true"]
2025-11-10 00:30:42,573 - INFO - Found main_area using selector: #main
2025-11-10 00:30:42,573 - INFO - WhatsApp readiness probe found selectors: [('menu', 'div[aria-label="Menu"]'), ('chat_list', '#pane-side'), ('message_input', 'div[contenteditable="true"]'), ('main_area', '#main')]
2025-11-10 00:30:42,573 - INFO - WhatsApp Web interface appears ready
2025-11-10 00:31:25,609 - INFO - Attached file: D:\WorkflowAuto\Invitation\invitations\invitation_પીઠીયા_ખોડાભાઇ.pdf
2025-11-10 00:31:30,542 - INFO - Outgoing message appeared in chat
2025-11-10 00:31:35,652 - INFO - ✓ Single-tick detected - message sent to server/client (accepted)
2025-11-10 00:31:37,653 - INFO - ✓ Sent to પીઠીયા ખોડાભાઇ
2025-11-10 00:31:39,654 - INFO - Sending 5/384: મૈતર નારણભાઇ
2025-11-10 00:31:49,191 - INFO - Found menu using selector: div[aria-label="Menu"]
2025-11-10 00:31:51,254 - INFO - Found chat_list using selector: #pane-side
2025-11-10 00:31:51,269 - INFO - Found message_input using selector: div[contenteditable="true"]
2025-11-10 00:31:53,337 - INFO - Found main_area using selector: #main
2025-11-10 00:31:53,337 - INFO - WhatsApp readiness probe found selectors: [('menu', 'div[aria-label="Menu"]'), ('chat_list', '#pane-side'), ('message_input', 'div[contenteditable="true"]'), ('main_area', '#main')]
2025-11-10 00:31:53,337 - INFO - WhatsApp Web interface appears ready
2025-11-10 00:32:36,417 - INFO - Attached file: D:\WorkflowAuto\Invitation\invitations\invitation_મૈતર_નારણભાઇ.pdf
2025-11-10 00:32:41,308 - INFO - Outgoing message appeared in chat
2025-11-10 00:32:52,954 - INFO - ✓ Single-tick detected - message sent to server/client (accepted)
2025-11-10 00:32:54,955 - INFO - ✓ Sent to મૈતર નારણભાઇ
2025-11-10 00:32:56,956 - INFO - Sending 6/384: ભાદરકા દીનેશભાઇ
2025-11-10 00:33:08,252 - INFO - Found menu using selector: div[aria-label="Menu"]
2025-11-10 00:33:10,312 - INFO - Found chat_list using selector: #pane-side
2025-11-10 00:33:10,330 - INFO - Found message_input using selector: div[contenteditable="true"]
2025-11-10 00:33:12,391 - INFO - Found main_area using selector: #main
2025-11-10 00:33:12,392 - INFO - WhatsApp readiness probe found selectors: [('menu', 'div[aria-label="Menu"]'), ('chat_list', '#pane-side'), ('message_input', 'div[contenteditable="true"]'), ('main_area', '#main')]
2025-11-10 00:33:12,392 - INFO - WhatsApp Web interface appears ready
2025-11-10 00:33:55,496 - INFO - Attached file: D:\WorkflowAuto\Invitation\invitations\invitation_ભાદરકા_દીનેશભાઇ.pdf
2025-11-10 00:34:00,338 - INFO - Outgoing message appeared in chat
2025-11-10 00:34:05,898 - INFO - ✓ Single-tick detected - message sent to server/client (accepted)
2025-11-10 00:34:07,899 - INFO - ✓ Sent to ભાદરકા દીનેશભાઇ
2025-11-10 00:34:09,901 - INFO - Sending 7/384: કચોટ ભીખુભાઇ
2025-11-10 00:34:18,795 - INFO - Found menu using selector: div[aria-label="Menu"]
2025-11-10 00:34:20,853 - INFO - Found chat_list using selector: #pane-side
2025-11-10 00:34:20,865 - INFO - Found message_input using selector: div[contenteditable="true"]
2025-11-10 00:34:22,922 - INFO - Found main_area using selector: #main
2025-11-10 00:34:22,922 - INFO - WhatsApp readiness probe found selectors: [('menu', 'div[aria-label="Menu"]'), ('chat_list', '#pane-side'), ('message_input', 'div[contenteditable="true"]'), ('main_area', '#main')]
2025-11-10 00:34:22,923 - INFO - WhatsApp Web interface appears ready
2025-11-10 00:35:06,060 - INFO - Attached file: D:\WorkflowAuto\Invitation\invitations\invitation_કચોટ_ભીખુભાઇ.pdf
2025-11-10 00:35:11,042 - INFO - Outgoing message appeared in chat
2025-11-10 00:35:27,094 - INFO - ✓ Single-tick detected - message sent to server/client (accepted)
2025-11-10 00:35:29,095 - INFO - ✓ Sent to કચોટ ભીખુભાઇ
2025-11-10 00:35:31,097 - INFO - Sending 8/384: આલાભાઇ મુંજાભાઇ કાંબલીયા 
2025-11-10 00:35:41,892 - INFO - Found menu using selector: div[aria-label="Menu"]
2025-11-10 00:35:43,957 - INFO - Found chat_list using selector: #pane-side
2025-11-10 00:35:43,977 - INFO - Found message_input using selector: div[contenteditable="true"]
2025-11-10 00:35:46,041 - INFO - Found main_area using selector: #main
2025-11-10 00:35:46,041 - INFO - WhatsApp readiness probe found selectors: [('menu', 'div[aria-label="Menu"]'), ('chat_list', '#pane-side'), ('message_input', 'div[contenteditable="true"]'), ('main_area', '#main')]
2025-11-10 00:35:46,041 - INFO - WhatsApp Web interface appears ready
2025-11-10 00:36:20,271 - ERROR - Failed to attach file: Could not find attach button
2025-11-10 00:36:20,272 - WARNING - X Not sent to આલાભાઇ મુંજાભાઇ કાંબલીયા 
2025-11-10 00:36:22,273 - INFO - Sending 9/384: વીંછી જગમાલભાઇ 
2025-11-10 00:36:22,275 - ERROR - Error sending message: Message: invalid session id; For documentation on this error, please visit: https://www.selenium.dev/documentation/webdriver/troubleshooting/errors#invalidsessionidexception
Stacktrace:
Symbols not available. Dumping unresolved backtrace:
	0xc458d3
	0xc45914
	0xa5e5bb
	0xa9ceea
	0xacc826
	0xac8090
	0xac75c3
	0xa2e4ed
	0xa2ea7e
	0xa2ef3d
	0xec7974
	0xec2bea
	0xc6e5c4
	0xc5dd38
	0xc64d9d
	0xa2e1a3
	0xa2d858
	0x101ffdf
	0x75505d49
	0x778ed6db
	0x778ed661

2025-11-10 00:36:22,275 - WARNING - X Not sent to વીંછી જગમાલભાઇ 
2025-11-10 00:36:24,276 - INFO - Sending 10/384: વીંછી મેણશીભાઇ
2025-11-10 00:36:24,287 - ERROR - Error sending message: Message: invalid session id; For documentation on this error, please visit: https://www.selenium.dev/documentation/webdriver/troubleshooting/errors#invalidsessionidexception
Stacktrace:
Symbols not available. Dumping unresolved backtrace:
	0xc458d3
	0xc45914
	0xa5e5bb
	0xa9ceea
	0xacc826
	0xac8090
	0xac75c3
	0xa2e4ed
	0xa2ea7e
	0xa2ef3d
	0xec7974
	0xec2bea
	0xc6e5c4
	0xc5dd38
	0xc64d9d
	0xa2e1a3
	0xa2d858
	0x101ffdf
	0x75505d49
	0x778ed6db
	0x778ed661

2025-11-10 00:36:24,291 - WARNING - X Not sent to વીંછી મેણશીભાઇ
2025-11-10 00:36:26,292 - INFO - Sending 11/384: કાંબલીયા મેરામણભાઇ 
2025-11-10 00:36:26,294 - ERROR - Error sending message: Message: invalid session id; For documentation on this error, please visit: https://www.selenium.dev/documentation/webdriver/troubleshooting/errors#invalidsessionidexception
Stacktrace:
Symbols not available. Dumping unresolved backtrace:
	0xc458d3
	0xc45914
	0xa5e5bb
	0xa9ceea
	0xacc826
	0xac8090
	0xac75c3
	0xa2e4ed
	0xa2ea7e
	0xa2ef3d
	0xec7974
	0xec2bea
	0xc6e5c4
	0xc5dd38
	0xc64d9d
	0xa2e1a3
	0xa2d858
	0x101ffdf
	0x75505d49
	0x778ed6db
	0x778ed661

2025-11-10 00:36:26,294 - WARNING - X Not sent to કાંબલીયા મેરામણભાઇ 
2025-11-10 00:36:28,295 - INFO - Sending 12/384: કાંબલીયા દેશુરભાઇ 
2025-11-10 00:36:28,297 - ERROR - Error sending message: Message: invalid session id; For documentation on this error, please visit: https://www.selenium.dev/documentation/webdriver/troubleshooting/errors#invalidsessionidexception
Stacktrace:
Symbols not available. Dumping unresolved backtrace:
	0xc458d3
	0xc45914
	0xa5e5bb
	0xa9ceea
	0xacc826
	0xac8090
	0xac75c3
	0xa2e4ed
	0xa2ea7e
	0xa2ef3d
	0xec7974
	0xec2bea
	0xc6e5c4
	0xc5dd38
	0xc64d9d
	0xa2e1a3
	0xa2d858
	0x101ffdf
	0x75505d49
	0x778ed6db
	0x778ed661

2025-11-10 00:36:28,298 - WARNING - X Not sent to કાંબલીયા દેશુરભાઇ 
2025-11-10 00:36:30,299 - INFO - Sending 13/384: વીંછી દેવાભાઇ 
2025-11-10 00:36:30,300 - ERROR - Error sending message: Message: invalid session id; For documentation on this error, please visit: https://www.selenium.dev/documentation/webdriver/troubleshooting/errors#invalidsessionidexception
Stacktrace:
Symbols not available. Dumping unresolved backtrace:
	0xc458d3
	0xc45914
	0xa5e5bb
	0xa9ceea
	0xacc826
	0xac8090
	0xac75c3
	0xa2e4ed
	0xa2ea7e
	0xa2ef3d
	0xec7974
	0xec2bea
	0xc6e5c4
	0xc5dd38
	0xc64d9d
	0xa2e1a3
	0xa2d858
	0x101ffdf
	0x75505d49
	0x778ed6db
	0x778ed661

2025-11-10 00:36:30,300 - WARNING - X Not sent to વીંછી દેવાભાઇ 
2025-11-10 00:36:32,301 - INFO - Sending 14/384: ભાદરકા દેવાયતભાઇ 
2025-11-10 00:36:32,303 - ERROR - Error sending message: Message: invalid session id; For documentation on this error, please visit: https://www.selenium.dev/documentation/webdriver/troubleshooting/errors#invalidsessionidexception
Stacktrace:
Symbols not available. Dumping unresolved backtrace:
	0xc458d3
	0xc45914
	0xa5e5bb
	0xa9ceea
	0xacc826
	0xac8090
	0xac75c3
	0xa2e4ed
	0xa2ea7e
	0xa2ef3d
	0xec7974
	0xec2bea
	0xc6e5c4
	0xc5dd38
	0xc64d9d
	0xa2e1a3
	0xa2d858
	0x101ffdf
	0x75505d49
	0x778ed6db
	0x778ed661

2025-11-10 00:36:32,303 - WARNING - X Not sent to ભાદરકા દેવાયતભાઇ 
2025-11-10 00:36:34,305 - INFO - Sending 15/384: નાઘેરા ગોપાલભાઇ પોલાભાઇ 
2025-11-10 00:36:34,306 - ERROR - Error sending message: Message: invalid session id; For documentation on this error, please visit: https://www.selenium.dev/documentation/webdriver/troubleshooting/errors#invalidsessionidexception
Stacktrace:
Symbols not available. Dumping unresolved backtrace:
	0xc458d3
	0xc45914
	0xa5e5bb
	0xa9ceea
	0xacc826
	0xac8090
	0xac75c3
	0xa2e4ed
	0xa2ea7e
	0xa2ef3d
	0xec7974
	0xec2bea
	0xc6e5c4
	0xc5dd38
	0xc64d9d
	0xa2e1a3
	0xa2d858
	0x101ffdf
	0x75505d49
	0x778ed6db
	0x778ed661

2025-11-10 00:36:34,307 - WARNING - X Not sent to નાઘેરા ગોપાલભાઇ પોલાભાઇ 
2025-11-10 00:36:36,307 - INFO - Sending 16/384: રામ યશવંતભાઇ 
2025-11-10 00:36:36,309 - ERROR - Error sending message: Message: invalid session id; For documentation on this error, please visit: https://www.selenium.dev/documentation/webdriver/troubleshooting/errors#invalidsessionidexception
Stacktrace:
Symbols not available. Dumping unresolved backtrace:
	0xc458d3
	0xc45914
	0xa5e5bb
	0xa9ceea
	0xacc826
	0xac8090
	0xac75c3
	0xa2e4ed
	0xa2ea7e
	0xa2ef3d
	0xec7974
	0xec2bea
	0xc6e5c4
	0xc5dd38
	0xc64d9d
	0xa2e1a3
	0xa2d858
	0x101ffdf
	0x75505d49
	0x778ed6db
	0x778ed661

2025-11-10 00:36:36,309 - WARNING - X Not sent to રામ યશવંતભાઇ 
2025-11-10 00:36:38,310 - INFO - Sending 17/384: ઇભુભાઇ ગેરેજ 
2025-11-10 00:36:38,312 - ERROR - Error sending message: Message: invalid session id; For documentation on this error, please visit: https://www.selenium.dev/documentation/webdriver/troubleshooting/errors#invalidsessionidexception
Stacktrace:
Symbols not available. Dumping unresolved backtrace:
	0xc458d3
	0xc45914
	0xa5e5bb
	0xa9ceea
	0xacc826
	0xac8090
	0xac75c3
	0xa2e4ed
	0xa2ea7e
	0xa2ef3d
	0xec7974
	0xec2bea
	0xc6e5c4
	0xc5dd38
	0xc64d9d
	0xa2e1a3
	0xa2d858
	0x101ffdf
	0x75505d49
	0x778ed6db
	0x778ed661

2025-11-10 00:36:38,312 - WARNING - X Not sent to ઇભુભાઇ ગેરેજ 
2025-11-10 00:36:40,313 - INFO - Sending 18/384: ઇભુભાઇ ગેરેજ 
2025-11-10 00:36:40,315 - ERROR - Error sending message: Message: invalid session id; For documentation on this error, please visit: https://www.selenium.dev/documentation/webdriver/troubleshooting/errors#invalidsessionidexception
Stacktrace:
Symbols not available. Dumping unresolved backtrace:
	0xc458d3
	0xc45914
	0xa5e5bb
	0xa9ceea
	0xacc826
	0xac8090
	0xac75c3
	0xa2e4ed
	0xa2ea7e
	0xa2ef3d
	0xec7974
	0xec2bea
	0xc6e5c4
	0xc5dd38
	0xc64d9d
	0xa2e1a3
	0xa2d858
	0x101ffdf
	0x75505d49
	0x778ed6db
	0x778ed661

2025-11-10 00:36:40,315 - WARNING - X Not sent to ઇભુભાઇ ગેરેજ 
2025-11-10 00:36:42,316 - INFO - Sending 19/384: રાકેશ શેઠ 
2025-11-10 00:36:42,318 - ERROR - Error sending message: Message: invalid session id; For documentation on this error, please visit: https://www.selenium.dev/documentation/webdriver/troubleshooting/errors#invalidsessionidexception
Stacktrace:
Symbols not available. Dumping unresolved backtrace:
	0xc458d3
	0xc45914
	0xa5e5bb
	0xa9ceea
	0xacc826
	0xac8090
	0xac75c3
	0xa2e4ed
	0xa2ea7e
	0xa2ef3d
	0xec7974
	0xec2bea
	0xc6e5c4
	0xc5dd38
	0xc64d9d
	0xa2e1a3
	0xa2d858
	0x101ffdf
	0x75505d49
	0x778ed6db
	0x778ed661

2025-11-10 00:36:42,318 - WARNING - X Not sent to રાકેશ શેઠ 
2025-11-10 00:39:05,001 - INFO - Starting WebDriver initialization...
2025-11-10 00:39:09,103 - INFO - Chrome browser launched
2025-11-10 00:39:09,108 - INFO - Browser window maximized
2025-11-10 00:39:09,109 - INFO - Loading WhatsApp Web...
2025-11-10 00:39:12,298 - INFO - Checking WhatsApp Web status (attempt 1/3)...
2025-11-10 00:39:19,234 - INFO - Found menu using selector: div[aria-label="Menu"]
2025-11-10 00:39:21,306 - INFO - Found chat_list using selector: #pane-side
2025-11-10 00:39:21,323 - INFO - Found message_input using selector: div[contenteditable="true"]
2025-11-10 00:39:23,386 - INFO - Found main_area using selector: #main
2025-11-10 00:39:23,386 - INFO - WhatsApp readiness probe found selectors: [('menu', 'div[aria-label="Menu"]'), ('chat_list', '#pane-side'), ('message_input', 'div[contenteditable="true"]'), ('main_area', '#main')]
2025-11-10 00:39:23,386 - INFO - WhatsApp Web interface appears ready
2025-11-10 00:39:23,386 - INFO - WhatsApp Web loaded successfully after 11s
2025-11-10 00:39:23,715 - INFO - Starting to send existing invitations to 1 contacts...
2025-11-10 00:39:23,716 - INFO - Sending 1/1: આલાભાઇ મુંજાભાઇ કાંબલીયા 
2025-11-10 00:39:33,091 - INFO - Found menu using selector: div[aria-label="Menu"]
2025-11-10 00:39:35,138 - INFO - Found chat_list using selector: #pane-side
2025-11-10 00:39:35,154 - INFO - Found message_input using selector: div[contenteditable="true"]
2025-11-10 00:39:37,220 - INFO - Found main_area using selector: #main
2025-11-10 00:39:37,220 - INFO - WhatsApp readiness probe found selectors: [('menu', 'div[aria-label="Menu"]'), ('chat_list', '#pane-side'), ('message_input', 'div[contenteditable="true"]'), ('main_area', '#main')]
2025-11-10 00:39:37,220 - INFO - WhatsApp Web interface appears ready
2025-11-10 00:40:20,405 - INFO - Attached file: D:\WorkflowAuto\Invitation\invitations\invitation_આલાભાઇ_મુંજાભાઇ_કાંબલીયા.pdf
2025-11-10 00:40:24,076 - ERROR - Failed to input message: Message: unknown error: ChromeDriver only supports characters in the BMP
  (Session info: chrome=142.0.7444.60)
Stacktrace:
Symbols not available. Dumping unresolved backtrace:
	0xc458d3
	0xc45914
	0xa5e76d
	0xae442d
	0xaa4a6b
	0xaa4004
	0xacc96c
	0xa9f854
	0xaccb24
	0xaeeea6
	0xacc766
	0xa9dac0
	0xa9ede4
	0xec7974
	0xec2bea
	0xc6e5c4
	0xc5dd38
	0xc64d9d
	0xc4dee8
	0xc4e0ac
	0xc37d2a
	0x75505d49
	0x778ed6db
	0x778ed661

2025-11-10 00:40:24,077 - WARNING - X Not sent to આલાભાઇ મુંજાભાઇ કાંબલીયા 
2025-11-10 00:40:26,096 - ERROR - Failed to save updated Excel file with statuses: [Errno 13] Permission denied: 'contacts.xlsx'
2025-11-10 00:40:26,096 - INFO - Completed sending: 0/1 sent
2025-11-10 00:42:08,342 - INFO - Starting WebDriver initialization...
2025-11-10 00:42:12,177 - INFO - Chrome browser launched
2025-11-10 00:42:12,183 - INFO - Browser window maximized
2025-11-10 00:42:12,183 - INFO - Loading WhatsApp Web...
2025-11-10 00:42:13,518 - INFO - Checking WhatsApp Web status (attempt 1/3)...
2025-11-10 00:42:21,426 - INFO - Found menu using selector: div[aria-label="Menu"]
2025-11-10 00:42:23,489 - INFO - Found chat_list using selector: #pane-side
2025-11-10 00:42:23,512 - INFO - Found message_input using selector: div[contenteditable="true"]
2025-11-10 00:42:25,570 - INFO - Found main_area using selector: #main
2025-11-10 00:42:25,570 - INFO - WhatsApp readiness probe found selectors: [('menu', 'div[aria-label="Menu"]'), ('chat_list', '#pane-side'), ('message_input', 'div[contenteditable="true"]'), ('main_area', '#main')]
2025-11-10 00:42:25,571 - INFO - WhatsApp Web interface appears ready
2025-11-10 00:42:25,571 - INFO - WhatsApp Web loaded successfully after 12s
2025-11-10 00:42:25,830 - INFO - Starting to send existing invitations to 1 contacts...
2025-11-10 00:42:25,830 - INFO - Sending 1/1: આલાભાઇ મુંજાભાઇ કાંબલીયા 
2025-11-10 00:42:34,492 - INFO - Found menu using selector: div[aria-label="Menu"]
2025-11-10 00:42:36,542 - INFO - Found chat_list using selector: #pane-side
2025-11-10 00:42:36,559 - INFO - Found message_input using selector: div[contenteditable="true"]
2025-11-10 00:42:38,610 - INFO - Found main_area using selector: #main
2025-11-10 00:42:38,610 - INFO - WhatsApp readiness probe found selectors: [('menu', 'div[aria-label="Menu"]'), ('chat_list', '#pane-side'), ('message_input', 'div[contenteditable="true"]'), ('main_area', '#main')]
2025-11-10 00:42:38,610 - INFO - WhatsApp Web interface appears ready
2025-11-10 00:43:21,819 - INFO - Attached file: D:\WorkflowAuto\Invitation\invitations\invitation_આલાભાઇ_મુંજાભાઇ_કાંબલીયા.pdf
2025-11-10 00:43:25,425 - ERROR - Failed to input message: Message: unknown error: ChromeDriver only supports characters in the BMP
  (Session info: chrome=142.0.7444.60)
Stacktrace:
Symbols not available. Dumping unresolved backtrace:
	0xc458d3
	0xc45914
	0xa5e76d
	0xae442d
	0xaa4a6b
	0xaa4004
	0xacc96c
	0xa9f854
	0xaccb24
	0xaeeea6
	0xacc766
	0xa9dac0
	0xa9ede4
	0xec7974
	0xec2bea
	0xc6e5c4
	0xc5dd38
	0xc64d9d
	0xc4dee8
	0xc4e0ac
	0xc37d2a
	0x75505d49
	0x778ed6db
	0x778ed661

2025-11-10 00:43:25,426 - WARNING - X Not sent to આલાભાઇ મુંજાભાઇ કાંબલીયા 
2025-11-10 00:43:27,472 - WARNING - Permission denied saving contacts.xlsx; saved statuses to contacts_with_status_1762715607.xlsx instead
2025-11-10 00:43:27,473 - INFO - Completed sending: 0/1 sent
2025-11-10 00:45:41,822 - INFO - Starting WebDriver initialization...
2025-11-10 00:45:45,656 - INFO - Chrome browser launched
2025-11-10 00:45:45,674 - INFO - Browser window maximized
2025-11-10 00:45:45,677 - INFO - Loading WhatsApp Web...
2025-11-10 00:45:46,970 - INFO - Checking WhatsApp Web status (attempt 1/3)...
2025-11-10 00:45:53,965 - INFO - Found menu using selector: div[aria-label="Menu"]
2025-11-10 00:45:56,034 - INFO - Found chat_list using selector: #pane-side
2025-11-10 00:45:56,055 - INFO - Found message_input using selector: div[contenteditable="true"]
2025-11-10 00:45:58,116 - INFO - Found main_area using selector: #main
2025-11-10 00:45:58,116 - INFO - WhatsApp readiness probe found selectors: [('menu', 'div[aria-label="Menu"]'), ('chat_list', '#pane-side'), ('message_input', 'div[contenteditable="true"]'), ('main_area', '#main')]
2025-11-10 00:45:58,116 - INFO - WhatsApp Web interface appears ready
2025-11-10 00:45:58,116 - INFO - WhatsApp Web loaded successfully after 11s
2025-11-10 00:45:58,375 - INFO - Starting to send existing invitations to 1 contacts...
2025-11-10 00:45:58,376 - INFO - Sending 1/1: આલાભાઇ મુંજાભાઇ કાંબલીયા 
2025-11-10 00:46:07,338 - INFO - Found menu using selector: div[aria-label="Menu"]
2025-11-10 00:46:09,390 - INFO - Found chat_list using selector: #pane-side
2025-11-10 00:46:09,408 - INFO - Found message_input using selector: div[contenteditable="true"]
2025-11-10 00:46:11,484 - INFO - Found main_area using selector: #main
2025-11-10 00:46:11,485 - INFO - WhatsApp readiness probe found selectors: [('menu', 'div[aria-label="Menu"]'), ('chat_list', '#pane-side'), ('message_input', 'div[contenteditable="true"]'), ('main_area', '#main')]
2025-11-10 00:46:11,485 - INFO - WhatsApp Web interface appears ready
2025-11-10 00:46:54,507 - INFO - Attached file: D:\WorkflowAuto\Invitation\invitations\invitation_આલાભાઇ_મુંજાભાઇ_કાંબલીયા.pdf
2025-11-10 00:46:59,212 - INFO - Outgoing message appeared in chat
2025-11-10 00:46:59,236 - INFO - ✓ Message delivery confirmed (double-tick)
2025-11-10 00:47:01,237 - INFO - ✓ Sent to આલાભાઇ મુંજાભાઇ કાંબલીયા 
2025-11-10 00:47:03,293 - WARNING - Permission denied saving contacts.xlsx; saved statuses to contacts_with_status_1762715823.xlsx instead
2025-11-10 00:47:03,293 - INFO - Completed sending: 1/1 sent
2025-11-10 00:47:36,564 - INFO - Starting WebDriver initialization...
2025-11-10 00:47:40,376 - INFO - Chrome browser launched
2025-11-10 00:47:40,408 - INFO - Browser window maximized
2025-11-10 00:47:40,409 - INFO - Loading WhatsApp Web...
2025-11-10 00:47:41,694 - INFO - Checking WhatsApp Web status (attempt 1/3)...
2025-11-10 00:47:49,843 - INFO - Found menu using selector: div[aria-label="Menu"]
2025-11-10 00:47:51,931 - INFO - Found chat_list using selector: #pane-side
2025-11-10 00:47:51,949 - INFO - Found message_input using selector: div[contenteditable="true"]
2025-11-10 00:47:54,056 - INFO - Found main_area using selector: #main
2025-11-10 00:47:54,056 - INFO - WhatsApp readiness probe found selectors: [('menu', 'div[aria-label="Menu"]'), ('chat_list', '#pane-side'), ('message_input', 'div[contenteditable="true"]'), ('main_area', '#main')]
2025-11-10 00:47:54,057 - INFO - WhatsApp Web interface appears ready
2025-11-10 00:47:54,057 - INFO - WhatsApp Web loaded successfully after 12s
2025-11-10 00:47:54,348 - INFO - Starting to send existing invitations to 1 contacts...
2025-11-10 00:47:54,348 - INFO - Sending 1/1: આલાભાઇ મુંજાભાઇ કાંબલીયા 
2025-11-10 00:48:03,367 - INFO - Found menu using selector: div[aria-label="Menu"]
2025-11-10 00:48:05,410 - INFO - Found chat_list using selector: #pane-side
2025-11-10 00:48:05,440 - INFO - Found message_input using selector: div[contenteditable="true"]
2025-11-10 00:48:07,523 - INFO - Found main_area using selector: #main
2025-11-10 00:48:07,524 - INFO - WhatsApp readiness probe found selectors: [('menu', 'div[aria-label="Menu"]'), ('chat_list', '#pane-side'), ('message_input', 'div[contenteditable="true"]'), ('main_area', '#main')]
2025-11-10 00:48:07,524 - INFO - WhatsApp Web interface appears ready
2025-11-10 00:49:47,541 - INFO - Starting WebDriver initialization...
2025-11-10 00:49:50,912 - INFO - Chrome browser launched
2025-11-10 00:49:50,926 - INFO - Browser window maximized
2025-11-10 00:49:50,933 - INFO - Loading WhatsApp Web...
2025-11-10 00:49:52,556 - INFO - Checking WhatsApp Web status (attempt 1/3)...
2025-11-10 00:50:00,057 - INFO - Found menu using selector: div[aria-label="Menu"]
2025-11-10 00:50:02,287 - INFO - Found chat_list using selector: #pane-side
2025-11-10 00:50:02,310 - INFO - Found message_input using selector: div[contenteditable="true"]
2025-11-10 00:50:04,380 - INFO - Found main_area using selector: #main
2025-11-10 00:50:04,380 - INFO - WhatsApp readiness probe found selectors: [('menu', 'div[aria-label="Menu"]'), ('chat_list', '#pane-side'), ('message_input', 'div[contenteditable="true"]'), ('main_area', '#main')]
2025-11-10 00:50:04,381 - INFO - WhatsApp Web interface appears ready
2025-11-10 00:50:04,381 - INFO - WhatsApp Web loaded successfully after 11s
2025-11-10 00:50:04,800 - INFO - Starting to send existing invitations to 1 contacts...
2025-11-10 00:50:04,801 - INFO - Sending 1/1: આલાભાઇ મુંજાભાઇ કાંબલીયા 
2025-11-10 00:50:15,176 - INFO - Found menu using selector: div[aria-label="Menu"]
2025-11-10 00:50:17,250 - INFO - Found chat_list using selector: #pane-side
2025-11-10 00:50:17,261 - INFO - Found message_input using selector: div[contenteditable="true"]
2025-11-10 00:50:19,387 - INFO - Found main_area using selector: #main
2025-11-10 00:50:19,387 - INFO - WhatsApp readiness probe found selectors: [('menu', 'div[aria-label="Menu"]'), ('chat_list', '#pane-side'), ('message_input', 'div[contenteditable="true"]'), ('main_area', '#main')]
2025-11-10 00:50:19,388 - INFO - WhatsApp Web interface appears ready
2025-11-10 00:51:02,674 - INFO - Attached file: D:\WorkflowAuto\Invitation\invitations\invitation_આલાભાઇ_મુંજાભાઇ_કાંબલીયા.pdf
2025-11-10 00:51:07,389 - INFO - Outgoing message appeared in chat
2025-11-10 00:51:13,142 - INFO - ✓ Single-tick detected - message sent to server/client (accepted)
2025-11-10 00:51:15,144 - INFO - ✓ Sent to આલાભાઇ મુંજાભાઇ કાંબલીયા 
2025-11-10 00:51:17,189 - WARNING - Permission denied saving contacts.xlsx; saved statuses to contacts_with_status_1762716077.xlsx instead
2025-11-10 00:51:17,189 - INFO - Completed sending: 1/1 sent
2025-11-10 00:52:58,156 - INFO - Starting WebDriver initialization...
2025-11-10 00:53:01,560 - INFO - Chrome browser launched
2025-11-10 00:53:01,565 - INFO - Browser window maximized
2025-11-10 00:53:01,566 - INFO - Loading WhatsApp Web...
2025-11-10 00:53:03,221 - INFO - Checking WhatsApp Web status (attempt 1/3)...
2025-11-10 00:53:12,681 - INFO - Found menu using selector: div[aria-label="Menu"]
2025-11-10 00:53:14,743 - INFO - Found chat_list using selector: #pane-side
2025-11-10 00:53:14,762 - INFO - Found message_input using selector: div[contenteditable="true"]
2025-11-10 00:53:16,822 - INFO - Found main_area using selector: #main
2025-11-10 00:53:16,822 - INFO - WhatsApp readiness probe found selectors: [('menu', 'div[aria-label="Menu"]'), ('chat_list', '#pane-side'), ('message_input', 'div[contenteditable="true"]'), ('main_area', '#main')]
2025-11-10 00:53:16,822 - INFO - WhatsApp Web interface appears ready
2025-11-10 00:53:16,823 - INFO - WhatsApp Web loaded successfully after 13s
2025-11-10 00:53:17,213 - INFO - Starting to send existing invitations to 1 contacts...
2025-11-10 00:53:17,214 - INFO - Sending 1/1: આલાભાઇ મુંજાભાઇ કાંબલીયા 
2025-11-10 00:53:26,697 - INFO - Found menu using selector: div[aria-label="Menu"]
2025-11-10 00:53:28,794 - INFO - Found chat_list using selector: #pane-side
2025-11-10 00:53:28,814 - INFO - Found message_input using selector: div[contenteditable="true"]
2025-11-10 00:53:30,889 - INFO - Found main_area using selector: #main
2025-11-10 00:53:30,889 - INFO - WhatsApp readiness probe found selectors: [('menu', 'div[aria-label="Menu"]'), ('chat_list', '#pane-side'), ('message_input', 'div[contenteditable="true"]'), ('main_area', '#main')]
2025-11-10 00:53:30,889 - INFO - WhatsApp Web interface appears ready
2025-11-10 00:54:14,074 - INFO - Attached file: D:\WorkflowAuto\Invitation\invitations\invitation_આલાભાઇ_મુંજાભાઇ_કાંબલીયા.pdf
2025-11-10 00:54:18,846 - INFO - Outgoing message appeared in chat
2025-11-10 00:54:18,891 - INFO - ✓ Message delivery confirmed (double-tick)
2025-11-10 00:54:20,892 - INFO - ✓ Sent to આલાભાઇ મુંજાભાઇ કાંબલીયા 
2025-11-10 00:54:22,922 - WARNING - Permission denied saving contacts.xlsx; saved statuses to contacts_with_status_1762716262.xlsx instead
2025-11-10 00:54:22,923 - INFO - Completed sending: 1/1 sent
2025-11-10 00:55:49,638 - INFO - Starting WebDriver initialization...
2025-11-10 00:55:52,976 - INFO - Chrome browser launched
2025-11-10 00:55:53,042 - INFO - Browser window maximized
2025-11-10 00:55:53,042 - INFO - Loading WhatsApp Web...
2025-11-10 00:55:57,088 - INFO - Checking WhatsApp Web status (attempt 1/3)...
2025-11-10 00:56:04,414 - INFO - Found menu using selector: div[aria-label="Menu"]
2025-11-10 00:56:06,468 - INFO - Found chat_list using selector: #pane-side
2025-11-10 00:56:06,484 - INFO - Found message_input using selector: div[contenteditable="true"]
2025-11-10 00:56:08,547 - INFO - Found main_area using selector: #main
2025-11-10 00:56:08,547 - INFO - WhatsApp readiness probe found selectors: [('menu', 'div[aria-label="Menu"]'), ('chat_list', '#pane-side'), ('message_input', 'div[contenteditable="true"]'), ('main_area', '#main')]
2025-11-10 00:56:08,547 - INFO - WhatsApp Web interface appears ready
2025-11-10 00:56:08,547 - INFO - WhatsApp Web loaded successfully after 11s
2025-11-10 00:56:08,867 - INFO - Starting to send existing invitations to 1 contacts...
2025-11-10 00:56:08,868 - INFO - Sending 1/1: આલાભાઇ મુંજાભાઇ કાંબલીયા 
2025-11-10 00:56:18,321 - INFO - Found menu using selector: div[aria-label="Menu"]
2025-11-10 00:56:20,370 - INFO - Found chat_list using selector: #pane-side
2025-11-10 00:56:20,383 - INFO - Found message_input using selector: div[contenteditable="true"]
2025-11-10 00:56:22,430 - INFO - Found main_area using selector: #main
2025-11-10 00:56:22,430 - INFO - WhatsApp readiness probe found selectors: [('menu', 'div[aria-label="Menu"]'), ('chat_list', '#pane-side'), ('message_input', 'div[contenteditable="true"]'), ('main_area', '#main')]
2025-11-10 00:56:22,431 - INFO - WhatsApp Web interface appears ready
2025-11-10 00:57:05,949 - INFO - Attached file: D:\WorkflowAuto\Invitation\invitations\invitation_આલાભાઇ_મુંજાભાઇ_કાંબલીયા.pdf
2025-11-10 00:57:13,853 - INFO - Outgoing message appeared in chat
2025-11-10 00:57:13,889 - INFO - ✓ Message delivery confirmed (double-tick)
2025-11-10 00:57:15,890 - INFO - ✓ Sent to આલાભાઇ મુંજાભાઇ કાંબલીયા 
2025-11-10 00:57:17,917 - WARNING - Permission denied saving contacts.xlsx; saved statuses to contacts_with_status_1762716437.xlsx instead
2025-11-10 00:57:17,917 - INFO - Completed sending: 1/1 sent
2025-11-10 00:57:54,694 - INFO - Starting WebDriver initialization...
2025-11-10 00:57:58,363 - INFO - Chrome browser launched
2025-11-10 00:57:58,369 - INFO - Browser window maximized
2025-11-10 00:57:58,369 - INFO - Loading WhatsApp Web...
2025-11-10 00:57:59,809 - INFO - Checking WhatsApp Web status (attempt 1/3)...
2025-11-10 00:58:08,360 - INFO - Found menu using selector: div[aria-label="Menu"]
2025-11-10 00:58:10,464 - INFO - Found chat_list using selector: #pane-side
2025-11-10 00:58:10,493 - INFO - Found message_input using selector: div[contenteditable="true"]
2025-11-10 00:58:12,581 - INFO - Found main_area using selector: #main
2025-11-10 00:58:12,581 - INFO - WhatsApp readiness probe found selectors: [('menu', 'div[aria-label="Menu"]'), ('chat_list', '#pane-side'), ('message_input', 'div[contenteditable="true"]'), ('main_area', '#main')]
2025-11-10 00:58:12,582 - INFO - WhatsApp Web interface appears ready
2025-11-10 00:58:12,582 - INFO - WhatsApp Web loaded successfully after 12s
2025-11-10 00:58:13,013 - INFO - Starting to send existing invitations to 1 contacts...
2025-11-10 00:58:13,015 - INFO - Sending 1/1: આલાભાઇ મુંજાભાઇ કાંબલીયા 
2025-11-10 00:58:22,779 - INFO - Found menu using selector: div[aria-label="Menu"]
2025-11-10 00:58:24,828 - INFO - Found chat_list using selector: #pane-side
2025-11-10 00:58:24,841 - INFO - Found message_input using selector: div[contenteditable="true"]
2025-11-10 00:58:26,890 - INFO - Found main_area using selector: #main
2025-11-10 00:58:26,890 - INFO - WhatsApp readiness probe found selectors: [('menu', 'div[aria-label="Menu"]'), ('chat_list', '#pane-side'), ('message_input', 'div[contenteditable="true"]'), ('main_area', '#main')]
2025-11-10 00:58:26,890 - INFO - WhatsApp Web interface appears ready
2025-11-10 00:59:10,279 - INFO - Attached file: D:\WorkflowAuto\Invitation\invitations\invitation_આલાભાઇ_મુંજાભાઇ_કાંબલીયા.pdf
2025-11-10 00:59:18,229 - INFO - Outgoing message appeared in chat
2025-11-10 00:59:18,261 - INFO - ✓ Message delivery confirmed (double-tick)
2025-11-10 00:59:20,262 - INFO - ✓ Sent to આલાભાઇ મુંજાભાઇ કાંબલીયા 
2025-11-10 00:59:22,282 - WARNING - Permission denied saving contacts.xlsx; saved statuses to contacts_with_status_1762716562.xlsx instead
2025-11-10 00:59:22,282 - INFO - Completed sending: 1/1 sent
2025-11-10 01:00:27,091 - INFO - Starting WebDriver initialization...
2025-11-10 01:00:30,511 - INFO - Chrome browser launched
2025-11-10 01:00:30,518 - INFO - Browser window maximized
2025-11-10 01:00:30,518 - INFO - Loading WhatsApp Web...
2025-11-10 01:00:31,765 - INFO - Checking WhatsApp Web status (attempt 1/3)...
2025-11-10 01:00:40,377 - INFO - Found menu using selector: div[aria-label="Menu"]
2025-11-10 01:00:42,447 - INFO - Found chat_list using selector: #pane-side
2025-11-10 01:00:42,463 - INFO - Found message_input using selector: div[contenteditable="true"]
2025-11-10 01:00:44,586 - INFO - Found main_area using selector: #main
2025-11-10 01:00:44,586 - INFO - WhatsApp readiness probe found selectors: [('menu', 'div[aria-label="Menu"]'), ('chat_list', '#pane-side'), ('message_input', 'div[contenteditable="true"]'), ('main_area', '#main')]
2025-11-10 01:00:44,586 - INFO - WhatsApp Web interface appears ready
2025-11-10 01:00:44,586 - INFO - WhatsApp Web loaded successfully after 12s
2025-11-10 01:00:44,856 - INFO - Starting to send existing invitations to 1 contacts...
2025-11-10 01:00:44,856 - INFO - Sending 1/1: આલાભાઇ મુંજાભાઇ કાંબલીયા 
2025-11-10 01:00:54,610 - INFO - Found menu using selector: div[aria-label="Menu"]
2025-11-10 01:00:56,684 - INFO - Found chat_list using selector: #pane-side
2025-11-10 01:00:56,695 - INFO - Found message_input using selector: div[contenteditable="true"]
2025-11-10 01:00:58,754 - INFO - Found main_area using selector: #main
2025-11-10 01:00:58,754 - INFO - WhatsApp readiness probe found selectors: [('menu', 'div[aria-label="Menu"]'), ('chat_list', '#pane-side'), ('message_input', 'div[contenteditable="true"]'), ('main_area', '#main')]
2025-11-10 01:00:58,755 - INFO - WhatsApp Web interface appears ready
2025-11-10 01:01:42,024 - INFO - Attached file: D:\WorkflowAuto\Invitation\invitations\invitation_આલાભાઇ_મુંજાભાઇ_કાંબલીયા.pdf
2025-11-10 01:01:49,872 - INFO - Outgoing message appeared in chat
2025-11-10 01:01:49,905 - INFO - ✓ Message delivery confirmed (double-tick)
2025-11-10 01:01:51,905 - INFO - ✓ Sent to આલાભાઇ મુંજાભાઇ કાંબલીયા 
2025-11-10 01:01:53,933 - WARNING - Permission denied saving contacts.xlsx; saved statuses to contacts_with_status_1762716713.xlsx instead
2025-11-10 01:01:53,934 - INFO - Completed sending: 1/1 sent
2025-11-10 01:02:25,338 - INFO - Starting WebDriver initialization...
2025-11-10 01:02:29,223 - INFO - Chrome browser launched
2025-11-10 01:02:29,262 - INFO - Browser window maximized
2025-11-10 01:02:29,265 - INFO - Loading WhatsApp Web...
2025-11-10 01:02:31,151 - INFO - Checking WhatsApp Web status (attempt 1/3)...
2025-11-10 01:02:38,961 - INFO - Found menu using selector: div[aria-label="Menu"]
2025-11-10 01:02:41,033 - INFO - Found chat_list using selector: #pane-side
2025-11-10 01:02:41,054 - INFO - Found message_input using selector: div[contenteditable="true"]
2025-11-10 01:02:43,219 - INFO - Found main_area using selector: #main
2025-11-10 01:02:43,220 - INFO - WhatsApp readiness probe found selectors: [('menu', 'div[aria-label="Menu"]'), ('chat_list', '#pane-side'), ('message_input', 'div[contenteditable="true"]'), ('main_area', '#main')]
2025-11-10 01:02:43,220 - INFO - WhatsApp Web interface appears ready
2025-11-10 01:02:43,221 - INFO - WhatsApp Web loaded successfully after 12s
2025-11-10 01:02:43,498 - INFO - Starting to send existing invitations to 1 contacts...
2025-11-10 01:02:43,499 - INFO - Sending 1/1: આલાભાઇ મુંજાભાઇ કાંબલીયા 
2025-11-10 01:02:52,435 - INFO - Found menu using selector: div[aria-label="Menu"]
2025-11-10 01:02:54,508 - INFO - Found chat_list using selector: #pane-side
2025-11-10 01:02:54,532 - INFO - Found message_input using selector: div[contenteditable="true"]
2025-11-10 01:02:56,582 - INFO - Found main_area using selector: #main
2025-11-10 01:02:56,582 - INFO - WhatsApp readiness probe found selectors: [('menu', 'div[aria-label="Menu"]'), ('chat_list', '#pane-side'), ('message_input', 'div[contenteditable="true"]'), ('main_area', '#main')]
2025-11-10 01:02:56,582 - INFO - WhatsApp Web interface appears ready
2025-11-10 01:03:39,592 - INFO - Attached file: D:\WorkflowAuto\Invitation\invitations\invitation_આલાભાઇ_મુંજાભાઇ_કાંબલીયા.pdf
2025-11-10 01:03:47,383 - INFO - Outgoing message appeared in chat
2025-11-10 01:03:47,427 - INFO - ✓ Message delivery confirmed (double-tick)
2025-11-10 01:03:49,428 - INFO - ✓ Sent to આલાભાઇ મુંજાભાઇ કાંબલીયા 
2025-11-10 01:03:51,456 - WARNING - Permission denied saving contacts.xlsx; saved statuses to contacts_with_status_1762716831.xlsx instead
2025-11-10 01:03:51,457 - INFO - Completed sending: 1/1 sent
2025-11-10 01:05:12,530 - INFO - Starting WebDriver initialization...
2025-11-10 01:05:15,930 - INFO - Chrome browser launched
2025-11-10 01:05:15,944 - INFO - Browser window maximized
2025-11-10 01:05:15,950 - INFO - Loading WhatsApp Web...
2025-11-10 01:05:17,201 - INFO - Checking WhatsApp Web status (attempt 1/3)...
2025-11-10 01:05:24,712 - INFO - Found menu using selector: div[aria-label="Menu"]
2025-11-10 01:05:26,829 - INFO - Found chat_list using selector: #pane-side
2025-11-10 01:05:26,871 - INFO - Found message_input using selector: div[contenteditable="true"]
2025-11-10 01:05:28,938 - INFO - Found main_area using selector: #main
2025-11-10 01:05:28,938 - INFO - WhatsApp readiness probe found selectors: [('menu', 'div[aria-label="Menu"]'), ('chat_list', '#pane-side'), ('message_input', 'div[contenteditable="true"]'), ('main_area', '#main')]
2025-11-10 01:05:28,939 - INFO - WhatsApp Web interface appears ready
2025-11-10 01:05:28,939 - INFO - WhatsApp Web loaded successfully after 11s
2025-11-10 01:05:29,204 - INFO - Starting to send existing invitations to 377 contacts...
2025-11-10 01:05:29,204 - INFO - Sending 1/377: આલાભાઇ મુંજાભાઇ કાંબલીયા 
2025-11-10 01:05:39,050 - INFO - Found menu using selector: div[aria-label="Menu"]
2025-11-10 01:05:41,108 - INFO - Found chat_list using selector: #pane-side
2025-11-10 01:05:41,118 - INFO - Found message_input using selector: div[contenteditable="true"]
2025-11-10 01:05:43,189 - INFO - Found main_area using selector: #main
2025-11-10 01:05:43,189 - INFO - WhatsApp readiness probe found selectors: [('menu', 'div[aria-label="Menu"]'), ('chat_list', '#pane-side'), ('message_input', 'div[contenteditable="true"]'), ('main_area', '#main')]
2025-11-10 01:05:43,189 - INFO - WhatsApp Web interface appears ready
2025-11-10 01:06:26,244 - INFO - Attached file: D:\WorkflowAuto\Invitation\invitations\invitation_આલાભાઇ_મુંજાભાઇ_કાંબલીયા.pdf
2025-11-10 01:06:34,635 - INFO - Outgoing message appeared in chat
2025-11-10 01:06:35,658 - INFO - ✓ Single-tick detected - message sent to server/client (accepted)
2025-11-10 01:06:37,660 - INFO - ✓ Sent to આલાભાઇ મુંજાભાઇ કાંબલીયા 
2025-11-10 01:06:39,671 - INFO - Sending 2/377: વીંછી જગમાલભાઇ 
2025-11-10 01:06:49,198 - INFO - Found menu using selector: div[aria-label="Menu"]
2025-11-10 01:06:51,260 - INFO - Found chat_list using selector: #pane-side
2025-11-10 01:06:51,275 - INFO - Found message_input using selector: div[contenteditable="true"]
2025-11-10 01:06:53,339 - INFO - Found main_area using selector: #main
2025-11-10 01:06:53,340 - INFO - WhatsApp readiness probe found selectors: [('menu', 'div[aria-label="Menu"]'), ('chat_list', '#pane-side'), ('message_input', 'div[contenteditable="true"]'), ('main_area', '#main')]
2025-11-10 01:06:53,340 - INFO - WhatsApp Web interface appears ready
2025-11-10 01:07:36,347 - INFO - Attached file: D:\WorkflowAuto\Invitation\invitations\invitation_વીંછી_જગમાલભાઇ.pdf
2025-11-10 01:07:44,733 - INFO - Outgoing message appeared in chat
2025-11-10 01:07:57,387 - INFO - ✓ Single-tick detected - message sent to server/client (accepted)
2025-11-10 01:07:59,388 - INFO - ✓ Sent to વીંછી જગમાલભાઇ 
2025-11-10 01:08:01,389 - INFO - Sending 3/377: વીંછી મેણશીભાઇ
2025-11-10 01:08:10,452 - INFO - Found menu using selector: div[aria-label="Menu"]
2025-11-10 01:08:12,517 - INFO - Found chat_list using selector: #pane-side
2025-11-10 01:08:12,537 - INFO - Found message_input using selector: div[contenteditable="true"]
2025-11-10 01:08:14,601 - INFO - Found main_area using selector: #main
2025-11-10 01:08:14,601 - INFO - WhatsApp readiness probe found selectors: [('menu', 'div[aria-label="Menu"]'), ('chat_list', '#pane-side'), ('message_input', 'div[contenteditable="true"]'), ('main_area', '#main')]
2025-11-10 01:08:14,601 - INFO - WhatsApp Web interface appears ready
2025-11-10 01:08:57,617 - INFO - Attached file: D:\WorkflowAuto\Invitation\invitations\invitation_વીંછી_મેણશીભાઇ.pdf
2025-11-10 01:09:05,888 - INFO - Outgoing message appeared in chat
2025-11-10 01:09:11,870 - INFO - ✓ Single-tick detected - message sent to server/client (accepted)
2025-11-10 01:09:13,871 - INFO - ✓ Sent to વીંછી મેણશીભાઇ
2025-11-10 01:09:15,872 - INFO - Sending 4/377: કાંબલીયા મેરામણભાઇ 
2025-11-10 01:09:24,786 - INFO - Found menu using selector: div[aria-label="Menu"]
2025-11-10 01:09:26,851 - INFO - Found chat_list using selector: #pane-side
2025-11-10 01:09:26,865 - INFO - Found message_input using selector: div[contenteditable="true"]
2025-11-10 01:09:33,065 - INFO - WhatsApp readiness probe found selectors: [('menu', 'div[aria-label="Menu"]'), ('chat_list', '#pane-side'), ('message_input', 'div[contenteditable="true"]')]
2025-11-10 01:09:33,071 - INFO - WhatsApp Web interface appears ready
2025-11-10 01:13:56,794 - INFO - Starting WebDriver initialization...
2025-11-10 01:13:59,914 - INFO - Chrome browser launched
2025-11-10 01:13:59,961 - INFO - Browser window maximized
2025-11-10 01:13:59,962 - INFO - Loading WhatsApp Web...
2025-11-10 01:14:01,342 - INFO - Checking WhatsApp Web status (attempt 1/3)...
2025-11-10 01:14:10,250 - INFO - Found menu using selector: div[aria-label="Menu"]
2025-11-10 01:14:12,311 - INFO - Found chat_list using selector: #pane-side
2025-11-10 01:14:12,330 - INFO - Found message_input using selector: div[contenteditable="true"]
2025-11-10 01:14:14,438 - INFO - Found main_area using selector: #main
2025-11-10 01:14:14,438 - INFO - WhatsApp readiness probe found selectors: [('menu', 'div[aria-label="Menu"]'), ('chat_list', '#pane-side'), ('message_input', 'div[contenteditable="true"]'), ('main_area', '#main')]
2025-11-10 01:14:14,438 - INFO - WhatsApp Web interface appears ready
2025-11-10 01:14:14,438 - INFO - WhatsApp Web loaded successfully after 13s
2025-11-10 01:14:14,923 - INFO - Starting to send existing invitations to 1 contacts...
2025-11-10 01:14:14,924 - INFO - Sending 1/1: કાંબલીયા મેરામણભાઇ 
2025-11-10 01:14:24,606 - INFO - Found menu using selector: div[aria-label="Menu"]
2025-11-10 01:14:26,699 - INFO - Found chat_list using selector: #pane-side
2025-11-10 01:14:26,844 - INFO - Found message_input using selector: div[contenteditable="true"]
2025-11-10 01:14:33,040 - INFO - WhatsApp readiness probe found selectors: [('menu', 'div[aria-label="Menu"]'), ('chat_list', '#pane-side'), ('message_input', 'div[contenteditable="true"]')]
2025-11-10 01:14:33,040 - INFO - WhatsApp Web interface appears ready
2025-11-10 01:15:13,541 - ERROR - Chat failed to load
2025-11-10 01:15:13,567 - WARNING - X Not sent to કાંબલીયા મેરામણભાઇ 
2025-11-10 01:15:15,607 - WARNING - Permission denied saving contacts.xlsx; saved statuses to contacts_with_status_1762717515.xlsx instead
2025-11-10 01:15:15,608 - INFO - Completed sending: 0/1 sent
2025-11-10 01:16:16,153 - INFO - Starting WebDriver initialization...
2025-11-10 01:16:19,473 - INFO - Chrome browser launched
2025-11-10 01:16:19,581 - INFO - Browser window maximized
2025-11-10 01:16:19,582 - INFO - Loading WhatsApp Web...
2025-11-10 01:16:20,770 - INFO - Checking WhatsApp Web status (attempt 1/3)...
2025-11-10 01:16:27,922 - INFO - Found menu using selector: div[aria-label="Menu"]
2025-11-10 01:16:30,015 - INFO - Found chat_list using selector: #pane-side
2025-11-10 01:16:30,041 - INFO - Found message_input using selector: div[contenteditable="true"]
2025-11-10 01:16:32,152 - INFO - Found main_area using selector: #main
2025-11-10 01:16:32,152 - INFO - WhatsApp readiness probe found selectors: [('menu', 'div[aria-label="Menu"]'), ('chat_list', '#pane-side'), ('message_input', 'div[contenteditable="true"]'), ('main_area', '#main')]
2025-11-10 01:16:32,153 - INFO - WhatsApp Web interface appears ready
2025-11-10 01:16:32,153 - INFO - WhatsApp Web loaded successfully after 11s
2025-11-10 01:16:32,434 - INFO - Starting to send existing invitations to 374 contacts...
2025-11-10 01:16:32,434 - INFO - Sending 1/374: કાંબલીયા મેરામણભાઇ 
2025-11-10 01:16:41,355 - INFO - Found menu using selector: div[aria-label="Menu"]
2025-11-10 01:16:43,411 - INFO - Found chat_list using selector: #pane-side
2025-11-10 01:16:43,424 - INFO - Found message_input using selector: div[contenteditable="true"]
2025-11-10 01:16:49,605 - INFO - WhatsApp readiness probe found selectors: [('menu', 'div[aria-label="Menu"]'), ('chat_list', '#pane-side'), ('message_input', 'div[contenteditable="true"]')]
2025-11-10 01:16:49,606 - INFO - WhatsApp Web interface appears ready
2025-11-10 01:17:29,882 - ERROR - Chat failed to load
2025-11-10 01:17:29,899 - WARNING - X Not sent to કાંબલીયા મેરામણભાઇ 
2025-11-10 01:17:31,901 - INFO - Sending 2/374: કાંબલીયા દેશુરભાઇ 
2025-11-10 01:17:40,714 - INFO - Found menu using selector: div[aria-label="Menu"]
2025-11-10 01:17:42,825 - INFO - Found chat_list using selector: #pane-side
2025-11-10 01:17:42,890 - INFO - Found message_input using selector: div[contenteditable="true"]
2025-11-10 01:17:44,950 - INFO - Found main_area using selector: #main
2025-11-10 01:17:44,950 - INFO - WhatsApp readiness probe found selectors: [('menu', 'div[aria-label="Menu"]'), ('chat_list', '#pane-side'), ('message_input', 'div[contenteditable="true"]'), ('main_area', '#main')]
2025-11-10 01:17:44,950 - INFO - WhatsApp Web interface appears ready
2025-11-10 01:18:38,198 - INFO - Attached file: D:\WorkflowAuto\Invitation\invitations\invitation_કાંબલીયા_દેશુરભાઇ.pdf
2025-11-10 01:18:46,582 - INFO - Outgoing message appeared in chat
2025-11-10 01:19:00,120 - INFO - ✓ Single-tick detected - message sent to server/client (accepted)
2025-11-10 01:19:02,136 - INFO - ✓ Sent to કાંબલીયા દેશુરભાઇ 
2025-11-10 01:19:04,138 - INFO - Sending 3/374: વીંછી દેવાભાઇ 
2025-11-10 01:19:14,974 - INFO - Found menu using selector: div[aria-label="Menu"]
2025-11-10 01:19:17,038 - INFO - Found chat_list using selector: #pane-side
2025-11-10 01:19:17,053 - INFO - Found message_input using selector: div[contenteditable="true"]
2025-11-10 01:19:19,114 - INFO - Found main_area using selector: #main
2025-11-10 01:19:19,114 - INFO - WhatsApp readiness probe found selectors: [('menu', 'div[aria-label="Menu"]'), ('chat_list', '#pane-side'), ('message_input', 'div[contenteditable="true"]'), ('main_area', '#main')]
2025-11-10 01:19:19,114 - INFO - WhatsApp Web interface appears ready
2025-11-10 01:20:12,589 - INFO - Attached file: D:\WorkflowAuto\Invitation\invitations\invitation_વીંછી_દેવાભાઇ.pdf
2025-11-10 01:20:20,893 - INFO - Outgoing message appeared in chat
2025-11-10 01:20:36,473 - INFO - ✓ Single-tick detected - message sent to server/client (accepted)
2025-11-10 01:20:38,494 - INFO - ✓ Sent to વીંછી દેવાભાઇ 
2025-11-10 01:20:40,496 - INFO - Sending 4/374: ભાદરકા દેવાયતભાઇ 
2025-11-10 01:20:49,848 - INFO - Found menu using selector: div[aria-label="Menu"]
2025-11-10 01:20:51,908 - INFO - Found chat_list using selector: #pane-side
2025-11-10 01:20:51,926 - INFO - Found message_input using selector: div[contenteditable="true"]
2025-11-10 01:20:54,011 - INFO - Found main_area using selector: #main
2025-11-10 01:20:54,012 - INFO - WhatsApp readiness probe found selectors: [('menu', 'div[aria-label="Menu"]'), ('chat_list', '#pane-side'), ('message_input', 'div[contenteditable="true"]'), ('main_area', '#main')]
2025-11-10 01:20:54,012 - INFO - WhatsApp Web interface appears ready
2025-11-10 01:21:47,174 - INFO - Attached file: D:\WorkflowAuto\Invitation\invitations\invitation_ભાદરકા_દેવાયતભાઇ.pdf
2025-11-10 01:21:55,518 - INFO - Outgoing message appeared in chat
2025-11-10 01:22:08,188 - INFO - ✓ Single-tick detected - message sent to server/client (accepted)
2025-11-10 01:22:10,221 - INFO - ✓ Sent to ભાદરકા દેવાયતભાઇ 
2025-11-10 01:22:12,222 - INFO - Sending 5/374: નાઘેરા ગોપાલભાઇ પોલાભાઇ 
2025-11-10 01:22:21,905 - INFO - Found menu using selector: div[aria-label="Menu"]
2025-11-10 01:22:23,964 - INFO - Found chat_list using selector: #pane-side
2025-11-10 01:22:23,980 - INFO - Found message_input using selector: div[contenteditable="true"]
2025-11-10 01:22:26,042 - INFO - Found main_area using selector: #main
2025-11-10 01:22:26,043 - INFO - WhatsApp readiness probe found selectors: [('menu', 'div[aria-label="Menu"]'), ('chat_list', '#pane-side'), ('message_input', 'div[contenteditable="true"]'), ('main_area', '#main')]
2025-11-10 01:22:26,043 - INFO - WhatsApp Web interface appears ready
2025-11-10 01:23:19,440 - INFO - Attached file: D:\WorkflowAuto\Invitation\invitations\invitation_નાઘેરા_ગોપાલભાઇ_પોલાભાઇ.pdf
2025-11-10 01:23:27,904 - INFO - Outgoing message appeared in chat
2025-11-10 01:23:41,446 - INFO - ✓ Single-tick detected - message sent to server/client (accepted)
2025-11-10 01:23:43,463 - INFO - ✓ Sent to નાઘેરા ગોપાલભાઇ પોલાભાઇ 
2025-11-10 01:23:45,464 - INFO - Sending 6/374: રામ યશવંતભાઇ 
2025-11-10 01:23:55,302 - INFO - Found menu using selector: div[aria-label="Menu"]
2025-11-10 01:23:57,363 - INFO - Found chat_list using selector: #pane-side
2025-11-10 01:23:57,379 - INFO - Found message_input using selector: div[contenteditable="true"]
2025-11-10 01:23:59,450 - INFO - Found main_area using selector: #main
2025-11-10 01:23:59,450 - INFO - WhatsApp readiness probe found selectors: [('menu', 'div[aria-label="Menu"]'), ('chat_list', '#pane-side'), ('message_input', 'div[contenteditable="true"]'), ('main_area', '#main')]
2025-11-10 01:23:59,451 - INFO - WhatsApp Web interface appears ready
2025-11-10 01:24:52,761 - INFO - Attached file: D:\WorkflowAuto\Invitation\invitations\invitation_રામ_યશવંતભાઇ.pdf
2025-11-10 01:25:01,124 - INFO - Outgoing message appeared in chat
2025-11-10 01:25:06,377 - INFO - ✓ Single-tick detected - message sent to server/client (accepted)
2025-11-10 01:25:08,393 - INFO - ✓ Sent to રામ યશવંતભાઇ 
2025-11-10 01:25:10,394 - INFO - Sending 7/374: ઇભુભાઇ ગેરેજ 
2025-11-10 01:25:19,883 - INFO - Found menu using selector: div[aria-label="Menu"]
2025-11-10 01:25:21,941 - INFO - Found chat_list using selector: #pane-side
2025-11-10 01:25:21,960 - INFO - Found message_input using selector: div[contenteditable="true"]
2025-11-10 01:25:28,102 - INFO - WhatsApp readiness probe found selectors: [('menu', 'div[aria-label="Menu"]'), ('chat_list', '#pane-side'), ('message_input', 'div[contenteditable="true"]')]
2025-11-10 01:25:28,103 - INFO - WhatsApp Web interface appears ready
2025-11-10 01:26:08,368 - ERROR - Chat failed to load
2025-11-10 01:26:08,384 - WARNING - X Not sent to ઇભુભાઇ ગેરેજ 
2025-11-10 01:26:10,385 - INFO - Sending 8/374: ઇભુભાઇ ગેરેજ 
2025-11-10 01:26:19,710 - INFO - Found menu using selector: div[aria-label="Menu"]
2025-11-10 01:26:21,774 - INFO - Found chat_list using selector: #pane-side
2025-11-10 01:26:21,786 - INFO - Found message_input using selector: div[contenteditable="true"]
2025-11-10 01:26:23,839 - INFO - Found main_area using selector: #main
2025-11-10 01:26:23,839 - INFO - WhatsApp readiness probe found selectors: [('menu', 'div[aria-label="Menu"]'), ('chat_list', '#pane-side'), ('message_input', 'div[contenteditable="true"]'), ('main_area', '#main')]
2025-11-10 01:26:23,839 - INFO - WhatsApp Web interface appears ready
2025-11-10 01:27:16,992 - INFO - Attached file: D:\WorkflowAuto\Invitation\invitations\invitation_ઇભુભાઇ_ગેરેજ.pdf
2025-11-10 01:27:25,290 - INFO - Outgoing message appeared in chat
2025-11-10 01:27:37,776 - INFO - ✓ Single-tick detected - message sent to server/client (accepted)
2025-11-10 01:27:39,796 - INFO - ✓ Sent to ઇભુભાઇ ગેરેજ 
2025-11-10 01:27:41,796 - INFO - Sending 9/374: રાકેશ શેઠ 
2025-11-10 01:27:51,225 - INFO - Found menu using selector: div[aria-label="Menu"]
2025-11-10 01:27:53,284 - INFO - Found chat_list using selector: #pane-side
2025-11-10 01:27:53,298 - INFO - Found message_input using selector: div[contenteditable="true"]
2025-11-10 01:27:55,355 - INFO - Found main_area using selector: #main
2025-11-10 01:27:55,355 - INFO - WhatsApp readiness probe found selectors: [('menu', 'div[aria-label="Menu"]'), ('chat_list', '#pane-side'), ('message_input', 'div[contenteditable="true"]'), ('main_area', '#main')]
2025-11-10 01:27:55,355 - INFO - WhatsApp Web interface appears ready
2025-11-10 01:28:48,666 - INFO - Attached file: D:\WorkflowAuto\Invitation\invitations\invitation_રાકેશ_શેઠ.pdf
2025-11-10 01:28:56,937 - INFO - Outgoing message appeared in chat
2025-11-10 01:29:02,078 - INFO - ✓ Single-tick detected - message sent to server/client (accepted)
2025-11-10 01:29:04,094 - INFO - ✓ Sent to રાકેશ શેઠ 
2025-11-10 01:29:06,095 - INFO - Sending 10/374: કાંબલીયા નીરૂબેન 
2025-11-10 01:29:15,814 - INFO - Found menu using selector: div[aria-label="Menu"]
2025-11-10 01:29:17,869 - INFO - Found chat_list using selector: #pane-side
2025-11-10 01:29:17,885 - INFO - Found message_input using selector: div[contenteditable="true"]
2025-11-10 01:29:19,942 - INFO - Found main_area using selector: #main
2025-11-10 01:29:19,942 - INFO - WhatsApp readiness probe found selectors: [('menu', 'div[aria-label="Menu"]'), ('chat_list', '#pane-side'), ('message_input', 'div[contenteditable="true"]'), ('main_area', '#main')]
2025-11-10 01:29:19,942 - INFO - WhatsApp Web interface appears ready
2025-11-10 01:30:13,216 - INFO - Attached file: D:\WorkflowAuto\Invitation\invitations\invitation_કાંબલીયા_નીરૂબેન.pdf
2025-11-10 01:30:21,627 - INFO - Outgoing message appeared in chat
2025-11-10 01:30:27,990 - INFO - ✓ Single-tick detected - message sent to server/client (accepted)
2025-11-10 01:30:30,009 - INFO - ✓ Sent to કાંબલીયા નીરૂબેન 
2025-11-10 01:30:32,010 - INFO - Sending 11/374: જાદવ વીપુલભાઇ 
2025-11-10 01:30:41,678 - INFO - Found menu using selector: div[aria-label="Menu"]
2025-11-10 01:30:43,747 - INFO - Found chat_list using selector: #pane-side
2025-11-10 01:30:43,762 - INFO - Found message_input using selector: div[contenteditable="true"]
2025-11-10 01:30:45,861 - INFO - Found main_area using selector: #main
2025-11-10 01:30:45,861 - INFO - WhatsApp readiness probe found selectors: [('menu', 'div[aria-label="Menu"]'), ('chat_list', '#pane-side'), ('message_input', 'div[contenteditable="true"]'), ('main_area', '#main')]
2025-11-10 01:30:45,862 - INFO - WhatsApp Web interface appears ready
2025-11-10 01:31:39,086 - INFO - Attached file: D:\WorkflowAuto\Invitation\invitations\invitation_જાદવ_વીપુલભાઇ.pdf
2025-11-10 01:31:47,501 - INFO - Outgoing message appeared in chat
2025-11-10 01:31:53,029 - INFO - ✓ Single-tick detected - message sent to server/client (accepted)
2025-11-10 01:31:55,051 - INFO - ✓ Sent to જાદવ વીપુલભાઇ 
2025-11-10 01:31:57,052 - INFO - Sending 12/374: કાંબલીયા ગંગદાસભાઇ 
2025-11-10 01:32:06,118 - INFO - Found menu using selector: div[aria-label="Menu"]
2025-11-10 01:32:08,176 - INFO - Found chat_list using selector: #pane-side
2025-11-10 01:32:08,193 - INFO - Found message_input using selector: div[contenteditable="true"]
2025-11-10 01:32:14,330 - INFO - WhatsApp readiness probe found selectors: [('menu', 'div[aria-label="Menu"]'), ('chat_list', '#pane-side'), ('message_input', 'div[contenteditable="true"]')]
2025-11-10 01:32:14,330 - INFO - WhatsApp Web interface appears ready
2025-11-10 01:32:54,727 - ERROR - Chat failed to load
2025-11-10 01:32:54,743 - WARNING - X Not sent to કાંબલીયા ગંગદાસભાઇ 
2025-11-10 01:32:56,744 - INFO - Sending 13/374: કાંબલીયા ગંગદાસભાઇ 
2025-11-10 01:33:05,765 - INFO - Found menu using selector: div[aria-label="Menu"]
2025-11-10 01:33:07,815 - INFO - Found chat_list using selector: #pane-side
2025-11-10 01:33:07,828 - INFO - Found message_input using selector: div[contenteditable="true"]
2025-11-10 01:33:09,893 - INFO - Found main_area using selector: #main
2025-11-10 01:33:09,893 - INFO - WhatsApp readiness probe found selectors: [('menu', 'div[aria-label="Menu"]'), ('chat_list', '#pane-side'), ('message_input', 'div[contenteditable="true"]'), ('main_area', '#main')]
2025-11-10 01:33:09,894 - INFO - WhatsApp Web interface appears ready
2025-11-10 01:34:03,397 - INFO - Attached file: D:\WorkflowAuto\Invitation\invitations\invitation_કાંબલીયા_ગંગદાસભાઇ.pdf
2025-11-10 01:34:11,713 - INFO - Outgoing message appeared in chat
2025-11-10 01:34:18,534 - INFO - ✓ Single-tick detected - message sent to server/client (accepted)
2025-11-10 01:34:20,554 - INFO - ✓ Sent to કાંબલીયા ગંગદાસભાઇ 
2025-11-10 01:34:22,555 - INFO - Sending 14/374: ભાદરકા કીશોરભાઇ 
2025-11-10 01:34:32,379 - INFO - Found menu using selector: div[aria-label="Menu"]
2025-11-10 01:34:34,477 - INFO - Found chat_list using selector: #pane-side
2025-11-10 01:34:34,494 - INFO - Found message_input using selector: div[contenteditable="true"]
2025-11-10 01:34:40,626 - INFO - WhatsApp readiness probe found selectors: [('menu', 'div[aria-label="Menu"]'), ('chat_list', '#pane-side'), ('message_input', 'div[contenteditable="true"]')]
2025-11-10 01:34:40,626 - INFO - WhatsApp Web interface appears ready
2025-11-10 01:35:20,956 - ERROR - Chat failed to load
2025-11-10 01:35:20,973 - WARNING - X Not sent to ભાદરકા કીશોરભાઇ 
2025-11-10 01:35:22,974 - INFO - Sending 15/374: કીશોરભાઇ રાધા રમણ 
2025-11-10 01:35:31,946 - INFO - Found menu using selector: div[aria-label="Menu"]
2025-11-10 01:35:34,083 - INFO - Found chat_list using selector: #pane-side
2025-11-10 01:35:34,097 - INFO - Found message_input using selector: div[contenteditable="true"]
2025-11-10 01:35:40,273 - INFO - WhatsApp readiness probe found selectors: [('menu', 'div[aria-label="Menu"]'), ('chat_list', '#pane-side'), ('message_input', 'div[contenteditable="true"]')]
2025-11-10 01:35:40,273 - INFO - WhatsApp Web interface appears ready
2025-11-10 01:36:20,947 - ERROR - Chat failed to load
2025-11-10 01:36:20,969 - WARNING - X Not sent to કીશોરભાઇ રાધા રમણ 
2025-11-10 01:36:22,970 - INFO - Sending 16/374: મેઘનાથી દીનેશભાઇ 
2025-11-10 01:36:32,575 - INFO - Found menu using selector: div[aria-label="Menu"]
2025-11-10 01:36:34,635 - INFO - Found chat_list using selector: #pane-side
2025-11-10 01:36:34,650 - INFO - Found message_input using selector: div[contenteditable="true"]
2025-11-10 01:36:36,763 - INFO - Found main_area using selector: #main
2025-11-10 01:36:36,763 - INFO - WhatsApp readiness probe found selectors: [('menu', 'div[aria-label="Menu"]'), ('chat_list', '#pane-side'), ('message_input', 'div[contenteditable="true"]'), ('main_area', '#main')]
2025-11-10 01:36:36,763 - INFO - WhatsApp Web interface appears ready
2025-11-10 01:37:29,987 - INFO - Attached file: D:\WorkflowAuto\Invitation\invitations\invitation_મેઘનાથી_દીનેશભાઇ.pdf
2025-11-10 01:37:38,370 - INFO - Outgoing message appeared in chat
2025-11-10 01:37:44,334 - INFO - ✓ Single-tick detected - message sent to server/client (accepted)
2025-11-10 01:37:46,352 - INFO - ✓ Sent to મેઘનાથી દીનેશભાઇ 
2025-11-10 01:37:48,353 - INFO - Sending 17/374: પીઠીયા હાજાભાઇ 
2025-11-10 01:37:57,320 - INFO - Found menu using selector: div[aria-label="Menu"]
2025-11-10 01:37:59,384 - INFO - Found chat_list using selector: #pane-side
2025-11-10 01:37:59,397 - INFO - Found message_input using selector: div[contenteditable="true"]
2025-11-10 01:38:01,591 - INFO - Found main_area using selector: #main
2025-11-10 01:38:01,592 - INFO - WhatsApp readiness probe found selectors: [('menu', 'div[aria-label="Menu"]'), ('chat_list', '#pane-side'), ('message_input', 'div[contenteditable="true"]'), ('main_area', '#main')]
2025-11-10 01:38:01,592 - INFO - WhatsApp Web interface appears ready
2025-11-10 01:38:55,043 - INFO - Attached file: D:\WorkflowAuto\Invitation\invitations\invitation_પીઠીયા_હાજાભાઇ.pdf
2025-11-10 01:39:03,415 - INFO - Outgoing message appeared in chat
2025-11-10 01:39:08,842 - INFO - ✓ Single-tick detected - message sent to server/client (accepted)
2025-11-10 01:39:10,858 - INFO - ✓ Sent to પીઠીયા હાજાભાઇ 
2025-11-10 01:39:12,859 - INFO - Sending 18/374: પીઠીયા હાજાભાઇ 
2025-11-10 01:39:22,995 - INFO - Found menu using selector: div[aria-label="Menu"]
2025-11-10 01:39:25,048 - INFO - Found chat_list using selector: #pane-side
2025-11-10 01:39:25,062 - INFO - Found message_input using selector: div[contenteditable="true"]
2025-11-10 01:39:27,118 - INFO - Found main_area using selector: #main
2025-11-10 01:39:27,118 - INFO - WhatsApp readiness probe found selectors: [('menu', 'div[aria-label="Menu"]'), ('chat_list', '#pane-side'), ('message_input', 'div[contenteditable="true"]'), ('main_area', '#main')]
2025-11-10 01:39:27,118 - INFO - WhatsApp Web interface appears ready
2025-11-10 01:40:20,483 - INFO - Attached file: D:\WorkflowAuto\Invitation\invitations\invitation_પીઠીયા_હાજાભાઇ.pdf
2025-11-10 01:40:28,918 - INFO - Outgoing message appeared in chat
2025-11-10 01:40:29,837 - INFO - ✓ Single-tick detected - message sent to server/client (accepted)
2025-11-10 01:40:31,855 - INFO - ✓ Sent to પીઠીયા હાજાભાઇ 
2025-11-10 01:40:33,855 - INFO - Sending 19/374: નાધેરા આશીષભાઇ
2025-11-10 01:40:44,019 - INFO - Found menu using selector: div[aria-label="Menu"]
2025-11-10 01:40:46,129 - INFO - Found chat_list using selector: #pane-side
2025-11-10 01:40:46,198 - INFO - Found message_input using selector: div[contenteditable="true"]
2025-11-10 01:40:48,255 - INFO - Found main_area using selector: #main
2025-11-10 01:40:48,255 - INFO - WhatsApp readiness probe found selectors: [('menu', 'div[aria-label="Menu"]'), ('chat_list', '#pane-side'), ('message_input', 'div[contenteditable="true"]'), ('main_area', '#main')]
2025-11-10 01:40:48,256 - INFO - WhatsApp Web interface appears ready
2025-11-10 01:41:41,505 - INFO - Attached file: D:\WorkflowAuto\Invitation\invitations\invitation_નાધેરા_આશીષભાઇ.pdf
2025-11-10 01:41:49,815 - INFO - Outgoing message appeared in chat
2025-11-10 01:41:59,322 - INFO - ✓ Single-tick detected - message sent to server/client (accepted)
2025-11-10 01:42:01,337 - INFO - ✓ Sent to નાધેરા આશીષભાઇ
2025-11-10 01:42:03,338 - INFO - Sending 20/374: ખોડભાયા જીતાભાઇ 
2025-11-10 01:42:12,892 - INFO - Found menu using selector: div[aria-label="Menu"]
2025-11-10 01:42:14,948 - INFO - Found chat_list using selector: #pane-side
2025-11-10 01:42:14,970 - INFO - Found message_input using selector: div[contenteditable="true"]
2025-11-10 01:42:17,029 - INFO - Found main_area using selector: #main
2025-11-10 01:42:17,029 - INFO - WhatsApp readiness probe found selectors: [('menu', 'div[aria-label="Menu"]'), ('chat_list', '#pane-side'), ('message_input', 'div[contenteditable="true"]'), ('main_area', '#main')]
2025-11-10 01:42:17,030 - INFO - WhatsApp Web interface appears ready
2025-11-10 01:43:10,556 - INFO - Attached file: D:\WorkflowAuto\Invitation\invitations\invitation_ખોડભાયા_જીતાભાઇ.pdf
2025-11-10 01:43:19,083 - INFO - Outgoing message appeared in chat
2025-11-10 01:43:24,442 - INFO - ✓ Single-tick detected - message sent to server/client (accepted)
2025-11-10 01:43:26,463 - INFO - ✓ Sent to ખોડભાયા જીતાભાઇ 
2025-11-10 01:43:28,464 - INFO - Sending 21/374: ટાંક પંકજભાઇ 
2025-11-10 01:43:38,422 - INFO - Found menu using selector: div[aria-label="Menu"]
2025-11-10 01:43:40,477 - INFO - Found chat_list using selector: #pane-side
2025-11-10 01:43:40,489 - INFO - Found message_input using selector: div[contenteditable="true"]
2025-11-10 01:43:42,552 - INFO - Found main_area using selector: #main
2025-11-10 01:43:42,553 - INFO - WhatsApp readiness probe found selectors: [('menu', 'div[aria-label="Menu"]'), ('chat_list', '#pane-side'), ('message_input', 'div[contenteditable="true"]'), ('main_area', '#main')]
2025-11-10 01:43:42,553 - INFO - WhatsApp Web interface appears ready
2025-11-10 01:44:35,761 - INFO - Attached file: D:\WorkflowAuto\Invitation\invitations\invitation_ટાંક_પંકજભાઇ.pdf
2025-11-10 01:44:44,115 - INFO - Outgoing message appeared in chat
2025-11-10 01:44:49,342 - INFO - ✓ Single-tick detected - message sent to server/client (accepted)
2025-11-10 01:44:51,366 - INFO - ✓ Sent to ટાંક પંકજભાઇ 
2025-11-10 01:44:53,367 - INFO - Sending 22/374: ઓઝા વીપુલભાઇ
2025-11-10 01:45:02,612 - INFO - Found menu using selector: div[aria-label="Menu"]
2025-11-10 01:45:04,707 - INFO - Found chat_list using selector: #pane-side
2025-11-10 01:45:04,721 - INFO - Found message_input using selector: div[contenteditable="true"]
2025-11-10 01:45:06,778 - INFO - Found main_area using selector: #main
2025-11-10 01:45:06,778 - INFO - WhatsApp readiness probe found selectors: [('menu', 'div[aria-label="Menu"]'), ('chat_list', '#pane-side'), ('message_input', 'div[contenteditable="true"]'), ('main_area', '#main')]
2025-11-10 01:45:06,779 - INFO - WhatsApp Web interface appears ready
2025-11-10 01:46:00,158 - INFO - Attached file: D:\WorkflowAuto\Invitation\invitations\invitation_ઓઝા_વીપુલભાઇ.pdf
2025-11-10 01:46:08,844 - INFO - Outgoing message appeared in chat
2025-11-10 01:46:19,798 - INFO - ✓ Single-tick detected - message sent to server/client (accepted)
2025-11-10 01:46:21,816 - INFO - ✓ Sent to ઓઝા વીપુલભાઇ
2025-11-10 01:46:23,817 - INFO - Sending 23/374: ડેર રીટાબેન 
2025-11-10 01:46:33,534 - INFO - Found menu using selector: div[aria-label="Menu"]
2025-11-10 01:46:35,600 - INFO - Found chat_list using selector: #pane-side
2025-11-10 01:46:35,621 - INFO - Found message_input using selector: div[contenteditable="true"]
2025-11-10 01:46:37,685 - INFO - Found main_area using selector: #main
2025-11-10 01:46:37,685 - INFO - WhatsApp readiness probe found selectors: [('menu', 'div[aria-label="Menu"]'), ('chat_list', '#pane-side'), ('message_input', 'div[contenteditable="true"]'), ('main_area', '#main')]
2025-11-10 01:46:37,685 - INFO - WhatsApp Web interface appears ready
2025-11-10 01:47:30,964 - INFO - Attached file: D:\WorkflowAuto\Invitation\invitations\invitation_ડેર_રીટાબેન.pdf
2025-11-10 01:47:39,396 - INFO - Outgoing message appeared in chat
2025-11-10 01:47:44,925 - INFO - ✓ Single-tick detected - message sent to server/client (accepted)
2025-11-10 01:47:46,945 - INFO - ✓ Sent to ડેર રીટાબેન 
2025-11-10 01:47:48,947 - INFO - Sending 24/374: રાવલીયા લીલાભાઇ 
2025-11-10 01:47:58,392 - INFO - Found menu using selector: div[aria-label="Menu"]
2025-11-10 01:48:00,448 - INFO - Found chat_list using selector: #pane-side
2025-11-10 01:48:00,460 - INFO - Found message_input using selector: div[contenteditable="true"]
2025-11-10 01:48:02,522 - INFO - Found main_area using selector: #main
2025-11-10 01:48:02,523 - INFO - WhatsApp readiness probe found selectors: [('menu', 'div[aria-label="Menu"]'), ('chat_list', '#pane-side'), ('message_input', 'div[contenteditable="true"]'), ('main_area', '#main')]
2025-11-10 01:48:02,523 - INFO - WhatsApp Web interface appears ready
2025-11-10 01:48:56,033 - INFO - Attached file: D:\WorkflowAuto\Invitation\invitations\invitation_રાવલીયા_લીલાભાઇ.pdf
2025-11-10 01:49:04,470 - INFO - Outgoing message appeared in chat
2025-11-10 01:49:10,618 - INFO - ✓ Single-tick detected - message sent to server/client (accepted)
2025-11-10 01:49:12,637 - INFO - ✓ Sent to રાવલીયા લીલાભાઇ 
2025-11-10 01:49:14,638 - INFO - Sending 25/374: રામ હીમીબેન 
2025-11-10 01:49:24,161 - INFO - Found menu using selector: div[aria-label="Menu"]
2025-11-10 01:49:26,222 - INFO - Found chat_list using selector: #pane-side
2025-11-10 01:49:26,242 - INFO - Found message_input using selector: div[contenteditable="true"]
2025-11-10 01:49:28,300 - INFO - Found main_area using selector: #main
2025-11-10 01:49:28,300 - INFO - WhatsApp readiness probe found selectors: [('menu', 'div[aria-label="Menu"]'), ('chat_list', '#pane-side'), ('message_input', 'div[contenteditable="true"]'), ('main_area', '#main')]
2025-11-10 01:49:28,301 - INFO - WhatsApp Web interface appears ready
2025-11-10 01:50:21,563 - INFO - Attached file: D:\WorkflowAuto\Invitation\invitations\invitation_રામ_હીમીબેન.pdf
2025-11-10 01:50:29,894 - INFO - Outgoing message appeared in chat
2025-11-10 01:50:40,901 - INFO - ✓ Single-tick detected - message sent to server/client (accepted)
2025-11-10 01:50:42,922 - INFO - ✓ Sent to રામ હીમીબેન 
2025-11-10 01:50:44,924 - INFO - Sending 26/374: સોલંકી પરેશભાઇ
2025-11-10 01:50:54,630 - INFO - Found menu using selector: div[aria-label="Menu"]
2025-11-10 01:50:56,776 - INFO - Found chat_list using selector: #pane-side
2025-11-10 01:50:56,793 - INFO - Found message_input using selector: div[contenteditable="true"]
2025-11-10 01:50:58,850 - INFO - Found main_area using selector: #main
2025-11-10 01:50:58,850 - INFO - WhatsApp readiness probe found selectors: [('menu', 'div[aria-label="Menu"]'), ('chat_list', '#pane-side'), ('message_input', 'div[contenteditable="true"]'), ('main_area', '#main')]
2025-11-10 01:50:58,850 - INFO - WhatsApp Web interface appears ready
2025-11-10 01:51:52,125 - INFO - Attached file: D:\WorkflowAuto\Invitation\invitations\invitation_સોલંકી_પરેશભાઇ.pdf
2025-11-10 01:52:00,518 - INFO - Outgoing message appeared in chat
2025-11-10 01:52:09,390 - INFO - ✓ Single-tick detected - message sent to server/client (accepted)
2025-11-10 01:52:11,406 - INFO - ✓ Sent to સોલંકી પરેશભાઇ
2025-11-10 01:52:13,416 - INFO - Sending 27/374: ઝાલા કરસનભાઇ 
2025-11-10 01:52:22,814 - INFO - Found menu using selector: div[aria-label="Menu"]
2025-11-10 01:52:24,872 - INFO - Found chat_list using selector: #pane-side
2025-11-10 01:52:24,890 - INFO - Found message_input using selector: div[contenteditable="true"]
2025-11-10 01:52:31,039 - INFO - WhatsApp readiness probe found selectors: [('menu', 'div[aria-label="Menu"]'), ('chat_list', '#pane-side'), ('message_input', 'div[contenteditable="true"]')]
2025-11-10 01:52:31,039 - INFO - WhatsApp Web interface appears ready
2025-11-10 01:53:11,346 - ERROR - Chat failed to load
2025-11-10 01:53:11,362 - WARNING - X Not sent to ઝાલા કરસનભાઇ 
2025-11-10 01:53:13,363 - INFO - Sending 28/374: નાધેરા હાજાભાઇ 
2025-11-10 01:53:23,014 - INFO - Found menu using selector: div[aria-label="Menu"]
2025-11-10 01:53:25,074 - INFO - Found chat_list using selector: #pane-side
2025-11-10 01:53:25,094 - INFO - Found message_input using selector: div[contenteditable="true"]
2025-11-10 01:53:27,173 - INFO - Found main_area using selector: #main
2025-11-10 01:53:27,173 - INFO - WhatsApp readiness probe found selectors: [('menu', 'div[aria-label="Menu"]'), ('chat_list', '#pane-side'), ('message_input', 'div[contenteditable="true"]'), ('main_area', '#main')]
2025-11-10 01:53:27,173 - INFO - WhatsApp Web interface appears ready
2025-11-10 01:54:20,630 - INFO - Attached file: D:\WorkflowAuto\Invitation\invitations\invitation_નાધેરા_હાજાભાઇ.pdf
2025-11-10 01:54:29,008 - INFO - Outgoing message appeared in chat
2025-11-10 01:54:35,175 - INFO - ✓ Single-tick detected - message sent to server/client (accepted)
2025-11-10 01:54:37,197 - INFO - ✓ Sent to નાધેરા હાજાભાઇ 
2025-11-10 01:54:39,198 - INFO - Sending 29/374: ભાદરકા કૌશીકભાઇ 
2025-11-10 01:54:48,945 - INFO - Found menu using selector: div[aria-label="Menu"]
2025-11-10 01:54:51,006 - INFO - Found chat_list using selector: #pane-side
2025-11-10 01:54:51,020 - INFO - Found message_input using selector: div[contenteditable="true"]
2025-11-10 01:54:53,092 - INFO - Found main_area using selector: #main
2025-11-10 01:54:53,092 - INFO - WhatsApp readiness probe found selectors: [('menu', 'div[aria-label="Menu"]'), ('chat_list', '#pane-side'), ('message_input', 'div[contenteditable="true"]'), ('main_area', '#main')]
2025-11-10 01:54:53,093 - INFO - WhatsApp Web interface appears ready
2025-11-10 01:55:46,485 - INFO - Attached file: D:\WorkflowAuto\Invitation\invitations\invitation_ભાદરકા_કૌશીકભાઇ.pdf
2025-11-10 01:55:54,830 - INFO - Outgoing message appeared in chat
2025-11-10 01:56:04,026 - INFO - ✓ Single-tick detected - message sent to server/client (accepted)
2025-11-10 01:56:06,042 - INFO - ✓ Sent to ભાદરકા કૌશીકભાઇ 
2025-11-10 01:56:08,043 - INFO - Sending 30/374: નાઘેરા રામદેભાઇ 
2025-11-10 01:56:17,524 - INFO - Found menu using selector: div[aria-label="Menu"]
2025-11-10 01:56:19,584 - INFO - Found chat_list using selector: #pane-side
2025-11-10 01:56:19,601 - INFO - Found message_input using selector: div[contenteditable="true"]
2025-11-10 01:56:21,660 - INFO - Found main_area using selector: #main
2025-11-10 01:56:21,660 - INFO - WhatsApp readiness probe found selectors: [('menu', 'div[aria-label="Menu"]'), ('chat_list', '#pane-side'), ('message_input', 'div[contenteditable="true"]'), ('main_area', '#main')]
2025-11-10 01:56:21,660 - INFO - WhatsApp Web interface appears ready
2025-11-10 01:57:15,071 - INFO - Attached file: D:\WorkflowAuto\Invitation\invitations\invitation_નાઘેરા_રામદેભાઇ.pdf
2025-11-10 01:57:23,524 - INFO - Outgoing message appeared in chat
2025-11-10 01:57:30,351 - INFO - ✓ Single-tick detected - message sent to server/client (accepted)
2025-11-10 01:57:32,380 - INFO - ✓ Sent to નાઘેરા રામદેભાઇ 
2025-11-10 01:57:34,381 - INFO - Sending 31/374: મારૂ આશીષભાઇ 
2025-11-10 01:57:46,019 - INFO - Found menu using selector: div[aria-label="Menu"]
2025-11-10 01:57:48,090 - INFO - Found chat_list using selector: #pane-side
2025-11-10 01:57:48,102 - INFO - Found message_input using selector: div[contenteditable="true"]
2025-11-10 01:57:54,226 - INFO - WhatsApp readiness probe found selectors: [('menu', 'div[aria-label="Menu"]'), ('chat_list', '#pane-side'), ('message_input', 'div[contenteditable="true"]')]
2025-11-10 01:57:54,227 - INFO - WhatsApp Web interface appears ready
2025-11-10 01:58:34,552 - ERROR - Chat failed to load
2025-11-10 01:58:34,569 - WARNING - X Not sent to મારૂ આશીષભાઇ 
2025-11-10 01:58:36,570 - INFO - Sending 32/374: ભાદરકા જીણાભાઇ
2025-11-10 01:58:45,822 - INFO - Found menu using selector: div[aria-label="Menu"]
2025-11-10 01:58:47,872 - INFO - Found chat_list using selector: #pane-side
2025-11-10 01:58:47,885 - INFO - Found message_input using selector: div[contenteditable="true"]
2025-11-10 01:58:49,938 - INFO - Found main_area using selector: #main
2025-11-10 01:58:49,938 - INFO - WhatsApp readiness probe found selectors: [('menu', 'div[aria-label="Menu"]'), ('chat_list', '#pane-side'), ('message_input', 'div[contenteditable="true"]'), ('main_area', '#main')]
2025-11-10 01:58:49,938 - INFO - WhatsApp Web interface appears ready
2025-11-10 01:59:43,105 - INFO - Attached file: D:\WorkflowAuto\Invitation\invitations\invitation_ભાદરકા_જીણાભાઇ.pdf
2025-11-10 01:59:51,569 - INFO - Outgoing message appeared in chat
2025-11-10 01:59:58,123 - INFO - ✓ Single-tick detected - message sent to server/client (accepted)
2025-11-10 02:00:00,155 - INFO - ✓ Sent to ભાદરકા જીણાભાઇ
2025-11-10 02:00:02,156 - INFO - Sending 33/374: કોરડીયા સાગરભાઇ 
2025-11-10 02:00:11,254 - INFO - Found menu using selector: div[aria-label="Menu"]
2025-11-10 02:00:13,313 - INFO - Found chat_list using selector: #pane-side
2025-11-10 02:00:13,327 - INFO - Found message_input using selector: div[contenteditable="true"]
2025-11-10 02:00:15,386 - INFO - Found main_area using selector: #main
2025-11-10 02:00:15,386 - INFO - WhatsApp readiness probe found selectors: [('menu', 'div[aria-label="Menu"]'), ('chat_list', '#pane-side'), ('message_input', 'div[contenteditable="true"]'), ('main_area', '#main')]
2025-11-10 02:00:15,386 - INFO - WhatsApp Web interface appears ready
2025-11-10 02:01:08,592 - INFO - Attached file: D:\WorkflowAuto\Invitation\invitations\invitation_કોરડીયા_સાગરભાઇ.pdf
2025-11-10 02:01:16,953 - INFO - Outgoing message appeared in chat
2025-11-10 02:01:23,527 - INFO - ✓ Single-tick detected - message sent to server/client (accepted)
2025-11-10 02:01:25,545 - INFO - ✓ Sent to કોરડીયા સાગરભાઇ 
2025-11-10 02:01:27,546 - INFO - Sending 34/374: નાઘેરા નાથાભાઇ 
2025-11-10 02:01:36,979 - INFO - Found menu using selector: div[aria-label="Menu"]
2025-11-10 02:01:39,050 - INFO - Found chat_list using selector: #pane-side
2025-11-10 02:01:39,072 - INFO - Found message_input using selector: div[contenteditable="true"]
2025-11-10 02:01:41,128 - INFO - Found main_area using selector: #main
2025-11-10 02:01:41,128 - INFO - WhatsApp readiness probe found selectors: [('menu', 'div[aria-label="Menu"]'), ('chat_list', '#pane-side'), ('message_input', 'div[contenteditable="true"]'), ('main_area', '#main')]
2025-11-10 02:01:41,129 - INFO - WhatsApp Web interface appears ready
2025-11-10 02:02:34,429 - INFO - Attached file: D:\WorkflowAuto\Invitation\invitations\invitation_નાઘેરા_નાથાભાઇ.pdf
2025-11-10 02:02:42,798 - INFO - Outgoing message appeared in chat
2025-11-10 02:02:48,152 - INFO - ✓ Single-tick detected - message sent to server/client (accepted)
2025-11-10 02:02:50,171 - INFO - ✓ Sent to નાઘેરા નાથાભાઇ 
2025-11-10 02:02:52,172 - INFO - Sending 35/374: પીઠીયા અરજણભાઇ 
2025-11-10 02:03:02,740 - INFO - Found menu using selector: div[aria-label="Menu"]
2025-11-10 02:03:04,796 - INFO - Found chat_list using selector: #pane-side
2025-11-10 02:03:04,809 - INFO - Found message_input using selector: div[contenteditable="true"]
2025-11-10 02:03:06,862 - INFO - Found main_area using selector: #main
2025-11-10 02:03:06,862 - INFO - WhatsApp readiness probe found selectors: [('menu', 'div[aria-label="Menu"]'), ('chat_list', '#pane-side'), ('message_input', 'div[contenteditable="true"]'), ('main_area', '#main')]
2025-11-10 02:03:06,863 - INFO - WhatsApp Web interface appears ready
2025-11-10 02:04:00,003 - INFO - Attached file: D:\WorkflowAuto\Invitation\invitations\invitation_પીઠીયા_અરજણભાઇ.pdf
2025-11-10 02:04:08,625 - INFO - Outgoing message appeared in chat
2025-11-10 02:04:14,549 - INFO - ✓ Single-tick detected - message sent to server/client (accepted)
2025-11-10 02:04:16,566 - INFO - ✓ Sent to પીઠીયા અરજણભાઇ 
2025-11-10 02:04:18,567 - INFO - Sending 36/374: કાંબલીયા માલદેભાઇ 
2025-11-10 02:04:28,733 - INFO - Found menu using selector: div[aria-label="Menu"]
2025-11-10 02:04:30,802 - INFO - Found chat_list using selector: #pane-side
2025-11-10 02:04:30,814 - INFO - Found message_input using selector: div[contenteditable="true"]
2025-11-10 02:04:32,872 - INFO - Found main_area using selector: #main
2025-11-10 02:04:32,872 - INFO - WhatsApp readiness probe found selectors: [('menu', 'div[aria-label="Menu"]'), ('chat_list', '#pane-side'), ('message_input', 'div[contenteditable="true"]'), ('main_area', '#main')]
2025-11-10 02:04:32,872 - INFO - WhatsApp Web interface appears ready
2025-11-10 02:05:26,166 - INFO - Attached file: D:\WorkflowAuto\Invitation\invitations\invitation_કાંબલીયા_માલદેભાઇ.pdf
2025-11-10 02:05:34,529 - INFO - Outgoing message appeared in chat
2025-11-10 02:05:46,431 - INFO - ✓ Single-tick detected - message sent to server/client (accepted)
2025-11-10 02:05:48,454 - INFO - ✓ Sent to કાંબલીયા માલદેભાઇ 
2025-11-10 02:05:50,455 - INFO - Sending 37/374: ઘૂલ પરેશભાઇ 
2025-11-10 02:05:59,447 - INFO - Found menu using selector: div[aria-label="Menu"]
2025-11-10 02:06:01,512 - INFO - Found chat_list using selector: #pane-side
2025-11-10 02:06:01,527 - INFO - Found message_input using selector: div[contenteditable="true"]
2025-11-10 02:06:03,586 - INFO - Found main_area using selector: #main
2025-11-10 02:06:03,586 - INFO - WhatsApp readiness probe found selectors: [('menu', 'div[aria-label="Menu"]'), ('chat_list', '#pane-side'), ('message_input', 'div[contenteditable="true"]'), ('main_area', '#main')]
2025-11-10 02:06:03,586 - INFO - WhatsApp Web interface appears ready
2025-11-10 02:06:56,872 - INFO - Attached file: D:\WorkflowAuto\Invitation\invitations\invitation_ઘૂલ_પરેશભાઇ.pdf
2025-11-10 02:07:05,259 - INFO - Outgoing message appeared in chat
2025-11-10 02:07:14,349 - INFO - ✓ Single-tick detected - message sent to server/client (accepted)
2025-11-10 02:07:16,375 - INFO - ✓ Sent to ઘૂલ પરેશભાઇ 
2025-11-10 02:07:18,378 - INFO - Sending 38/374: કાંબલીયા વજશીભાઇ
2025-11-10 02:07:28,331 - INFO - Found menu using selector: div[aria-label="Menu"]
2025-11-10 02:07:30,499 - INFO - Found chat_list using selector: #pane-side
2025-11-10 02:07:30,580 - INFO - Found message_input using selector: div[contenteditable="true"]
2025-11-10 02:07:36,755 - INFO - WhatsApp readiness probe found selectors: [('menu', 'div[aria-label="Menu"]'), ('chat_list', '#pane-side'), ('message_input', 'div[contenteditable="true"]')]
2025-11-10 02:07:36,756 - INFO - WhatsApp Web interface appears ready
2025-11-10 02:08:16,968 - ERROR - Chat failed to load
2025-11-10 02:08:16,985 - WARNING - X Not sent to કાંબલીયા વજશીભાઇ
2025-11-10 02:08:18,986 - INFO - Sending 39/374: ભાદરકા હરદાશભાઇ
2025-11-10 02:08:28,879 - INFO - Found menu using selector: div[aria-label="Menu"]
2025-11-10 02:08:31,019 - INFO - Found chat_list using selector: #pane-side
2025-11-10 02:08:31,031 - INFO - Found message_input using selector: div[contenteditable="true"]
2025-11-10 02:08:33,081 - INFO - Found main_area using selector: #main
2025-11-10 02:08:33,081 - INFO - WhatsApp readiness probe found selectors: [('menu', 'div[aria-label="Menu"]'), ('chat_list', '#pane-side'), ('message_input', 'div[contenteditable="true"]'), ('main_area', '#main')]
2025-11-10 02:08:33,081 - INFO - WhatsApp Web interface appears ready
2025-11-10 02:09:26,492 - INFO - Attached file: D:\WorkflowAuto\Invitation\invitations\invitation_ભાદરકા_હરદાશભાઇ.pdf
2025-11-10 02:09:34,874 - INFO - Outgoing message appeared in chat
2025-11-10 02:09:41,180 - INFO - ✓ Single-tick detected - message sent to server/client (accepted)
2025-11-10 02:09:43,198 - INFO - ✓ Sent to ભાદરકા હરદાશભાઇ
2025-11-10 02:09:45,199 - INFO - Sending 40/374: સોલંકી હીરેનભાઇ 
2025-11-10 02:09:54,692 - INFO - Found menu using selector: div[aria-label="Menu"]
2025-11-10 02:09:56,749 - INFO - Found chat_list using selector: #pane-side
2025-11-10 02:09:56,767 - INFO - Found message_input using selector: div[contenteditable="true"]
2025-11-10 02:09:58,851 - INFO - Found main_area using selector: #main
2025-11-10 02:09:58,851 - INFO - WhatsApp readiness probe found selectors: [('menu', 'div[aria-label="Menu"]'), ('chat_list', '#pane-side'), ('message_input', 'div[contenteditable="true"]'), ('main_area', '#main')]
2025-11-10 02:09:58,851 - INFO - WhatsApp Web interface appears ready
2025-11-10 02:10:52,037 - INFO - Attached file: D:\WorkflowAuto\Invitation\invitations\invitation_સોલંકી_હીરેનભાઇ.pdf
2025-11-10 02:11:00,450 - INFO - Outgoing message appeared in chat
2025-11-10 02:11:06,311 - INFO - ✓ Single-tick detected - message sent to server/client (accepted)
2025-11-10 02:11:08,329 - INFO - ✓ Sent to સોલંકી હીરેનભાઇ 
2025-11-10 02:11:10,329 - INFO - Sending 41/374: બલોચ હારૂનભાઇ
2025-11-10 02:11:19,859 - INFO - Found menu using selector: div[aria-label="Menu"]
2025-11-10 02:11:21,917 - INFO - Found chat_list using selector: #pane-side
2025-11-10 02:11:21,930 - INFO - Found message_input using selector: div[contenteditable="true"]
2025-11-10 02:11:23,993 - INFO - Found main_area using selector: #main
2025-11-10 02:11:23,993 - INFO - WhatsApp readiness probe found selectors: [('menu', 'div[aria-label="Menu"]'), ('chat_list', '#pane-side'), ('message_input', 'div[contenteditable="true"]'), ('main_area', '#main')]
2025-11-10 02:11:23,994 - INFO - WhatsApp Web interface appears ready
2025-11-10 02:12:17,170 - INFO - Attached file: D:\WorkflowAuto\Invitation\invitations\invitation_બલોચ_હારૂનભાઇ.pdf
2025-11-10 02:12:25,668 - INFO - Outgoing message appeared in chat
2025-11-10 02:12:33,667 - INFO - ✓ Single-tick detected - message sent to server/client (accepted)
2025-11-10 02:12:35,694 - INFO - ✓ Sent to બલોચ હારૂનભાઇ
2025-11-10 02:12:37,695 - INFO - Sending 42/374: કાંબલીયા આનંદભાઇ 
2025-11-10 02:12:47,437 - INFO - Found menu using selector: div[aria-label="Menu"]
2025-11-10 02:12:49,547 - INFO - Found chat_list using selector: #pane-side
2025-11-10 02:12:49,566 - INFO - Found message_input using selector: div[contenteditable="true"]
2025-11-10 02:12:51,652 - INFO - Found main_area using selector: #main
2025-11-10 02:12:51,652 - INFO - WhatsApp readiness probe found selectors: [('menu', 'div[aria-label="Menu"]'), ('chat_list', '#pane-side'), ('message_input', 'div[contenteditable="true"]'), ('main_area', '#main')]
2025-11-10 02:12:51,652 - INFO - WhatsApp Web interface appears ready
2025-11-10 02:13:45,056 - INFO - Attached file: D:\WorkflowAuto\Invitation\invitations\invitation_કાંબલીયા_આનંદભાઇ.pdf
2025-11-10 02:13:53,459 - INFO - Outgoing message appeared in chat
2025-11-10 02:14:02,630 - INFO - ✓ Single-tick detected - message sent to server/client (accepted)
2025-11-10 02:14:04,648 - INFO - ✓ Sent to કાંબલીયા આનંદભાઇ 
2025-11-10 02:14:06,649 - INFO - Sending 43/374: રાહુલભાઇ મેરામણભાઇ કાંબલીયા 
2025-11-10 02:14:16,474 - INFO - Found menu using selector: div[aria-label="Menu"]
2025-11-10 02:14:18,545 - INFO - Found chat_list using selector: #pane-side
2025-11-10 02:14:18,607 - INFO - Found message_input using selector: div[contenteditable="true"]
2025-11-10 02:14:20,718 - INFO - Found main_area using selector: #main
2025-11-10 02:14:20,718 - INFO - WhatsApp readiness probe found selectors: [('menu', 'div[aria-label="Menu"]'), ('chat_list', '#pane-side'), ('message_input', 'div[contenteditable="true"]'), ('main_area', '#main')]
2025-11-10 02:14:20,718 - INFO - WhatsApp Web interface appears ready
2025-11-10 02:15:14,027 - INFO - Attached file: D:\WorkflowAuto\Invitation\invitations\invitation_રાહુલભાઇ_મેરામણભાઇ_કાંબલીયા.pdf
2025-11-10 02:15:22,421 - INFO - Outgoing message appeared in chat
2025-11-10 02:15:34,472 - INFO - ✓ Single-tick detected - message sent to server/client (accepted)
2025-11-10 02:15:36,500 - INFO - ✓ Sent to રાહુલભાઇ મેરામણભાઇ કાંબલીયા 
2025-11-10 02:15:38,501 - INFO - Sending 44/374: જાદવ ડોસાભાઇ 
2025-11-10 02:15:48,237 - INFO - Found menu using selector: div[aria-label="Menu"]
2025-11-10 02:15:50,301 - INFO - Found chat_list using selector: #pane-side
2025-11-10 02:15:50,318 - INFO - Found message_input using selector: div[contenteditable="true"]
2025-11-10 02:15:52,379 - INFO - Found main_area using selector: #main
2025-11-10 02:15:52,380 - INFO - WhatsApp readiness probe found selectors: [('menu', 'div[aria-label="Menu"]'), ('chat_list', '#pane-side'), ('message_input', 'div[contenteditable="true"]'), ('main_area', '#main')]
2025-11-10 02:15:52,380 - INFO - WhatsApp Web interface appears ready
2025-11-10 02:16:45,643 - INFO - Attached file: D:\WorkflowAuto\Invitation\invitations\invitation_જાદવ_ડોસાભાઇ.pdf
2025-11-10 02:16:54,061 - INFO - Outgoing message appeared in chat
2025-11-10 02:16:59,293 - INFO - ✓ Single-tick detected - message sent to server/client (accepted)
2025-11-10 02:17:01,308 - INFO - ✓ Sent to જાદવ ડોસાભાઇ 
2025-11-10 02:17:03,309 - INFO - Sending 45/374: જાદવ પરબતભાઇ 
2025-11-10 02:17:12,838 - INFO - Found menu using selector: div[aria-label="Menu"]
2025-11-10 02:17:14,895 - INFO - Found chat_list using selector: #pane-side
2025-11-10 02:17:14,908 - INFO - Found message_input using selector: div[contenteditable="true"]
2025-11-10 02:17:16,968 - INFO - Found main_area using selector: #main
2025-11-10 02:17:16,968 - INFO - WhatsApp readiness probe found selectors: [('menu', 'div[aria-label="Menu"]'), ('chat_list', '#pane-side'), ('message_input', 'div[contenteditable="true"]'), ('main_area', '#main')]
2025-11-10 02:17:16,968 - INFO - WhatsApp Web interface appears ready
2025-11-10 02:18:10,223 - INFO - Attached file: D:\WorkflowAuto\Invitation\invitations\invitation_જાદવ_પરબતભાઇ.pdf
2025-11-10 02:18:18,891 - INFO - Outgoing message appeared in chat
2025-11-10 02:18:26,486 - INFO - ✓ Single-tick detected - message sent to server/client (accepted)
2025-11-10 02:18:28,504 - INFO - ✓ Sent to જાદવ પરબતભાઇ 
2025-11-10 02:18:30,505 - INFO - Sending 46/374: જાદવ પરબતભાઇ 
2025-11-10 02:18:40,174 - INFO - Found menu using selector: div[aria-label="Menu"]
2025-11-10 02:18:42,230 - INFO - Found chat_list using selector: #pane-side
2025-11-10 02:18:42,248 - INFO - Found message_input using selector: div[contenteditable="true"]
2025-11-10 02:18:48,367 - INFO - WhatsApp readiness probe found selectors: [('menu', 'div[aria-label="Menu"]'), ('chat_list', '#pane-side'), ('message_input', 'div[contenteditable="true"]')]
2025-11-10 02:18:48,367 - INFO - WhatsApp Web interface appears ready
2025-11-10 02:19:28,616 - ERROR - Chat failed to load
2025-11-10 02:19:28,647 - WARNING - X Not sent to જાદવ પરબતભાઇ 
2025-11-10 02:19:30,648 - INFO - Sending 47/374: જાદવ જગમાલભાઇ 
2025-11-10 02:19:40,189 - INFO - Found menu using selector: div[aria-label="Menu"]
2025-11-10 02:19:42,238 - INFO - Found chat_list using selector: #pane-side
2025-11-10 02:19:42,250 - INFO - Found message_input using selector: div[contenteditable="true"]
2025-11-10 02:19:44,302 - INFO - Found main_area using selector: #main
2025-11-10 02:19:44,302 - INFO - WhatsApp readiness probe found selectors: [('menu', 'div[aria-label="Menu"]'), ('chat_list', '#pane-side'), ('message_input', 'div[contenteditable="true"]'), ('main_area', '#main')]
2025-11-10 02:19:44,303 - INFO - WhatsApp Web interface appears ready
2025-11-10 02:20:37,850 - INFO - Attached file: D:\WorkflowAuto\Invitation\invitations\invitation_જાદવ_જગમાલભાઇ.pdf
2025-11-10 02:20:46,215 - INFO - Outgoing message appeared in chat
2025-11-10 02:20:59,055 - INFO - ✓ Single-tick detected - message sent to server/client (accepted)
2025-11-10 02:21:01,074 - INFO - ✓ Sent to જાદવ જગમાલભાઇ 
2025-11-10 02:21:03,086 - INFO - Sending 48/374: જાદવ જગમાલભાઇ 
2025-11-10 02:21:12,485 - INFO - Found menu using selector: div[aria-label="Menu"]
2025-11-10 02:21:14,544 - INFO - Found chat_list using selector: #pane-side
2025-11-10 02:21:14,557 - INFO - Found message_input using selector: div[contenteditable="true"]
2025-11-10 02:21:20,686 - INFO - WhatsApp readiness probe found selectors: [('menu', 'div[aria-label="Menu"]'), ('chat_list', '#pane-side'), ('message_input', 'div[contenteditable="true"]')]
2025-11-10 02:21:20,687 - INFO - WhatsApp Web interface appears ready
2025-11-10 02:22:00,912 - ERROR - Chat failed to load
2025-11-10 02:22:00,929 - WARNING - X Not sent to જાદવ જગમાલભાઇ 
2025-11-10 02:22:02,930 - INFO - Sending 49/374: સવદાસભાઇ ભગત 
2025-11-10 02:22:12,423 - INFO - Found menu using selector: div[aria-label="Menu"]
2025-11-10 02:22:14,480 - INFO - Found chat_list using selector: #pane-side
2025-11-10 02:22:14,493 - INFO - Found message_input using selector: div[contenteditable="true"]
2025-11-10 02:22:16,545 - INFO - Found main_area using selector: #main
2025-11-10 02:22:16,545 - INFO - WhatsApp readiness probe found selectors: [('menu', 'div[aria-label="Menu"]'), ('chat_list', '#pane-side'), ('message_input', 'div[contenteditable="true"]'), ('main_area', '#main')]
2025-11-10 02:22:16,545 - INFO - WhatsApp Web interface appears ready
2025-11-10 02:23:09,844 - INFO - Attached file: D:\WorkflowAuto\Invitation\invitations\invitation_સવદાસભાઇ_ભગત.pdf
2025-11-10 02:23:18,222 - INFO - Outgoing message appeared in chat
2025-11-10 02:23:24,365 - INFO - ✓ Single-tick detected - message sent to server/client (accepted)
2025-11-10 02:23:26,383 - INFO - ✓ Sent to સવદાસભાઇ ભગત 
2025-11-10 02:23:28,384 - INFO - Sending 50/374: જાદવ રામભાઇ 
2025-11-10 02:23:38,886 - INFO - Found menu using selector: div[aria-label="Menu"]
2025-11-10 02:23:40,941 - INFO - Found chat_list using selector: #pane-side
2025-11-10 02:23:40,955 - INFO - Found message_input using selector: div[contenteditable="true"]
2025-11-10 02:23:43,019 - INFO - Found main_area using selector: #main
2025-11-10 02:23:43,019 - INFO - WhatsApp readiness probe found selectors: [('menu', 'div[aria-label="Menu"]'), ('chat_list', '#pane-side'), ('message_input', 'div[contenteditable="true"]'), ('main_area', '#main')]
2025-11-10 02:23:43,019 - INFO - WhatsApp Web interface appears ready
2025-11-10 02:24:36,309 - INFO - Attached file: D:\WorkflowAuto\Invitation\invitations\invitation_જાદવ_રામભાઇ.pdf
2025-11-10 02:24:44,592 - INFO - Outgoing message appeared in chat
2025-11-10 02:24:50,750 - INFO - ✓ Single-tick detected - message sent to server/client (accepted)
2025-11-10 02:24:52,779 - INFO - ✓ Sent to જાદવ રામભાઇ 
2025-11-10 02:24:54,780 - INFO - Sending 51/374: જાદવ અરજણભાઇ 
2025-11-10 02:25:04,533 - INFO - Found menu using selector: div[aria-label="Menu"]
2025-11-10 02:25:06,592 - INFO - Found chat_list using selector: #pane-side
2025-11-10 02:25:06,613 - INFO - Found message_input using selector: div[contenteditable="true"]
2025-11-10 02:25:08,670 - INFO - Found main_area using selector: #main
2025-11-10 02:25:08,671 - INFO - WhatsApp readiness probe found selectors: [('menu', 'div[aria-label="Menu"]'), ('chat_list', '#pane-side'), ('message_input', 'div[contenteditable="true"]'), ('main_area', '#main')]
2025-11-10 02:25:08,671 - INFO - WhatsApp Web interface appears ready
2025-11-10 02:26:02,012 - INFO - Attached file: D:\WorkflowAuto\Invitation\invitations\invitation_જાદવ_અરજણભાઇ.pdf
2025-11-10 02:26:10,366 - INFO - Outgoing message appeared in chat
2025-11-10 02:26:21,783 - INFO - ✓ Single-tick detected - message sent to server/client (accepted)
2025-11-10 02:26:23,799 - INFO - ✓ Sent to જાદવ અરજણભાઇ 
2025-11-10 02:26:25,800 - INFO - Sending 52/374: જાદવ કાળુભાઇ 
2025-11-10 02:26:36,990 - INFO - Found menu using selector: div[aria-label="Menu"]
2025-11-10 02:26:39,056 - INFO - Found chat_list using selector: #pane-side
2025-11-10 02:26:39,075 - INFO - Found message_input using selector: div[contenteditable="true"]
2025-11-10 02:26:41,163 - INFO - Found main_area using selector: #main
2025-11-10 02:26:41,164 - INFO - WhatsApp readiness probe found selectors: [('menu', 'div[aria-label="Menu"]'), ('chat_list', '#pane-side'), ('message_input', 'div[contenteditable="true"]'), ('main_area', '#main')]
2025-11-10 02:26:41,164 - INFO - WhatsApp Web interface appears ready
2025-11-10 02:27:34,312 - INFO - Attached file: D:\WorkflowAuto\Invitation\invitations\invitation_જાદવ_કાળુભાઇ.pdf
2025-11-10 02:27:42,768 - INFO - Outgoing message appeared in chat
2025-11-10 02:27:54,575 - INFO - ✓ Single-tick detected - message sent to server/client (accepted)
2025-11-10 02:27:56,591 - INFO - ✓ Sent to જાદવ કાળુભાઇ 
2025-11-10 02:27:58,593 - INFO - Sending 53/374: જાદવ લાખાભાઇ 
2025-11-10 02:28:07,428 - INFO - Found menu using selector: div[aria-label="Menu"]
2025-11-10 02:28:09,566 - INFO - Found chat_list using selector: #pane-side
2025-11-10 02:28:09,584 - INFO - Found message_input using selector: div[contenteditable="true"]
2025-11-10 02:28:11,642 - INFO - Found main_area using selector: #main
2025-11-10 02:28:11,642 - INFO - WhatsApp readiness probe found selectors: [('menu', 'div[aria-label="Menu"]'), ('chat_list', '#pane-side'), ('message_input', 'div[contenteditable="true"]'), ('main_area', '#main')]
2025-11-10 02:28:11,642 - INFO - WhatsApp Web interface appears ready
2025-11-10 02:29:04,876 - INFO - Attached file: D:\WorkflowAuto\Invitation\invitations\invitation_જાદવ_લાખાભાઇ.pdf
2025-11-10 02:29:12,641 - INFO - Outgoing message appeared in chat
2025-11-10 02:29:12,682 - INFO - ✓ Message delivery confirmed (double-tick)
2025-11-10 02:29:14,711 - INFO - ✓ Sent to જાદવ લાખાભાઇ 
2025-11-10 02:29:16,713 - INFO - Sending 54/374: જાદવ હમીરભાઇ 
2025-11-10 02:29:26,981 - INFO - Found menu using selector: div[aria-label="Menu"]
2025-11-10 02:29:29,038 - INFO - Found chat_list using selector: #pane-side
2025-11-10 02:29:29,052 - INFO - Found message_input using selector: div[contenteditable="true"]
2025-11-10 02:29:31,109 - INFO - Found main_area using selector: #main
2025-11-10 02:29:31,109 - INFO - WhatsApp readiness probe found selectors: [('menu', 'div[aria-label="Menu"]'), ('chat_list', '#pane-side'), ('message_input', 'div[contenteditable="true"]'), ('main_area', '#main')]
2025-11-10 02:29:31,109 - INFO - WhatsApp Web interface appears ready
2025-11-10 02:30:24,399 - INFO - Attached file: D:\WorkflowAuto\Invitation\invitations\invitation_જાદવ_હમીરભાઇ.pdf
2025-11-10 02:30:32,896 - INFO - Outgoing message appeared in chat
2025-11-10 02:30:38,343 - INFO - ✓ Single-tick detected - message sent to server/client (accepted)
2025-11-10 02:30:40,368 - INFO - ✓ Sent to જાદવ હમીરભાઇ 
2025-11-10 02:30:42,369 - INFO - Sending 55/374: જાદવ અરજણભાઇ કરશનભાઇ
2025-11-10 02:30:48,401 - INFO - Found menu using selector: [data-icon="menu"]
2025-11-10 02:31:06,995 - INFO - WhatsApp readiness probe found selectors: [('menu', '[data-icon="menu"]')]
2025-11-10 02:31:07,007 - WARNING - Readiness check failed; detected flags: {'menu': True, 'chat_list': False, 'message_input': False, 'main_area': False}
2025-11-10 02:31:07,007 - ERROR - WhatsApp Web not ready
2025-11-10 02:31:07,027 - WARNING - X Not sent to જાદવ અરજણભાઇ કરશનભાઇ
2025-11-10 02:31:09,029 - INFO - Sending 56/374: કાંબલીયા ભીખુભાઇ 
2025-11-10 02:31:15,738 - INFO - Found menu using selector: [data-icon="menu"]
2025-11-10 02:31:34,099 - INFO - WhatsApp readiness probe found selectors: [('menu', '[data-icon="menu"]')]
2025-11-10 02:31:34,099 - WARNING - Readiness check failed; detected flags: {'menu': True, 'chat_list': False, 'message_input': False, 'main_area': False}
2025-11-10 02:31:34,099 - ERROR - WhatsApp Web not ready
2025-11-10 02:31:34,116 - WARNING - X Not sent to કાંબલીયા ભીખુભાઇ 
2025-11-10 02:31:36,117 - INFO - Sending 57/374: કાંબલીયા અરશીભાઇ 
2025-11-10 02:31:42,014 - INFO - Found menu using selector: [data-icon="menu"]
2025-11-10 02:32:00,351 - INFO - WhatsApp readiness probe found selectors: [('menu', '[data-icon="menu"]')]
2025-11-10 02:32:00,351 - WARNING - Readiness check failed; detected flags: {'menu': True, 'chat_list': False, 'message_input': False, 'main_area': False}
2025-11-10 02:32:00,351 - ERROR - WhatsApp Web not ready
2025-11-10 02:32:00,380 - WARNING - X Not sent to કાંબલીયા અરશીભાઇ 
2025-11-10 02:32:02,382 - INFO - Sending 58/374: કાંબલીયા માલદેભાઇ 
2025-11-10 02:32:07,902 - INFO - Found menu using selector: [data-icon="menu"]
2025-11-10 02:32:26,257 - INFO - WhatsApp readiness probe found selectors: [('menu', '[data-icon="menu"]')]
2025-11-10 02:32:26,258 - WARNING - Readiness check failed; detected flags: {'menu': True, 'chat_list': False, 'message_input': False, 'main_area': False}
2025-11-10 02:32:26,258 - ERROR - WhatsApp Web not ready
2025-11-10 02:32:26,292 - WARNING - X Not sent to કાંબલીયા માલદેભાઇ 
2025-11-10 02:32:28,293 - INFO - Sending 59/374: રાવલીયા ભરતભાઇ 
2025-11-10 02:32:35,758 - INFO - Found menu using selector: [data-icon="menu"]
2025-11-10 02:32:54,239 - INFO - WhatsApp readiness probe found selectors: [('menu', '[data-icon="menu"]')]
2025-11-10 02:32:54,240 - WARNING - Readiness check failed; detected flags: {'menu': True, 'chat_list': False, 'message_input': False, 'main_area': False}
2025-11-10 02:32:54,240 - ERROR - WhatsApp Web not ready
2025-11-10 02:32:54,264 - WARNING - X Not sent to રાવલીયા ભરતભાઇ 
2025-11-10 02:32:56,265 - INFO - Sending 60/374: નાઘેરા વજશીભાઇ
2025-11-10 02:33:02,974 - INFO - Found menu using selector: [data-icon="menu"]
2025-11-10 02:33:21,423 - INFO - WhatsApp readiness probe found selectors: [('menu', '[data-icon="menu"]')]
2025-11-10 02:33:21,424 - WARNING - Readiness check failed; detected flags: {'menu': True, 'chat_list': False, 'message_input': False, 'main_area': False}
2025-11-10 02:33:21,424 - ERROR - WhatsApp Web not ready
2025-11-10 02:33:21,458 - WARNING - X Not sent to નાઘેરા વજશીભાઇ
2025-11-10 02:33:23,459 - INFO - Sending 61/374: નાગેરા પરબતભાઇ 
2025-11-10 02:33:30,297 - INFO - Found menu using selector: [data-icon="menu"]
2025-11-10 02:33:48,713 - INFO - WhatsApp readiness probe found selectors: [('menu', '[data-icon="menu"]')]
2025-11-10 02:33:48,713 - WARNING - Readiness check failed; detected flags: {'menu': True, 'chat_list': False, 'message_input': False, 'main_area': False}
2025-11-10 02:33:48,713 - ERROR - WhatsApp Web not ready
2025-11-10 02:33:48,733 - WARNING - X Not sent to નાગેરા પરબતભાઇ 
2025-11-10 02:33:50,734 - INFO - Sending 62/374: નાગેરા દેવરખીભાઇ 
2025-11-10 02:33:55,948 - INFO - Found menu using selector: [data-icon="menu"]
2025-11-10 02:34:14,326 - INFO - WhatsApp readiness probe found selectors: [('menu', '[data-icon="menu"]')]
2025-11-10 02:34:14,327 - WARNING - Readiness check failed; detected flags: {'menu': True, 'chat_list': False, 'message_input': False, 'main_area': False}
2025-11-10 02:34:14,327 - ERROR - WhatsApp Web not ready
2025-11-10 02:34:14,353 - WARNING - X Not sent to નાગેરા દેવરખીભાઇ 
2025-11-10 02:34:16,354 - INFO - Sending 63/374: વીંછી માલદેભાઇ 
2025-11-10 02:34:23,442 - INFO - Found menu using selector: [data-icon="menu"]
2025-11-10 02:34:42,103 - INFO - WhatsApp readiness probe found selectors: [('menu', '[data-icon="menu"]')]
2025-11-10 02:34:42,104 - WARNING - Readiness check failed; detected flags: {'menu': True, 'chat_list': False, 'message_input': False, 'main_area': False}
2025-11-10 02:34:42,104 - ERROR - WhatsApp Web not ready
2025-11-10 02:34:42,133 - WARNING - X Not sent to વીંછી માલદેભાઇ 
2025-11-10 02:34:44,134 - INFO - Sending 64/374: જાદવ ઘુઘાભાઇ 
2025-11-10 02:34:51,428 - INFO - Found menu using selector: [data-icon="menu"]
2025-11-10 02:35:09,901 - INFO - WhatsApp readiness probe found selectors: [('menu', '[data-icon="menu"]')]
2025-11-10 02:35:09,901 - WARNING - Readiness check failed; detected flags: {'menu': True, 'chat_list': False, 'message_input': False, 'main_area': False}
2025-11-10 02:35:09,901 - ERROR - WhatsApp Web not ready
2025-11-10 02:35:09,919 - WARNING - X Not sent to જાદવ ઘુઘાભાઇ 
2025-11-10 02:35:11,920 - INFO - Sending 65/374: હાથલીયા કાનાભાઇ 
2025-11-10 02:35:18,735 - INFO - Found menu using selector: [data-icon="menu"]
2025-11-10 02:35:37,069 - INFO - WhatsApp readiness probe found selectors: [('menu', '[data-icon="menu"]')]
2025-11-10 02:35:37,069 - WARNING - Readiness check failed; detected flags: {'menu': True, 'chat_list': False, 'message_input': False, 'main_area': False}
2025-11-10 02:35:37,069 - ERROR - WhatsApp Web not ready
2025-11-10 02:35:37,113 - WARNING - X Not sent to હાથલીયા કાનાભાઇ 
2025-11-10 02:35:39,115 - INFO - Sending 66/374: ઘુલ નગાભાઇ
2025-11-10 02:35:44,620 - INFO - Found menu using selector: [data-icon="menu"]
2025-11-10 02:36:03,019 - INFO - WhatsApp readiness probe found selectors: [('menu', '[data-icon="menu"]')]
2025-11-10 02:36:03,019 - WARNING - Readiness check failed; detected flags: {'menu': True, 'chat_list': False, 'message_input': False, 'main_area': False}
2025-11-10 02:36:03,019 - ERROR - WhatsApp Web not ready
2025-11-10 02:36:03,034 - WARNING - X Not sent to ઘુલ નગાભાઇ
2025-11-10 02:36:05,035 - INFO - Sending 67/374: બંધીયા વજા ભગત 
2025-11-10 02:36:12,226 - INFO - Found menu using selector: [data-icon="menu"]
2025-11-10 02:36:30,597 - INFO - WhatsApp readiness probe found selectors: [('menu', '[data-icon="menu"]')]
2025-11-10 02:36:30,598 - WARNING - Readiness check failed; detected flags: {'menu': True, 'chat_list': False, 'message_input': False, 'main_area': False}
2025-11-10 02:36:30,598 - ERROR - WhatsApp Web not ready
2025-11-10 02:36:30,619 - WARNING - X Not sent to બંધીયા વજા ભગત 
2025-11-10 02:36:32,619 - INFO - Sending 68/374: ગઢવી દેવદાનભાઇ 
2025-11-10 02:36:42,235 - INFO - Found menu using selector: [data-icon="menu"]
2025-11-10 02:37:00,589 - INFO - WhatsApp readiness probe found selectors: [('menu', '[data-icon="menu"]')]
2025-11-10 02:37:00,589 - WARNING - Readiness check failed; detected flags: {'menu': True, 'chat_list': False, 'message_input': False, 'main_area': False}
2025-11-10 02:37:00,589 - ERROR - WhatsApp Web not ready
2025-11-10 02:37:00,611 - WARNING - X Not sent to ગઢવી દેવદાનભાઇ 
2025-11-10 02:37:02,612 - INFO - Sending 69/374: કાંબલીયા મેરામણભાઇ
2025-11-10 02:37:09,845 - INFO - Found menu using selector: [data-icon="menu"]
2025-11-10 02:37:28,180 - INFO - WhatsApp readiness probe found selectors: [('menu', '[data-icon="menu"]')]
2025-11-10 02:37:28,181 - WARNING - Readiness check failed; detected flags: {'menu': True, 'chat_list': False, 'message_input': False, 'main_area': False}
2025-11-10 02:37:28,181 - ERROR - WhatsApp Web not ready
2025-11-10 02:37:28,198 - WARNING - X Not sent to કાંબલીયા મેરામણભાઇ
2025-11-10 02:37:30,199 - INFO - Sending 70/374: જાદવ હમીરભાઇ તથા જાદવ ભનાભાઇ 
2025-11-10 02:37:37,204 - INFO - Found menu using selector: [data-icon="menu"]
2025-11-10 02:37:55,750 - INFO - WhatsApp readiness probe found selectors: [('menu', '[data-icon="menu"]')]
2025-11-10 02:37:55,750 - WARNING - Readiness check failed; detected flags: {'menu': True, 'chat_list': False, 'message_input': False, 'main_area': False}
2025-11-10 02:37:55,750 - ERROR - WhatsApp Web not ready
2025-11-10 02:37:55,766 - WARNING - X Not sent to જાદવ હમીરભાઇ તથા જાદવ ભનાભાઇ 
2025-11-10 02:37:57,767 - INFO - Sending 71/374: જાદવ રામાભાઇ 
2025-11-10 02:38:02,881 - INFO - Found menu using selector: [data-icon="menu"]
2025-11-10 02:38:21,290 - INFO - WhatsApp readiness probe found selectors: [('menu', '[data-icon="menu"]')]
2025-11-10 02:38:21,290 - WARNING - Readiness check failed; detected flags: {'menu': True, 'chat_list': False, 'message_input': False, 'main_area': False}
2025-11-10 02:38:21,291 - ERROR - WhatsApp Web not ready
2025-11-10 02:38:21,307 - WARNING - X Not sent to જાદવ રામાભાઇ 
2025-11-10 02:38:23,308 - INFO - Sending 72/374: જાદવ લખમણભાઇ તથા જાદવ કારાભાઇ
2025-11-10 02:38:30,262 - INFO - Found menu using selector: [data-icon="menu"]
2025-11-10 02:38:48,720 - INFO - WhatsApp readiness probe found selectors: [('menu', '[data-icon="menu"]')]
2025-11-10 02:38:48,720 - WARNING - Readiness check failed; detected flags: {'menu': True, 'chat_list': False, 'message_input': False, 'main_area': False}
2025-11-10 02:38:48,721 - ERROR - WhatsApp Web not ready
2025-11-10 02:38:48,739 - WARNING - X Not sent to જાદવ લખમણભાઇ તથા જાદવ કારાભાઇ
2025-11-10 02:38:50,740 - INFO - Sending 73/374: જાદવ વીરમભાઇ 
2025-11-10 02:38:57,557 - INFO - Found menu using selector: [data-icon="menu"]
2025-11-10 02:39:15,906 - INFO - WhatsApp readiness probe found selectors: [('menu', '[data-icon="menu"]')]
2025-11-10 02:39:15,906 - WARNING - Readiness check failed; detected flags: {'menu': True, 'chat_list': False, 'message_input': False, 'main_area': False}
2025-11-10 02:39:15,907 - ERROR - WhatsApp Web not ready
2025-11-10 02:39:15,922 - WARNING - X Not sent to જાદવ વીરમભાઇ 
2025-11-10 02:39:17,922 - INFO - Sending 74/374: ગંભીર રામભાઇ 
2025-11-10 02:39:24,666 - INFO - Found menu using selector: [data-icon="menu"]
2025-11-10 02:39:43,095 - INFO - WhatsApp readiness probe found selectors: [('menu', '[data-icon="menu"]')]
2025-11-10 02:39:43,095 - WARNING - Readiness check failed; detected flags: {'menu': True, 'chat_list': False, 'message_input': False, 'main_area': False}
2025-11-10 02:39:43,095 - ERROR - WhatsApp Web not ready
2025-11-10 02:39:43,113 - WARNING - X Not sent to ગંભીર રામભાઇ 
2025-11-10 02:39:45,114 - INFO - Sending 75/374: ગંભીર જીવાભાઇ 
2025-11-10 02:39:51,980 - INFO - Found menu using selector: [data-icon="menu"]
2025-11-10 02:40:10,422 - INFO - WhatsApp readiness probe found selectors: [('menu', '[data-icon="menu"]')]
2025-11-10 02:40:10,422 - WARNING - Readiness check failed; detected flags: {'menu': True, 'chat_list': False, 'message_input': False, 'main_area': False}
2025-11-10 02:40:10,422 - ERROR - WhatsApp Web not ready
2025-11-10 02:40:10,439 - WARNING - X Not sent to ગંભીર જીવાભાઇ 
2025-11-10 02:40:12,440 - INFO - Sending 76/374: ગંભીર નારણભાઇ 
2025-11-10 02:40:22,189 - INFO - Found menu using selector: [data-icon="menu"]
2025-11-10 02:40:40,661 - INFO - WhatsApp readiness probe found selectors: [('menu', '[data-icon="menu"]')]
2025-11-10 02:40:40,662 - WARNING - Readiness check failed; detected flags: {'menu': True, 'chat_list': False, 'message_input': False, 'main_area': False}
2025-11-10 02:40:40,662 - ERROR - WhatsApp Web not ready
2025-11-10 02:40:40,688 - WARNING - X Not sent to ગંભીર નારણભાઇ 
2025-11-10 02:40:42,690 - INFO - Sending 77/374: ઢેબર બાપુ 
2025-11-10 02:40:49,939 - INFO - Found menu using selector: [data-icon="menu"]
2025-11-10 02:41:08,279 - INFO - WhatsApp readiness probe found selectors: [('menu', '[data-icon="menu"]')]
2025-11-10 02:41:08,279 - WARNING - Readiness check failed; detected flags: {'menu': True, 'chat_list': False, 'message_input': False, 'main_area': False}
2025-11-10 02:41:08,279 - ERROR - WhatsApp Web not ready
2025-11-10 02:41:08,297 - WARNING - X Not sent to ઢેબર બાપુ 
2025-11-10 02:41:10,298 - INFO - Sending 78/374: જાદવ વીજયભાઇ 
2025-11-10 02:41:15,579 - INFO - Found menu using selector: [data-icon="menu"]
2025-11-10 02:41:34,008 - INFO - WhatsApp readiness probe found selectors: [('menu', '[data-icon="menu"]')]
2025-11-10 02:41:34,009 - WARNING - Readiness check failed; detected flags: {'menu': True, 'chat_list': False, 'message_input': False, 'main_area': False}
2025-11-10 02:41:34,009 - ERROR - WhatsApp Web not ready
2025-11-10 02:41:34,029 - WARNING - X Not sent to જાદવ વીજયભાઇ 
2025-11-10 02:41:36,030 - INFO - Sending 79/374: ગરેણીયા અમૃતભાઇ 
2025-11-10 02:41:41,639 - INFO - Found menu using selector: [data-icon="menu"]
2025-11-10 02:41:59,991 - INFO - WhatsApp readiness probe found selectors: [('menu', '[data-icon="menu"]')]
2025-11-10 02:41:59,991 - WARNING - Readiness check failed; detected flags: {'menu': True, 'chat_list': False, 'message_input': False, 'main_area': False}
2025-11-10 02:41:59,992 - ERROR - WhatsApp Web not ready
2025-11-10 02:42:00,017 - WARNING - X Not sent to ગરેણીયા અમૃતભાઇ 
2025-11-10 02:42:02,022 - INFO - Sending 80/374: ગરેણીયા અમૃતભાઇ 
2025-11-10 02:42:07,799 - INFO - Found menu using selector: [data-icon="menu"]
2025-11-10 02:42:26,165 - INFO - WhatsApp readiness probe found selectors: [('menu', '[data-icon="menu"]')]
2025-11-10 02:42:26,165 - WARNING - Readiness check failed; detected flags: {'menu': True, 'chat_list': False, 'message_input': False, 'main_area': False}
2025-11-10 02:42:26,165 - ERROR - WhatsApp Web not ready
2025-11-10 02:42:26,179 - WARNING - X Not sent to ગરેણીયા અમૃતભાઇ 
2025-11-10 02:42:28,181 - INFO - Sending 81/374: ડેર ચનાભાઇ ભગુભાઇ
2025-11-10 02:42:35,435 - INFO - Found menu using selector: [data-icon="menu"]
2025-11-10 02:42:53,975 - INFO - WhatsApp readiness probe found selectors: [('menu', '[data-icon="menu"]')]
2025-11-10 02:42:53,976 - WARNING - Readiness check failed; detected flags: {'menu': True, 'chat_list': False, 'message_input': False, 'main_area': False}
2025-11-10 02:42:53,976 - ERROR - WhatsApp Web not ready
2025-11-10 02:42:54,004 - WARNING - X Not sent to ડેર ચનાભાઇ ભગુભાઇ
2025-11-10 02:42:56,005 - INFO - Sending 82/374: કરંગીયા સરમણભાઇ 
2025-11-10 02:43:01,414 - INFO - Found menu using selector: [data-icon="menu"]
2025-11-10 02:43:19,764 - INFO - WhatsApp readiness probe found selectors: [('menu', '[data-icon="menu"]')]
2025-11-10 02:43:19,765 - WARNING - Readiness check failed; detected flags: {'menu': True, 'chat_list': False, 'message_input': False, 'main_area': False}
2025-11-10 02:43:19,765 - ERROR - WhatsApp Web not ready
2025-11-10 02:43:19,792 - WARNING - X Not sent to કરંગીયા સરમણભાઇ 
2025-11-10 02:43:21,793 - INFO - Sending 83/374: ભાદરકા પરબતભાઇ 
2025-11-10 02:43:28,883 - INFO - Found menu using selector: [data-icon="menu"]
2025-11-10 02:43:47,237 - INFO - WhatsApp readiness probe found selectors: [('menu', '[data-icon="menu"]')]
2025-11-10 02:43:47,237 - WARNING - Readiness check failed; detected flags: {'menu': True, 'chat_list': False, 'message_input': False, 'main_area': False}
2025-11-10 02:43:47,237 - ERROR - WhatsApp Web not ready
2025-11-10 02:43:47,258 - WARNING - X Not sent to ભાદરકા પરબતભાઇ 
2025-11-10 02:43:49,260 - INFO - Sending 84/374: ભાદરકા કારાભાઇ 
2025-11-10 02:43:56,161 - INFO - Found menu using selector: [data-icon="menu"]
2025-11-10 02:44:14,536 - INFO - WhatsApp readiness probe found selectors: [('menu', '[data-icon="menu"]')]
2025-11-10 02:44:14,538 - WARNING - Readiness check failed; detected flags: {'menu': True, 'chat_list': False, 'message_input': False, 'main_area': False}
2025-11-10 02:44:14,539 - ERROR - WhatsApp Web not ready
2025-11-10 02:44:14,563 - WARNING - X Not sent to ભાદરકા કારાભાઇ 
2025-11-10 02:44:16,566 - INFO - Sending 85/374: કાંબલીયા રામભાઇ 
2025-11-10 02:44:23,768 - INFO - Found menu using selector: [data-icon="menu"]
2025-11-10 02:44:42,211 - INFO - WhatsApp readiness probe found selectors: [('menu', '[data-icon="menu"]')]
2025-11-10 02:44:42,211 - WARNING - Readiness check failed; detected flags: {'menu': True, 'chat_list': False, 'message_input': False, 'main_area': False}
2025-11-10 02:44:42,211 - ERROR - WhatsApp Web not ready
2025-11-10 02:44:42,230 - WARNING - X Not sent to કાંબલીયા રામભાઇ 
2025-11-10 02:44:44,231 - INFO - Sending 86/374: પીઠીયા દેવાયતભાઇ 
2025-11-10 02:44:51,401 - INFO - Found menu using selector: [data-icon="menu"]
2025-11-10 02:45:09,833 - INFO - WhatsApp readiness probe found selectors: [('menu', '[data-icon="menu"]')]
2025-11-10 02:45:09,834 - WARNING - Readiness check failed; detected flags: {'menu': True, 'chat_list': False, 'message_input': False, 'main_area': False}
2025-11-10 02:45:09,834 - ERROR - WhatsApp Web not ready
2025-11-10 02:45:09,866 - WARNING - X Not sent to પીઠીયા દેવાયતભાઇ 
2025-11-10 02:45:11,867 - INFO - Sending 87/374: જોગલ અરજણભાઇ 
2025-11-10 02:45:20,434 - INFO - Found menu using selector: [data-icon="menu"]
2025-11-10 02:45:38,775 - INFO - WhatsApp readiness probe found selectors: [('menu', '[data-icon="menu"]')]
2025-11-10 02:45:38,775 - WARNING - Readiness check failed; detected flags: {'menu': True, 'chat_list': False, 'message_input': False, 'main_area': False}
2025-11-10 02:45:38,776 - ERROR - WhatsApp Web not ready
2025-11-10 02:45:38,795 - WARNING - X Not sent to જોગલ અરજણભાઇ 
2025-11-10 02:45:40,796 - INFO - Sending 88/374: જોગલ અરજણભાઇ 
2025-11-10 02:45:47,932 - INFO - Found menu using selector: [data-icon="menu"]
2025-11-10 02:46:06,360 - INFO - WhatsApp readiness probe found selectors: [('menu', '[data-icon="menu"]')]
2025-11-10 02:46:06,360 - WARNING - Readiness check failed; detected flags: {'menu': True, 'chat_list': False, 'message_input': False, 'main_area': False}
2025-11-10 02:46:06,361 - ERROR - WhatsApp Web not ready
2025-11-10 02:46:06,389 - WARNING - X Not sent to જોગલ અરજણભાઇ 
2025-11-10 02:46:08,390 - INFO - Sending 89/374: ભાદરકા કાનાભાઇ ગીગાભાઇ 
2025-11-10 02:46:15,440 - INFO - Found menu using selector: [data-icon="menu"]
2025-11-10 02:46:33,825 - INFO - WhatsApp readiness probe found selectors: [('menu', '[data-icon="menu"]')]
2025-11-10 02:46:33,825 - WARNING - Readiness check failed; detected flags: {'menu': True, 'chat_list': False, 'message_input': False, 'main_area': False}
2025-11-10 02:46:33,825 - ERROR - WhatsApp Web not ready
2025-11-10 02:46:33,840 - WARNING - X Not sent to ભાદરકા કાનાભાઇ ગીગાભાઇ 
2025-11-10 02:46:35,841 - INFO - Sending 90/374: ભાદરકા નારણભાઇ ગીગાભાઇ 
2025-11-10 02:46:43,387 - INFO - Found menu using selector: [data-icon="menu"]
2025-11-10 02:47:01,745 - INFO - WhatsApp readiness probe found selectors: [('menu', '[data-icon="menu"]')]
2025-11-10 02:47:01,745 - WARNING - Readiness check failed; detected flags: {'menu': True, 'chat_list': False, 'message_input': False, 'main_area': False}
2025-11-10 02:47:01,745 - ERROR - WhatsApp Web not ready
2025-11-10 02:47:01,777 - WARNING - X Not sent to ભાદરકા નારણભાઇ ગીગાભાઇ 
2025-11-10 02:47:03,778 - INFO - Sending 91/374: માડમ રામશીભાઇ
2025-11-10 02:47:12,269 - INFO - Found menu using selector: [data-icon="menu"]
2025-11-10 02:47:30,759 - INFO - WhatsApp readiness probe found selectors: [('menu', '[data-icon="menu"]')]
2025-11-10 02:47:30,759 - WARNING - Readiness check failed; detected flags: {'menu': True, 'chat_list': False, 'message_input': False, 'main_area': False}
2025-11-10 02:47:30,760 - ERROR - WhatsApp Web not ready
2025-11-10 02:47:30,780 - WARNING - X Not sent to માડમ રામશીભાઇ
2025-11-10 02:47:32,781 - INFO - Sending 92/374: માડમ રામશીભાઇ
2025-11-10 02:47:40,965 - INFO - Found menu using selector: [data-icon="menu"]
2025-11-10 02:47:59,338 - INFO - WhatsApp readiness probe found selectors: [('menu', '[data-icon="menu"]')]
2025-11-10 02:47:59,338 - WARNING - Readiness check failed; detected flags: {'menu': True, 'chat_list': False, 'message_input': False, 'main_area': False}
2025-11-10 02:47:59,338 - ERROR - WhatsApp Web not ready
2025-11-10 02:47:59,359 - WARNING - X Not sent to માડમ રામશીભાઇ
2025-11-10 02:48:01,361 - INFO - Sending 93/374: માડમ કાનાભાઇ 
2025-11-10 02:48:08,955 - INFO - Found menu using selector: [data-icon="menu"]
2025-11-10 02:48:27,399 - INFO - WhatsApp readiness probe found selectors: [('menu', '[data-icon="menu"]')]
2025-11-10 02:48:27,399 - WARNING - Readiness check failed; detected flags: {'menu': True, 'chat_list': False, 'message_input': False, 'main_area': False}
2025-11-10 02:48:27,399 - ERROR - WhatsApp Web not ready
2025-11-10 02:48:27,414 - WARNING - X Not sent to માડમ કાનાભાઇ 
2025-11-10 02:48:29,415 - INFO - Sending 94/374: જોગલ પરબતભાઇ ભીમશીભાઇ 
2025-11-10 02:48:36,224 - INFO - Found menu using selector: [data-icon="menu"]
2025-11-10 02:48:54,746 - INFO - WhatsApp readiness probe found selectors: [('menu', '[data-icon="menu"]')]
2025-11-10 02:48:54,747 - WARNING - Readiness check failed; detected flags: {'menu': True, 'chat_list': False, 'message_input': False, 'main_area': False}
2025-11-10 02:48:54,747 - ERROR - WhatsApp Web not ready
2025-11-10 02:48:54,765 - WARNING - X Not sent to જોગલ પરબતભાઇ ભીમશીભાઇ 
2025-11-10 02:48:56,767 - INFO - Sending 95/374: ચૌહાણ વીરમભાઇ 
2025-11-10 02:49:02,508 - INFO - Found menu using selector: [data-icon="menu"]
2025-11-10 02:49:20,886 - INFO - WhatsApp readiness probe found selectors: [('menu', '[data-icon="menu"]')]
2025-11-10 02:49:20,886 - WARNING - Readiness check failed; detected flags: {'menu': True, 'chat_list': False, 'message_input': False, 'main_area': False}
2025-11-10 02:49:20,886 - ERROR - WhatsApp Web not ready
2025-11-10 02:49:20,902 - WARNING - X Not sent to ચૌહાણ વીરમભાઇ 
2025-11-10 02:49:22,902 - INFO - Sending 96/374: કાંબલીયા વીરમભાઇ 
2025-11-10 02:49:28,340 - INFO - Found menu using selector: [data-icon="menu"]
2025-11-10 02:49:46,698 - INFO - WhatsApp readiness probe found selectors: [('menu', '[data-icon="menu"]')]
2025-11-10 02:49:46,699 - WARNING - Readiness check failed; detected flags: {'menu': True, 'chat_list': False, 'message_input': False, 'main_area': False}
2025-11-10 02:49:46,699 - ERROR - WhatsApp Web not ready
2025-11-10 02:49:46,718 - WARNING - X Not sent to કાંબલીયા વીરમભાઇ 
2025-11-10 02:49:48,719 - INFO - Sending 97/374: માડમ માલદેભાઇ 
2025-11-10 02:49:53,779 - INFO - Found menu using selector: [data-icon="menu"]
2025-11-10 02:50:12,154 - INFO - WhatsApp readiness probe found selectors: [('menu', '[data-icon="menu"]')]
2025-11-10 02:50:12,154 - WARNING - Readiness check failed; detected flags: {'menu': True, 'chat_list': False, 'message_input': False, 'main_area': False}
2025-11-10 02:50:12,154 - ERROR - WhatsApp Web not ready
2025-11-10 02:50:12,169 - WARNING - X Not sent to માડમ માલદેભાઇ 
2025-11-10 02:50:14,171 - INFO - Sending 98/374: માડમ માલદેભાઇ 
2025-11-10 02:50:19,636 - INFO - Found menu using selector: [data-icon="menu"]
2025-11-10 02:50:38,173 - INFO - WhatsApp readiness probe found selectors: [('menu', '[data-icon="menu"]')]
2025-11-10 02:50:38,173 - WARNING - Readiness check failed; detected flags: {'menu': True, 'chat_list': False, 'message_input': False, 'main_area': False}
2025-11-10 02:50:38,173 - ERROR - WhatsApp Web not ready
2025-11-10 02:50:38,188 - WARNING - X Not sent to માડમ માલદેભાઇ 
2025-11-10 02:50:40,189 - INFO - Sending 99/374: માલદે કાળુભાઇ 
2025-11-10 02:50:47,198 - INFO - Found menu using selector: [data-icon="menu"]
2025-11-10 02:51:05,535 - INFO - WhatsApp readiness probe found selectors: [('menu', '[data-icon="menu"]')]
2025-11-10 02:51:05,535 - WARNING - Readiness check failed; detected flags: {'menu': True, 'chat_list': False, 'message_input': False, 'main_area': False}
2025-11-10 02:51:05,535 - ERROR - WhatsApp Web not ready
2025-11-10 02:51:05,555 - WARNING - X Not sent to માલદે કાળુભાઇ 
2025-11-10 02:51:07,555 - INFO - Sending 100/374: મૈતર જગાભાઇ
2025-11-10 02:51:13,017 - INFO - Found menu using selector: [data-icon="menu"]
2025-11-10 02:51:31,441 - INFO - WhatsApp readiness probe found selectors: [('menu', '[data-icon="menu"]')]
2025-11-10 02:51:31,442 - WARNING - Readiness check failed; detected flags: {'menu': True, 'chat_list': False, 'message_input': False, 'main_area': False}
2025-11-10 02:51:31,442 - ERROR - WhatsApp Web not ready
2025-11-10 02:51:31,457 - WARNING - X Not sent to મૈતર જગાભાઇ
2025-11-10 02:51:33,458 - INFO - Sending 101/374: ગોધમ હાજાભાઇ 
2025-11-10 02:51:38,734 - INFO - Found menu using selector: [data-icon="menu"]
2025-11-10 02:51:57,117 - INFO - WhatsApp readiness probe found selectors: [('menu', '[data-icon="menu"]')]
2025-11-10 02:51:57,117 - WARNING - Readiness check failed; detected flags: {'menu': True, 'chat_list': False, 'message_input': False, 'main_area': False}
2025-11-10 02:51:57,117 - ERROR - WhatsApp Web not ready
2025-11-10 02:51:57,136 - WARNING - X Not sent to ગોધમ હાજાભાઇ 
2025-11-10 02:51:59,137 - INFO - Sending 102/374: મૈતર કનુભાઇ 
2025-11-10 02:52:07,000 - INFO - Found menu using selector: [data-icon="menu"]
2025-11-10 02:52:25,616 - INFO - WhatsApp readiness probe found selectors: [('menu', '[data-icon="menu"]')]
2025-11-10 02:52:25,616 - WARNING - Readiness check failed; detected flags: {'menu': True, 'chat_list': False, 'message_input': False, 'main_area': False}
2025-11-10 02:52:25,616 - ERROR - WhatsApp Web not ready
2025-11-10 02:52:25,671 - WARNING - X Not sent to મૈતર કનુભાઇ 
2025-11-10 02:52:27,672 - INFO - Sending 103/374: મૈતર ભીખાભાઇ 
2025-11-10 02:52:34,593 - INFO - Found menu using selector: [data-icon="menu"]
2025-11-10 02:52:53,197 - INFO - WhatsApp readiness probe found selectors: [('menu', '[data-icon="menu"]')]
2025-11-10 02:52:53,197 - WARNING - Readiness check failed; detected flags: {'menu': True, 'chat_list': False, 'message_input': False, 'main_area': False}
2025-11-10 02:52:53,198 - ERROR - WhatsApp Web not ready
2025-11-10 02:52:53,212 - WARNING - X Not sent to મૈતર ભીખાભાઇ 
2025-11-10 02:52:55,213 - INFO - Sending 104/374: મૈતર મેરાભાઇ
2025-11-10 02:53:02,918 - INFO - Found menu using selector: [data-icon="menu"]
2025-11-10 02:53:21,259 - INFO - WhatsApp readiness probe found selectors: [('menu', '[data-icon="menu"]')]
2025-11-10 02:53:21,259 - WARNING - Readiness check failed; detected flags: {'menu': True, 'chat_list': False, 'message_input': False, 'main_area': False}
2025-11-10 02:53:21,259 - ERROR - WhatsApp Web not ready
2025-11-10 02:53:21,291 - WARNING - X Not sent to મૈતર મેરાભાઇ
2025-11-10 02:53:23,292 - INFO - Sending 105/374: મૈતર નારણભાઇ 
2025-11-10 02:53:30,126 - INFO - Found menu using selector: [data-icon="menu"]
2025-11-10 02:53:48,553 - INFO - WhatsApp readiness probe found selectors: [('menu', '[data-icon="menu"]')]
2025-11-10 02:53:48,553 - WARNING - Readiness check failed; detected flags: {'menu': True, 'chat_list': False, 'message_input': False, 'main_area': False}
2025-11-10 02:53:48,554 - ERROR - WhatsApp Web not ready
2025-11-10 02:53:48,570 - WARNING - X Not sent to મૈતર નારણભાઇ 
2025-11-10 02:53:50,571 - INFO - Sending 106/374: બંધીયા મુનાભાઇ
2025-11-10 02:53:58,593 - INFO - Found menu using selector: [data-icon="menu"]
2025-11-10 02:54:16,930 - INFO - WhatsApp readiness probe found selectors: [('menu', '[data-icon="menu"]')]
2025-11-10 02:54:16,930 - WARNING - Readiness check failed; detected flags: {'menu': True, 'chat_list': False, 'message_input': False, 'main_area': False}
2025-11-10 02:54:16,931 - ERROR - WhatsApp Web not ready
2025-11-10 02:54:16,957 - WARNING - X Not sent to બંધીયા મુનાભાઇ
2025-11-10 02:54:18,958 - INFO - Sending 107/374: માડમ લખમણભાઇ
2025-11-10 02:54:25,379 - INFO - Found menu using selector: [data-icon="menu"]
2025-11-10 02:54:43,862 - INFO - WhatsApp readiness probe found selectors: [('menu', '[data-icon="menu"]')]
2025-11-10 02:54:43,862 - WARNING - Readiness check failed; detected flags: {'menu': True, 'chat_list': False, 'message_input': False, 'main_area': False}
2025-11-10 02:54:43,862 - ERROR - WhatsApp Web not ready
2025-11-10 02:54:43,881 - WARNING - X Not sent to માડમ લખમણભાઇ
2025-11-10 02:54:45,882 - INFO - Sending 108/374: માડમ લખમણભાઇ
2025-11-10 02:54:53,939 - INFO - Found menu using selector: [data-icon="menu"]
2025-11-10 02:55:12,344 - INFO - WhatsApp readiness probe found selectors: [('menu', '[data-icon="menu"]')]
2025-11-10 02:55:12,344 - WARNING - Readiness check failed; detected flags: {'menu': True, 'chat_list': False, 'message_input': False, 'main_area': False}
2025-11-10 02:55:12,345 - ERROR - WhatsApp Web not ready
2025-11-10 02:55:12,365 - WARNING - X Not sent to માડમ લખમણભાઇ
2025-11-10 02:55:14,367 - INFO - Sending 109/374: માડમ લખમણભાઇ
2025-11-10 02:55:21,955 - INFO - Found menu using selector: [data-icon="menu"]
2025-11-10 02:55:40,384 - INFO - WhatsApp readiness probe found selectors: [('menu', '[data-icon="menu"]')]
2025-11-10 02:55:40,385 - WARNING - Readiness check failed; detected flags: {'menu': True, 'chat_list': False, 'message_input': False, 'main_area': False}
2025-11-10 02:55:40,385 - ERROR - WhatsApp Web not ready
2025-11-10 02:55:40,402 - WARNING - X Not sent to માડમ લખમણભાઇ
2025-11-10 02:55:42,404 - INFO - Sending 110/374: બંધીયા લખમણભાઇ
2025-11-10 02:55:49,210 - INFO - Found menu using selector: [data-icon="menu"]
2025-11-10 02:56:07,598 - INFO - WhatsApp readiness probe found selectors: [('menu', '[data-icon="menu"]')]
2025-11-10 02:56:07,599 - WARNING - Readiness check failed; detected flags: {'menu': True, 'chat_list': False, 'message_input': False, 'main_area': False}
2025-11-10 02:56:07,599 - ERROR - WhatsApp Web not ready
2025-11-10 02:56:07,616 - WARNING - X Not sent to બંધીયા લખમણભાઇ
2025-11-10 02:56:09,617 - INFO - Sending 111/374: બંધીયા સવદાસભાઇ 
2025-11-10 02:56:16,259 - INFO - Found menu using selector: [data-icon="menu"]
2025-11-10 02:56:34,597 - INFO - WhatsApp readiness probe found selectors: [('menu', '[data-icon="menu"]')]
2025-11-10 02:56:34,597 - WARNING - Readiness check failed; detected flags: {'menu': True, 'chat_list': False, 'message_input': False, 'main_area': False}
2025-11-10 02:56:34,597 - ERROR - WhatsApp Web not ready
2025-11-10 02:56:34,619 - WARNING - X Not sent to બંધીયા સવદાસભાઇ 
2025-11-10 02:56:36,620 - INFO - Sending 112/374: કરમુર દેવાયતભાઇ 
2025-11-10 02:56:44,490 - INFO - Found menu using selector: [data-icon="menu"]
2025-11-10 02:57:02,959 - INFO - WhatsApp readiness probe found selectors: [('menu', '[data-icon="menu"]')]
2025-11-10 02:57:02,959 - WARNING - Readiness check failed; detected flags: {'menu': True, 'chat_list': False, 'message_input': False, 'main_area': False}
2025-11-10 02:57:02,959 - ERROR - WhatsApp Web not ready
2025-11-10 02:57:02,978 - WARNING - X Not sent to કરમુર દેવાયતભાઇ 
2025-11-10 02:57:04,979 - INFO - Sending 113/374: માડમ હરદાસભાઇ 
2025-11-10 02:57:11,521 - INFO - Found menu using selector: [data-icon="menu"]
2025-11-10 02:57:29,863 - INFO - WhatsApp readiness probe found selectors: [('menu', '[data-icon="menu"]')]
2025-11-10 02:57:29,863 - WARNING - Readiness check failed; detected flags: {'menu': True, 'chat_list': False, 'message_input': False, 'main_area': False}
2025-11-10 02:57:29,864 - ERROR - WhatsApp Web not ready
2025-11-10 02:57:29,884 - WARNING - X Not sent to માડમ હરદાસભાઇ 
2025-11-10 02:57:31,884 - INFO - Sending 114/374: મેડમ પીયુશભાઇ મેરામણભાઇ
2025-11-10 02:57:38,678 - INFO - Found menu using selector: [data-icon="menu"]
2025-11-10 02:57:57,197 - INFO - WhatsApp readiness probe found selectors: [('menu', '[data-icon="menu"]')]
2025-11-10 02:57:57,198 - WARNING - Readiness check failed; detected flags: {'menu': True, 'chat_list': False, 'message_input': False, 'main_area': False}
2025-11-10 02:57:57,198 - ERROR - WhatsApp Web not ready
2025-11-10 02:57:57,215 - WARNING - X Not sent to મેડમ પીયુશભાઇ મેરામણભાઇ
2025-11-10 02:57:59,216 - INFO - Sending 115/374: નાઘેરા દેવાયતભાઇ 
2025-11-10 02:58:06,069 - INFO - Found menu using selector: [data-icon="menu"]
2025-11-10 02:58:24,465 - INFO - WhatsApp readiness probe found selectors: [('menu', '[data-icon="menu"]')]
2025-11-10 02:58:24,466 - WARNING - Readiness check failed; detected flags: {'menu': True, 'chat_list': False, 'message_input': False, 'main_area': False}
2025-11-10 02:58:24,466 - ERROR - WhatsApp Web not ready
2025-11-10 02:58:24,503 - WARNING - X Not sent to નાઘેરા દેવાયતભાઇ 
2025-11-10 02:58:26,504 - INFO - Sending 116/374: રાવલીયા જીવતીબેન
2025-11-10 02:58:35,552 - INFO - Found menu using selector: [data-icon="menu"]
2025-11-10 02:58:54,110 - INFO - WhatsApp readiness probe found selectors: [('menu', '[data-icon="menu"]')]
2025-11-10 02:58:54,110 - WARNING - Readiness check failed; detected flags: {'menu': True, 'chat_list': False, 'message_input': False, 'main_area': False}
2025-11-10 02:58:54,110 - ERROR - WhatsApp Web not ready
2025-11-10 02:58:54,140 - WARNING - X Not sent to રાવલીયા જીવતીબેન
2025-11-10 02:58:56,141 - INFO - Sending 117/374: ગર વીરલભાઇ કાનાભાઇ 
2025-11-10 02:59:03,750 - INFO - Found menu using selector: [data-icon="menu"]
2025-11-10 02:59:22,236 - INFO - WhatsApp readiness probe found selectors: [('menu', '[data-icon="menu"]')]
2025-11-10 02:59:22,236 - WARNING - Readiness check failed; detected flags: {'menu': True, 'chat_list': False, 'message_input': False, 'main_area': False}
2025-11-10 02:59:22,237 - ERROR - WhatsApp Web not ready
2025-11-10 02:59:22,253 - WARNING - X Not sent to ગર વીરલભાઇ કાનાભાઇ 
2025-11-10 02:59:24,254 - INFO - Sending 118/374: પાડા રસીકભાઇ 
2025-11-10 02:59:30,840 - INFO - Found menu using selector: [data-icon="menu"]
2025-11-10 02:59:49,245 - INFO - WhatsApp readiness probe found selectors: [('menu', '[data-icon="menu"]')]
2025-11-10 02:59:49,246 - WARNING - Readiness check failed; detected flags: {'menu': True, 'chat_list': False, 'message_input': False, 'main_area': False}
2025-11-10 02:59:49,246 - ERROR - WhatsApp Web not ready
2025-11-10 02:59:49,261 - WARNING - X Not sent to પાડા રસીકભાઇ 
2025-11-10 02:59:51,262 - INFO - Sending 119/374: રાવલીયા જીવાભાઇ 
2025-11-10 02:59:56,357 - INFO - Found menu using selector: [data-icon="menu"]
2025-11-10 03:00:14,690 - INFO - WhatsApp readiness probe found selectors: [('menu', '[data-icon="menu"]')]
2025-11-10 03:00:14,690 - WARNING - Readiness check failed; detected flags: {'menu': True, 'chat_list': False, 'message_input': False, 'main_area': False}
2025-11-10 03:00:14,691 - ERROR - WhatsApp Web not ready
2025-11-10 03:00:14,705 - WARNING - X Not sent to રાવલીયા જીવાભાઇ 
2025-11-10 03:00:16,706 - INFO - Sending 120/374: સોલંકી હરદાશભાઇ 
2025-11-10 03:00:22,064 - INFO - Found menu using selector: [data-icon="menu"]
2025-11-10 03:00:40,414 - INFO - WhatsApp readiness probe found selectors: [('menu', '[data-icon="menu"]')]
2025-11-10 03:00:40,415 - WARNING - Readiness check failed; detected flags: {'menu': True, 'chat_list': False, 'message_input': False, 'main_area': False}
2025-11-10 03:00:40,415 - ERROR - WhatsApp Web not ready
2025-11-10 03:00:40,434 - WARNING - X Not sent to સોલંકી હરદાશભાઇ 
2025-11-10 03:00:42,435 - INFO - Sending 121/374: ડાંગર નગાભાઇ 
2025-11-10 03:00:47,596 - INFO - Found menu using selector: [data-icon="menu"]
2025-11-10 03:01:05,977 - INFO - WhatsApp readiness probe found selectors: [('menu', '[data-icon="menu"]')]
2025-11-10 03:01:05,977 - WARNING - Readiness check failed; detected flags: {'menu': True, 'chat_list': False, 'message_input': False, 'main_area': False}
2025-11-10 03:01:05,977 - ERROR - WhatsApp Web not ready
2025-11-10 03:01:05,993 - WARNING - X Not sent to ડાંગર નગાભાઇ 
2025-11-10 03:01:07,994 - INFO - Sending 122/374: રામ કીશોરભાઇ 
2025-11-10 03:01:14,853 - INFO - Found menu using selector: [data-icon="menu"]
2025-11-10 03:01:33,375 - INFO - WhatsApp readiness probe found selectors: [('menu', '[data-icon="menu"]')]
2025-11-10 03:01:33,375 - WARNING - Readiness check failed; detected flags: {'menu': True, 'chat_list': False, 'message_input': False, 'main_area': False}
2025-11-10 03:01:33,375 - ERROR - WhatsApp Web not ready
2025-11-10 03:01:33,395 - WARNING - X Not sent to રામ કીશોરભાઇ 
2025-11-10 03:01:35,396 - INFO - Sending 123/374: ભાદરકા સોમાતભાઇ
2025-11-10 03:01:42,975 - INFO - Found menu using selector: [data-icon="menu"]
2025-11-10 03:02:01,417 - INFO - WhatsApp readiness probe found selectors: [('menu', '[data-icon="menu"]')]
2025-11-10 03:02:01,417 - WARNING - Readiness check failed; detected flags: {'menu': True, 'chat_list': False, 'message_input': False, 'main_area': False}
2025-11-10 03:02:01,417 - ERROR - WhatsApp Web not ready
2025-11-10 03:02:01,435 - WARNING - X Not sent to ભાદરકા સોમાતભાઇ
2025-11-10 03:02:03,437 - INFO - Sending 124/374: ભાદરકા સોમાતભાઇ
2025-11-10 03:02:08,731 - INFO - Found menu using selector: [data-icon="menu"]
2025-11-10 03:02:27,403 - INFO - WhatsApp readiness probe found selectors: [('menu', '[data-icon="menu"]')]
2025-11-10 03:02:27,404 - WARNING - Readiness check failed; detected flags: {'menu': True, 'chat_list': False, 'message_input': False, 'main_area': False}
2025-11-10 03:02:27,404 - ERROR - WhatsApp Web not ready
2025-11-10 03:02:27,436 - WARNING - X Not sent to ભાદરકા સોમાતભાઇ
2025-11-10 03:02:29,437 - INFO - Sending 125/374: ડો. ચીરાગભાઇ પીઠીયા 
2025-11-10 03:02:36,264 - INFO - Found menu using selector: [data-icon="menu"]
2025-11-10 03:02:54,815 - INFO - WhatsApp readiness probe found selectors: [('menu', '[data-icon="menu"]')]
2025-11-10 03:02:54,815 - WARNING - Readiness check failed; detected flags: {'menu': True, 'chat_list': False, 'message_input': False, 'main_area': False}
2025-11-10 03:02:54,815 - ERROR - WhatsApp Web not ready
2025-11-10 03:02:54,834 - WARNING - X Not sent to ડો. ચીરાગભાઇ પીઠીયા 
2025-11-10 03:02:56,835 - INFO - Sending 126/374: ખોડભાયા પરબતભાઇ 
2025-11-10 03:03:02,102 - INFO - Found menu using selector: [data-icon="menu"]
2025-11-10 03:03:20,559 - INFO - WhatsApp readiness probe found selectors: [('menu', '[data-icon="menu"]')]
2025-11-10 03:03:20,559 - WARNING - Readiness check failed; detected flags: {'menu': True, 'chat_list': False, 'message_input': False, 'main_area': False}
2025-11-10 03:03:20,560 - ERROR - WhatsApp Web not ready
2025-11-10 03:03:20,586 - WARNING - X Not sent to ખોડભાયા પરબતભાઇ 
2025-11-10 03:03:22,587 - INFO - Sending 127/374: રાવલીયા હરેશભાઇ 
2025-11-10 03:03:28,467 - INFO - Found menu using selector: [data-icon="menu"]
2025-11-10 03:03:46,878 - INFO - WhatsApp readiness probe found selectors: [('menu', '[data-icon="menu"]')]
2025-11-10 03:03:46,878 - WARNING - Readiness check failed; detected flags: {'menu': True, 'chat_list': False, 'message_input': False, 'main_area': False}
2025-11-10 03:03:46,879 - ERROR - WhatsApp Web not ready
2025-11-10 03:03:46,910 - WARNING - X Not sent to રાવલીયા હરેશભાઇ 
2025-11-10 03:03:48,910 - INFO - Sending 128/374: સોલંકી કમલેશભાઇ 
2025-11-10 03:03:54,266 - INFO - Found menu using selector: [data-icon="menu"]
2025-11-10 03:04:12,619 - INFO - WhatsApp readiness probe found selectors: [('menu', '[data-icon="menu"]')]
2025-11-10 03:04:12,619 - WARNING - Readiness check failed; detected flags: {'menu': True, 'chat_list': False, 'message_input': False, 'main_area': False}
2025-11-10 03:04:12,619 - ERROR - WhatsApp Web not ready
2025-11-10 03:04:12,648 - WARNING - X Not sent to સોલંકી કમલેશભાઇ 
2025-11-10 03:04:14,649 - INFO - Sending 129/374: સોલંકી નાથાભાઇ 
2025-11-10 03:04:19,735 - INFO - Found menu using selector: [data-icon="menu"]
2025-11-10 03:04:38,283 - INFO - WhatsApp readiness probe found selectors: [('menu', '[data-icon="menu"]')]
2025-11-10 03:04:38,284 - WARNING - Readiness check failed; detected flags: {'menu': True, 'chat_list': False, 'message_input': False, 'main_area': False}
2025-11-10 03:04:38,284 - ERROR - WhatsApp Web not ready
2025-11-10 03:04:38,309 - WARNING - X Not sent to સોલંકી નાથાભાઇ 
2025-11-10 03:04:40,310 - INFO - Sending 130/374: સોલંકી ભનાભાઇ
2025-11-10 03:04:45,647 - INFO - Found menu using selector: [data-icon="menu"]
2025-11-10 03:05:04,017 - INFO - WhatsApp readiness probe found selectors: [('menu', '[data-icon="menu"]')]
2025-11-10 03:05:04,017 - WARNING - Readiness check failed; detected flags: {'menu': True, 'chat_list': False, 'message_input': False, 'main_area': False}
2025-11-10 03:05:04,017 - ERROR - WhatsApp Web not ready
2025-11-10 03:05:04,034 - WARNING - X Not sent to સોલંકી ભનાભાઇ
2025-11-10 03:05:06,035 - INFO - Sending 131/374: સોલંકી કીશોરભાઇ 
2025-11-10 03:05:13,637 - INFO - Found menu using selector: [data-icon="menu"]
2025-11-10 03:05:32,098 - INFO - WhatsApp readiness probe found selectors: [('menu', '[data-icon="menu"]')]
2025-11-10 03:05:32,098 - WARNING - Readiness check failed; detected flags: {'menu': True, 'chat_list': False, 'message_input': False, 'main_area': False}
2025-11-10 03:05:32,098 - ERROR - WhatsApp Web not ready
2025-11-10 03:05:32,119 - WARNING - X Not sent to સોલંકી કીશોરભાઇ 
2025-11-10 03:05:34,119 - INFO - Sending 132/374: જાદવ વીપુલભાઇ 
2025-11-10 03:05:41,602 - INFO - Found menu using selector: [data-icon="menu"]
2025-11-10 03:06:00,028 - INFO - WhatsApp readiness probe found selectors: [('menu', '[data-icon="menu"]')]
2025-11-10 03:06:00,029 - WARNING - Readiness check failed; detected flags: {'menu': True, 'chat_list': False, 'message_input': False, 'main_area': False}
2025-11-10 03:06:00,029 - ERROR - WhatsApp Web not ready
2025-11-10 03:06:00,056 - WARNING - X Not sent to જાદવ વીપુલભાઇ 
2025-11-10 03:06:02,057 - INFO - Sending 133/374: જાદવ વીપુલભાઇ 
2025-11-10 03:06:07,831 - INFO - Found menu using selector: [data-icon="menu"]
2025-11-10 03:06:26,159 - INFO - WhatsApp readiness probe found selectors: [('menu', '[data-icon="menu"]')]
2025-11-10 03:06:26,159 - WARNING - Readiness check failed; detected flags: {'menu': True, 'chat_list': False, 'message_input': False, 'main_area': False}
2025-11-10 03:06:26,159 - ERROR - WhatsApp Web not ready
2025-11-10 03:06:26,176 - WARNING - X Not sent to જાદવ વીપુલભાઇ 
2025-11-10 03:06:28,178 - INFO - Sending 134/374: પીઠીયા અભયભાઇ
2025-11-10 03:06:35,489 - INFO - Found menu using selector: [data-icon="menu"]
2025-11-10 03:06:54,022 - INFO - WhatsApp readiness probe found selectors: [('menu', '[data-icon="menu"]')]
2025-11-10 03:06:54,022 - WARNING - Readiness check failed; detected flags: {'menu': True, 'chat_list': False, 'message_input': False, 'main_area': False}
2025-11-10 03:06:54,022 - ERROR - WhatsApp Web not ready
2025-11-10 03:06:54,038 - WARNING - X Not sent to પીઠીયા અભયભાઇ
2025-11-10 03:06:56,039 - INFO - Sending 135/374: રાવલીયા સંજયભાઇ 
2025-11-10 03:07:02,952 - INFO - Found menu using selector: [data-icon="menu"]
2025-11-10 03:07:21,293 - INFO - WhatsApp readiness probe found selectors: [('menu', '[data-icon="menu"]')]
2025-11-10 03:07:21,294 - WARNING - Readiness check failed; detected flags: {'menu': True, 'chat_list': False, 'message_input': False, 'main_area': False}
2025-11-10 03:07:21,294 - ERROR - WhatsApp Web not ready
2025-11-10 03:07:21,315 - WARNING - X Not sent to રાવલીયા સંજયભાઇ 
2025-11-10 03:07:23,316 - INFO - Sending 136/374: કાંબલીયા સરમણભાઇ 
2025-11-10 03:07:29,036 - INFO - Found menu using selector: [data-icon="menu"]
2025-11-10 03:07:47,459 - INFO - WhatsApp readiness probe found selectors: [('menu', '[data-icon="menu"]')]
2025-11-10 03:07:47,460 - WARNING - Readiness check failed; detected flags: {'menu': True, 'chat_list': False, 'message_input': False, 'main_area': False}
2025-11-10 03:07:47,460 - ERROR - WhatsApp Web not ready
2025-11-10 03:07:47,480 - WARNING - X Not sent to કાંબલીયા સરમણભાઇ 
2025-11-10 03:07:49,481 - INFO - Sending 137/374: કાંબલીયા વીજયભાઇ ભનાભાઇ 
2025-11-10 03:07:56,468 - INFO - Found menu using selector: [data-icon="menu"]
2025-11-10 03:08:14,885 - INFO - WhatsApp readiness probe found selectors: [('menu', '[data-icon="menu"]')]
2025-11-10 03:08:14,886 - WARNING - Readiness check failed; detected flags: {'menu': True, 'chat_list': False, 'message_input': False, 'main_area': False}
2025-11-10 03:08:14,886 - ERROR - WhatsApp Web not ready
2025-11-10 03:08:14,900 - WARNING - X Not sent to કાંબલીયા વીજયભાઇ ભનાભાઇ 
2025-11-10 03:08:16,901 - INFO - Sending 138/374: ગંભીર ભરતભાઇ
2025-11-10 03:08:24,370 - INFO - Found menu using selector: [data-icon="menu"]
2025-11-10 03:08:42,769 - INFO - WhatsApp readiness probe found selectors: [('menu', '[data-icon="menu"]')]
2025-11-10 03:08:42,770 - WARNING - Readiness check failed; detected flags: {'menu': True, 'chat_list': False, 'message_input': False, 'main_area': False}
2025-11-10 03:08:42,770 - ERROR - WhatsApp Web not ready
2025-11-10 03:08:42,792 - WARNING - X Not sent to ગંભીર ભરતભાઇ
2025-11-10 03:08:44,793 - INFO - Sending 139/374: ભાદરકા બોઘાભાઇ
2025-11-10 03:08:52,013 - INFO - Found menu using selector: [data-icon="menu"]
2025-11-10 03:09:10,362 - INFO - WhatsApp readiness probe found selectors: [('menu', '[data-icon="menu"]')]
2025-11-10 03:09:10,362 - WARNING - Readiness check failed; detected flags: {'menu': True, 'chat_list': False, 'message_input': False, 'main_area': False}
2025-11-10 03:09:10,362 - ERROR - WhatsApp Web not ready
2025-11-10 03:09:10,377 - WARNING - X Not sent to ભાદરકા બોઘાભાઇ
2025-11-10 03:09:12,377 - INFO - Sending 140/374: ભાદરકા કાનાભાઇ 
2025-11-10 03:09:19,118 - INFO - Found menu using selector: [data-icon="menu"]
2025-11-10 03:09:37,560 - INFO - WhatsApp readiness probe found selectors: [('menu', '[data-icon="menu"]')]
2025-11-10 03:09:37,562 - WARNING - Readiness check failed; detected flags: {'menu': True, 'chat_list': False, 'message_input': False, 'main_area': False}
2025-11-10 03:09:37,563 - ERROR - WhatsApp Web not ready
2025-11-10 03:09:37,587 - WARNING - X Not sent to ભાદરકા કાનાભાઇ 
2025-11-10 03:09:39,591 - INFO - Sending 141/374: ભાદરકા શાદુલભાઇ 
2025-11-10 03:09:46,375 - INFO - Found menu using selector: [data-icon="menu"]
2025-11-10 03:10:04,746 - INFO - WhatsApp readiness probe found selectors: [('menu', '[data-icon="menu"]')]
2025-11-10 03:10:04,747 - WARNING - Readiness check failed; detected flags: {'menu': True, 'chat_list': False, 'message_input': False, 'main_area': False}
2025-11-10 03:10:04,747 - ERROR - WhatsApp Web not ready
2025-11-10 03:10:04,764 - WARNING - X Not sent to ભાદરકા શાદુલભાઇ 
2025-11-10 03:10:06,765 - INFO - Sending 142/374: ભાદરકા જગાભાઇ 
2025-11-10 03:10:13,533 - INFO - Found menu using selector: [data-icon="menu"]
2025-11-10 03:10:31,942 - INFO - WhatsApp readiness probe found selectors: [('menu', '[data-icon="menu"]')]
2025-11-10 03:10:31,942 - WARNING - Readiness check failed; detected flags: {'menu': True, 'chat_list': False, 'message_input': False, 'main_area': False}
2025-11-10 03:10:31,942 - ERROR - WhatsApp Web not ready
2025-11-10 03:10:31,960 - WARNING - X Not sent to ભાદરકા જગાભાઇ 
2025-11-10 03:10:33,960 - INFO - Sending 143/374: ભાદરકા પરેશભાઇ
2025-11-10 03:10:39,337 - INFO - Found menu using selector: [data-icon="menu"]
2025-11-10 03:10:57,813 - INFO - WhatsApp readiness probe found selectors: [('menu', '[data-icon="menu"]')]
2025-11-10 03:10:57,813 - WARNING - Readiness check failed; detected flags: {'menu': True, 'chat_list': False, 'message_input': False, 'main_area': False}
2025-11-10 03:10:57,813 - ERROR - WhatsApp Web not ready
2025-11-10 03:10:57,839 - WARNING - X Not sent to ભાદરકા પરેશભાઇ
2025-11-10 03:10:59,840 - INFO - Sending 144/374: ભાદરકા પરેશભાઇ
2025-11-10 03:11:06,810 - INFO - Found menu using selector: [data-icon="menu"]
2025-11-10 03:11:25,182 - INFO - WhatsApp readiness probe found selectors: [('menu', '[data-icon="menu"]')]
2025-11-10 03:11:25,182 - WARNING - Readiness check failed; detected flags: {'menu': True, 'chat_list': False, 'message_input': False, 'main_area': False}
2025-11-10 03:11:25,182 - ERROR - WhatsApp Web not ready
2025-11-10 03:11:25,197 - WARNING - X Not sent to ભાદરકા પરેશભાઇ
2025-11-10 03:11:27,198 - INFO - Sending 145/374: ભાદરકા ગોવીંદભાઇ
2025-11-10 03:11:34,500 - INFO - Found menu using selector: [data-icon="menu"]
2025-11-10 03:11:53,012 - INFO - WhatsApp readiness probe found selectors: [('menu', '[data-icon="menu"]')]
2025-11-10 03:11:53,012 - WARNING - Readiness check failed; detected flags: {'menu': True, 'chat_list': False, 'message_input': False, 'main_area': False}
2025-11-10 03:11:53,013 - ERROR - WhatsApp Web not ready
2025-11-10 03:11:53,032 - WARNING - X Not sent to ભાદરકા ગોવીંદભાઇ
2025-11-10 03:11:55,033 - INFO - Sending 146/374: ચૌહાણ એભાભાઇ
2025-11-10 03:12:01,511 - INFO - Found menu using selector: [data-icon="menu"]
2025-11-10 03:12:19,853 - INFO - WhatsApp readiness probe found selectors: [('menu', '[data-icon="menu"]')]
2025-11-10 03:12:19,853 - WARNING - Readiness check failed; detected flags: {'menu': True, 'chat_list': False, 'message_input': False, 'main_area': False}
2025-11-10 03:12:19,853 - ERROR - WhatsApp Web not ready
2025-11-10 03:12:19,870 - WARNING - X Not sent to ચૌહાણ એભાભાઇ
2025-11-10 03:12:21,870 - INFO - Sending 147/374: અખેડ હમીરભાઇ
2025-11-10 03:12:27,045 - INFO - Found menu using selector: [data-icon="menu"]
2025-11-10 03:12:45,446 - INFO - WhatsApp readiness probe found selectors: [('menu', '[data-icon="menu"]')]
2025-11-10 03:12:45,446 - WARNING - Readiness check failed; detected flags: {'menu': True, 'chat_list': False, 'message_input': False, 'main_area': False}
2025-11-10 03:12:45,446 - ERROR - WhatsApp Web not ready
2025-11-10 03:12:45,466 - WARNING - X Not sent to અખેડ હમીરભાઇ
2025-11-10 03:12:47,467 - INFO - Sending 148/374: અખેડ હમીરભાઇ
2025-11-10 03:12:55,270 - INFO - Found menu using selector: [data-icon="menu"]
2025-11-10 03:13:13,670 - INFO - WhatsApp readiness probe found selectors: [('menu', '[data-icon="menu"]')]
2025-11-10 03:13:13,670 - WARNING - Readiness check failed; detected flags: {'menu': True, 'chat_list': False, 'message_input': False, 'main_area': False}
2025-11-10 03:13:13,670 - ERROR - WhatsApp Web not ready
2025-11-10 03:13:13,685 - WARNING - X Not sent to અખેડ હમીરભાઇ
2025-11-10 03:13:15,686 - INFO - Sending 149/374: અખેડ બાલુભાઇ 
2025-11-10 03:13:22,426 - INFO - Found menu using selector: [data-icon="menu"]
2025-11-10 03:13:40,840 - INFO - WhatsApp readiness probe found selectors: [('menu', '[data-icon="menu"]')]
2025-11-10 03:13:40,840 - WARNING - Readiness check failed; detected flags: {'menu': True, 'chat_list': False, 'message_input': False, 'main_area': False}
2025-11-10 03:13:40,840 - ERROR - WhatsApp Web not ready
2025-11-10 03:13:40,862 - WARNING - X Not sent to અખેડ બાલુભાઇ 
2025-11-10 03:13:42,863 - INFO - Sending 150/374: અખેડ કરશનભાઇ કારાભાઇ 
2025-11-10 03:13:48,461 - INFO - Found menu using selector: [data-icon="menu"]
2025-11-10 03:14:06,880 - INFO - WhatsApp readiness probe found selectors: [('menu', '[data-icon="menu"]')]
2025-11-10 03:14:06,880 - WARNING - Readiness check failed; detected flags: {'menu': True, 'chat_list': False, 'message_input': False, 'main_area': False}
2025-11-10 03:14:06,881 - ERROR - WhatsApp Web not ready
2025-11-10 03:14:06,898 - WARNING - X Not sent to અખેડ કરશનભાઇ કારાભાઇ 
2025-11-10 03:14:08,899 - INFO - Sending 151/374: દીનેશભાઇ ભુવા આતા 
2025-11-10 03:14:16,605 - INFO - Found menu using selector: [data-icon="menu"]
2025-11-10 03:14:35,001 - INFO - WhatsApp readiness probe found selectors: [('menu', '[data-icon="menu"]')]
2025-11-10 03:14:35,001 - WARNING - Readiness check failed; detected flags: {'menu': True, 'chat_list': False, 'message_input': False, 'main_area': False}
2025-11-10 03:14:35,001 - ERROR - WhatsApp Web not ready
2025-11-10 03:14:35,021 - WARNING - X Not sent to દીનેશભાઇ ભુવા આતા 
2025-11-10 03:14:37,022 - INFO - Sending 152/374: અખેડ મહેશભાઇ બાબુભાઇ
2025-11-10 03:14:42,385 - INFO - Found menu using selector: [data-icon="menu"]
2025-11-10 03:15:00,773 - INFO - WhatsApp readiness probe found selectors: [('menu', '[data-icon="menu"]')]
2025-11-10 03:15:00,773 - WARNING - Readiness check failed; detected flags: {'menu': True, 'chat_list': False, 'message_input': False, 'main_area': False}
2025-11-10 03:15:00,774 - ERROR - WhatsApp Web not ready
2025-11-10 03:15:00,798 - WARNING - X Not sent to અખેડ મહેશભાઇ બાબુભાઇ
2025-11-10 03:15:02,804 - INFO - Sending 153/374: કાંબલીયા રમેશભાઇ વકમાતભાઇ
2025-11-10 03:15:10,237 - INFO - Found menu using selector: [data-icon="menu"]
2025-11-10 03:15:28,582 - INFO - WhatsApp readiness probe found selectors: [('menu', '[data-icon="menu"]')]
2025-11-10 03:15:28,582 - WARNING - Readiness check failed; detected flags: {'menu': True, 'chat_list': False, 'message_input': False, 'main_area': False}
2025-11-10 03:15:28,582 - ERROR - WhatsApp Web not ready
2025-11-10 03:15:28,597 - WARNING - X Not sent to કાંબલીયા રમેશભાઇ વકમાતભાઇ
2025-11-10 03:15:30,598 - INFO - Sending 154/374: વીનુભાઇ બેરીયા 
2025-11-10 03:15:36,155 - INFO - Found menu using selector: [data-icon="menu"]
2025-11-10 03:15:54,543 - INFO - WhatsApp readiness probe found selectors: [('menu', '[data-icon="menu"]')]
2025-11-10 03:15:54,544 - WARNING - Readiness check failed; detected flags: {'menu': True, 'chat_list': False, 'message_input': False, 'main_area': False}
2025-11-10 03:15:54,544 - ERROR - WhatsApp Web not ready
2025-11-10 03:15:54,561 - WARNING - X Not sent to વીનુભાઇ બેરીયા 
2025-11-10 03:15:56,562 - INFO - Sending 155/374: અખેડ નારણભાઇ
2025-11-10 03:16:04,316 - INFO - Found menu using selector: [data-icon="menu"]
2025-11-10 03:16:22,749 - INFO - WhatsApp readiness probe found selectors: [('menu', '[data-icon="menu"]')]
2025-11-10 03:16:22,749 - WARNING - Readiness check failed; detected flags: {'menu': True, 'chat_list': False, 'message_input': False, 'main_area': False}
2025-11-10 03:16:22,749 - ERROR - WhatsApp Web not ready
2025-11-10 03:16:22,767 - WARNING - X Not sent to અખેડ નારણભાઇ
2025-11-10 03:16:24,769 - INFO - Sending 156/374: પીઠીયા કારાભાઇ
2025-11-10 03:16:30,016 - INFO - Found menu using selector: [data-icon="menu"]
2025-11-10 03:16:48,598 - INFO - WhatsApp readiness probe found selectors: [('menu', '[data-icon="menu"]')]
2025-11-10 03:16:48,599 - WARNING - Readiness check failed; detected flags: {'menu': True, 'chat_list': False, 'message_input': False, 'main_area': False}
2025-11-10 03:16:48,599 - ERROR - WhatsApp Web not ready
2025-11-10 03:16:48,619 - WARNING - X Not sent to પીઠીયા કારાભાઇ
2025-11-10 03:16:50,620 - INFO - Sending 157/374: પીઠીયા હમીરભાઇ
2025-11-10 03:16:57,305 - INFO - Found menu using selector: [data-icon="menu"]
2025-11-10 03:17:15,726 - INFO - WhatsApp readiness probe found selectors: [('menu', '[data-icon="menu"]')]
2025-11-10 03:17:15,727 - WARNING - Readiness check failed; detected flags: {'menu': True, 'chat_list': False, 'message_input': False, 'main_area': False}
2025-11-10 03:17:15,727 - ERROR - WhatsApp Web not ready
2025-11-10 03:17:15,742 - WARNING - X Not sent to પીઠીયા હમીરભાઇ
2025-11-10 03:17:17,743 - INFO - Sending 158/374: પીઠીયા અરજણભાઇ 
2025-11-10 03:17:25,055 - INFO - Found menu using selector: [data-icon="menu"]
2025-11-10 03:17:43,556 - INFO - WhatsApp readiness probe found selectors: [('menu', '[data-icon="menu"]')]
2025-11-10 03:17:43,557 - WARNING - Readiness check failed; detected flags: {'menu': True, 'chat_list': False, 'message_input': False, 'main_area': False}
2025-11-10 03:17:43,557 - ERROR - WhatsApp Web not ready
2025-11-10 03:17:43,587 - WARNING - X Not sent to પીઠીયા અરજણભાઇ 
2025-11-10 03:17:45,588 - INFO - Sending 159/374: વીંછી સાદુલભાઇ 
2025-11-10 03:17:52,482 - INFO - Found menu using selector: [data-icon="menu"]
2025-11-10 03:18:10,852 - INFO - WhatsApp readiness probe found selectors: [('menu', '[data-icon="menu"]')]
2025-11-10 03:18:10,852 - WARNING - Readiness check failed; detected flags: {'menu': True, 'chat_list': False, 'message_input': False, 'main_area': False}
2025-11-10 03:18:10,853 - ERROR - WhatsApp Web not ready
2025-11-10 03:18:10,868 - WARNING - X Not sent to વીંછી સાદુલભાઇ 
2025-11-10 03:18:12,869 - INFO - Sending 160/374: બારડ કારાભાઇ
2025-11-10 03:18:19,783 - INFO - Found menu using selector: [data-icon="menu"]
2025-11-10 03:18:38,286 - INFO - WhatsApp readiness probe found selectors: [('menu', '[data-icon="menu"]')]
2025-11-10 03:18:38,287 - WARNING - Readiness check failed; detected flags: {'menu': True, 'chat_list': False, 'message_input': False, 'main_area': False}
2025-11-10 03:18:38,287 - ERROR - WhatsApp Web not ready
2025-11-10 03:18:38,313 - WARNING - X Not sent to બારડ કારાભાઇ
2025-11-10 03:18:40,314 - INFO - Sending 161/374: બારડ ભીખુભાઇ
2025-11-10 03:18:45,920 - INFO - Found menu using selector: [data-icon="menu"]
2025-11-10 03:19:04,339 - INFO - WhatsApp readiness probe found selectors: [('menu', '[data-icon="menu"]')]
2025-11-10 03:19:04,340 - WARNING - Readiness check failed; detected flags: {'menu': True, 'chat_list': False, 'message_input': False, 'main_area': False}
2025-11-10 03:19:04,340 - ERROR - WhatsApp Web not ready
2025-11-10 03:19:04,359 - WARNING - X Not sent to બારડ ભીખુભાઇ
2025-11-10 03:19:06,360 - INFO - Sending 162/374: બારડ પરબતભાઇ
2025-11-10 03:19:12,019 - INFO - Found menu using selector: [data-icon="menu"]
2025-11-10 03:19:30,371 - INFO - WhatsApp readiness probe found selectors: [('menu', '[data-icon="menu"]')]
2025-11-10 03:19:30,372 - WARNING - Readiness check failed; detected flags: {'menu': True, 'chat_list': False, 'message_input': False, 'main_area': False}
2025-11-10 03:19:30,372 - ERROR - WhatsApp Web not ready
2025-11-10 03:19:30,397 - WARNING - X Not sent to બારડ પરબતભાઇ
2025-11-10 03:19:32,398 - INFO - Sending 163/374: બારડ કાનાભાઇ
2025-11-10 03:19:37,769 - INFO - Found menu using selector: [data-icon="menu"]
2025-11-10 03:19:56,233 - INFO - WhatsApp readiness probe found selectors: [('menu', '[data-icon="menu"]')]
2025-11-10 03:19:56,234 - WARNING - Readiness check failed; detected flags: {'menu': True, 'chat_list': False, 'message_input': False, 'main_area': False}
2025-11-10 03:19:56,234 - ERROR - WhatsApp Web not ready
2025-11-10 03:19:56,258 - WARNING - X Not sent to બારડ કાનાભાઇ
2025-11-10 03:19:58,259 - INFO - Sending 164/374: બારડ મનોજભાઇ
2025-11-10 03:20:05,508 - INFO - Found menu using selector: [data-icon="menu"]
2025-11-10 03:20:23,872 - INFO - WhatsApp readiness probe found selectors: [('menu', '[data-icon="menu"]')]
2025-11-10 03:20:23,872 - WARNING - Readiness check failed; detected flags: {'menu': True, 'chat_list': False, 'message_input': False, 'main_area': False}
2025-11-10 03:20:23,873 - ERROR - WhatsApp Web not ready
2025-11-10 03:20:23,893 - WARNING - X Not sent to બારડ મનોજભાઇ
2025-11-10 03:20:25,894 - INFO - Sending 165/374: વીંછી કરશનભાઇ
2025-11-10 03:20:33,059 - INFO - Found menu using selector: [data-icon="menu"]
2025-11-10 03:20:51,657 - INFO - WhatsApp readiness probe found selectors: [('menu', '[data-icon="menu"]')]
2025-11-10 03:20:51,657 - WARNING - Readiness check failed; detected flags: {'menu': True, 'chat_list': False, 'message_input': False, 'main_area': False}
2025-11-10 03:20:51,658 - ERROR - WhatsApp Web not ready
2025-11-10 03:20:51,673 - WARNING - X Not sent to વીંછી કરશનભાઇ
2025-11-10 03:20:53,674 - INFO - Sending 166/374: બારડ ડોસાભાઇ
2025-11-10 03:20:58,558 - INFO - Found menu using selector: [data-icon="menu"]
2025-11-10 03:21:16,927 - INFO - WhatsApp readiness probe found selectors: [('menu', '[data-icon="menu"]')]
2025-11-10 03:21:16,927 - WARNING - Readiness check failed; detected flags: {'menu': True, 'chat_list': False, 'message_input': False, 'main_area': False}
2025-11-10 03:21:16,928 - ERROR - WhatsApp Web not ready
2025-11-10 03:21:16,944 - WARNING - X Not sent to બારડ ડોસાભાઇ
2025-11-10 03:21:18,946 - INFO - Sending 167/374: રામભાઇ
2025-11-10 03:21:24,166 - INFO - Found menu using selector: [data-icon="menu"]
2025-11-10 03:21:42,624 - INFO - WhatsApp readiness probe found selectors: [('menu', '[data-icon="menu"]')]
2025-11-10 03:21:42,624 - WARNING - Readiness check failed; detected flags: {'menu': True, 'chat_list': False, 'message_input': False, 'main_area': False}
2025-11-10 03:21:42,624 - ERROR - WhatsApp Web not ready
2025-11-10 03:21:42,640 - WARNING - X Not sent to રામભાઇ
2025-11-10 03:21:44,641 - INFO - Sending 168/374: રામભાઇ
2025-11-10 03:21:50,120 - INFO - Found menu using selector: [data-icon="menu"]
2025-11-10 03:22:08,542 - INFO - WhatsApp readiness probe found selectors: [('menu', '[data-icon="menu"]')]
2025-11-10 03:22:08,542 - WARNING - Readiness check failed; detected flags: {'menu': True, 'chat_list': False, 'message_input': False, 'main_area': False}
2025-11-10 03:22:08,542 - ERROR - WhatsApp Web not ready
2025-11-10 03:22:08,562 - WARNING - X Not sent to રામભાઇ
2025-11-10 03:22:10,563 - INFO - Sending 169/374: કનુભાઇ લુવાસર
2025-11-10 03:22:15,891 - INFO - Found menu using selector: [data-icon="menu"]
2025-11-10 03:22:34,231 - INFO - WhatsApp readiness probe found selectors: [('menu', '[data-icon="menu"]')]
2025-11-10 03:22:34,232 - WARNING - Readiness check failed; detected flags: {'menu': True, 'chat_list': False, 'message_input': False, 'main_area': False}
2025-11-10 03:22:34,232 - ERROR - WhatsApp Web not ready
2025-11-10 03:22:34,256 - WARNING - X Not sent to કનુભાઇ લુવાસર
2025-11-10 03:22:36,257 - INFO - Sending 170/374: નાઘેરા મેરામણભાઇ
2025-11-10 03:22:41,682 - INFO - Found menu using selector: [data-icon="menu"]
2025-11-10 03:23:00,263 - INFO - WhatsApp readiness probe found selectors: [('menu', '[data-icon="menu"]')]
2025-11-10 03:23:00,263 - WARNING - Readiness check failed; detected flags: {'menu': True, 'chat_list': False, 'message_input': False, 'main_area': False}
2025-11-10 03:23:00,263 - ERROR - WhatsApp Web not ready
2025-11-10 03:23:00,290 - WARNING - X Not sent to નાઘેરા મેરામણભાઇ
2025-11-10 03:23:02,292 - INFO - Sending 171/374: કરંગીયા રામભાઇ
2025-11-10 03:23:07,684 - INFO - Found menu using selector: [data-icon="menu"]
2025-11-10 03:23:26,099 - INFO - WhatsApp readiness probe found selectors: [('menu', '[data-icon="menu"]')]
2025-11-10 03:23:26,099 - WARNING - Readiness check failed; detected flags: {'menu': True, 'chat_list': False, 'message_input': False, 'main_area': False}
2025-11-10 03:23:26,100 - ERROR - WhatsApp Web not ready
2025-11-10 03:23:26,118 - WARNING - X Not sent to કરંગીયા રામભાઇ
2025-11-10 03:23:28,119 - INFO - Sending 172/374: કાંબલીયા ભીમાભાઇ
2025-11-10 03:23:33,366 - INFO - Found menu using selector: [data-icon="menu"]
2025-11-10 03:23:51,844 - INFO - WhatsApp readiness probe found selectors: [('menu', '[data-icon="menu"]')]
2025-11-10 03:23:51,844 - WARNING - Readiness check failed; detected flags: {'menu': True, 'chat_list': False, 'message_input': False, 'main_area': False}
2025-11-10 03:23:51,844 - ERROR - WhatsApp Web not ready
2025-11-10 03:23:51,862 - WARNING - X Not sent to કાંબલીયા ભીમાભાઇ
2025-11-10 03:23:53,864 - INFO - Sending 173/374: કાંબલીયા કાનાભાઇ
2025-11-10 03:23:59,155 - INFO - Found menu using selector: [data-icon="menu"]
2025-11-10 03:24:17,573 - INFO - WhatsApp readiness probe found selectors: [('menu', '[data-icon="menu"]')]
2025-11-10 03:24:17,573 - WARNING - Readiness check failed; detected flags: {'menu': True, 'chat_list': False, 'message_input': False, 'main_area': False}
2025-11-10 03:24:17,573 - ERROR - WhatsApp Web not ready
2025-11-10 03:24:17,591 - WARNING - X Not sent to કાંબલીયા કાનાભાઇ
2025-11-10 03:24:19,591 - INFO - Sending 174/374: બારડ કાનાભાઇ
2025-11-10 03:24:26,792 - INFO - Found menu using selector: [data-icon="menu"]
2025-11-10 03:24:45,331 - INFO - WhatsApp readiness probe found selectors: [('menu', '[data-icon="menu"]')]
2025-11-10 03:24:45,332 - WARNING - Readiness check failed; detected flags: {'menu': True, 'chat_list': False, 'message_input': False, 'main_area': False}
2025-11-10 03:24:45,332 - ERROR - WhatsApp Web not ready
2025-11-10 03:24:45,349 - WARNING - X Not sent to બારડ કાનાભાઇ
2025-11-10 03:24:47,351 - INFO - Sending 175/374: બારડ મનોજભાઇ
2025-11-10 03:24:54,491 - INFO - Found menu using selector: [data-icon="menu"]
2025-11-10 03:25:12,824 - INFO - WhatsApp readiness probe found selectors: [('menu', '[data-icon="menu"]')]
2025-11-10 03:25:12,824 - WARNING - Readiness check failed; detected flags: {'menu': True, 'chat_list': False, 'message_input': False, 'main_area': False}
2025-11-10 03:25:12,825 - ERROR - WhatsApp Web not ready
2025-11-10 03:25:12,841 - WARNING - X Not sent to બારડ મનોજભાઇ
2025-11-10 03:25:14,841 - INFO - Sending 176/374: રામ હરેશભાઇ
2025-11-10 03:25:21,527 - INFO - Found menu using selector: [data-icon="menu"]
2025-11-10 03:25:39,903 - INFO - WhatsApp readiness probe found selectors: [('menu', '[data-icon="menu"]')]
2025-11-10 03:25:39,903 - WARNING - Readiness check failed; detected flags: {'menu': True, 'chat_list': False, 'message_input': False, 'main_area': False}
2025-11-10 03:25:39,903 - ERROR - WhatsApp Web not ready
2025-11-10 03:25:39,924 - WARNING - X Not sent to રામ હરેશભાઇ
2025-11-10 03:25:41,925 - INFO - Sending 177/374: રામ કુમારભાઇ
2025-11-10 03:25:46,887 - INFO - Found menu using selector: [data-icon="menu"]
2025-11-10 03:26:05,293 - INFO - WhatsApp readiness probe found selectors: [('menu', '[data-icon="menu"]')]
2025-11-10 03:26:05,293 - WARNING - Readiness check failed; detected flags: {'menu': True, 'chat_list': False, 'message_input': False, 'main_area': False}
2025-11-10 03:26:05,293 - ERROR - WhatsApp Web not ready
2025-11-10 03:26:05,308 - WARNING - X Not sent to રામ કુમારભાઇ
2025-11-10 03:26:07,309 - INFO - Sending 178/374: નંદાણીયા મુકેશભાઇ 
2025-11-10 03:26:14,005 - INFO - Found menu using selector: [data-icon="menu"]
2025-11-10 03:26:32,379 - INFO - WhatsApp readiness probe found selectors: [('menu', '[data-icon="menu"]')]
2025-11-10 03:26:32,380 - WARNING - Readiness check failed; detected flags: {'menu': True, 'chat_list': False, 'message_input': False, 'main_area': False}
2025-11-10 03:26:32,380 - ERROR - WhatsApp Web not ready
2025-11-10 03:26:32,407 - WARNING - X Not sent to નંદાણીયા મુકેશભાઇ 
2025-11-10 03:26:34,408 - INFO - Sending 179/374: બારૈયા હરદાશભાઇ 
2025-11-10 03:26:42,642 - INFO - Found menu using selector: [data-icon="menu"]
2025-11-10 03:27:00,982 - INFO - WhatsApp readiness probe found selectors: [('menu', '[data-icon="menu"]')]
2025-11-10 03:27:00,982 - WARNING - Readiness check failed; detected flags: {'menu': True, 'chat_list': False, 'message_input': False, 'main_area': False}
2025-11-10 03:27:00,983 - ERROR - WhatsApp Web not ready
2025-11-10 03:27:01,001 - WARNING - X Not sent to બારૈયા હરદાશભાઇ 
2025-11-10 03:27:03,002 - INFO - Sending 180/374: હડીયા રામભાઇ 
2025-11-10 03:27:09,762 - INFO - Found menu using selector: [data-icon="menu"]
2025-11-10 03:27:28,128 - INFO - WhatsApp readiness probe found selectors: [('menu', '[data-icon="menu"]')]
2025-11-10 03:27:28,129 - WARNING - Readiness check failed; detected flags: {'menu': True, 'chat_list': False, 'message_input': False, 'main_area': False}
2025-11-10 03:27:28,129 - ERROR - WhatsApp Web not ready
2025-11-10 03:27:28,150 - WARNING - X Not sent to હડીયા રામભાઇ 
2025-11-10 03:27:30,151 - INFO - Sending 181/374: રાવલીયા હરદાસભાઇ 
2025-11-10 03:27:35,478 - INFO - Found menu using selector: [data-icon="menu"]
2025-11-10 03:27:53,850 - INFO - WhatsApp readiness probe found selectors: [('menu', '[data-icon="menu"]')]
2025-11-10 03:27:53,851 - WARNING - Readiness check failed; detected flags: {'menu': True, 'chat_list': False, 'message_input': False, 'main_area': False}
2025-11-10 03:27:53,851 - ERROR - WhatsApp Web not ready
2025-11-10 03:27:53,866 - WARNING - X Not sent to રાવલીયા હરદાસભાઇ 
2025-11-10 03:27:55,867 - INFO - Sending 182/374: સુવા નીરવભાઇ 
2025-11-10 03:28:03,088 - INFO - Found menu using selector: [data-icon="menu"]
2025-11-10 03:28:21,465 - INFO - WhatsApp readiness probe found selectors: [('menu', '[data-icon="menu"]')]
2025-11-10 03:28:21,465 - WARNING - Readiness check failed; detected flags: {'menu': True, 'chat_list': False, 'message_input': False, 'main_area': False}
2025-11-10 03:28:21,465 - ERROR - WhatsApp Web not ready
2025-11-10 03:28:21,480 - WARNING - X Not sent to સુવા નીરવભાઇ 
2025-11-10 03:28:23,481 - INFO - Sending 183/374: નાઘેરા રમેશભાઇ 
2025-11-10 03:28:30,169 - INFO - Found menu using selector: [data-icon="menu"]
2025-11-10 03:28:48,695 - INFO - WhatsApp readiness probe found selectors: [('menu', '[data-icon="menu"]')]
2025-11-10 03:28:48,695 - WARNING - Readiness check failed; detected flags: {'menu': True, 'chat_list': False, 'message_input': False, 'main_area': False}
2025-11-10 03:28:48,695 - ERROR - WhatsApp Web not ready
2025-11-10 03:28:48,715 - WARNING - X Not sent to નાઘેરા રમેશભાઇ 
2025-11-10 03:28:50,716 - INFO - Sending 184/374: નાઘેરા રામભાઇ 
2025-11-10 03:28:57,262 - INFO - Found menu using selector: [data-icon="menu"]
2025-11-10 03:29:15,649 - INFO - WhatsApp readiness probe found selectors: [('menu', '[data-icon="menu"]')]
2025-11-10 03:29:15,649 - WARNING - Readiness check failed; detected flags: {'menu': True, 'chat_list': False, 'message_input': False, 'main_area': False}
2025-11-10 03:29:15,650 - ERROR - WhatsApp Web not ready
2025-11-10 03:29:15,673 - WARNING - X Not sent to નાઘેરા રામભાઇ 
2025-11-10 03:29:17,677 - INFO - Sending 185/374: નાધેરા પરબતભાઇ 
2025-11-10 03:29:22,894 - INFO - Found menu using selector: [data-icon="menu"]
2025-11-10 03:29:41,334 - INFO - WhatsApp readiness probe found selectors: [('menu', '[data-icon="menu"]')]
2025-11-10 03:29:41,334 - WARNING - Readiness check failed; detected flags: {'menu': True, 'chat_list': False, 'message_input': False, 'main_area': False}
2025-11-10 03:29:41,334 - ERROR - WhatsApp Web not ready
2025-11-10 03:29:41,351 - WARNING - X Not sent to નાધેરા પરબતભાઇ 
2025-11-10 03:29:43,352 - INFO - Sending 186/374: નાધેરા વકમાતભાઇ 
2025-11-10 03:29:50,169 - INFO - Found menu using selector: [data-icon="menu"]
2025-11-10 03:30:08,660 - INFO - WhatsApp readiness probe found selectors: [('menu', '[data-icon="menu"]')]
2025-11-10 03:30:08,660 - WARNING - Readiness check failed; detected flags: {'menu': True, 'chat_list': False, 'message_input': False, 'main_area': False}
2025-11-10 03:30:08,660 - ERROR - WhatsApp Web not ready
2025-11-10 03:30:08,679 - WARNING - X Not sent to નાધેરા વકમાતભાઇ 
2025-11-10 03:30:10,680 - INFO - Sending 187/374: નાધેરા વકમાતભાઇ 
2025-11-10 03:30:18,472 - INFO - Found menu using selector: [data-icon="menu"]
2025-11-10 03:30:36,934 - INFO - WhatsApp readiness probe found selectors: [('menu', '[data-icon="menu"]')]
2025-11-10 03:30:36,934 - WARNING - Readiness check failed; detected flags: {'menu': True, 'chat_list': False, 'message_input': False, 'main_area': False}
2025-11-10 03:30:36,934 - ERROR - WhatsApp Web not ready
2025-11-10 03:30:36,952 - WARNING - X Not sent to નાધેરા વકમાતભાઇ 
2025-11-10 03:30:38,953 - INFO - Sending 188/374: પટેલ અંકીતભાઇ તથા પટેલ વીવેકભાઇ
2025-11-10 03:30:45,803 - INFO - Found menu using selector: [data-icon="menu"]
2025-11-10 03:31:04,406 - INFO - WhatsApp readiness probe found selectors: [('menu', '[data-icon="menu"]')]
2025-11-10 03:31:04,407 - WARNING - Readiness check failed; detected flags: {'menu': True, 'chat_list': False, 'message_input': False, 'main_area': False}
2025-11-10 03:31:04,407 - ERROR - WhatsApp Web not ready
2025-11-10 03:31:04,425 - WARNING - X Not sent to પટેલ અંકીતભાઇ તથા પટેલ વીવેકભાઇ
2025-11-10 03:31:06,426 - INFO - Sending 189/374: પટેલ અંકીતભાઇ તથા પટેલ વીવેકભાઇ
2025-11-10 03:31:13,691 - INFO - Found menu using selector: [data-icon="menu"]
2025-11-10 03:31:32,126 - INFO - WhatsApp readiness probe found selectors: [('menu', '[data-icon="menu"]')]
2025-11-10 03:31:32,126 - WARNING - Readiness check failed; detected flags: {'menu': True, 'chat_list': False, 'message_input': False, 'main_area': False}
2025-11-10 03:31:32,126 - ERROR - WhatsApp Web not ready
2025-11-10 03:31:32,143 - WARNING - X Not sent to પટેલ અંકીતભાઇ તથા પટેલ વીવેકભાઇ
2025-11-10 03:31:34,144 - INFO - Sending 190/374: નંદાણીયા ચીરાગભાઇ 
2025-11-10 03:31:43,963 - INFO - Found menu using selector: [data-icon="menu"]
2025-11-10 03:32:02,366 - INFO - WhatsApp readiness probe found selectors: [('menu', '[data-icon="menu"]')]
2025-11-10 03:32:02,366 - WARNING - Readiness check failed; detected flags: {'menu': True, 'chat_list': False, 'message_input': False, 'main_area': False}
2025-11-10 03:32:02,366 - ERROR - WhatsApp Web not ready
2025-11-10 03:32:02,386 - WARNING - X Not sent to નંદાણીયા ચીરાગભાઇ 
2025-11-10 03:32:04,387 - INFO - Sending 191/374: ભેડા બાદુરભાઇ નારણભાઇ
2025-11-10 03:32:15,272 - INFO - Found menu using selector: [data-icon="menu"]
2025-11-10 03:32:33,606 - INFO - WhatsApp readiness probe found selectors: [('menu', '[data-icon="menu"]')]
2025-11-10 03:32:33,606 - WARNING - Readiness check failed; detected flags: {'menu': True, 'chat_list': False, 'message_input': False, 'main_area': False}
2025-11-10 03:32:33,606 - ERROR - WhatsApp Web not ready
2025-11-10 03:32:33,621 - WARNING - X Not sent to ભેડા બાદુરભાઇ નારણભાઇ
2025-11-10 03:32:35,622 - INFO - Sending 192/374: ભેડા મયુરભાઇ બાદુરભાઇ
2025-11-10 03:32:41,221 - INFO - Found menu using selector: [data-icon="menu"]
2025-11-10 03:32:59,758 - INFO - WhatsApp readiness probe found selectors: [('menu', '[data-icon="menu"]')]
2025-11-10 03:32:59,758 - WARNING - Readiness check failed; detected flags: {'menu': True, 'chat_list': False, 'message_input': False, 'main_area': False}
2025-11-10 03:32:59,758 - ERROR - WhatsApp Web not ready
2025-11-10 03:32:59,775 - WARNING - X Not sent to ભેડા મયુરભાઇ બાદુરભાઇ
2025-11-10 03:33:01,777 - INFO - Sending 193/374: મહેતા મુકેશભાઇ
2025-11-10 03:33:09,043 - INFO - Found menu using selector: [data-icon="menu"]
2025-11-10 03:33:27,376 - INFO - WhatsApp readiness probe found selectors: [('menu', '[data-icon="menu"]')]
2025-11-10 03:33:27,376 - WARNING - Readiness check failed; detected flags: {'menu': True, 'chat_list': False, 'message_input': False, 'main_area': False}
2025-11-10 03:33:27,377 - ERROR - WhatsApp Web not ready
2025-11-10 03:33:27,393 - WARNING - X Not sent to મહેતા મુકેશભાઇ
2025-11-10 03:33:29,395 - INFO - Sending 194/374: મહેશભાઇ
2025-11-10 03:33:35,964 - INFO - Found menu using selector: [data-icon="menu"]
2025-11-10 03:33:54,382 - INFO - WhatsApp readiness probe found selectors: [('menu', '[data-icon="menu"]')]
2025-11-10 03:33:54,383 - WARNING - Readiness check failed; detected flags: {'menu': True, 'chat_list': False, 'message_input': False, 'main_area': False}
2025-11-10 03:33:54,383 - ERROR - WhatsApp Web not ready
2025-11-10 03:33:54,403 - WARNING - X Not sent to મહેશભાઇ
2025-11-10 03:33:56,404 - INFO - Sending 195/374: શીલાભાઇ
2025-11-10 03:34:03,446 - INFO - Found menu using selector: [data-icon="menu"]
2025-11-10 03:34:21,851 - INFO - WhatsApp readiness probe found selectors: [('menu', '[data-icon="menu"]')]
2025-11-10 03:34:21,852 - WARNING - Readiness check failed; detected flags: {'menu': True, 'chat_list': False, 'message_input': False, 'main_area': False}
2025-11-10 03:34:21,852 - ERROR - WhatsApp Web not ready
2025-11-10 03:34:21,879 - WARNING - X Not sent to શીલાભાઇ
2025-11-10 03:34:23,880 - INFO - Sending 196/374: મુસાભાઇ
2025-11-10 03:34:32,374 - INFO - Found menu using selector: [data-icon="menu"]
2025-11-10 03:34:50,732 - INFO - WhatsApp readiness probe found selectors: [('menu', '[data-icon="menu"]')]
2025-11-10 03:34:50,733 - WARNING - Readiness check failed; detected flags: {'menu': True, 'chat_list': False, 'message_input': False, 'main_area': False}
2025-11-10 03:34:50,733 - ERROR - WhatsApp Web not ready
2025-11-10 03:34:50,747 - WARNING - X Not sent to મુસાભાઇ
2025-11-10 03:34:52,749 - INFO - Sending 197/374: ભીખુભાઇ
2025-11-10 03:35:00,237 - INFO - Found menu using selector: [data-icon="menu"]
2025-11-10 03:35:18,638 - INFO - WhatsApp readiness probe found selectors: [('menu', '[data-icon="menu"]')]
2025-11-10 03:35:18,638 - WARNING - Readiness check failed; detected flags: {'menu': True, 'chat_list': False, 'message_input': False, 'main_area': False}
2025-11-10 03:35:18,638 - ERROR - WhatsApp Web not ready
2025-11-10 03:35:18,653 - WARNING - X Not sent to ભીખુભાઇ
2025-11-10 03:35:20,654 - INFO - Sending 198/374: કાંબલીયા કીશનભાઇ
2025-11-10 03:35:27,703 - INFO - Found menu using selector: [data-icon="menu"]
2025-11-10 03:35:46,038 - INFO - WhatsApp readiness probe found selectors: [('menu', '[data-icon="menu"]')]
2025-11-10 03:35:46,038 - WARNING - Readiness check failed; detected flags: {'menu': True, 'chat_list': False, 'message_input': False, 'main_area': False}
2025-11-10 03:35:46,039 - ERROR - WhatsApp Web not ready
2025-11-10 03:35:46,061 - WARNING - X Not sent to કાંબલીયા કીશનભાઇ
2025-11-10 03:35:48,073 - INFO - Sending 199/374: ખમલ ભરતભાઇ
2025-11-10 03:35:55,722 - INFO - Found menu using selector: [data-icon="menu"]
2025-11-10 03:36:14,052 - INFO - WhatsApp readiness probe found selectors: [('menu', '[data-icon="menu"]')]
2025-11-10 03:36:14,053 - WARNING - Readiness check failed; detected flags: {'menu': True, 'chat_list': False, 'message_input': False, 'main_area': False}
2025-11-10 03:36:14,053 - ERROR - WhatsApp Web not ready
2025-11-10 03:36:14,070 - WARNING - X Not sent to ખમલ ભરતભાઇ
2025-11-10 03:36:16,071 - INFO - Sending 200/374: કીશન ભાણો
2025-11-10 03:36:23,286 - INFO - Found menu using selector: [data-icon="menu"]
2025-11-10 03:36:41,800 - INFO - WhatsApp readiness probe found selectors: [('menu', '[data-icon="menu"]')]
2025-11-10 03:36:41,801 - WARNING - Readiness check failed; detected flags: {'menu': True, 'chat_list': False, 'message_input': False, 'main_area': False}
2025-11-10 03:36:41,801 - ERROR - WhatsApp Web not ready
2025-11-10 03:36:41,818 - WARNING - X Not sent to કીશન ભાણો
2025-11-10 03:36:43,819 - INFO - Sending 201/374: કેરશીયા કાનાભાઇ
2025-11-10 03:36:50,664 - INFO - Found menu using selector: [data-icon="menu"]
2025-11-10 03:37:09,019 - INFO - WhatsApp readiness probe found selectors: [('menu', '[data-icon="menu"]')]
2025-11-10 03:37:09,019 - WARNING - Readiness check failed; detected flags: {'menu': True, 'chat_list': False, 'message_input': False, 'main_area': False}
2025-11-10 03:37:09,019 - ERROR - WhatsApp Web not ready
2025-11-10 03:37:09,039 - WARNING - X Not sent to કેરશીયા કાનાભાઇ
2025-11-10 03:37:11,040 - INFO - Sending 202/374: ખમલ ભાણો 
2025-11-10 03:37:18,584 - INFO - Found menu using selector: [data-icon="menu"]
2025-11-10 03:37:37,036 - INFO - WhatsApp readiness probe found selectors: [('menu', '[data-icon="menu"]')]
2025-11-10 03:37:37,036 - WARNING - Readiness check failed; detected flags: {'menu': True, 'chat_list': False, 'message_input': False, 'main_area': False}
2025-11-10 03:37:37,037 - ERROR - WhatsApp Web not ready
2025-11-10 03:37:37,055 - WARNING - X Not sent to ખમલ ભાણો 
2025-11-10 03:37:39,056 - INFO - Sending 203/374: નાથાભાઇ રંઘોળા
2025-11-10 03:37:46,134 - INFO - Found menu using selector: [data-icon="menu"]
2025-11-10 03:38:04,517 - INFO - WhatsApp readiness probe found selectors: [('menu', '[data-icon="menu"]')]
2025-11-10 03:38:04,517 - WARNING - Readiness check failed; detected flags: {'menu': True, 'chat_list': False, 'message_input': False, 'main_area': False}
2025-11-10 03:38:04,517 - ERROR - WhatsApp Web not ready
2025-11-10 03:38:04,539 - WARNING - X Not sent to નાથાભાઇ રંઘોળા
2025-11-10 03:38:06,548 - INFO - Sending 204/374: નરેશભાઇ
2025-11-10 03:38:13,794 - INFO - Found menu using selector: [data-icon="menu"]
2025-11-10 03:38:32,195 - INFO - WhatsApp readiness probe found selectors: [('menu', '[data-icon="menu"]')]
2025-11-10 03:38:32,195 - WARNING - Readiness check failed; detected flags: {'menu': True, 'chat_list': False, 'message_input': False, 'main_area': False}
2025-11-10 03:38:32,195 - ERROR - WhatsApp Web not ready
2025-11-10 03:38:32,216 - WARNING - X Not sent to નરેશભાઇ
2025-11-10 03:38:34,217 - INFO - Sending 205/374: સુખાનંદી અનીલભાઇ
2025-11-10 03:38:39,761 - INFO - Found menu using selector: [data-icon="menu"]
2025-11-10 03:38:58,304 - INFO - WhatsApp readiness probe found selectors: [('menu', '[data-icon="menu"]')]
2025-11-10 03:38:58,305 - WARNING - Readiness check failed; detected flags: {'menu': True, 'chat_list': False, 'message_input': False, 'main_area': False}
2025-11-10 03:38:58,305 - ERROR - WhatsApp Web not ready
2025-11-10 03:38:58,321 - WARNING - X Not sent to સુખાનંદી અનીલભાઇ
2025-11-10 03:39:00,322 - INFO - Sending 206/374: સુખાનંદી મુકેશભાઇ
2025-11-10 03:39:07,546 - INFO - Found menu using selector: [data-icon="menu"]
2025-11-10 03:39:25,991 - INFO - WhatsApp readiness probe found selectors: [('menu', '[data-icon="menu"]')]
2025-11-10 03:39:25,991 - WARNING - Readiness check failed; detected flags: {'menu': True, 'chat_list': False, 'message_input': False, 'main_area': False}
2025-11-10 03:39:25,991 - ERROR - WhatsApp Web not ready
2025-11-10 03:39:26,020 - WARNING - X Not sent to સુખાનંદી મુકેશભાઇ
2025-11-10 03:39:28,021 - INFO - Sending 207/374: ભાદરકા કરશનભાઇ 
2025-11-10 03:39:36,684 - INFO - Found menu using selector: [data-icon="menu"]
2025-11-10 03:39:55,160 - INFO - WhatsApp readiness probe found selectors: [('menu', '[data-icon="menu"]')]
2025-11-10 03:39:55,160 - WARNING - Readiness check failed; detected flags: {'menu': True, 'chat_list': False, 'message_input': False, 'main_area': False}
2025-11-10 03:39:55,160 - ERROR - WhatsApp Web not ready
2025-11-10 03:39:55,177 - WARNING - X Not sent to ભાદરકા કરશનભાઇ 
2025-11-10 03:39:57,177 - INFO - Sending 208/374: ભાદરકા કરશનભાઇ 
2025-11-10 03:40:05,576 - INFO - Found menu using selector: [data-icon="menu"]
2025-11-10 03:40:23,915 - INFO - WhatsApp readiness probe found selectors: [('menu', '[data-icon="menu"]')]
2025-11-10 03:40:23,915 - WARNING - Readiness check failed; detected flags: {'menu': True, 'chat_list': False, 'message_input': False, 'main_area': False}
2025-11-10 03:40:23,915 - ERROR - WhatsApp Web not ready
2025-11-10 03:40:23,932 - WARNING - X Not sent to ભાદરકા કરશનભાઇ 
2025-11-10 03:40:25,933 - INFO - Sending 209/374: કાંબલીયા મુકેશભાઇ 
2025-11-10 03:40:32,989 - INFO - Found menu using selector: [data-icon="menu"]
2025-11-10 03:40:51,463 - INFO - WhatsApp readiness probe found selectors: [('menu', '[data-icon="menu"]')]
2025-11-10 03:40:51,463 - WARNING - Readiness check failed; detected flags: {'menu': True, 'chat_list': False, 'message_input': False, 'main_area': False}
2025-11-10 03:40:51,463 - ERROR - WhatsApp Web not ready
2025-11-10 03:40:51,477 - WARNING - X Not sent to કાંબલીયા મુકેશભાઇ 
2025-11-10 03:40:53,478 - INFO - Sending 210/374: કાંબલીયા પીયુષભાઇ 
2025-11-10 03:41:00,802 - INFO - Found menu using selector: [data-icon="menu"]
2025-11-10 03:41:19,169 - INFO - WhatsApp readiness probe found selectors: [('menu', '[data-icon="menu"]')]
2025-11-10 03:41:19,169 - WARNING - Readiness check failed; detected flags: {'menu': True, 'chat_list': False, 'message_input': False, 'main_area': False}
2025-11-10 03:41:19,169 - ERROR - WhatsApp Web not ready
2025-11-10 03:41:19,191 - WARNING - X Not sent to કાંબલીયા પીયુષભાઇ 
2025-11-10 03:41:21,191 - INFO - Sending 211/374: અશોકભાઇ
2025-11-10 03:41:28,888 - INFO - Found menu using selector: [data-icon="menu"]
2025-11-10 03:41:47,304 - INFO - WhatsApp readiness probe found selectors: [('menu', '[data-icon="menu"]')]
2025-11-10 03:41:47,304 - WARNING - Readiness check failed; detected flags: {'menu': True, 'chat_list': False, 'message_input': False, 'main_area': False}
2025-11-10 03:41:47,304 - ERROR - WhatsApp Web not ready
2025-11-10 03:41:47,323 - WARNING - X Not sent to અશોકભાઇ
2025-11-10 03:41:49,325 - INFO - Sending 212/374: અશોકભાઇ
2025-11-10 03:41:56,225 - INFO - Found menu using selector: [data-icon="menu"]
2025-11-10 03:42:14,660 - INFO - WhatsApp readiness probe found selectors: [('menu', '[data-icon="menu"]')]
2025-11-10 03:42:14,661 - WARNING - Readiness check failed; detected flags: {'menu': True, 'chat_list': False, 'message_input': False, 'main_area': False}
2025-11-10 03:42:14,661 - ERROR - WhatsApp Web not ready
2025-11-10 03:42:14,675 - WARNING - X Not sent to અશોકભાઇ
2025-11-10 03:42:16,676 - INFO - Sending 213/374: રાવતભાઇ
2025-11-10 03:42:24,647 - INFO - Found menu using selector: [data-icon="menu"]
2025-11-10 03:42:43,054 - INFO - WhatsApp readiness probe found selectors: [('menu', '[data-icon="menu"]')]
2025-11-10 03:42:43,054 - WARNING - Readiness check failed; detected flags: {'menu': True, 'chat_list': False, 'message_input': False, 'main_area': False}
2025-11-10 03:42:43,055 - ERROR - WhatsApp Web not ready
2025-11-10 03:42:43,074 - WARNING - X Not sent to રાવતભાઇ
2025-11-10 03:42:45,075 - INFO - Sending 214/374: રાવતભાઇ
2025-11-10 03:42:53,525 - INFO - Found menu using selector: [data-icon="menu"]
2025-11-10 03:43:11,909 - INFO - WhatsApp readiness probe found selectors: [('menu', '[data-icon="menu"]')]
2025-11-10 03:43:11,909 - WARNING - Readiness check failed; detected flags: {'menu': True, 'chat_list': False, 'message_input': False, 'main_area': False}
2025-11-10 03:43:11,910 - ERROR - WhatsApp Web not ready
2025-11-10 03:43:11,924 - WARNING - X Not sent to રાવતભાઇ
2025-11-10 03:43:13,925 - INFO - Sending 215/374: કાંબલીયા હરદાસભાઇ 
2025-11-10 03:43:20,951 - INFO - Found menu using selector: [data-icon="menu"]
2025-11-10 03:43:39,313 - INFO - WhatsApp readiness probe found selectors: [('menu', '[data-icon="menu"]')]
2025-11-10 03:43:39,314 - WARNING - Readiness check failed; detected flags: {'menu': True, 'chat_list': False, 'message_input': False, 'main_area': False}
2025-11-10 03:43:39,314 - ERROR - WhatsApp Web not ready
2025-11-10 03:43:39,332 - WARNING - X Not sent to કાંબલીયા હરદાસભાઇ 
2025-11-10 03:43:41,333 - INFO - Sending 216/374: કાંબલીયા ખીમાભાઇ 
2025-11-10 03:43:48,397 - INFO - Found menu using selector: [data-icon="menu"]
2025-11-10 03:44:06,737 - INFO - WhatsApp readiness probe found selectors: [('menu', '[data-icon="menu"]')]
2025-11-10 03:44:06,737 - WARNING - Readiness check failed; detected flags: {'menu': True, 'chat_list': False, 'message_input': False, 'main_area': False}
2025-11-10 03:44:06,737 - ERROR - WhatsApp Web not ready
2025-11-10 03:44:06,754 - WARNING - X Not sent to કાંબલીયા ખીમાભાઇ 
2025-11-10 03:44:08,755 - INFO - Sending 217/374: કાંબલીયા રાકેશભાઇ
2025-11-10 03:44:16,117 - INFO - Found menu using selector: [data-icon="menu"]
2025-11-10 03:44:34,495 - INFO - WhatsApp readiness probe found selectors: [('menu', '[data-icon="menu"]')]
2025-11-10 03:44:34,495 - WARNING - Readiness check failed; detected flags: {'menu': True, 'chat_list': False, 'message_input': False, 'main_area': False}
2025-11-10 03:44:34,495 - ERROR - WhatsApp Web not ready
2025-11-10 03:44:34,510 - WARNING - X Not sent to કાંબલીયા રાકેશભાઇ
2025-11-10 03:44:36,511 - INFO - Sending 218/374: કાંબલીયા લખમણભાઇ 
2025-11-10 03:44:45,191 - INFO - Found menu using selector: [data-icon="menu"]
2025-11-10 03:45:03,584 - INFO - WhatsApp readiness probe found selectors: [('menu', '[data-icon="menu"]')]
2025-11-10 03:45:03,584 - WARNING - Readiness check failed; detected flags: {'menu': True, 'chat_list': False, 'message_input': False, 'main_area': False}
2025-11-10 03:45:03,584 - ERROR - WhatsApp Web not ready
2025-11-10 03:45:03,604 - WARNING - X Not sent to કાંબલીયા લખમણભાઇ 
2025-11-10 03:45:05,605 - INFO - Sending 219/374: કાંબલીયા વીજયભાઇ તથા  કાંબલીયા અજયભાઇ 
2025-11-10 03:45:13,244 - INFO - Found menu using selector: [data-icon="menu"]
2025-11-10 03:45:31,604 - INFO - WhatsApp readiness probe found selectors: [('menu', '[data-icon="menu"]')]
2025-11-10 03:45:31,605 - WARNING - Readiness check failed; detected flags: {'menu': True, 'chat_list': False, 'message_input': False, 'main_area': False}
2025-11-10 03:45:31,605 - ERROR - WhatsApp Web not ready
2025-11-10 03:45:31,626 - WARNING - X Not sent to કાંબલીયા વીજયભાઇ તથા  કાંબલીયા અજયભાઇ 
2025-11-10 03:45:33,627 - INFO - Sending 220/374: ભાદરકા ભાવેશભાઇ 
2025-11-10 03:45:40,685 - INFO - Found menu using selector: [data-icon="menu"]
2025-11-10 03:45:59,106 - INFO - WhatsApp readiness probe found selectors: [('menu', '[data-icon="menu"]')]
2025-11-10 03:45:59,106 - WARNING - Readiness check failed; detected flags: {'menu': True, 'chat_list': False, 'message_input': False, 'main_area': False}
2025-11-10 03:45:59,106 - ERROR - WhatsApp Web not ready
2025-11-10 03:45:59,128 - WARNING - X Not sent to ભાદરકા ભાવેશભાઇ 
2025-11-10 03:46:01,129 - INFO - Sending 221/374: ભાદરકા ગીરીશભાઇ
2025-11-10 03:46:07,844 - INFO - Found menu using selector: [data-icon="menu"]
2025-11-10 03:46:26,195 - INFO - WhatsApp readiness probe found selectors: [('menu', '[data-icon="menu"]')]
2025-11-10 03:46:26,195 - WARNING - Readiness check failed; detected flags: {'menu': True, 'chat_list': False, 'message_input': False, 'main_area': False}
2025-11-10 03:46:26,196 - ERROR - WhatsApp Web not ready
2025-11-10 03:46:26,214 - WARNING - X Not sent to ભાદરકા ગીરીશભાઇ
2025-11-10 03:46:28,214 - INFO - Sending 222/374: બારડ કપીલભાઇ 
2025-11-10 03:46:35,242 - INFO - Found menu using selector: [data-icon="menu"]
2025-11-10 03:46:53,682 - INFO - WhatsApp readiness probe found selectors: [('menu', '[data-icon="menu"]')]
2025-11-10 03:46:53,682 - WARNING - Readiness check failed; detected flags: {'menu': True, 'chat_list': False, 'message_input': False, 'main_area': False}
2025-11-10 03:46:53,683 - ERROR - WhatsApp Web not ready
2025-11-10 03:46:53,701 - WARNING - X Not sent to બારડ કપીલભાઇ 
2025-11-10 03:46:55,702 - INFO - Sending 223/374: બારડ નીકુંજભાઇ 
2025-11-10 03:47:03,344 - INFO - Found menu using selector: [data-icon="menu"]
2025-11-10 03:47:21,684 - INFO - WhatsApp readiness probe found selectors: [('menu', '[data-icon="menu"]')]
2025-11-10 03:47:21,684 - WARNING - Readiness check failed; detected flags: {'menu': True, 'chat_list': False, 'message_input': False, 'main_area': False}
2025-11-10 03:47:21,684 - ERROR - WhatsApp Web not ready
2025-11-10 03:47:21,702 - WARNING - X Not sent to બારડ નીકુંજભાઇ 
2025-11-10 03:47:23,703 - INFO - Sending 224/374: ઘુલ અરજણભાઇ
2025-11-10 03:47:30,832 - INFO - Found menu using selector: [data-icon="menu"]
2025-11-10 03:47:49,242 - INFO - WhatsApp readiness probe found selectors: [('menu', '[data-icon="menu"]')]
2025-11-10 03:47:49,242 - WARNING - Readiness check failed; detected flags: {'menu': True, 'chat_list': False, 'message_input': False, 'main_area': False}
2025-11-10 03:47:49,243 - ERROR - WhatsApp Web not ready
2025-11-10 03:47:49,262 - WARNING - X Not sent to ઘુલ અરજણભાઇ
2025-11-10 03:47:51,263 - INFO - Sending 225/374: જાદવ  દેવાનંદભાઇ 
2025-11-10 03:47:58,598 - INFO - Found menu using selector: [data-icon="menu"]
2025-11-10 03:48:17,021 - INFO - WhatsApp readiness probe found selectors: [('menu', '[data-icon="menu"]')]
2025-11-10 03:48:17,022 - WARNING - Readiness check failed; detected flags: {'menu': True, 'chat_list': False, 'message_input': False, 'main_area': False}
2025-11-10 03:48:17,022 - ERROR - WhatsApp Web not ready
2025-11-10 03:48:17,050 - WARNING - X Not sent to જાદવ  દેવાનંદભાઇ 
2025-11-10 03:48:19,051 - INFO - Sending 226/374: કંડોરીયા કરણભાઇ 
2025-11-10 03:48:24,123 - INFO - Found menu using selector: [data-icon="menu"]
2025-11-10 03:48:42,473 - INFO - WhatsApp readiness probe found selectors: [('menu', '[data-icon="menu"]')]
2025-11-10 03:48:42,473 - WARNING - Readiness check failed; detected flags: {'menu': True, 'chat_list': False, 'message_input': False, 'main_area': False}
2025-11-10 03:48:42,473 - ERROR - WhatsApp Web not ready
2025-11-10 03:48:42,502 - WARNING - X Not sent to કંડોરીયા કરણભાઇ 
2025-11-10 03:48:44,503 - INFO - Sending 227/374: સુવા મહેશભાઇ 
2025-11-10 03:48:49,693 - INFO - Found menu using selector: [data-icon="menu"]
2025-11-10 03:49:08,253 - INFO - WhatsApp readiness probe found selectors: [('menu', '[data-icon="menu"]')]
2025-11-10 03:49:08,253 - WARNING - Readiness check failed; detected flags: {'menu': True, 'chat_list': False, 'message_input': False, 'main_area': False}
2025-11-10 03:49:08,254 - ERROR - WhatsApp Web not ready
2025-11-10 03:49:08,268 - WARNING - X Not sent to સુવા મહેશભાઇ 
2025-11-10 03:49:10,270 - INFO - Sending 228/374: સોલંકી મનોજભાઇ 
2025-11-10 03:49:17,478 - INFO - Found menu using selector: [data-icon="menu"]
2025-11-10 03:49:35,960 - INFO - WhatsApp readiness probe found selectors: [('menu', '[data-icon="menu"]')]
2025-11-10 03:49:35,961 - WARNING - Readiness check failed; detected flags: {'menu': True, 'chat_list': False, 'message_input': False, 'main_area': False}
2025-11-10 03:49:35,961 - ERROR - WhatsApp Web not ready
2025-11-10 03:49:35,979 - WARNING - X Not sent to સોલંકી મનોજભાઇ 
2025-11-10 03:49:37,980 - INFO - Sending 229/374: સોલંકી જયદીપભાઇ 
2025-11-10 03:49:45,433 - INFO - Found menu using selector: [data-icon="menu"]
2025-11-10 03:50:03,789 - INFO - WhatsApp readiness probe found selectors: [('menu', '[data-icon="menu"]')]
2025-11-10 03:50:03,790 - WARNING - Readiness check failed; detected flags: {'menu': True, 'chat_list': False, 'message_input': False, 'main_area': False}
2025-11-10 03:50:03,790 - ERROR - WhatsApp Web not ready
2025-11-10 03:50:03,820 - WARNING - X Not sent to સોલંકી જયદીપભાઇ 
2025-11-10 03:50:05,821 - INFO - Sending 230/374: સોલંકી જયદીપભાઇ 
2025-11-10 03:50:12,870 - INFO - Found menu using selector: [data-icon="menu"]
2025-11-10 03:50:31,241 - INFO - WhatsApp readiness probe found selectors: [('menu', '[data-icon="menu"]')]
2025-11-10 03:50:31,242 - WARNING - Readiness check failed; detected flags: {'menu': True, 'chat_list': False, 'message_input': False, 'main_area': False}
2025-11-10 03:50:31,242 - ERROR - WhatsApp Web not ready
2025-11-10 03:50:31,260 - WARNING - X Not sent to સોલંકી જયદીપભાઇ 
2025-11-10 03:50:33,271 - INFO - Sending 231/374: કાંબલીયા રોહનભાઇ 
2025-11-10 03:50:38,997 - INFO - Found menu using selector: [data-icon="menu"]
2025-11-10 03:50:57,350 - INFO - WhatsApp readiness probe found selectors: [('menu', '[data-icon="menu"]')]
2025-11-10 03:50:57,350 - WARNING - Readiness check failed; detected flags: {'menu': True, 'chat_list': False, 'message_input': False, 'main_area': False}
2025-11-10 03:50:57,350 - ERROR - WhatsApp Web not ready
2025-11-10 03:50:57,365 - WARNING - X Not sent to કાંબલીયા રોહનભાઇ 
2025-11-10 03:50:59,366 - INFO - Sending 232/374: કાંબલીયા ભુપતભાઇ 
2025-11-10 03:51:06,804 - INFO - Found menu using selector: [data-icon="menu"]
2025-11-10 03:51:25,210 - INFO - WhatsApp readiness probe found selectors: [('menu', '[data-icon="menu"]')]
2025-11-10 03:51:25,211 - WARNING - Readiness check failed; detected flags: {'menu': True, 'chat_list': False, 'message_input': False, 'main_area': False}
2025-11-10 03:51:25,211 - ERROR - WhatsApp Web not ready
2025-11-10 03:51:25,258 - WARNING - X Not sent to કાંબલીયા ભુપતભાઇ 
2025-11-10 03:51:27,259 - INFO - Sending 233/374: કનારા રાજકુમારભાઇ 
2025-11-10 03:51:32,428 - INFO - Found menu using selector: [data-icon="menu"]
2025-11-10 03:51:50,777 - INFO - WhatsApp readiness probe found selectors: [('menu', '[data-icon="menu"]')]
2025-11-10 03:51:50,778 - WARNING - Readiness check failed; detected flags: {'menu': True, 'chat_list': False, 'message_input': False, 'main_area': False}
2025-11-10 03:51:50,778 - ERROR - WhatsApp Web not ready
2025-11-10 03:51:50,794 - WARNING - X Not sent to કનારા રાજકુમારભાઇ 
2025-11-10 03:51:52,795 - INFO - Sending 234/374: સોલંકી દીનેશભાઇ 
2025-11-10 03:52:01,629 - INFO - Found menu using selector: [data-icon="menu"]
2025-11-10 03:52:20,021 - INFO - WhatsApp readiness probe found selectors: [('menu', '[data-icon="menu"]')]
2025-11-10 03:52:20,022 - WARNING - Readiness check failed; detected flags: {'menu': True, 'chat_list': False, 'message_input': False, 'main_area': False}
2025-11-10 03:52:20,022 - ERROR - WhatsApp Web not ready
2025-11-10 03:52:20,040 - WARNING - X Not sent to સોલંકી દીનેશભાઇ 
2025-11-10 03:52:22,041 - INFO - Sending 235/374: કાંબલીયા કરણભાઇ 
2025-11-10 03:52:29,078 - INFO - Found menu using selector: [data-icon="menu"]
2025-11-10 03:52:47,614 - INFO - WhatsApp readiness probe found selectors: [('menu', '[data-icon="menu"]')]
2025-11-10 03:52:47,616 - WARNING - Readiness check failed; detected flags: {'menu': True, 'chat_list': False, 'message_input': False, 'main_area': False}
2025-11-10 03:52:47,617 - ERROR - WhatsApp Web not ready
2025-11-10 03:52:47,645 - WARNING - X Not sent to કાંબલીયા કરણભાઇ 
2025-11-10 03:52:49,646 - INFO - Sending 236/374: પીઠીયા નારણભાઇ 
2025-11-10 03:52:57,219 - INFO - Found menu using selector: [data-icon="menu"]
2025-11-10 03:53:15,561 - INFO - WhatsApp readiness probe found selectors: [('menu', '[data-icon="menu"]')]
2025-11-10 03:53:15,562 - WARNING - Readiness check failed; detected flags: {'menu': True, 'chat_list': False, 'message_input': False, 'main_area': False}
2025-11-10 03:53:15,562 - ERROR - WhatsApp Web not ready
2025-11-10 03:53:15,576 - WARNING - X Not sent to પીઠીયા નારણભાઇ 
2025-11-10 03:53:17,577 - INFO - Sending 237/374: ભાટુ રામભાઇ 
2025-11-10 03:53:25,053 - INFO - Found menu using selector: [data-icon="menu"]
2025-11-10 03:53:43,497 - INFO - WhatsApp readiness probe found selectors: [('menu', '[data-icon="menu"]')]
2025-11-10 03:53:43,497 - WARNING - Readiness check failed; detected flags: {'menu': True, 'chat_list': False, 'message_input': False, 'main_area': False}
2025-11-10 03:53:43,497 - ERROR - WhatsApp Web not ready
2025-11-10 03:53:43,518 - WARNING - X Not sent to ભાટુ રામભાઇ 
2025-11-10 03:53:45,519 - INFO - Sending 238/374: જાની મનીષભાઇ
2025-11-10 03:53:52,979 - INFO - Found menu using selector: [data-icon="menu"]
2025-11-10 03:54:11,368 - INFO - WhatsApp readiness probe found selectors: [('menu', '[data-icon="menu"]')]
2025-11-10 03:54:11,368 - WARNING - Readiness check failed; detected flags: {'menu': True, 'chat_list': False, 'message_input': False, 'main_area': False}
2025-11-10 03:54:11,368 - ERROR - WhatsApp Web not ready
2025-11-10 03:54:11,399 - WARNING - X Not sent to જાની મનીષભાઇ
2025-11-10 03:54:13,401 - INFO - Sending 239/374: જાની મનીષભાઇ
2025-11-10 03:54:20,612 - INFO - Found menu using selector: [data-icon="menu"]
2025-11-10 03:54:38,994 - INFO - WhatsApp readiness probe found selectors: [('menu', '[data-icon="menu"]')]
2025-11-10 03:54:38,995 - WARNING - Readiness check failed; detected flags: {'menu': True, 'chat_list': False, 'message_input': False, 'main_area': False}
2025-11-10 03:54:38,995 - ERROR - WhatsApp Web not ready
2025-11-10 03:54:39,011 - WARNING - X Not sent to જાની મનીષભાઇ
2025-11-10 03:54:41,012 - INFO - Sending 240/374: ભાદરકા વનરાજભાઇ 
2025-11-10 03:54:47,916 - INFO - Found menu using selector: [data-icon="menu"]
2025-11-10 03:55:06,282 - INFO - WhatsApp readiness probe found selectors: [('menu', '[data-icon="menu"]')]
2025-11-10 03:55:06,282 - WARNING - Readiness check failed; detected flags: {'menu': True, 'chat_list': False, 'message_input': False, 'main_area': False}
2025-11-10 03:55:06,282 - ERROR - WhatsApp Web not ready
2025-11-10 03:55:06,299 - WARNING - X Not sent to ભાદરકા વનરાજભાઇ 
2025-11-10 03:55:08,299 - INFO - Sending 241/374: ભાદરકા હીરેનભાઇ 
2025-11-10 03:55:15,470 - INFO - Found menu using selector: [data-icon="menu"]
2025-11-10 03:55:33,834 - INFO - WhatsApp readiness probe found selectors: [('menu', '[data-icon="menu"]')]
2025-11-10 03:55:33,834 - WARNING - Readiness check failed; detected flags: {'menu': True, 'chat_list': False, 'message_input': False, 'main_area': False}
2025-11-10 03:55:33,835 - ERROR - WhatsApp Web not ready
2025-11-10 03:55:33,862 - WARNING - X Not sent to ભાદરકા હીરેનભાઇ 
2025-11-10 03:55:35,864 - INFO - Sending 242/374: ભરતભાઇ ઇ બાઇક
2025-11-10 03:55:43,968 - INFO - Found menu using selector: [data-icon="menu"]
2025-11-10 03:56:02,335 - INFO - WhatsApp readiness probe found selectors: [('menu', '[data-icon="menu"]')]
2025-11-10 03:56:02,335 - WARNING - Readiness check failed; detected flags: {'menu': True, 'chat_list': False, 'message_input': False, 'main_area': False}
2025-11-10 03:56:02,335 - ERROR - WhatsApp Web not ready
2025-11-10 03:56:02,363 - WARNING - X Not sent to ભરતભાઇ ઇ બાઇક
2025-11-10 03:56:04,364 - INFO - Sending 243/374: ભાદરકા લીલાભાઇ 
2025-11-10 03:56:11,615 - INFO - Found menu using selector: [data-icon="menu"]
2025-11-10 03:56:29,955 - INFO - WhatsApp readiness probe found selectors: [('menu', '[data-icon="menu"]')]
2025-11-10 03:56:29,956 - WARNING - Readiness check failed; detected flags: {'menu': True, 'chat_list': False, 'message_input': False, 'main_area': False}
2025-11-10 03:56:29,956 - ERROR - WhatsApp Web not ready
2025-11-10 03:56:29,976 - WARNING - X Not sent to ભાદરકા લીલાભાઇ 
2025-11-10 03:56:31,977 - INFO - Sending 244/374: ભાદરકા બાલાભાઇ 
2025-11-10 03:56:37,291 - INFO - Found menu using selector: [data-icon="menu"]
2025-11-10 03:56:55,647 - INFO - WhatsApp readiness probe found selectors: [('menu', '[data-icon="menu"]')]
2025-11-10 03:56:55,648 - WARNING - Readiness check failed; detected flags: {'menu': True, 'chat_list': False, 'message_input': False, 'main_area': False}
2025-11-10 03:56:55,648 - ERROR - WhatsApp Web not ready
2025-11-10 03:56:55,664 - WARNING - X Not sent to ભાદરકા બાલાભાઇ 
2025-11-10 03:56:57,665 - INFO - Sending 245/374: ઝાલા સવદાસભાઇ 
2025-11-10 03:57:02,833 - INFO - Found menu using selector: [data-icon="menu"]
2025-11-10 03:57:21,160 - INFO - WhatsApp readiness probe found selectors: [('menu', '[data-icon="menu"]')]
2025-11-10 03:57:21,160 - WARNING - Readiness check failed; detected flags: {'menu': True, 'chat_list': False, 'message_input': False, 'main_area': False}
2025-11-10 03:57:21,160 - ERROR - WhatsApp Web not ready
2025-11-10 03:57:21,178 - WARNING - X Not sent to ઝાલા સવદાસભાઇ 
2025-11-10 03:57:23,179 - INFO - Sending 246/374: ઝાલા મારખીભાઇ 
2025-11-10 03:57:30,440 - INFO - Found menu using selector: [data-icon="menu"]
2025-11-10 03:57:48,837 - INFO - WhatsApp readiness probe found selectors: [('menu', '[data-icon="menu"]')]
2025-11-10 03:57:48,838 - WARNING - Readiness check failed; detected flags: {'menu': True, 'chat_list': False, 'message_input': False, 'main_area': False}
2025-11-10 03:57:48,838 - ERROR - WhatsApp Web not ready
2025-11-10 03:57:48,853 - WARNING - X Not sent to ઝાલા મારખીભાઇ 
2025-11-10 03:57:50,855 - INFO - Sending 247/374: ઝાલા મારખીભાઇ 
2025-11-10 03:57:55,937 - INFO - Found menu using selector: [data-icon="menu"]
2025-11-10 03:58:14,426 - INFO - WhatsApp readiness probe found selectors: [('menu', '[data-icon="menu"]')]
2025-11-10 03:58:14,426 - WARNING - Readiness check failed; detected flags: {'menu': True, 'chat_list': False, 'message_input': False, 'main_area': False}
2025-11-10 03:58:14,426 - ERROR - WhatsApp Web not ready
2025-11-10 03:58:14,441 - WARNING - X Not sent to ઝાલા મારખીભાઇ 
2025-11-10 03:58:16,442 - INFO - Sending 248/374: ઝાલા ભરતભાઇ સરમણભાઇ 
2025-11-10 03:58:23,348 - INFO - Found menu using selector: [data-icon="menu"]
2025-11-10 03:58:41,804 - INFO - WhatsApp readiness probe found selectors: [('menu', '[data-icon="menu"]')]
2025-11-10 03:58:41,804 - WARNING - Readiness check failed; detected flags: {'menu': True, 'chat_list': False, 'message_input': False, 'main_area': False}
2025-11-10 03:58:41,804 - ERROR - WhatsApp Web not ready
2025-11-10 03:58:41,824 - WARNING - X Not sent to ઝાલા ભરતભાઇ સરમણભાઇ 
2025-11-10 03:58:43,824 - INFO - Sending 249/374: ભાદરકા ભીમભાઇ
2025-11-10 03:58:52,275 - INFO - Found menu using selector: [data-icon="menu"]
2025-11-10 03:59:10,693 - INFO - WhatsApp readiness probe found selectors: [('menu', '[data-icon="menu"]')]
2025-11-10 03:59:10,693 - WARNING - Readiness check failed; detected flags: {'menu': True, 'chat_list': False, 'message_input': False, 'main_area': False}
2025-11-10 03:59:10,694 - ERROR - WhatsApp Web not ready
2025-11-10 03:59:10,721 - WARNING - X Not sent to ભાદરકા ભીમભાઇ
2025-11-10 03:59:12,722 - INFO - Sending 250/374: ચૌહાણ પુંજાભાઇ 
2025-11-10 03:59:18,047 - INFO - Found menu using selector: [data-icon="menu"]
2025-11-10 03:59:36,396 - INFO - WhatsApp readiness probe found selectors: [('menu', '[data-icon="menu"]')]
2025-11-10 03:59:36,396 - WARNING - Readiness check failed; detected flags: {'menu': True, 'chat_list': False, 'message_input': False, 'main_area': False}
2025-11-10 03:59:36,396 - ERROR - WhatsApp Web not ready
2025-11-10 03:59:36,411 - WARNING - X Not sent to ચૌહાણ પુંજાભાઇ 
2025-11-10 03:59:38,413 - INFO - Sending 251/374: ચૌહાણ હરદાસભાઇ 
2025-11-10 03:59:45,681 - INFO - Found menu using selector: [data-icon="menu"]
2025-11-10 04:00:04,205 - INFO - WhatsApp readiness probe found selectors: [('menu', '[data-icon="menu"]')]
2025-11-10 04:00:04,205 - WARNING - Readiness check failed; detected flags: {'menu': True, 'chat_list': False, 'message_input': False, 'main_area': False}
2025-11-10 04:00:04,206 - ERROR - WhatsApp Web not ready
2025-11-10 04:00:04,224 - WARNING - X Not sent to ચૌહાણ હરદાસભાઇ 
2025-11-10 04:00:06,225 - INFO - Sending 252/374: ગોહીલ અમરસીંહભાઇ 
2025-11-10 04:00:11,621 - INFO - Found menu using selector: [data-icon="menu"]
2025-11-10 04:00:29,981 - INFO - WhatsApp readiness probe found selectors: [('menu', '[data-icon="menu"]')]
2025-11-10 04:00:29,982 - WARNING - Readiness check failed; detected flags: {'menu': True, 'chat_list': False, 'message_input': False, 'main_area': False}
2025-11-10 04:00:29,982 - ERROR - WhatsApp Web not ready
2025-11-10 04:00:30,004 - WARNING - X Not sent to ગોહીલ અમરસીંહભાઇ 
2025-11-10 04:00:32,005 - INFO - Sending 253/374: ગોહીલ અમરસીંહભાઇ 
2025-11-10 04:00:37,153 - INFO - Found menu using selector: [data-icon="menu"]
2025-11-10 04:00:55,574 - INFO - WhatsApp readiness probe found selectors: [('menu', '[data-icon="menu"]')]
2025-11-10 04:00:55,574 - WARNING - Readiness check failed; detected flags: {'menu': True, 'chat_list': False, 'message_input': False, 'main_area': False}
2025-11-10 04:00:55,574 - ERROR - WhatsApp Web not ready
2025-11-10 04:00:55,590 - WARNING - X Not sent to ગોહીલ અમરસીંહભાઇ 
2025-11-10 04:00:57,591 - INFO - Sending 254/374: મોદી સૌરભભાઇ 
2025-11-10 04:01:04,762 - INFO - Found menu using selector: [data-icon="menu"]
2025-11-10 04:01:23,182 - INFO - WhatsApp readiness probe found selectors: [('menu', '[data-icon="menu"]')]
2025-11-10 04:01:23,182 - WARNING - Readiness check failed; detected flags: {'menu': True, 'chat_list': False, 'message_input': False, 'main_area': False}
2025-11-10 04:01:23,182 - ERROR - WhatsApp Web not ready
2025-11-10 04:01:23,199 - WARNING - X Not sent to મોદી સૌરભભાઇ 
2025-11-10 04:01:25,200 - INFO - Sending 255/374: પરમાર હરેશભાઇ 
2025-11-10 04:01:32,751 - INFO - Found menu using selector: [data-icon="menu"]
2025-11-10 04:01:51,181 - INFO - WhatsApp readiness probe found selectors: [('menu', '[data-icon="menu"]')]
2025-11-10 04:01:51,181 - WARNING - Readiness check failed; detected flags: {'menu': True, 'chat_list': False, 'message_input': False, 'main_area': False}
2025-11-10 04:01:51,181 - ERROR - WhatsApp Web not ready
2025-11-10 04:01:51,197 - WARNING - X Not sent to પરમાર હરેશભાઇ 
2025-11-10 04:01:53,198 - INFO - Sending 256/374: પરમાર રાજ સાહેબ 
2025-11-10 04:01:58,270 - INFO - Found menu using selector: [data-icon="menu"]
2025-11-10 04:02:16,599 - INFO - WhatsApp readiness probe found selectors: [('menu', '[data-icon="menu"]')]
2025-11-10 04:02:16,599 - WARNING - Readiness check failed; detected flags: {'menu': True, 'chat_list': False, 'message_input': False, 'main_area': False}
2025-11-10 04:02:16,599 - ERROR - WhatsApp Web not ready
2025-11-10 04:02:16,616 - WARNING - X Not sent to પરમાર રાજ સાહેબ 
2025-11-10 04:02:18,617 - INFO - Sending 257/374: કીરણભાઇ હોટલ
2025-11-10 04:02:23,662 - INFO - Found menu using selector: [data-icon="menu"]
2025-11-10 04:02:42,184 - INFO - WhatsApp readiness probe found selectors: [('menu', '[data-icon="menu"]')]
2025-11-10 04:02:42,185 - WARNING - Readiness check failed; detected flags: {'menu': True, 'chat_list': False, 'message_input': False, 'main_area': False}
2025-11-10 04:02:42,185 - ERROR - WhatsApp Web not ready
2025-11-10 04:02:42,203 - WARNING - X Not sent to કીરણભાઇ હોટલ
2025-11-10 04:02:44,207 - INFO - Sending 258/374: સુવા નારણભાઇ 
2025-11-10 04:02:52,135 - INFO - Found menu using selector: [data-icon="menu"]
2025-11-10 04:03:10,573 - INFO - WhatsApp readiness probe found selectors: [('menu', '[data-icon="menu"]')]
2025-11-10 04:03:10,574 - WARNING - Readiness check failed; detected flags: {'menu': True, 'chat_list': False, 'message_input': False, 'main_area': False}
2025-11-10 04:03:10,574 - ERROR - WhatsApp Web not ready
2025-11-10 04:03:10,604 - WARNING - X Not sent to સુવા નારણભાઇ 
2025-11-10 04:03:12,605 - INFO - Sending 259/374: સુવા હરેશભાઇ 
2025-11-10 04:03:18,290 - INFO - Found menu using selector: [data-icon="menu"]
2025-11-10 04:03:36,682 - INFO - WhatsApp readiness probe found selectors: [('menu', '[data-icon="menu"]')]
2025-11-10 04:03:36,682 - WARNING - Readiness check failed; detected flags: {'menu': True, 'chat_list': False, 'message_input': False, 'main_area': False}
2025-11-10 04:03:36,682 - ERROR - WhatsApp Web not ready
2025-11-10 04:03:36,707 - WARNING - X Not sent to સુવા હરેશભાઇ 
2025-11-10 04:03:38,707 - INFO - Sending 260/374: સુવા જયેશભાઇ 
2025-11-10 04:03:45,721 - INFO - Found menu using selector: [data-icon="menu"]
2025-11-10 04:04:04,112 - INFO - WhatsApp readiness probe found selectors: [('menu', '[data-icon="menu"]')]
2025-11-10 04:04:04,112 - WARNING - Readiness check failed; detected flags: {'menu': True, 'chat_list': False, 'message_input': False, 'main_area': False}
2025-11-10 04:04:04,112 - ERROR - WhatsApp Web not ready
2025-11-10 04:04:04,130 - WARNING - X Not sent to સુવા જયેશભાઇ 
2025-11-10 04:04:06,132 - INFO - Sending 261/374: સુવા જયેશભાઇ 
2025-11-10 04:04:13,210 - INFO - Found menu using selector: [data-icon="menu"]
2025-11-10 04:04:31,605 - INFO - WhatsApp readiness probe found selectors: [('menu', '[data-icon="menu"]')]
2025-11-10 04:04:31,605 - WARNING - Readiness check failed; detected flags: {'menu': True, 'chat_list': False, 'message_input': False, 'main_area': False}
2025-11-10 04:04:31,605 - ERROR - WhatsApp Web not ready
2025-11-10 04:04:31,623 - WARNING - X Not sent to સુવા જયેશભાઇ 
2025-11-10 04:04:33,624 - INFO - Sending 262/374: સોલંકી કીશોરભાઇ 
2025-11-10 04:04:41,080 - INFO - Found menu using selector: [data-icon="menu"]
2025-11-10 04:04:59,572 - INFO - WhatsApp readiness probe found selectors: [('menu', '[data-icon="menu"]')]
2025-11-10 04:04:59,573 - WARNING - Readiness check failed; detected flags: {'menu': True, 'chat_list': False, 'message_input': False, 'main_area': False}
2025-11-10 04:04:59,573 - ERROR - WhatsApp Web not ready
2025-11-10 04:04:59,601 - WARNING - X Not sent to સોલંકી કીશોરભાઇ 
2025-11-10 04:05:01,602 - INFO - Sending 263/374: પીઠીયા પરાગભાઇ
2025-11-10 04:05:08,858 - INFO - Found menu using selector: [data-icon="menu"]
2025-11-10 04:05:27,269 - INFO - WhatsApp readiness probe found selectors: [('menu', '[data-icon="menu"]')]
2025-11-10 04:05:27,269 - WARNING - Readiness check failed; detected flags: {'menu': True, 'chat_list': False, 'message_input': False, 'main_area': False}
2025-11-10 04:05:27,269 - ERROR - WhatsApp Web not ready
2025-11-10 04:05:27,287 - WARNING - X Not sent to પીઠીયા પરાગભાઇ
2025-11-10 04:05:29,288 - INFO - Sending 264/374: પીઠીયા પરાગભાઇ
2025-11-10 04:05:36,534 - INFO - Found menu using selector: [data-icon="menu"]
2025-11-10 04:05:54,976 - INFO - WhatsApp readiness probe found selectors: [('menu', '[data-icon="menu"]')]
2025-11-10 04:05:54,976 - WARNING - Readiness check failed; detected flags: {'menu': True, 'chat_list': False, 'message_input': False, 'main_area': False}
2025-11-10 04:05:54,977 - ERROR - WhatsApp Web not ready
2025-11-10 04:05:54,997 - WARNING - X Not sent to પીઠીયા પરાગભાઇ
2025-11-10 04:05:56,998 - INFO - Sending 265/374: ભારવડીયા રામદેભાઇ
2025-11-10 04:06:02,216 - INFO - Found menu using selector: [data-icon="menu"]
2025-11-10 04:06:20,590 - INFO - WhatsApp readiness probe found selectors: [('menu', '[data-icon="menu"]')]
2025-11-10 04:06:20,590 - WARNING - Readiness check failed; detected flags: {'menu': True, 'chat_list': False, 'message_input': False, 'main_area': False}
2025-11-10 04:06:20,590 - ERROR - WhatsApp Web not ready
2025-11-10 04:06:20,612 - WARNING - X Not sent to ભારવડીયા રામદેભાઇ
2025-11-10 04:06:22,612 - INFO - Sending 266/374:  કાળુભાઇ નથુભાઇ ઉપલેટા 
2025-11-10 04:06:27,753 - INFO - Found menu using selector: [data-icon="menu"]
2025-11-10 04:06:46,307 - INFO - WhatsApp readiness probe found selectors: [('menu', '[data-icon="menu"]')]
2025-11-10 04:06:46,308 - WARNING - Readiness check failed; detected flags: {'menu': True, 'chat_list': False, 'message_input': False, 'main_area': False}
2025-11-10 04:06:46,308 - ERROR - WhatsApp Web not ready
2025-11-10 04:06:46,324 - WARNING - X Not sent to  કાળુભાઇ નથુભાઇ ઉપલેટા 
2025-11-10 04:06:48,325 - INFO - Sending 267/374: કાછીયા આકાશભાઇ
2025-11-10 04:06:58,500 - INFO - Found menu using selector: [data-icon="menu"]
2025-11-10 04:07:16,899 - INFO - WhatsApp readiness probe found selectors: [('menu', '[data-icon="menu"]')]
2025-11-10 04:07:16,899 - WARNING - Readiness check failed; detected flags: {'menu': True, 'chat_list': False, 'message_input': False, 'main_area': False}
2025-11-10 04:07:16,900 - ERROR - WhatsApp Web not ready
2025-11-10 04:07:16,914 - WARNING - X Not sent to કાછીયા આકાશભાઇ
2025-11-10 04:07:18,915 - INFO - Sending 268/374: પટેલ લાલાભાઇ 
2025-11-10 04:07:26,079 - INFO - Found menu using selector: [data-icon="menu"]
2025-11-10 04:07:44,494 - INFO - WhatsApp readiness probe found selectors: [('menu', '[data-icon="menu"]')]
2025-11-10 04:07:44,494 - WARNING - Readiness check failed; detected flags: {'menu': True, 'chat_list': False, 'message_input': False, 'main_area': False}
2025-11-10 04:07:44,494 - ERROR - WhatsApp Web not ready
2025-11-10 04:07:44,514 - WARNING - X Not sent to પટેલ લાલાભાઇ 
2025-11-10 04:07:46,515 - INFO - Sending 269/374: પટેલ વીનોદભાઇ
2025-11-10 04:07:53,522 - INFO - Found menu using selector: [data-icon="menu"]
2025-11-10 04:08:11,852 - INFO - WhatsApp readiness probe found selectors: [('menu', '[data-icon="menu"]')]
2025-11-10 04:08:11,852 - WARNING - Readiness check failed; detected flags: {'menu': True, 'chat_list': False, 'message_input': False, 'main_area': False}
2025-11-10 04:08:11,853 - ERROR - WhatsApp Web not ready
2025-11-10 04:08:11,876 - WARNING - X Not sent to પટેલ વીનોદભાઇ
2025-11-10 04:08:13,877 - INFO - Sending 270/374: પટેલ રાજુભાઇ
2025-11-10 04:08:19,124 - INFO - Found menu using selector: [data-icon="menu"]
2025-11-10 04:08:37,590 - INFO - WhatsApp readiness probe found selectors: [('menu', '[data-icon="menu"]')]
2025-11-10 04:08:37,590 - WARNING - Readiness check failed; detected flags: {'menu': True, 'chat_list': False, 'message_input': False, 'main_area': False}
2025-11-10 04:08:37,590 - ERROR - WhatsApp Web not ready
2025-11-10 04:08:37,612 - WARNING - X Not sent to પટેલ રાજુભાઇ
2025-11-10 04:08:39,613 - INFO - Sending 271/374: પટેલ રાજુભાઇ
2025-11-10 04:08:44,684 - INFO - Found menu using selector: [data-icon="menu"]
2025-11-10 04:09:03,062 - INFO - WhatsApp readiness probe found selectors: [('menu', '[data-icon="menu"]')]
2025-11-10 04:09:03,062 - WARNING - Readiness check failed; detected flags: {'menu': True, 'chat_list': False, 'message_input': False, 'main_area': False}
2025-11-10 04:09:03,062 - ERROR - WhatsApp Web not ready
2025-11-10 04:09:03,077 - WARNING - X Not sent to પટેલ રાજુભાઇ
2025-11-10 04:09:05,078 - INFO - Sending 272/374: પાઠક સંજયભાઇ
2025-11-10 04:09:10,693 - INFO - Found menu using selector: [data-icon="menu"]
2025-11-10 04:09:29,099 - INFO - WhatsApp readiness probe found selectors: [('menu', '[data-icon="menu"]')]
2025-11-10 04:09:29,099 - WARNING - Readiness check failed; detected flags: {'menu': True, 'chat_list': False, 'message_input': False, 'main_area': False}
2025-11-10 04:09:29,099 - ERROR - WhatsApp Web not ready
2025-11-10 04:09:29,119 - WARNING - X Not sent to પાઠક સંજયભાઇ
2025-11-10 04:09:31,120 - INFO - Sending 273/374: પાઠક હેમંતભાઇ
2025-11-10 04:09:38,171 - INFO - Found menu using selector: [data-icon="menu"]
2025-11-10 04:09:56,580 - INFO - WhatsApp readiness probe found selectors: [('menu', '[data-icon="menu"]')]
2025-11-10 04:09:56,580 - WARNING - Readiness check failed; detected flags: {'menu': True, 'chat_list': False, 'message_input': False, 'main_area': False}
2025-11-10 04:09:56,580 - ERROR - WhatsApp Web not ready
2025-11-10 04:09:56,607 - WARNING - X Not sent to પાઠક હેમંતભાઇ
2025-11-10 04:09:58,608 - INFO - Sending 274/374: બકાભાઇ
2025-11-10 04:10:03,935 - INFO - Found menu using selector: [data-icon="menu"]
2025-11-10 04:10:22,269 - INFO - WhatsApp readiness probe found selectors: [('menu', '[data-icon="menu"]')]
2025-11-10 04:10:22,269 - WARNING - Readiness check failed; detected flags: {'menu': True, 'chat_list': False, 'message_input': False, 'main_area': False}
2025-11-10 04:10:22,269 - ERROR - WhatsApp Web not ready
2025-11-10 04:10:22,287 - WARNING - X Not sent to બકાભાઇ
2025-11-10 04:10:24,288 - INFO - Sending 275/374: ભાદરકા ધનાભાઇ
2025-11-10 04:10:29,459 - INFO - Found menu using selector: [data-icon="menu"]
2025-11-10 04:10:47,868 - INFO - WhatsApp readiness probe found selectors: [('menu', '[data-icon="menu"]')]
2025-11-10 04:10:47,868 - WARNING - Readiness check failed; detected flags: {'menu': True, 'chat_list': False, 'message_input': False, 'main_area': False}
2025-11-10 04:10:47,868 - ERROR - WhatsApp Web not ready
2025-11-10 04:10:47,884 - WARNING - X Not sent to ભાદરકા ધનાભાઇ
2025-11-10 04:10:49,885 - INFO - Sending 276/374: ભાવીનભાઇ
2025-11-10 04:10:55,318 - INFO - Found menu using selector: [data-icon="menu"]
2025-11-10 04:11:13,864 - INFO - WhatsApp readiness probe found selectors: [('menu', '[data-icon="menu"]')]
2025-11-10 04:11:13,864 - WARNING - Readiness check failed; detected flags: {'menu': True, 'chat_list': False, 'message_input': False, 'main_area': False}
2025-11-10 04:11:13,864 - ERROR - WhatsApp Web not ready
2025-11-10 04:11:13,879 - WARNING - X Not sent to ભાવીનભાઇ
2025-11-10 04:11:15,880 - INFO - Sending 277/374: સંજયભાઇ
2025-11-10 04:11:24,704 - INFO - Found menu using selector: [data-icon="menu"]
2025-11-10 04:11:43,147 - INFO - WhatsApp readiness probe found selectors: [('menu', '[data-icon="menu"]')]
2025-11-10 04:11:43,147 - WARNING - Readiness check failed; detected flags: {'menu': True, 'chat_list': False, 'message_input': False, 'main_area': False}
2025-11-10 04:11:43,147 - ERROR - WhatsApp Web not ready
2025-11-10 04:11:43,179 - WARNING - X Not sent to સંજયભાઇ
2025-11-10 04:11:45,180 - INFO - Sending 278/374: સંજયભાઇ
2025-11-10 04:11:52,820 - INFO - Found menu using selector: [data-icon="menu"]
2025-11-10 04:12:11,265 - INFO - WhatsApp readiness probe found selectors: [('menu', '[data-icon="menu"]')]
2025-11-10 04:12:11,265 - WARNING - Readiness check failed; detected flags: {'menu': True, 'chat_list': False, 'message_input': False, 'main_area': False}
2025-11-10 04:12:11,265 - ERROR - WhatsApp Web not ready
2025-11-10 04:12:11,287 - WARNING - X Not sent to સંજયભાઇ
2025-11-10 04:12:13,289 - INFO - Sending 279/374: ગણપતસીંહ
2025-11-10 04:12:18,799 - INFO - Found menu using selector: [data-icon="menu"]
2025-11-10 04:12:37,168 - INFO - WhatsApp readiness probe found selectors: [('menu', '[data-icon="menu"]')]
2025-11-10 04:12:37,169 - WARNING - Readiness check failed; detected flags: {'menu': True, 'chat_list': False, 'message_input': False, 'main_area': False}
2025-11-10 04:12:37,169 - ERROR - WhatsApp Web not ready
2025-11-10 04:12:37,203 - WARNING - X Not sent to ગણપતસીંહ
2025-11-10 04:12:39,205 - INFO - Sending 280/374: ગણપતસીંહ
2025-11-10 04:12:46,456 - INFO - Found menu using selector: [data-icon="menu"]
2025-11-10 04:13:04,992 - INFO - WhatsApp readiness probe found selectors: [('menu', '[data-icon="menu"]')]
2025-11-10 04:13:04,992 - WARNING - Readiness check failed; detected flags: {'menu': True, 'chat_list': False, 'message_input': False, 'main_area': False}
2025-11-10 04:13:04,992 - ERROR - WhatsApp Web not ready
2025-11-10 04:13:05,014 - WARNING - X Not sent to ગણપતસીંહ
2025-11-10 04:13:07,015 - INFO - Sending 281/374: ગણપતસીંહ
2025-11-10 04:13:12,043 - INFO - Found menu using selector: [data-icon="menu"]
2025-11-10 04:13:30,540 - INFO - WhatsApp readiness probe found selectors: [('menu', '[data-icon="menu"]')]
2025-11-10 04:13:30,540 - WARNING - Readiness check failed; detected flags: {'menu': True, 'chat_list': False, 'message_input': False, 'main_area': False}
2025-11-10 04:13:30,540 - ERROR - WhatsApp Web not ready
2025-11-10 04:13:30,561 - WARNING - X Not sent to ગણપતસીંહ
2025-11-10 04:13:32,562 - INFO - Sending 282/374: વણકર વીપુલભાઇ
2025-11-10 04:13:40,388 - INFO - Found menu using selector: [data-icon="menu"]
2025-11-10 04:13:58,726 - INFO - WhatsApp readiness probe found selectors: [('menu', '[data-icon="menu"]')]
2025-11-10 04:13:58,726 - WARNING - Readiness check failed; detected flags: {'menu': True, 'chat_list': False, 'message_input': False, 'main_area': False}
2025-11-10 04:13:58,726 - ERROR - WhatsApp Web not ready
2025-11-10 04:13:58,750 - WARNING - X Not sent to વણકર વીપુલભાઇ
2025-11-10 04:14:00,751 - INFO - Sending 283/374: પીઠિયા ભાવેશભાઇ
2025-11-10 04:14:06,463 - INFO - Found menu using selector: [data-icon="menu"]
2025-11-10 04:14:24,999 - INFO - WhatsApp readiness probe found selectors: [('menu', '[data-icon="menu"]')]
2025-11-10 04:14:25,000 - WARNING - Readiness check failed; detected flags: {'menu': True, 'chat_list': False, 'message_input': False, 'main_area': False}
2025-11-10 04:14:25,000 - ERROR - WhatsApp Web not ready
2025-11-10 04:14:25,026 - WARNING - X Not sent to પીઠિયા ભાવેશભાઇ
2025-11-10 04:14:27,027 - INFO - Sending 284/374: પટેલ સચીનભાઇ
2025-11-10 04:14:34,098 - INFO - Found menu using selector: [data-icon="menu"]
2025-11-10 04:14:52,675 - INFO - WhatsApp readiness probe found selectors: [('menu', '[data-icon="menu"]')]
2025-11-10 04:14:52,675 - WARNING - Readiness check failed; detected flags: {'menu': True, 'chat_list': False, 'message_input': False, 'main_area': False}
2025-11-10 04:14:52,675 - ERROR - WhatsApp Web not ready
2025-11-10 04:14:52,691 - WARNING - X Not sent to પટેલ સચીનભાઇ
2025-11-10 04:14:54,692 - INFO - Sending 285/374: જાદવ ભુપતભાઇ
2025-11-10 04:15:00,210 - INFO - Found menu using selector: [data-icon="menu"]
2025-11-10 04:15:18,554 - INFO - WhatsApp readiness probe found selectors: [('menu', '[data-icon="menu"]')]
2025-11-10 04:15:18,554 - WARNING - Readiness check failed; detected flags: {'menu': True, 'chat_list': False, 'message_input': False, 'main_area': False}
2025-11-10 04:15:18,555 - ERROR - WhatsApp Web not ready
2025-11-10 04:15:18,586 - WARNING - X Not sent to જાદવ ભુપતભાઇ
2025-11-10 04:15:20,587 - INFO - Sending 286/374: કાંબલીયા નથુભાઇ નગાભાઇ
2025-11-10 04:15:27,731 - INFO - Found menu using selector: [data-icon="menu"]
2025-11-10 04:15:46,397 - INFO - WhatsApp readiness probe found selectors: [('menu', '[data-icon="menu"]')]
2025-11-10 04:15:46,397 - WARNING - Readiness check failed; detected flags: {'menu': True, 'chat_list': False, 'message_input': False, 'main_area': False}
2025-11-10 04:15:46,397 - ERROR - WhatsApp Web not ready
2025-11-10 04:15:46,423 - WARNING - X Not sent to કાંબલીયા નથુભાઇ નગાભાઇ
2025-11-10 04:15:48,424 - INFO - Sending 287/374: કાંબલીયા દેવાનંદભાઇ નગાભાઇ 
2025-11-10 04:15:53,717 - INFO - Found menu using selector: [data-icon="menu"]
2025-11-10 04:16:12,055 - INFO - WhatsApp readiness probe found selectors: [('menu', '[data-icon="menu"]')]
2025-11-10 04:16:12,056 - WARNING - Readiness check failed; detected flags: {'menu': True, 'chat_list': False, 'message_input': False, 'main_area': False}
2025-11-10 04:16:12,058 - ERROR - WhatsApp Web not ready
2025-11-10 04:16:12,082 - WARNING - X Not sent to કાંબલીયા દેવાનંદભાઇ નગાભાઇ 
2025-11-10 04:16:14,084 - INFO - Sending 288/374: કાંબલીયા દેવાનંદભાઇ નગાભાઇ 
2025-11-10 04:16:21,618 - INFO - Found menu using selector: [data-icon="menu"]
2025-11-10 04:16:39,995 - INFO - WhatsApp readiness probe found selectors: [('menu', '[data-icon="menu"]')]
2025-11-10 04:16:39,995 - WARNING - Readiness check failed; detected flags: {'menu': True, 'chat_list': False, 'message_input': False, 'main_area': False}
2025-11-10 04:16:39,995 - ERROR - WhatsApp Web not ready
2025-11-10 04:16:40,017 - WARNING - X Not sent to કાંબલીયા દેવાનંદભાઇ નગાભાઇ 
2025-11-10 04:16:42,030 - INFO - Sending 289/374: કાંબલીયા હરદાસભાઇ નગાભાઇ 
2025-11-10 04:16:47,572 - INFO - Found menu using selector: [data-icon="menu"]
2025-11-10 04:17:05,908 - INFO - WhatsApp readiness probe found selectors: [('menu', '[data-icon="menu"]')]
2025-11-10 04:17:05,909 - WARNING - Readiness check failed; detected flags: {'menu': True, 'chat_list': False, 'message_input': False, 'main_area': False}
2025-11-10 04:17:05,909 - ERROR - WhatsApp Web not ready
2025-11-10 04:17:05,925 - WARNING - X Not sent to કાંબલીયા હરદાસભાઇ નગાભાઇ 
2025-11-10 04:17:07,926 - INFO - Sending 290/374: કાંબલીયા હરદાસભાઇ નગાભાઇ 
2025-11-10 04:17:15,779 - INFO - Found menu using selector: [data-icon="menu"]
2025-11-10 04:17:34,191 - INFO - WhatsApp readiness probe found selectors: [('menu', '[data-icon="menu"]')]
2025-11-10 04:17:34,191 - WARNING - Readiness check failed; detected flags: {'menu': True, 'chat_list': False, 'message_input': False, 'main_area': False}
2025-11-10 04:17:34,191 - ERROR - WhatsApp Web not ready
2025-11-10 04:17:34,215 - WARNING - X Not sent to કાંબલીયા હરદાસભાઇ નગાભાઇ 
2025-11-10 04:17:36,216 - INFO - Sending 291/374: કાંબલીયા જેઠાભાઇ ભીમાભાઇ 
2025-11-10 04:17:44,222 - INFO - Found menu using selector: [data-icon="menu"]
2025-11-10 04:18:02,620 - INFO - WhatsApp readiness probe found selectors: [('menu', '[data-icon="menu"]')]
2025-11-10 04:18:02,620 - WARNING - Readiness check failed; detected flags: {'menu': True, 'chat_list': False, 'message_input': False, 'main_area': False}
2025-11-10 04:18:02,620 - ERROR - WhatsApp Web not ready
2025-11-10 04:18:02,635 - WARNING - X Not sent to કાંબલીયા જેઠાભાઇ ભીમાભાઇ 
2025-11-10 04:18:04,636 - INFO - Sending 292/374: કાંબલીયા રાજેશભાઇ ભીમાભાઇ
2025-11-10 04:18:10,526 - INFO - Found menu using selector: [data-icon="menu"]
2025-11-10 04:18:28,862 - INFO - WhatsApp readiness probe found selectors: [('menu', '[data-icon="menu"]')]
2025-11-10 04:18:28,862 - WARNING - Readiness check failed; detected flags: {'menu': True, 'chat_list': False, 'message_input': False, 'main_area': False}
2025-11-10 04:18:28,863 - ERROR - WhatsApp Web not ready
2025-11-10 04:18:28,878 - WARNING - X Not sent to કાંબલીયા રાજેશભાઇ ભીમાભાઇ
2025-11-10 04:18:30,879 - INFO - Sending 293/374: કાંબલીયા મેરામણભાઇ મુંજાભાઇ 
2025-11-10 04:18:37,911 - INFO - Found menu using selector: [data-icon="menu"]
2025-11-10 04:18:56,292 - INFO - WhatsApp readiness probe found selectors: [('menu', '[data-icon="menu"]')]
2025-11-10 04:18:56,293 - WARNING - Readiness check failed; detected flags: {'menu': True, 'chat_list': False, 'message_input': False, 'main_area': False}
2025-11-10 04:18:56,293 - ERROR - WhatsApp Web not ready
2025-11-10 04:18:56,308 - WARNING - X Not sent to કાંબલીયા મેરામણભાઇ મુંજાભાઇ 
2025-11-10 04:18:58,309 - INFO - Sending 294/374: કાંબલીયા કરણભાઇ ટપુભાઇ 
2025-11-10 04:19:03,537 - INFO - Found menu using selector: [data-icon="menu"]
2025-11-10 04:19:22,162 - INFO - WhatsApp readiness probe found selectors: [('menu', '[data-icon="menu"]')]
2025-11-10 04:19:22,162 - WARNING - Readiness check failed; detected flags: {'menu': True, 'chat_list': False, 'message_input': False, 'main_area': False}
2025-11-10 04:19:22,162 - ERROR - WhatsApp Web not ready
2025-11-10 04:19:22,177 - WARNING - X Not sent to કાંબલીયા કરણભાઇ ટપુભાઇ 
2025-11-10 04:19:24,178 - INFO - Sending 295/374: કાંબલીયા ગોવીંદભાઇ ટપુભાઇ 
2025-11-10 04:19:31,062 - INFO - Found menu using selector: [data-icon="menu"]
2025-11-10 04:19:49,411 - INFO - WhatsApp readiness probe found selectors: [('menu', '[data-icon="menu"]')]
2025-11-10 04:19:49,412 - WARNING - Readiness check failed; detected flags: {'menu': True, 'chat_list': False, 'message_input': False, 'main_area': False}
2025-11-10 04:19:49,412 - ERROR - WhatsApp Web not ready
2025-11-10 04:19:49,433 - WARNING - X Not sent to કાંબલીયા ગોવીંદભાઇ ટપુભાઇ 
2025-11-10 04:19:51,434 - INFO - Sending 296/374: કાંબલીયા માલદેભાઇ બચુભાઇ 
2025-11-10 04:19:58,854 - INFO - Found menu using selector: [data-icon="menu"]
2025-11-10 04:20:17,252 - INFO - WhatsApp readiness probe found selectors: [('menu', '[data-icon="menu"]')]
2025-11-10 04:20:17,252 - WARNING - Readiness check failed; detected flags: {'menu': True, 'chat_list': False, 'message_input': False, 'main_area': False}
2025-11-10 04:20:17,252 - ERROR - WhatsApp Web not ready
2025-11-10 04:20:17,268 - WARNING - X Not sent to કાંબલીયા માલદેભાઇ બચુભાઇ 
2025-11-10 04:20:19,269 - INFO - Sending 297/374: કાંબલીયા પરબતભાઇ બચુભાઇ 
2025-11-10 04:20:24,513 - INFO - Found menu using selector: [data-icon="menu"]
2025-11-10 04:20:42,976 - INFO - WhatsApp readiness probe found selectors: [('menu', '[data-icon="menu"]')]
2025-11-10 04:20:42,976 - WARNING - Readiness check failed; detected flags: {'menu': True, 'chat_list': False, 'message_input': False, 'main_area': False}
2025-11-10 04:20:42,976 - ERROR - WhatsApp Web not ready
2025-11-10 04:20:42,997 - WARNING - X Not sent to કાંબલીયા પરબતભાઇ બચુભાઇ 
2025-11-10 04:20:44,998 - INFO - Sending 298/374: કાંબલીયા કીશોરભાઇ બચુભાઇ 
2025-11-10 04:20:52,051 - INFO - Found menu using selector: [data-icon="menu"]
2025-11-10 04:21:10,464 - INFO - WhatsApp readiness probe found selectors: [('menu', '[data-icon="menu"]')]
2025-11-10 04:21:10,465 - WARNING - Readiness check failed; detected flags: {'menu': True, 'chat_list': False, 'message_input': False, 'main_area': False}
2025-11-10 04:21:10,465 - ERROR - WhatsApp Web not ready
2025-11-10 04:21:10,480 - WARNING - X Not sent to કાંબલીયા કીશોરભાઇ બચુભાઇ 
2025-11-10 04:21:12,481 - INFO - Sending 299/374: કાંબલીયા દેવાનંદભાઇ ચીનુભાઇ 
2025-11-10 04:21:20,700 - INFO - Found menu using selector: [data-icon="menu"]
2025-11-10 04:21:39,178 - INFO - WhatsApp readiness probe found selectors: [('menu', '[data-icon="menu"]')]
2025-11-10 04:21:39,178 - WARNING - Readiness check failed; detected flags: {'menu': True, 'chat_list': False, 'message_input': False, 'main_area': False}
2025-11-10 04:21:39,178 - ERROR - WhatsApp Web not ready
2025-11-10 04:21:39,205 - WARNING - X Not sent to કાંબલીયા દેવાનંદભાઇ ચીનુભાઇ 
2025-11-10 04:21:41,206 - INFO - Sending 300/374: કામલીયા મહેશભાઇ ચીનુભાઇ 
2025-11-10 04:21:48,211 - INFO - Found menu using selector: [data-icon="menu"]
2025-11-10 04:22:06,883 - INFO - WhatsApp readiness probe found selectors: [('menu', '[data-icon="menu"]')]
2025-11-10 04:22:06,884 - WARNING - Readiness check failed; detected flags: {'menu': True, 'chat_list': False, 'message_input': False, 'main_area': False}
2025-11-10 04:22:06,884 - ERROR - WhatsApp Web not ready
2025-11-10 04:22:06,903 - WARNING - X Not sent to કામલીયા મહેશભાઇ ચીનુભાઇ 
2025-11-10 04:22:08,904 - INFO - Sending 301/374: કામલીયા ભનાભાઇ ખોડાભાઇ 
2025-11-10 04:22:14,532 - INFO - Found menu using selector: [data-icon="menu"]
2025-11-10 04:22:32,879 - INFO - WhatsApp readiness probe found selectors: [('menu', '[data-icon="menu"]')]
2025-11-10 04:22:32,879 - WARNING - Readiness check failed; detected flags: {'menu': True, 'chat_list': False, 'message_input': False, 'main_area': False}
2025-11-10 04:22:32,880 - ERROR - WhatsApp Web not ready
2025-11-10 04:22:32,897 - WARNING - X Not sent to કામલીયા ભનાભાઇ ખોડાભાઇ 
2025-11-10 04:22:34,898 - INFO - Sending 302/374: ભાદરકા લખમણભાઇ મેરામણભાઇ 
2025-11-10 04:22:43,149 - INFO - Found menu using selector: [data-icon="menu"]
2025-11-10 04:23:01,751 - INFO - WhatsApp readiness probe found selectors: [('menu', '[data-icon="menu"]')]
2025-11-10 04:23:01,751 - WARNING - Readiness check failed; detected flags: {'menu': True, 'chat_list': False, 'message_input': False, 'main_area': False}
2025-11-10 04:23:01,751 - ERROR - WhatsApp Web not ready
2025-11-10 04:23:01,780 - WARNING - X Not sent to ભાદરકા લખમણભાઇ મેરામણભાઇ 
2025-11-10 04:23:03,781 - INFO - Sending 303/374: ભાદરકા ભરતભાઇ મેરામણભાઇ 
2025-11-10 04:23:09,426 - INFO - Found menu using selector: [data-icon="menu"]
2025-11-10 04:23:27,924 - INFO - WhatsApp readiness probe found selectors: [('menu', '[data-icon="menu"]')]
2025-11-10 04:23:27,924 - WARNING - Readiness check failed; detected flags: {'menu': True, 'chat_list': False, 'message_input': False, 'main_area': False}
2025-11-10 04:23:27,924 - ERROR - WhatsApp Web not ready
2025-11-10 04:23:27,939 - WARNING - X Not sent to ભાદરકા ભરતભાઇ મેરામણભાઇ 
2025-11-10 04:23:29,940 - INFO - Sending 304/374: ભાદરકા ઉકાભાઇ કાનાભાઇ 
2025-11-10 04:23:37,061 - INFO - Found menu using selector: [data-icon="menu"]
2025-11-10 04:23:55,417 - INFO - WhatsApp readiness probe found selectors: [('menu', '[data-icon="menu"]')]
2025-11-10 04:23:55,417 - WARNING - Readiness check failed; detected flags: {'menu': True, 'chat_list': False, 'message_input': False, 'main_area': False}
2025-11-10 04:23:55,418 - ERROR - WhatsApp Web not ready
2025-11-10 04:23:55,436 - WARNING - X Not sent to ભાદરકા ઉકાભાઇ કાનાભાઇ 
2025-11-10 04:23:57,437 - INFO - Sending 305/374: ભાદરકા અરજણભાઇ કાનાભાઇ 
2025-11-10 04:24:06,667 - INFO - Found menu using selector: [data-icon="menu"]
2025-11-10 04:24:25,006 - INFO - WhatsApp readiness probe found selectors: [('menu', '[data-icon="menu"]')]
2025-11-10 04:24:25,006 - WARNING - Readiness check failed; detected flags: {'menu': True, 'chat_list': False, 'message_input': False, 'main_area': False}
2025-11-10 04:24:25,006 - ERROR - WhatsApp Web not ready
2025-11-10 04:24:25,025 - WARNING - X Not sent to ભાદરકા અરજણભાઇ કાનાભાઇ 
2025-11-10 04:24:27,027 - INFO - Sending 306/374: ઘુલ કરશનભાઇ
2025-11-10 04:24:35,916 - INFO - Found menu using selector: [data-icon="menu"]
2025-11-10 04:24:54,279 - INFO - WhatsApp readiness probe found selectors: [('menu', '[data-icon="menu"]')]
2025-11-10 04:24:54,279 - WARNING - Readiness check failed; detected flags: {'menu': True, 'chat_list': False, 'message_input': False, 'main_area': False}
2025-11-10 04:24:54,280 - ERROR - WhatsApp Web not ready
2025-11-10 04:24:54,294 - WARNING - X Not sent to ઘુલ કરશનભાઇ
2025-11-10 04:24:56,295 - INFO - Sending 307/374: ઘુલ કરશનભાઇ
2025-11-10 04:25:01,991 - INFO - Found menu using selector: [data-icon="menu"]
2025-11-10 04:25:20,363 - INFO - WhatsApp readiness probe found selectors: [('menu', '[data-icon="menu"]')]
2025-11-10 04:25:20,363 - WARNING - Readiness check failed; detected flags: {'menu': True, 'chat_list': False, 'message_input': False, 'main_area': False}
2025-11-10 04:25:20,363 - ERROR - WhatsApp Web not ready
2025-11-10 04:25:20,386 - WARNING - X Not sent to ઘુલ કરશનભાઇ
2025-11-10 04:25:22,387 - INFO - Sending 308/374: ઘુલ રાજુભાઇ 
2025-11-10 04:25:30,982 - INFO - Found menu using selector: [data-icon="menu"]
2025-11-10 04:25:49,416 - INFO - WhatsApp readiness probe found selectors: [('menu', '[data-icon="menu"]')]
2025-11-10 04:25:49,416 - WARNING - Readiness check failed; detected flags: {'menu': True, 'chat_list': False, 'message_input': False, 'main_area': False}
2025-11-10 04:25:49,417 - ERROR - WhatsApp Web not ready
2025-11-10 04:25:49,431 - WARNING - X Not sent to ઘુલ રાજુભાઇ 
2025-11-10 04:25:51,433 - INFO - Sending 309/374: નાધેરા કાનાભાઇ જેઠાભાઇ 
2025-11-10 04:25:58,608 - INFO - Found menu using selector: [data-icon="menu"]
2025-11-10 04:26:16,959 - INFO - WhatsApp readiness probe found selectors: [('menu', '[data-icon="menu"]')]
2025-11-10 04:26:16,960 - WARNING - Readiness check failed; detected flags: {'menu': True, 'chat_list': False, 'message_input': False, 'main_area': False}
2025-11-10 04:26:16,960 - ERROR - WhatsApp Web not ready
2025-11-10 04:26:16,975 - WARNING - X Not sent to નાધેરા કાનાભાઇ જેઠાભાઇ 
2025-11-10 04:26:18,976 - INFO - Sending 310/374: નાઘેરા મેરામણભાઇ પોલાભાઇ 
2025-11-10 04:26:26,284 - INFO - Found menu using selector: [data-icon="menu"]
2025-11-10 04:26:44,643 - INFO - WhatsApp readiness probe found selectors: [('menu', '[data-icon="menu"]')]
2025-11-10 04:26:44,643 - WARNING - Readiness check failed; detected flags: {'menu': True, 'chat_list': False, 'message_input': False, 'main_area': False}
2025-11-10 04:26:44,643 - ERROR - WhatsApp Web not ready
2025-11-10 04:26:44,662 - WARNING - X Not sent to નાઘેરા મેરામણભાઇ પોલાભાઇ 
2025-11-10 04:26:46,663 - INFO - Sending 311/374: નાઘેરા કીશોરભાઇ પરબતભાઇ 
2025-11-10 04:26:55,266 - INFO - Found menu using selector: [data-icon="menu"]
2025-11-10 04:27:13,670 - INFO - WhatsApp readiness probe found selectors: [('menu', '[data-icon="menu"]')]
2025-11-10 04:27:13,670 - WARNING - Readiness check failed; detected flags: {'menu': True, 'chat_list': False, 'message_input': False, 'main_area': False}
2025-11-10 04:27:13,670 - ERROR - WhatsApp Web not ready
2025-11-10 04:27:13,692 - WARNING - X Not sent to નાઘેરા કીશોરભાઇ પરબતભાઇ 
2025-11-10 04:27:15,694 - INFO - Sending 312/374: નાઘેરા વાઘાભાઇ પરબતભાઇ 
2025-11-10 04:27:20,773 - INFO - Found menu using selector: [data-icon="menu"]
2025-11-10 04:27:39,257 - INFO - WhatsApp readiness probe found selectors: [('menu', '[data-icon="menu"]')]
2025-11-10 04:27:39,258 - WARNING - Readiness check failed; detected flags: {'menu': True, 'chat_list': False, 'message_input': False, 'main_area': False}
2025-11-10 04:27:39,258 - ERROR - WhatsApp Web not ready
2025-11-10 04:27:39,276 - WARNING - X Not sent to નાઘેરા વાઘાભાઇ પરબતભાઇ 
2025-11-10 04:27:41,276 - INFO - Sending 313/374: ખોડભાયા કાનાભાઇ મેશુરભાઇ
2025-11-10 04:27:48,459 - INFO - Found menu using selector: [data-icon="menu"]
2025-11-10 04:28:07,125 - INFO - WhatsApp readiness probe found selectors: [('menu', '[data-icon="menu"]')]
2025-11-10 04:28:07,125 - WARNING - Readiness check failed; detected flags: {'menu': True, 'chat_list': False, 'message_input': False, 'main_area': False}
2025-11-10 04:28:07,126 - ERROR - WhatsApp Web not ready
2025-11-10 04:28:07,140 - WARNING - X Not sent to ખોડભાયા કાનાભાઇ મેશુરભાઇ
2025-11-10 04:28:09,141 - INFO - Sending 314/374: ખોડભાયા ધનાભાઇ કાનાભાઇ 
2025-11-10 04:28:16,391 - INFO - Found menu using selector: [data-icon="menu"]
2025-11-10 04:28:34,821 - INFO - WhatsApp readiness probe found selectors: [('menu', '[data-icon="menu"]')]
2025-11-10 04:28:34,821 - WARNING - Readiness check failed; detected flags: {'menu': True, 'chat_list': False, 'message_input': False, 'main_area': False}
2025-11-10 04:28:34,822 - ERROR - WhatsApp Web not ready
2025-11-10 04:28:34,845 - WARNING - X Not sent to ખોડભાયા ધનાભાઇ કાનાભાઇ 
2025-11-10 04:28:36,846 - INFO - Sending 315/374: ચૌહાણ ડાયાભાઇ 
2025-11-10 04:28:46,663 - INFO - Found menu using selector: [data-icon="menu"]
2025-11-10 04:29:05,094 - INFO - WhatsApp readiness probe found selectors: [('menu', '[data-icon="menu"]')]
2025-11-10 04:29:05,094 - WARNING - Readiness check failed; detected flags: {'menu': True, 'chat_list': False, 'message_input': False, 'main_area': False}
2025-11-10 04:29:05,094 - ERROR - WhatsApp Web not ready
2025-11-10 04:29:05,112 - WARNING - X Not sent to ચૌહાણ ડાયાભાઇ 
2025-11-10 04:29:07,113 - INFO - Sending 316/374: ચૌહાણ બાલાભાઇ 
2025-11-10 04:29:14,284 - INFO - Found menu using selector: [data-icon="menu"]
2025-11-10 04:29:32,761 - INFO - WhatsApp readiness probe found selectors: [('menu', '[data-icon="menu"]')]
2025-11-10 04:29:32,761 - WARNING - Readiness check failed; detected flags: {'menu': True, 'chat_list': False, 'message_input': False, 'main_area': False}
2025-11-10 04:29:32,761 - ERROR - WhatsApp Web not ready
2025-11-10 04:29:32,777 - WARNING - X Not sent to ચૌહાણ બાલાભાઇ 
2025-11-10 04:29:34,778 - INFO - Sending 317/374: નાઘેરા ગોપાલભાઇ પોલાભાઇ 
2025-11-10 04:29:42,473 - INFO - Found menu using selector: [data-icon="menu"]
2025-11-10 04:30:00,817 - INFO - WhatsApp readiness probe found selectors: [('menu', '[data-icon="menu"]')]
2025-11-10 04:30:00,817 - WARNING - Readiness check failed; detected flags: {'menu': True, 'chat_list': False, 'message_input': False, 'main_area': False}
2025-11-10 04:30:00,818 - ERROR - WhatsApp Web not ready
2025-11-10 04:30:00,834 - WARNING - X Not sent to નાઘેરા ગોપાલભાઇ પોલાભાઇ 
2025-11-10 04:30:02,835 - INFO - Sending 318/374: રજતીય લખમણભાઇ
2025-11-10 04:30:09,489 - INFO - Found menu using selector: [data-icon="menu"]
2025-11-10 04:30:27,840 - INFO - WhatsApp readiness probe found selectors: [('menu', '[data-icon="menu"]')]
2025-11-10 04:30:27,841 - WARNING - Readiness check failed; detected flags: {'menu': True, 'chat_list': False, 'message_input': False, 'main_area': False}
2025-11-10 04:30:27,841 - ERROR - WhatsApp Web not ready
2025-11-10 04:30:27,862 - WARNING - X Not sent to રજતીય લખમણભાઇ
2025-11-10 04:30:29,864 - INFO - Sending 319/374: રજતીય લખમણભાઇ
2025-11-10 04:30:35,341 - INFO - Found menu using selector: [data-icon="menu"]
2025-11-10 04:30:53,819 - INFO - WhatsApp readiness probe found selectors: [('menu', '[data-icon="menu"]')]
2025-11-10 04:30:53,819 - WARNING - Readiness check failed; detected flags: {'menu': True, 'chat_list': False, 'message_input': False, 'main_area': False}
2025-11-10 04:30:53,819 - ERROR - WhatsApp Web not ready
2025-11-10 04:30:53,834 - WARNING - X Not sent to રજતીય લખમણભાઇ
2025-11-10 04:30:55,835 - INFO - Sending 320/374: ઓતીમાં 
2025-11-10 04:31:04,930 - INFO - Found menu using selector: [data-icon="menu"]
2025-11-10 04:31:23,272 - INFO - WhatsApp readiness probe found selectors: [('menu', '[data-icon="menu"]')]
2025-11-10 04:31:23,273 - WARNING - Readiness check failed; detected flags: {'menu': True, 'chat_list': False, 'message_input': False, 'main_area': False}
2025-11-10 04:31:23,273 - ERROR - WhatsApp Web not ready
2025-11-10 04:31:23,292 - WARNING - X Not sent to ઓતીમાં 
2025-11-10 04:31:25,294 - INFO - Sending 321/374: રાવલીયા કાનાભાઇ 
2025-11-10 04:31:30,831 - INFO - Found menu using selector: [data-icon="menu"]
2025-11-10 04:31:49,315 - INFO - WhatsApp readiness probe found selectors: [('menu', '[data-icon="menu"]')]
2025-11-10 04:31:49,316 - WARNING - Readiness check failed; detected flags: {'menu': True, 'chat_list': False, 'message_input': False, 'main_area': False}
2025-11-10 04:31:49,316 - ERROR - WhatsApp Web not ready
2025-11-10 04:31:49,332 - WARNING - X Not sent to રાવલીયા કાનાભાઇ 
2025-11-10 04:31:51,333 - INFO - Sending 322/374: રાવલીયા કાનાભાઇ 
2025-11-10 04:31:58,421 - INFO - Found menu using selector: [data-icon="menu"]
2025-11-10 04:32:16,759 - INFO - WhatsApp readiness probe found selectors: [('menu', '[data-icon="menu"]')]
2025-11-10 04:32:16,760 - WARNING - Readiness check failed; detected flags: {'menu': True, 'chat_list': False, 'message_input': False, 'main_area': False}
2025-11-10 04:32:16,760 - ERROR - WhatsApp Web not ready
2025-11-10 04:32:16,778 - WARNING - X Not sent to રાવલીયા કાનાભાઇ 
2025-11-10 04:32:18,779 - INFO - Sending 323/374: રાવલીયા ગોપાલભાઇ 
2025-11-10 04:32:26,549 - INFO - Found menu using selector: [data-icon="menu"]
2025-11-10 04:32:44,998 - INFO - WhatsApp readiness probe found selectors: [('menu', '[data-icon="menu"]')]
2025-11-10 04:32:44,998 - WARNING - Readiness check failed; detected flags: {'menu': True, 'chat_list': False, 'message_input': False, 'main_area': False}
2025-11-10 04:32:44,998 - ERROR - WhatsApp Web not ready
2025-11-10 04:32:45,020 - WARNING - X Not sent to રાવલીયા ગોપાલભાઇ 
2025-11-10 04:32:47,021 - INFO - Sending 324/374: રાવલીયા સંજયભાઇ 
2025-11-10 04:32:54,433 - INFO - Found menu using selector: [data-icon="menu"]
2025-11-10 04:33:12,784 - INFO - WhatsApp readiness probe found selectors: [('menu', '[data-icon="menu"]')]
2025-11-10 04:33:12,784 - WARNING - Readiness check failed; detected flags: {'menu': True, 'chat_list': False, 'message_input': False, 'main_area': False}
2025-11-10 04:33:12,785 - ERROR - WhatsApp Web not ready
2025-11-10 04:33:12,800 - WARNING - X Not sent to રાવલીયા સંજયભાઇ 
2025-11-10 04:33:14,801 - INFO - Sending 325/374: રાવલીયા પરબતભાઇ 
2025-11-10 04:33:22,322 - INFO - Found menu using selector: [data-icon="menu"]
2025-11-10 04:33:40,685 - INFO - WhatsApp readiness probe found selectors: [('menu', '[data-icon="menu"]')]
2025-11-10 04:33:40,686 - WARNING - Readiness check failed; detected flags: {'menu': True, 'chat_list': False, 'message_input': False, 'main_area': False}
2025-11-10 04:33:40,686 - ERROR - WhatsApp Web not ready
2025-11-10 04:33:40,707 - WARNING - X Not sent to રાવલીયા પરબતભાઇ 
2025-11-10 04:33:42,708 - INFO - Sending 326/374: રાવલીયા મનીષભાઇ ખીમાભાઇ 
2025-11-10 04:33:48,108 - INFO - Found menu using selector: [data-icon="menu"]
2025-11-10 04:34:06,554 - INFO - WhatsApp readiness probe found selectors: [('menu', '[data-icon="menu"]')]
2025-11-10 04:34:06,554 - WARNING - Readiness check failed; detected flags: {'menu': True, 'chat_list': False, 'message_input': False, 'main_area': False}
2025-11-10 04:34:06,555 - ERROR - WhatsApp Web not ready
2025-11-10 04:34:06,569 - WARNING - X Not sent to રાવલીયા મનીષભાઇ ખીમાભાઇ 
2025-11-10 04:34:08,570 - INFO - Sending 327/374: રાવલીયા કીશોરભાઇ ભીમાભાઇ 
2025-11-10 04:34:16,221 - INFO - Found menu using selector: [data-icon="menu"]
2025-11-10 04:34:34,570 - INFO - WhatsApp readiness probe found selectors: [('menu', '[data-icon="menu"]')]
2025-11-10 04:34:34,570 - WARNING - Readiness check failed; detected flags: {'menu': True, 'chat_list': False, 'message_input': False, 'main_area': False}
2025-11-10 04:34:34,570 - ERROR - WhatsApp Web not ready
2025-11-10 04:34:34,586 - WARNING - X Not sent to રાવલીયા કીશોરભાઇ ભીમાભાઇ 
2025-11-10 04:34:36,586 - INFO - Sending 328/374: રાવલીયા કમલેશભાઇ આલાભાઇ 
2025-11-10 04:34:42,548 - INFO - Found menu using selector: [data-icon="menu"]
2025-11-10 04:35:00,936 - INFO - WhatsApp readiness probe found selectors: [('menu', '[data-icon="menu"]')]
2025-11-10 04:35:00,936 - WARNING - Readiness check failed; detected flags: {'menu': True, 'chat_list': False, 'message_input': False, 'main_area': False}
2025-11-10 04:35:00,936 - ERROR - WhatsApp Web not ready
2025-11-10 04:35:00,951 - WARNING - X Not sent to રાવલીયા કમલેશભાઇ આલાભાઇ 
2025-11-10 04:35:02,952 - INFO - Sending 329/374: રાવલીયા કમલેશભાઇ આલાભાઇ 
2025-11-10 04:35:09,956 - INFO - Found menu using selector: [data-icon="menu"]
2025-11-10 04:35:28,431 - INFO - WhatsApp readiness probe found selectors: [('menu', '[data-icon="menu"]')]
2025-11-10 04:35:28,431 - WARNING - Readiness check failed; detected flags: {'menu': True, 'chat_list': False, 'message_input': False, 'main_area': False}
2025-11-10 04:35:28,431 - ERROR - WhatsApp Web not ready
2025-11-10 04:35:28,449 - WARNING - X Not sent to રાવલીયા કમલેશભાઇ આલાભાઇ 
2025-11-10 04:35:30,450 - INFO - Sending 330/374: ખોડભાયા રમેશભાઇ રાણાભાઇ 
2025-11-10 04:35:36,095 - INFO - Found menu using selector: [data-icon="menu"]
2025-11-10 04:35:54,593 - INFO - WhatsApp readiness probe found selectors: [('menu', '[data-icon="menu"]')]
2025-11-10 04:35:54,594 - WARNING - Readiness check failed; detected flags: {'menu': True, 'chat_list': False, 'message_input': False, 'main_area': False}
2025-11-10 04:35:54,594 - ERROR - WhatsApp Web not ready
2025-11-10 04:35:54,610 - WARNING - X Not sent to ખોડભાયા રમેશભાઇ રાણાભાઇ 
2025-11-10 04:35:56,611 - INFO - Sending 331/374: કાંબલીયા ભાણીયાભાઇ 
2025-11-10 04:36:01,902 - INFO - Found menu using selector: [data-icon="menu"]
2025-11-10 04:36:20,434 - INFO - WhatsApp readiness probe found selectors: [('menu', '[data-icon="menu"]')]
2025-11-10 04:36:20,434 - WARNING - Readiness check failed; detected flags: {'menu': True, 'chat_list': False, 'message_input': False, 'main_area': False}
2025-11-10 04:36:20,434 - ERROR - WhatsApp Web not ready
2025-11-10 04:36:20,452 - WARNING - X Not sent to કાંબલીયા ભાણીયાભાઇ 
2025-11-10 04:36:22,452 - INFO - Sending 332/374: કાંબલીયા લાડુબેન 
2025-11-10 04:36:28,007 - INFO - Found menu using selector: [data-icon="menu"]
2025-11-10 04:36:46,617 - INFO - WhatsApp readiness probe found selectors: [('menu', '[data-icon="menu"]')]
2025-11-10 04:36:46,617 - WARNING - Readiness check failed; detected flags: {'menu': True, 'chat_list': False, 'message_input': False, 'main_area': False}
2025-11-10 04:36:46,617 - ERROR - WhatsApp Web not ready
2025-11-10 04:36:46,632 - WARNING - X Not sent to કાંબલીયા લાડુબેન 
2025-11-10 04:36:48,633 - INFO - Sending 333/374: ભાદરકા રાજુભાઇ હાજાભાઇ 
2025-11-10 04:36:53,911 - INFO - Found menu using selector: [data-icon="menu"]
2025-11-10 04:37:12,412 - INFO - WhatsApp readiness probe found selectors: [('menu', '[data-icon="menu"]')]
2025-11-10 04:37:12,413 - WARNING - Readiness check failed; detected flags: {'menu': True, 'chat_list': False, 'message_input': False, 'main_area': False}
2025-11-10 04:37:12,414 - ERROR - WhatsApp Web not ready
2025-11-10 04:37:12,438 - WARNING - X Not sent to ભાદરકા રાજુભાઇ હાજાભાઇ 
2025-11-10 04:37:14,443 - INFO - Sending 334/374: નાઘેરા હમીરભાઇ મશરીભાઇ
2025-11-10 04:37:21,508 - INFO - Found menu using selector: [data-icon="menu"]
2025-11-10 04:37:40,129 - INFO - WhatsApp readiness probe found selectors: [('menu', '[data-icon="menu"]')]
2025-11-10 04:37:40,129 - WARNING - Readiness check failed; detected flags: {'menu': True, 'chat_list': False, 'message_input': False, 'main_area': False}
2025-11-10 04:37:40,129 - ERROR - WhatsApp Web not ready
2025-11-10 04:37:40,147 - WARNING - X Not sent to નાઘેરા હમીરભાઇ મશરીભાઇ
2025-11-10 04:37:42,148 - INFO - Sending 335/374: નાઘેરા ચીનાભાઇ મશરીભાઇ
2025-11-10 04:37:49,286 - INFO - Found menu using selector: [data-icon="menu"]
2025-11-10 04:38:07,626 - INFO - WhatsApp readiness probe found selectors: [('menu', '[data-icon="menu"]')]
2025-11-10 04:38:07,627 - WARNING - Readiness check failed; detected flags: {'menu': True, 'chat_list': False, 'message_input': False, 'main_area': False}
2025-11-10 04:38:07,627 - ERROR - WhatsApp Web not ready
2025-11-10 04:38:07,645 - WARNING - X Not sent to નાઘેરા ચીનાભાઇ મશરીભાઇ
2025-11-10 04:38:09,646 - INFO - Sending 336/374: ભાદરકા મેરામણભાઇ રાજાભાઇ
2025-11-10 04:38:16,831 - INFO - Found menu using selector: [data-icon="menu"]
2025-11-10 04:38:35,236 - INFO - WhatsApp readiness probe found selectors: [('menu', '[data-icon="menu"]')]
2025-11-10 04:38:35,236 - WARNING - Readiness check failed; detected flags: {'menu': True, 'chat_list': False, 'message_input': False, 'main_area': False}
2025-11-10 04:38:35,236 - ERROR - WhatsApp Web not ready
2025-11-10 04:38:35,253 - WARNING - X Not sent to ભાદરકા મેરામણભાઇ રાજાભાઇ
2025-11-10 04:38:37,254 - INFO - Sending 337/374: ભાદરકા નગાભાઇ કેશુભાઇ 
2025-11-10 04:38:44,897 - INFO - Found menu using selector: [data-icon="menu"]
2025-11-10 04:39:03,264 - INFO - WhatsApp readiness probe found selectors: [('menu', '[data-icon="menu"]')]
2025-11-10 04:39:03,264 - WARNING - Readiness check failed; detected flags: {'menu': True, 'chat_list': False, 'message_input': False, 'main_area': False}
2025-11-10 04:39:03,265 - ERROR - WhatsApp Web not ready
2025-11-10 04:39:03,283 - WARNING - X Not sent to ભાદરકા નગાભાઇ કેશુભાઇ 
2025-11-10 04:39:05,284 - INFO - Sending 338/374: ભાદરકા નગાભાઇ કેશુભાઇ 
2025-11-10 04:39:12,600 - INFO - Found menu using selector: [data-icon="menu"]
2025-11-10 04:39:30,984 - INFO - WhatsApp readiness probe found selectors: [('menu', '[data-icon="menu"]')]
2025-11-10 04:39:30,985 - WARNING - Readiness check failed; detected flags: {'menu': True, 'chat_list': False, 'message_input': False, 'main_area': False}
2025-11-10 04:39:30,985 - ERROR - WhatsApp Web not ready
2025-11-10 04:39:31,001 - WARNING - X Not sent to ભાદરકા નગાભાઇ કેશુભાઇ 
2025-11-10 04:39:33,001 - INFO - Sending 339/374: ભાદરકા વીજયભાઇ કારાભાઇ
2025-11-10 04:39:38,381 - INFO - Found menu using selector: [data-icon="menu"]
2025-11-10 04:39:56,819 - INFO - WhatsApp readiness probe found selectors: [('menu', '[data-icon="menu"]')]
2025-11-10 04:39:56,819 - WARNING - Readiness check failed; detected flags: {'menu': True, 'chat_list': False, 'message_input': False, 'main_area': False}
2025-11-10 04:39:56,819 - ERROR - WhatsApp Web not ready
2025-11-10 04:39:56,838 - WARNING - X Not sent to ભાદરકા વીજયભાઇ કારાભાઇ
2025-11-10 04:39:58,839 - INFO - Sending 340/374: ભાદરકા વીરમભાઇ કારાભાઇ 
2025-11-10 04:40:04,417 - INFO - Found menu using selector: [data-icon="menu"]
2025-11-10 04:40:22,741 - INFO - WhatsApp readiness probe found selectors: [('menu', '[data-icon="menu"]')]
2025-11-10 04:40:22,742 - WARNING - Readiness check failed; detected flags: {'menu': True, 'chat_list': False, 'message_input': False, 'main_area': False}
2025-11-10 04:40:22,742 - ERROR - WhatsApp Web not ready
2025-11-10 04:40:22,759 - WARNING - X Not sent to ભાદરકા વીરમભાઇ કારાભાઇ 
2025-11-10 04:40:24,760 - INFO - Sending 341/374: ગંભીર મેરામણભાઇ ભગતભાઇ 
2025-11-10 04:40:29,973 - INFO - Found menu using selector: [data-icon="menu"]
2025-11-10 04:40:48,517 - INFO - WhatsApp readiness probe found selectors: [('menu', '[data-icon="menu"]')]
2025-11-10 04:40:48,517 - WARNING - Readiness check failed; detected flags: {'menu': True, 'chat_list': False, 'message_input': False, 'main_area': False}
2025-11-10 04:40:48,517 - ERROR - WhatsApp Web not ready
2025-11-10 04:40:48,534 - WARNING - X Not sent to ગંભીર મેરામણભાઇ ભગતભાઇ 
2025-11-10 04:40:50,535 - INFO - Sending 342/374: ગંભીર મેરામણભાઇ ભગતભાઇ 
2025-11-10 04:40:57,500 - INFO - Found menu using selector: [data-icon="menu"]
2025-11-10 04:41:15,899 - INFO - WhatsApp readiness probe found selectors: [('menu', '[data-icon="menu"]')]
2025-11-10 04:41:15,899 - WARNING - Readiness check failed; detected flags: {'menu': True, 'chat_list': False, 'message_input': False, 'main_area': False}
2025-11-10 04:41:15,899 - ERROR - WhatsApp Web not ready
2025-11-10 04:41:15,917 - WARNING - X Not sent to ગંભીર મેરામણભાઇ ભગતભાઇ 
2025-11-10 04:41:17,918 - INFO - Sending 343/374: ગંભીર તોફાનભાઇ ભગતભાઇ 
2025-11-10 04:41:25,010 - INFO - Found menu using selector: [data-icon="menu"]
2025-11-10 04:41:43,420 - INFO - WhatsApp readiness probe found selectors: [('menu', '[data-icon="menu"]')]
2025-11-10 04:41:43,420 - WARNING - Readiness check failed; detected flags: {'menu': True, 'chat_list': False, 'message_input': False, 'main_area': False}
2025-11-10 04:41:43,420 - ERROR - WhatsApp Web not ready
2025-11-10 04:41:43,437 - WARNING - X Not sent to ગંભીર તોફાનભાઇ ભગતભાઇ 
2025-11-10 04:41:45,438 - INFO - Sending 344/374: ગંભીર ધનાભાઇ ભગતભાઇ 
2025-11-10 04:41:52,365 - INFO - Found menu using selector: [data-icon="menu"]
2025-11-10 04:42:10,821 - INFO - WhatsApp readiness probe found selectors: [('menu', '[data-icon="menu"]')]
2025-11-10 04:42:10,821 - WARNING - Readiness check failed; detected flags: {'menu': True, 'chat_list': False, 'message_input': False, 'main_area': False}
2025-11-10 04:42:10,821 - ERROR - WhatsApp Web not ready
2025-11-10 04:42:10,836 - WARNING - X Not sent to ગંભીર ધનાભાઇ ભગતભાઇ 
2025-11-10 04:42:12,837 - INFO - Sending 345/374: ગંભીર મનોજભાઇ ભગતભાઇ 
2025-11-10 04:42:18,052 - INFO - Found menu using selector: [data-icon="menu"]
2025-11-10 04:42:36,393 - INFO - WhatsApp readiness probe found selectors: [('menu', '[data-icon="menu"]')]
2025-11-10 04:42:36,393 - WARNING - Readiness check failed; detected flags: {'menu': True, 'chat_list': False, 'message_input': False, 'main_area': False}
2025-11-10 04:42:36,393 - ERROR - WhatsApp Web not ready
2025-11-10 04:42:36,410 - WARNING - X Not sent to ગંભીર મનોજભાઇ ભગતભાઇ 
2025-11-10 04:42:38,411 - INFO - Sending 346/374: ગંભીર મનોજભાઇ ભગતભાઇ 
2025-11-10 04:42:46,953 - INFO - Found menu using selector: [data-icon="menu"]
2025-11-10 04:43:05,582 - INFO - WhatsApp readiness probe found selectors: [('menu', '[data-icon="menu"]')]
2025-11-10 04:43:05,582 - WARNING - Readiness check failed; detected flags: {'menu': True, 'chat_list': False, 'message_input': False, 'main_area': False}
2025-11-10 04:43:05,582 - ERROR - WhatsApp Web not ready
2025-11-10 04:43:05,599 - WARNING - X Not sent to ગંભીર મનોજભાઇ ભગતભાઇ 
2025-11-10 04:43:07,600 - INFO - Sending 347/374: ગંભીર સાદુરભાઇ ભગતભાઇ 
2025-11-10 04:43:13,261 - INFO - Found menu using selector: [data-icon="menu"]
2025-11-10 04:43:31,602 - INFO - WhatsApp readiness probe found selectors: [('menu', '[data-icon="menu"]')]
2025-11-10 04:43:31,603 - WARNING - Readiness check failed; detected flags: {'menu': True, 'chat_list': False, 'message_input': False, 'main_area': False}
2025-11-10 04:43:31,603 - ERROR - WhatsApp Web not ready
2025-11-10 04:43:31,618 - WARNING - X Not sent to ગંભીર સાદુરભાઇ ભગતભાઇ 
2025-11-10 04:43:33,619 - INFO - Sending 348/374: ભાદરકા બાલુભાઇ પરબતભાઇ 
2025-11-10 04:43:41,595 - INFO - Found menu using selector: [data-icon="menu"]
2025-11-10 04:43:59,963 - INFO - WhatsApp readiness probe found selectors: [('menu', '[data-icon="menu"]')]
2025-11-10 04:43:59,963 - WARNING - Readiness check failed; detected flags: {'menu': True, 'chat_list': False, 'message_input': False, 'main_area': False}
2025-11-10 04:43:59,964 - ERROR - WhatsApp Web not ready
2025-11-10 04:43:59,986 - WARNING - X Not sent to ભાદરકા બાલુભાઇ પરબતભાઇ 
2025-11-10 04:44:01,988 - INFO - Sending 349/374: ભાદરકા પરબતભાઇ ગીગાભાઇ
2025-11-10 04:44:09,048 - INFO - Found menu using selector: [data-icon="menu"]
2025-11-10 04:44:27,488 - INFO - WhatsApp readiness probe found selectors: [('menu', '[data-icon="menu"]')]
2025-11-10 04:44:27,489 - WARNING - Readiness check failed; detected flags: {'menu': True, 'chat_list': False, 'message_input': False, 'main_area': False}
2025-11-10 04:44:27,489 - ERROR - WhatsApp Web not ready
2025-11-10 04:44:27,511 - WARNING - X Not sent to ભાદરકા પરબતભાઇ ગીગાભાઇ
2025-11-10 04:44:29,512 - INFO - Sending 350/374: ભાદરકા ભુરાભાઇ રણમલભાઇ 
2025-11-10 04:44:36,368 - INFO - Found menu using selector: [data-icon="menu"]
2025-11-10 04:44:54,820 - INFO - WhatsApp readiness probe found selectors: [('menu', '[data-icon="menu"]')]
2025-11-10 04:44:54,820 - WARNING - Readiness check failed; detected flags: {'menu': True, 'chat_list': False, 'message_input': False, 'main_area': False}
2025-11-10 04:44:54,820 - ERROR - WhatsApp Web not ready
2025-11-10 04:44:54,835 - WARNING - X Not sent to ભાદરકા ભુરાભાઇ રણમલભાઇ 
2025-11-10 04:44:56,836 - INFO - Sending 351/374: ભાદરકા દેવાનંદભાઇ તથા મેનશીભાઇ તથા રામભાઇ
2025-11-10 04:45:03,743 - INFO - Found menu using selector: [data-icon="menu"]
2025-11-10 04:45:22,132 - INFO - WhatsApp readiness probe found selectors: [('menu', '[data-icon="menu"]')]
2025-11-10 04:45:22,133 - WARNING - Readiness check failed; detected flags: {'menu': True, 'chat_list': False, 'message_input': False, 'main_area': False}
2025-11-10 04:45:22,133 - ERROR - WhatsApp Web not ready
2025-11-10 04:45:22,151 - WARNING - X Not sent to ભાદરકા દેવાનંદભાઇ તથા મેનશીભાઇ તથા રામભાઇ
2025-11-10 04:45:24,152 - INFO - Sending 352/374: સુખાનંદી હીતેશભાઇ 
2025-11-10 04:45:31,128 - INFO - Found menu using selector: [data-icon="menu"]
2025-11-10 04:45:49,482 - INFO - WhatsApp readiness probe found selectors: [('menu', '[data-icon="menu"]')]
2025-11-10 04:45:49,483 - WARNING - Readiness check failed; detected flags: {'menu': True, 'chat_list': False, 'message_input': False, 'main_area': False}
2025-11-10 04:45:49,483 - ERROR - WhatsApp Web not ready
2025-11-10 04:45:49,512 - WARNING - X Not sent to સુખાનંદી હીતેશભાઇ 
2025-11-10 04:45:51,512 - INFO - Sending 353/374: નાધેરા નીરજભાઇ સવદાસભાઇ 
2025-11-10 04:45:56,651 - INFO - Found menu using selector: [data-icon="menu"]
2025-11-10 04:46:15,003 - INFO - WhatsApp readiness probe found selectors: [('menu', '[data-icon="menu"]')]
2025-11-10 04:46:15,003 - WARNING - Readiness check failed; detected flags: {'menu': True, 'chat_list': False, 'message_input': False, 'main_area': False}
2025-11-10 04:46:15,004 - ERROR - WhatsApp Web not ready
2025-11-10 04:46:15,022 - WARNING - X Not sent to નાધેરા નીરજભાઇ સવદાસભાઇ 
2025-11-10 04:46:17,023 - INFO - Sending 354/374: નાઘેરા મહેશભાઇ સવદાસભાઇ 
2025-11-10 04:46:22,479 - INFO - Found menu using selector: [data-icon="menu"]
2025-11-10 04:46:40,961 - INFO - WhatsApp readiness probe found selectors: [('menu', '[data-icon="menu"]')]
2025-11-10 04:46:40,962 - WARNING - Readiness check failed; detected flags: {'menu': True, 'chat_list': False, 'message_input': False, 'main_area': False}
2025-11-10 04:46:40,962 - ERROR - WhatsApp Web not ready
2025-11-10 04:46:40,980 - WARNING - X Not sent to નાઘેરા મહેશભાઇ સવદાસભાઇ 
2025-11-10 04:46:42,982 - INFO - Sending 355/374: સવાણ વજાભાઇ કેશુરભાઇ 
2025-11-10 04:46:50,289 - INFO - Found menu using selector: [data-icon="menu"]
2025-11-10 04:47:08,634 - INFO - WhatsApp readiness probe found selectors: [('menu', '[data-icon="menu"]')]
2025-11-10 04:47:08,634 - WARNING - Readiness check failed; detected flags: {'menu': True, 'chat_list': False, 'message_input': False, 'main_area': False}
2025-11-10 04:47:08,634 - ERROR - WhatsApp Web not ready
2025-11-10 04:47:08,649 - WARNING - X Not sent to સવાણ વજાભાઇ કેશુરભાઇ 
2025-11-10 04:47:10,650 - INFO - Sending 356/374: ભાદરકા ભરતભાઇ નાથાભાઇ 
2025-11-10 04:47:17,456 - INFO - Found menu using selector: [data-icon="menu"]
2025-11-10 04:47:35,802 - INFO - WhatsApp readiness probe found selectors: [('menu', '[data-icon="menu"]')]
2025-11-10 04:47:35,802 - WARNING - Readiness check failed; detected flags: {'menu': True, 'chat_list': False, 'message_input': False, 'main_area': False}
2025-11-10 04:47:35,802 - ERROR - WhatsApp Web not ready
2025-11-10 04:47:35,818 - WARNING - X Not sent to ભાદરકા ભરતભાઇ નાથાભાઇ 
2025-11-10 04:47:37,826 - INFO - Sending 357/374: ભાદરકા ભુરાભાઇ નારણભાઇ 
2025-11-10 04:47:43,418 - INFO - Found menu using selector: [data-icon="menu"]
2025-11-10 04:48:01,783 - INFO - WhatsApp readiness probe found selectors: [('menu', '[data-icon="menu"]')]
2025-11-10 04:48:01,783 - WARNING - Readiness check failed; detected flags: {'menu': True, 'chat_list': False, 'message_input': False, 'main_area': False}
2025-11-10 04:48:01,783 - ERROR - WhatsApp Web not ready
2025-11-10 04:48:01,801 - WARNING - X Not sent to ભાદરકા ભુરાભાઇ નારણભાઇ 
2025-11-10 04:48:03,801 - INFO - Sending 358/374: ડાંગર વીરમભાઇ પુંજાભાઇ 
2025-11-10 04:48:11,366 - INFO - Found menu using selector: [data-icon="menu"]
2025-11-10 04:48:29,839 - INFO - WhatsApp readiness probe found selectors: [('menu', '[data-icon="menu"]')]
2025-11-10 04:48:29,839 - WARNING - Readiness check failed; detected flags: {'menu': True, 'chat_list': False, 'message_input': False, 'main_area': False}
2025-11-10 04:48:29,840 - ERROR - WhatsApp Web not ready
2025-11-10 04:48:29,855 - WARNING - X Not sent to ડાંગર વીરમભાઇ પુંજાભાઇ 
2025-11-10 04:48:31,856 - INFO - Sending 359/374: ભાદરકા ધનાભાઇ નારણભાઇ 
2025-11-10 04:48:38,965 - INFO - Found menu using selector: [data-icon="menu"]
2025-11-10 04:48:57,310 - INFO - WhatsApp readiness probe found selectors: [('menu', '[data-icon="menu"]')]
2025-11-10 04:48:57,310 - WARNING - Readiness check failed; detected flags: {'menu': True, 'chat_list': False, 'message_input': False, 'main_area': False}
2025-11-10 04:48:57,310 - ERROR - WhatsApp Web not ready
2025-11-10 04:48:57,336 - WARNING - X Not sent to ભાદરકા ધનાભાઇ નારણભાઇ 
2025-11-10 04:48:59,338 - INFO - Sending 360/374: ભાદરકા નાનુભાઇ ધનાભાઇ 
2025-11-10 04:49:06,323 - INFO - Found menu using selector: [data-icon="menu"]
2025-11-10 04:49:24,655 - INFO - WhatsApp readiness probe found selectors: [('menu', '[data-icon="menu"]')]
2025-11-10 04:49:24,656 - WARNING - Readiness check failed; detected flags: {'menu': True, 'chat_list': False, 'message_input': False, 'main_area': False}
2025-11-10 04:49:24,656 - ERROR - WhatsApp Web not ready
2025-11-10 04:49:24,673 - WARNING - X Not sent to ભાદરકા નાનુભાઇ ધનાભાઇ 
2025-11-10 04:49:26,674 - INFO - Sending 361/374: આપારનાથી શીમનગીરી હેમગીરી 
2025-11-10 04:49:33,795 - INFO - Found menu using selector: [data-icon="menu"]
2025-11-10 04:49:52,167 - INFO - WhatsApp readiness probe found selectors: [('menu', '[data-icon="menu"]')]
2025-11-10 04:49:52,167 - WARNING - Readiness check failed; detected flags: {'menu': True, 'chat_list': False, 'message_input': False, 'main_area': False}
2025-11-10 04:49:52,167 - ERROR - WhatsApp Web not ready
2025-11-10 04:49:52,184 - WARNING - X Not sent to આપારનાથી શીમનગીરી હેમગીરી 
2025-11-10 04:49:54,185 - INFO - Sending 362/374: ભાદરકા લખમણભાઇ નાથાભાઇ 
2025-11-10 04:49:59,367 - INFO - Found menu using selector: [data-icon="menu"]
2025-11-10 04:50:17,777 - INFO - WhatsApp readiness probe found selectors: [('menu', '[data-icon="menu"]')]
2025-11-10 04:50:17,777 - WARNING - Readiness check failed; detected flags: {'menu': True, 'chat_list': False, 'message_input': False, 'main_area': False}
2025-11-10 04:50:17,777 - ERROR - WhatsApp Web not ready
2025-11-10 04:50:17,793 - WARNING - X Not sent to ભાદરકા લખમણભાઇ નાથાભાઇ 
2025-11-10 04:50:19,793 - INFO - Sending 363/374: તુષારભાઇ ગોર
2025-11-10 04:50:25,280 - INFO - Found menu using selector: [data-icon="menu"]
2025-11-10 04:50:43,735 - INFO - WhatsApp readiness probe found selectors: [('menu', '[data-icon="menu"]')]
2025-11-10 04:50:43,735 - WARNING - Readiness check failed; detected flags: {'menu': True, 'chat_list': False, 'message_input': False, 'main_area': False}
2025-11-10 04:50:43,735 - ERROR - WhatsApp Web not ready
2025-11-10 04:50:43,756 - WARNING - X Not sent to તુષારભાઇ ગોર
2025-11-10 04:50:45,757 - INFO - Sending 364/374: ડાંગર કંશન 
2025-11-10 04:50:51,087 - INFO - Found menu using selector: [data-icon="menu"]
2025-11-10 04:51:09,457 - INFO - WhatsApp readiness probe found selectors: [('menu', '[data-icon="menu"]')]
2025-11-10 04:51:09,457 - WARNING - Readiness check failed; detected flags: {'menu': True, 'chat_list': False, 'message_input': False, 'main_area': False}
2025-11-10 04:51:09,457 - ERROR - WhatsApp Web not ready
2025-11-10 04:51:09,475 - WARNING - X Not sent to ડાંગર કંશન 
2025-11-10 04:51:11,476 - INFO - Sending 365/374: ભાદરકા નગાભાઇ કરસનભાઇ 
2025-11-10 04:51:18,421 - INFO - Found menu using selector: [data-icon="menu"]
2025-11-10 04:51:36,749 - INFO - WhatsApp readiness probe found selectors: [('menu', '[data-icon="menu"]')]
2025-11-10 04:51:36,750 - WARNING - Readiness check failed; detected flags: {'menu': True, 'chat_list': False, 'message_input': False, 'main_area': False}
2025-11-10 04:51:36,750 - ERROR - WhatsApp Web not ready
2025-11-10 04:51:36,765 - WARNING - X Not sent to ભાદરકા નગાભાઇ કરસનભાઇ 
2025-11-10 04:51:38,766 - INFO - Sending 366/374: ભાદરકા નીરજભાઇ કરસનભાઇ
2025-11-10 04:51:46,019 - INFO - Found menu using selector: [data-icon="menu"]
2025-11-10 04:52:04,360 - INFO - WhatsApp readiness probe found selectors: [('menu', '[data-icon="menu"]')]
2025-11-10 04:52:04,361 - WARNING - Readiness check failed; detected flags: {'menu': True, 'chat_list': False, 'message_input': False, 'main_area': False}
2025-11-10 04:52:04,361 - ERROR - WhatsApp Web not ready
2025-11-10 04:52:04,387 - WARNING - X Not sent to ભાદરકા નીરજભાઇ કરસનભાઇ
2025-11-10 04:52:06,388 - INFO - Sending 367/374: ડો. દેવલબાપુ
2025-11-10 04:52:11,916 - INFO - Found menu using selector: [data-icon="menu"]
2025-11-10 04:52:30,299 - INFO - WhatsApp readiness probe found selectors: [('menu', '[data-icon="menu"]')]
2025-11-10 04:52:30,299 - WARNING - Readiness check failed; detected flags: {'menu': True, 'chat_list': False, 'message_input': False, 'main_area': False}
2025-11-10 04:52:30,300 - ERROR - WhatsApp Web not ready
2025-11-10 04:52:30,314 - WARNING - X Not sent to ડો. દેવલબાપુ
2025-11-10 04:52:32,315 - INFO - Sending 368/374: પંડ્યા રવીભાઇ 
2025-11-10 04:52:39,997 - INFO - Found menu using selector: [data-icon="menu"]
2025-11-10 04:52:58,464 - INFO - WhatsApp readiness probe found selectors: [('menu', '[data-icon="menu"]')]
2025-11-10 04:52:58,465 - WARNING - Readiness check failed; detected flags: {'menu': True, 'chat_list': False, 'message_input': False, 'main_area': False}
2025-11-10 04:52:58,465 - ERROR - WhatsApp Web not ready
2025-11-10 04:52:58,479 - WARNING - X Not sent to પંડ્યા રવીભાઇ 
2025-11-10 04:53:00,480 - INFO - Sending 369/374: રાવલીયા જગદીશભાઇ 
2025-11-10 04:53:07,235 - INFO - Found menu using selector: [data-icon="menu"]
2025-11-10 04:53:25,592 - INFO - WhatsApp readiness probe found selectors: [('menu', '[data-icon="menu"]')]
2025-11-10 04:53:25,594 - WARNING - Readiness check failed; detected flags: {'menu': True, 'chat_list': False, 'message_input': False, 'main_area': False}
2025-11-10 04:53:25,596 - ERROR - WhatsApp Web not ready
2025-11-10 04:53:25,629 - WARNING - X Not sent to રાવલીયા જગદીશભાઇ 
2025-11-10 04:53:27,630 - INFO - Sending 370/374: સંજયભાઇ
2025-11-10 04:53:33,031 - INFO - Found menu using selector: [data-icon="menu"]
2025-11-10 04:53:51,538 - INFO - WhatsApp readiness probe found selectors: [('menu', '[data-icon="menu"]')]
2025-11-10 04:53:51,539 - WARNING - Readiness check failed; detected flags: {'menu': True, 'chat_list': False, 'message_input': False, 'main_area': False}
2025-11-10 04:53:51,539 - ERROR - WhatsApp Web not ready
2025-11-10 04:53:51,556 - WARNING - X Not sent to સંજયભાઇ
2025-11-10 04:53:53,557 - INFO - Sending 371/374: ખૂટી ટીલુભાઇ 
2025-11-10 04:53:58,873 - INFO - Found menu using selector: [data-icon="menu"]
2025-11-10 04:54:17,221 - INFO - WhatsApp readiness probe found selectors: [('menu', '[data-icon="menu"]')]
2025-11-10 04:54:17,221 - WARNING - Readiness check failed; detected flags: {'menu': True, 'chat_list': False, 'message_input': False, 'main_area': False}
2025-11-10 04:54:17,222 - ERROR - WhatsApp Web not ready
2025-11-10 04:54:17,237 - WARNING - X Not sent to ખૂટી ટીલુભાઇ 
2025-11-10 04:54:19,238 - INFO - Sending 372/374: વખારીયા અતુલભાઇ 
2025-11-10 04:54:26,496 - INFO - Found menu using selector: [data-icon="menu"]
2025-11-10 04:54:44,883 - INFO - WhatsApp readiness probe found selectors: [('menu', '[data-icon="menu"]')]
2025-11-10 04:54:44,883 - WARNING - Readiness check failed; detected flags: {'menu': True, 'chat_list': False, 'message_input': False, 'main_area': False}
2025-11-10 04:54:44,884 - ERROR - WhatsApp Web not ready
2025-11-10 04:54:44,906 - WARNING - X Not sent to વખારીયા અતુલભાઇ 
2025-11-10 04:54:46,907 - INFO - Sending 373/374: યોગેશભાઇ
2025-11-10 04:54:54,597 - INFO - Found menu using selector: [data-icon="menu"]
2025-11-10 04:55:13,000 - INFO - WhatsApp readiness probe found selectors: [('menu', '[data-icon="menu"]')]
2025-11-10 04:55:13,000 - WARNING - Readiness check failed; detected flags: {'menu': True, 'chat_list': False, 'message_input': False, 'main_area': False}
2025-11-10 04:55:13,000 - ERROR - WhatsApp Web not ready
2025-11-10 04:55:13,024 - WARNING - X Not sent to યોગેશભાઇ
2025-11-10 04:55:15,025 - INFO - Sending 374/374: વીનુભાઈ ભાટિયા
2025-11-10 04:55:20,292 - INFO - Found menu using selector: [data-icon="menu"]
2025-11-10 04:55:38,764 - INFO - WhatsApp readiness probe found selectors: [('menu', '[data-icon="menu"]')]
2025-11-10 04:55:38,764 - WARNING - Readiness check failed; detected flags: {'menu': True, 'chat_list': False, 'message_input': False, 'main_area': False}
2025-11-10 04:55:38,765 - ERROR - WhatsApp Web not ready
2025-11-10 04:55:38,794 - WARNING - X Not sent to વીનુભાઈ ભાટિયા
2025-11-10 04:55:40,958 - WARNING - Permission denied saving contacts.xlsx; saved statuses to contacts_with_status_1762730740.xlsx instead
2025-11-10 04:55:40,958 - INFO - Completed sending: 44/374 sent
2025-11-10 05:44:16,686 - INFO - Starting WebDriver initialization...
2025-11-10 05:44:20,818 - INFO - Chrome browser launched
2025-11-10 05:44:20,824 - INFO - Browser window maximized
2025-11-10 05:44:20,824 - INFO - Loading WhatsApp Web...
2025-11-10 05:44:23,321 - INFO - Checking WhatsApp Web status (attempt 1/3)...
2025-11-10 05:44:30,440 - INFO - Found menu using selector: [data-icon="menu"]
2025-11-10 05:44:48,904 - INFO - WhatsApp readiness probe found selectors: [('menu', '[data-icon="menu"]')]
2025-11-10 05:44:48,904 - WARNING - Readiness check failed; detected flags: {'menu': True, 'chat_list': False, 'message_input': False, 'main_area': False}
2025-11-10 05:44:48,905 - WARNING - WhatsApp Web loaded but required UI elements not found
2025-11-10 05:44:48,974 - INFO - Refreshing page...
2025-11-10 05:44:54,688 - INFO - Checking WhatsApp Web status (attempt 2/3)...
2025-11-10 05:44:58,856 - INFO - Found menu using selector: [data-icon="menu"]
2025-11-10 05:45:18,049 - INFO - WhatsApp readiness probe found selectors: [('menu', '[data-icon="menu"]')]
2025-11-10 05:45:18,050 - WARNING - Readiness check failed; detected flags: {'menu': True, 'chat_list': False, 'message_input': False, 'main_area': False}
2025-11-10 05:45:18,051 - WARNING - WhatsApp Web loaded but required UI elements not found
2025-11-10 05:45:18,121 - INFO - Refreshing page...
2025-11-10 05:45:23,557 - INFO - Checking WhatsApp Web status (attempt 3/3)...
2025-11-10 05:45:52,535 - WARNING - WhatsApp readiness probe did not find expected selectors
2025-11-10 05:45:52,535 - WARNING - Readiness check failed; detected flags: {'menu': False, 'chat_list': False, 'message_input': False, 'main_area': False}
2025-11-10 05:45:52,535 - WARNING - WhatsApp Web loaded but required UI elements not found
2025-11-10 05:45:52,601 - ERROR - WhatsApp Web not ready. Debug screenshots saved in D:\WorkflowAuto\Invitation\debug_whatsapp/
2025-11-10 05:45:52,601 - ERROR - Failed to initialize WebDriver: WhatsApp Web failed to initialize
2025-11-10 05:45:55,059 - ERROR - Failed to initialize: WhatsApp Web failed to initialize
2025-11-10 05:46:08,609 - INFO - Starting WebDriver initialization...
2025-11-10 05:46:11,902 - INFO - Chrome browser launched
2025-11-10 05:46:12,012 - INFO - Browser window maximized
2025-11-10 05:46:12,013 - INFO - Loading WhatsApp Web...
2025-11-10 05:46:13,166 - INFO - Checking WhatsApp Web status (attempt 1/3)...
2025-11-10 05:46:40,400 - WARNING - WhatsApp readiness probe did not find expected selectors
2025-11-10 05:46:40,400 - WARNING - Readiness check failed; detected flags: {'menu': False, 'chat_list': False, 'message_input': False, 'main_area': False}
2025-11-10 05:46:40,400 - WARNING - WhatsApp Web loaded but required UI elements not found
2025-11-10 05:46:40,457 - INFO - Refreshing page...
2025-11-10 05:46:46,224 - INFO - Checking WhatsApp Web status (attempt 2/3)...
2025-11-10 05:47:13,144 - WARNING - WhatsApp readiness probe did not find expected selectors
2025-11-10 05:47:13,144 - WARNING - Readiness check failed; detected flags: {'menu': False, 'chat_list': False, 'message_input': False, 'main_area': False}
2025-11-10 05:47:13,145 - WARNING - WhatsApp Web loaded but required UI elements not found
2025-11-10 05:47:13,237 - INFO - Refreshing page...
2025-11-10 05:47:20,033 - INFO - Checking WhatsApp Web status (attempt 3/3)...
2025-11-10 05:47:24,182 - INFO - Found menu using selector: [data-icon="menu"]
2025-11-10 05:47:35,455 - INFO - Found message_input using selector: div[role="textbox"]
2025-11-10 05:47:42,075 - INFO - WhatsApp readiness probe found selectors: [('menu', '[data-icon="menu"]'), ('message_input', 'div[role="textbox"]')]
2025-11-10 05:47:42,075 - WARNING - Readiness check failed; detected flags: {'menu': True, 'chat_list': False, 'message_input': True, 'main_area': False}
2025-11-10 05:47:42,075 - WARNING - WhatsApp Web loaded but required UI elements not found
2025-11-10 05:47:42,141 - ERROR - WhatsApp Web not ready. Debug screenshots saved in D:\WorkflowAuto\Invitation\debug_whatsapp/
2025-11-10 05:47:42,141 - ERROR - Failed to initialize WebDriver: WhatsApp Web failed to initialize
2025-11-10 05:47:44,547 - ERROR - Failed to initialize: WhatsApp Web failed to initialize
2025-11-10 05:47:54,502 - INFO - Starting WebDriver initialization...
2025-11-10 05:47:57,486 - INFO - Chrome browser launched
2025-11-10 05:47:57,491 - INFO - Browser window maximized
2025-11-10 05:47:57,492 - INFO - Loading WhatsApp Web...
2025-11-10 05:47:59,643 - INFO - Checking WhatsApp Web status (attempt 1/3)...
2025-11-10 05:48:06,772 - INFO - Found menu using selector: div[aria-label="Menu"]
2025-11-10 05:48:08,919 - INFO - Found chat_list using selector: #pane-side
2025-11-10 05:48:08,968 - INFO - Found message_input using selector: div[contenteditable="true"]
2025-11-10 05:48:11,036 - INFO - Found main_area using selector: #main
2025-11-10 05:48:11,036 - INFO - WhatsApp readiness probe found selectors: [('menu', 'div[aria-label="Menu"]'), ('chat_list', '#pane-side'), ('message_input', 'div[contenteditable="true"]'), ('main_area', '#main')]
2025-11-10 05:48:11,037 - INFO - WhatsApp Web interface appears ready
2025-11-10 05:48:11,037 - INFO - WhatsApp Web loaded successfully after 11s
2025-11-10 05:48:11,591 - INFO - Starting to send existing invitations to 329 contacts...
2025-11-10 05:48:11,591 - INFO - Sending 1/329: ઇભુભાઇ ગેરેજ 
2025-11-10 05:48:20,075 - INFO - Found menu using selector: div[aria-label="Menu"]
2025-11-10 05:48:22,134 - INFO - Found chat_list using selector: #pane-side
2025-11-10 05:48:22,148 - INFO - Found message_input using selector: div[contenteditable="true"]
2025-11-10 05:48:28,413 - INFO - WhatsApp readiness probe found selectors: [('menu', 'div[aria-label="Menu"]'), ('chat_list', '#pane-side'), ('message_input', 'div[contenteditable="true"]')]
2025-11-10 05:48:28,413 - INFO - WhatsApp Web interface appears ready
2025-11-10 05:49:08,781 - ERROR - Chat failed to load
2025-11-10 05:49:08,820 - WARNING - X Not sent to ઇભુભાઇ ગેરેજ 
2025-11-10 05:49:10,821 - INFO - Sending 2/329: કાંબલીયા ગંગદાસભાઇ 
2025-11-10 05:49:19,092 - INFO - Found menu using selector: div[aria-label="Menu"]
2025-11-10 05:49:21,150 - INFO - Found chat_list using selector: #pane-side
2025-11-10 05:49:21,168 - INFO - Found message_input using selector: div[contenteditable="true"]
2025-11-10 05:49:27,307 - INFO - WhatsApp readiness probe found selectors: [('menu', 'div[aria-label="Menu"]'), ('chat_list', '#pane-side'), ('message_input', 'div[contenteditable="true"]')]
2025-11-10 05:49:27,308 - INFO - WhatsApp Web interface appears ready
2025-11-10 05:50:07,696 - ERROR - Chat failed to load
2025-11-10 05:50:07,720 - WARNING - X Not sent to કાંબલીયા ગંગદાસભાઇ 
2025-11-10 05:50:09,721 - INFO - Sending 3/329: ભાદરકા કીશોરભાઇ 
2025-11-10 05:50:17,558 - INFO - Found menu using selector: div[aria-label="Menu"]
2025-11-10 05:50:19,609 - INFO - Found chat_list using selector: #pane-side
2025-11-10 05:50:19,626 - INFO - Found message_input using selector: div[contenteditable="true"]
2025-11-10 05:50:25,846 - INFO - WhatsApp readiness probe found selectors: [('menu', 'div[aria-label="Menu"]'), ('chat_list', '#pane-side'), ('message_input', 'div[contenteditable="true"]')]
2025-11-10 05:50:25,846 - INFO - WhatsApp Web interface appears ready
2025-11-10 05:51:06,125 - ERROR - Chat failed to load
2025-11-10 05:51:06,146 - WARNING - X Not sent to ભાદરકા કીશોરભાઇ 
2025-11-10 05:51:08,147 - INFO - Sending 4/329: કીશોરભાઇ રાધા રમણ 
2025-11-10 05:51:15,873 - INFO - Found menu using selector: div[aria-label="Menu"]
2025-11-10 05:51:17,926 - INFO - Found chat_list using selector: #pane-side
2025-11-10 05:51:17,939 - INFO - Found message_input using selector: div[contenteditable="true"]
2025-11-10 05:51:24,067 - INFO - WhatsApp readiness probe found selectors: [('menu', 'div[aria-label="Menu"]'), ('chat_list', '#pane-side'), ('message_input', 'div[contenteditable="true"]')]
2025-11-10 05:51:24,067 - INFO - WhatsApp Web interface appears ready
2025-11-10 05:52:04,591 - ERROR - Chat failed to load
2025-11-10 05:52:04,608 - WARNING - X Not sent to કીશોરભાઇ રાધા રમણ 
2025-11-10 05:52:06,609 - INFO - Sending 5/329: ઝાલા કરસનભાઇ 
2025-11-10 05:52:14,830 - INFO - Found menu using selector: div[aria-label="Menu"]
2025-11-10 05:52:16,962 - INFO - Found chat_list using selector: #pane-side
2025-11-10 05:52:16,979 - INFO - Found message_input using selector: div[contenteditable="true"]
2025-11-10 05:52:23,108 - INFO - WhatsApp readiness probe found selectors: [('menu', 'div[aria-label="Menu"]'), ('chat_list', '#pane-side'), ('message_input', 'div[contenteditable="true"]')]
2025-11-10 05:52:23,108 - INFO - WhatsApp Web interface appears ready
2025-11-10 05:53:03,502 - ERROR - Chat failed to load
2025-11-10 05:53:03,518 - WARNING - X Not sent to ઝાલા કરસનભાઇ 
2025-11-10 05:53:05,519 - INFO - Sending 6/329: મારૂ આશીષભાઇ 
2025-11-10 05:53:13,408 - INFO - Found menu using selector: div[aria-label="Menu"]
2025-11-10 05:53:15,462 - INFO - Found chat_list using selector: #pane-side
2025-11-10 05:53:15,476 - INFO - Found message_input using selector: div[contenteditable="true"]
2025-11-10 05:53:21,596 - INFO - WhatsApp readiness probe found selectors: [('menu', 'div[aria-label="Menu"]'), ('chat_list', '#pane-side'), ('message_input', 'div[contenteditable="true"]')]
2025-11-10 05:53:21,596 - INFO - WhatsApp Web interface appears ready
2025-11-10 05:54:01,887 - ERROR - Chat failed to load
2025-11-10 05:54:01,903 - WARNING - X Not sent to મારૂ આશીષભાઇ 
2025-11-10 05:54:03,903 - INFO - Sending 7/329: કાંબલીયા વજશીભાઇ
2025-11-10 05:54:11,470 - INFO - Found menu using selector: div[aria-label="Menu"]
2025-11-10 05:54:13,527 - INFO - Found chat_list using selector: #pane-side
2025-11-10 05:54:13,541 - INFO - Found message_input using selector: div[contenteditable="true"]
2025-11-10 05:54:19,711 - INFO - WhatsApp readiness probe found selectors: [('menu', 'div[aria-label="Menu"]'), ('chat_list', '#pane-side'), ('message_input', 'div[contenteditable="true"]')]
2025-11-10 05:54:19,711 - INFO - WhatsApp Web interface appears ready
2025-11-10 05:55:00,004 - ERROR - Chat failed to load
2025-11-10 05:55:00,029 - WARNING - X Not sent to કાંબલીયા વજશીભાઇ
2025-11-10 05:55:02,032 - INFO - Sending 8/329: જાદવ પરબતભાઇ 
2025-11-10 05:55:09,802 - INFO - Found menu using selector: div[aria-label="Menu"]
2025-11-10 05:55:11,851 - INFO - Found chat_list using selector: #pane-side
2025-11-10 05:55:11,865 - INFO - Found message_input using selector: div[contenteditable="true"]
2025-11-10 05:55:17,982 - INFO - WhatsApp readiness probe found selectors: [('menu', 'div[aria-label="Menu"]'), ('chat_list', '#pane-side'), ('message_input', 'div[contenteditable="true"]')]
2025-11-10 05:55:17,982 - INFO - WhatsApp Web interface appears ready
2025-11-10 05:55:58,209 - ERROR - Chat failed to load
2025-11-10 05:55:58,231 - WARNING - X Not sent to જાદવ પરબતભાઇ 
2025-11-10 05:56:00,232 - INFO - Sending 9/329: જાદવ જગમાલભાઇ 
2025-11-10 05:56:07,432 - INFO - Found menu using selector: div[aria-label="Menu"]
2025-11-10 05:56:09,482 - INFO - Found chat_list using selector: #pane-side
2025-11-10 05:56:09,494 - INFO - Found message_input using selector: div[contenteditable="true"]
2025-11-10 05:56:15,601 - INFO - WhatsApp readiness probe found selectors: [('menu', 'div[aria-label="Menu"]'), ('chat_list', '#pane-side'), ('message_input', 'div[contenteditable="true"]')]
2025-11-10 05:56:15,602 - INFO - WhatsApp Web interface appears ready
2025-11-10 05:56:55,936 - ERROR - Chat failed to load
2025-11-10 05:56:55,957 - WARNING - X Not sent to જાદવ જગમાલભાઇ 
2025-11-10 05:56:57,958 - INFO - Sending 10/329: જાદવ અરજણભાઇ કરશનભાઇ
2025-11-10 05:57:06,004 - INFO - Found menu using selector: div[aria-label="Menu"]
2025-11-10 05:57:08,054 - INFO - Found chat_list using selector: #pane-side
2025-11-10 05:57:08,067 - INFO - Found message_input using selector: div[contenteditable="true"]
2025-11-10 05:57:14,184 - INFO - WhatsApp readiness probe found selectors: [('menu', 'div[aria-label="Menu"]'), ('chat_list', '#pane-side'), ('message_input', 'div[contenteditable="true"]')]
2025-11-10 05:57:14,185 - INFO - WhatsApp Web interface appears ready
2025-11-10 05:57:54,867 - ERROR - Chat failed to load
2025-11-10 05:57:54,894 - WARNING - X Not sent to જાદવ અરજણભાઇ કરશનભાઇ
2025-11-10 05:57:56,895 - INFO - Sending 11/329: કાંબલીયા ભીખુભાઇ 
2025-11-10 05:58:05,449 - INFO - Found menu using selector: div[aria-label="Menu"]
2025-11-10 05:58:07,521 - INFO - Found chat_list using selector: #pane-side
2025-11-10 05:58:07,534 - INFO - Found message_input using selector: div[contenteditable="true"]
2025-11-10 05:58:13,661 - INFO - WhatsApp readiness probe found selectors: [('menu', 'div[aria-label="Menu"]'), ('chat_list', '#pane-side'), ('message_input', 'div[contenteditable="true"]')]
2025-11-10 05:58:13,661 - INFO - WhatsApp Web interface appears ready
2025-11-10 05:58:54,047 - ERROR - Chat failed to load
2025-11-10 05:58:54,067 - WARNING - X Not sent to કાંબલીયા ભીખુભાઇ 
2025-11-10 05:58:56,068 - INFO - Sending 12/329: કાંબલીયા અરશીભાઇ 
2025-11-10 05:59:03,305 - INFO - Found menu using selector: div[aria-label="Menu"]
2025-11-10 05:59:05,357 - INFO - Found chat_list using selector: #pane-side
2025-11-10 05:59:05,370 - INFO - Found message_input using selector: div[contenteditable="true"]
2025-11-10 05:59:07,423 - INFO - Found main_area using selector: #main
2025-11-10 05:59:07,423 - INFO - WhatsApp readiness probe found selectors: [('menu', 'div[aria-label="Menu"]'), ('chat_list', '#pane-side'), ('message_input', 'div[contenteditable="true"]'), ('main_area', '#main')]
2025-11-10 05:59:07,423 - INFO - WhatsApp Web interface appears ready
2025-11-10 06:00:00,862 - INFO - Attached file: D:\WorkflowAuto\Invitation\invitations\invitation_કાંબલીયા_અરશીભાઇ.pdf
2025-11-10 06:00:09,283 - INFO - Outgoing message appeared in chat
2025-11-10 06:00:23,344 - INFO - ✓ Single-tick detected - message sent to server/client (accepted)
2025-11-10 06:00:25,364 - INFO - ✓ Sent to કાંબલીયા અરશીભાઇ 
2025-11-10 06:00:27,365 - INFO - Sending 13/329: કાંબલીયા માલદેભાઇ 
2025-11-10 06:00:35,804 - INFO - Found menu using selector: div[aria-label="Menu"]
2025-11-10 06:00:37,883 - INFO - Found chat_list using selector: #pane-side
2025-11-10 06:00:37,896 - INFO - Found message_input using selector: div[contenteditable="true"]
2025-11-10 06:00:44,131 - INFO - WhatsApp readiness probe found selectors: [('menu', 'div[aria-label="Menu"]'), ('chat_list', '#pane-side'), ('message_input', 'div[contenteditable="true"]')]
2025-11-10 06:00:44,132 - INFO - WhatsApp Web interface appears ready
2025-11-10 06:01:24,876 - ERROR - Chat failed to load
2025-11-10 06:01:24,896 - WARNING - X Not sent to કાંબલીયા માલદેભાઇ 
2025-11-10 06:01:26,897 - INFO - Sending 14/329: રાવલીયા ભરતભાઇ 
2025-11-10 06:01:34,216 - INFO - Found menu using selector: div[aria-label="Menu"]
2025-11-10 06:01:36,272 - INFO - Found chat_list using selector: #pane-side
2025-11-10 06:01:36,291 - INFO - Found message_input using selector: div[contenteditable="true"]
2025-11-10 06:01:42,446 - INFO - WhatsApp readiness probe found selectors: [('menu', 'div[aria-label="Menu"]'), ('chat_list', '#pane-side'), ('message_input', 'div[contenteditable="true"]')]
2025-11-10 06:01:42,447 - INFO - WhatsApp Web interface appears ready
2025-11-10 06:02:22,736 - ERROR - Chat failed to load
2025-11-10 06:02:22,756 - WARNING - X Not sent to રાવલીયા ભરતભાઇ 
2025-11-10 06:02:24,757 - INFO - Sending 15/329: નાઘેરા વજશીભાઇ
2025-11-10 06:02:32,880 - INFO - Found menu using selector: div[aria-label="Menu"]
2025-11-10 06:02:34,928 - INFO - Found chat_list using selector: #pane-side
2025-11-10 06:02:34,941 - INFO - Found message_input using selector: div[contenteditable="true"]
2025-11-10 06:02:41,103 - INFO - WhatsApp readiness probe found selectors: [('menu', 'div[aria-label="Menu"]'), ('chat_list', '#pane-side'), ('message_input', 'div[contenteditable="true"]')]
2025-11-10 06:02:41,103 - INFO - WhatsApp Web interface appears ready
2025-11-10 06:03:21,389 - ERROR - Chat failed to load
2025-11-10 06:03:21,409 - WARNING - X Not sent to નાઘેરા વજશીભાઇ
2025-11-10 06:03:23,410 - INFO - Sending 16/329: નાગેરા પરબતભાઇ 
2025-11-10 06:03:30,968 - INFO - Found menu using selector: div[aria-label="Menu"]
2025-11-10 06:03:33,020 - INFO - Found chat_list using selector: #pane-side
2025-11-10 06:03:33,033 - INFO - Found message_input using selector: div[contenteditable="true"]
2025-11-10 06:03:35,080 - INFO - Found main_area using selector: #main
2025-11-10 06:03:35,081 - INFO - WhatsApp readiness probe found selectors: [('menu', 'div[aria-label="Menu"]'), ('chat_list', '#pane-side'), ('message_input', 'div[contenteditable="true"]'), ('main_area', '#main')]
2025-11-10 06:03:35,081 - INFO - WhatsApp Web interface appears ready
2025-11-10 06:04:28,219 - INFO - Attached file: D:\WorkflowAuto\Invitation\invitations\invitation_નાગેરા_પરબતભાઇ.pdf
2025-11-10 06:04:36,661 - INFO - Outgoing message appeared in chat
2025-11-10 06:04:43,288 - INFO - ✓ Single-tick detected - message sent to server/client (accepted)
2025-11-10 06:04:45,311 - INFO - ✓ Sent to નાગેરા પરબતભાઇ 
2025-11-10 06:04:47,313 - INFO - Sending 17/329: નાગેરા દેવરખીભાઇ 
2025-11-10 06:04:55,496 - INFO - Found menu using selector: div[aria-label="Menu"]
2025-11-10 06:04:57,554 - INFO - Found chat_list using selector: #pane-side
2025-11-10 06:04:57,569 - INFO - Found message_input using selector: div[contenteditable="true"]
2025-11-10 06:04:59,627 - INFO - Found main_area using selector: #main
2025-11-10 06:04:59,628 - INFO - WhatsApp readiness probe found selectors: [('menu', 'div[aria-label="Menu"]'), ('chat_list', '#pane-side'), ('message_input', 'div[contenteditable="true"]'), ('main_area', '#main')]
2025-11-10 06:04:59,628 - INFO - WhatsApp Web interface appears ready
2025-11-10 06:05:52,972 - INFO - Attached file: D:\WorkflowAuto\Invitation\invitations\invitation_નાગેરા_દેવરખીભાઇ.pdf
2025-11-10 06:06:01,437 - INFO - Outgoing message appeared in chat
2025-11-10 06:06:06,976 - INFO - ✓ Single-tick detected - message sent to server/client (accepted)
2025-11-10 06:06:08,992 - INFO - ✓ Sent to નાગેરા દેવરખીભાઇ 
2025-11-10 06:06:10,993 - INFO - Sending 18/329: વીંછી માલદેભાઇ 
2025-11-10 06:06:18,580 - INFO - Found menu using selector: div[aria-label="Menu"]
2025-11-10 06:06:20,636 - INFO - Found chat_list using selector: #pane-side
2025-11-10 06:06:20,649 - INFO - Found message_input using selector: div[contenteditable="true"]
2025-11-10 06:06:22,707 - INFO - Found main_area using selector: #main
2025-11-10 06:06:22,708 - INFO - WhatsApp readiness probe found selectors: [('menu', 'div[aria-label="Menu"]'), ('chat_list', '#pane-side'), ('message_input', 'div[contenteditable="true"]'), ('main_area', '#main')]
2025-11-10 06:06:22,708 - INFO - WhatsApp Web interface appears ready
2025-11-10 06:07:16,046 - INFO - Attached file: D:\WorkflowAuto\Invitation\invitations\invitation_વીંછી_માલદેભાઇ.pdf
2025-11-10 06:07:24,436 - INFO - Outgoing message appeared in chat
2025-11-10 06:07:30,203 - INFO - ✓ Single-tick detected - message sent to server/client (accepted)
2025-11-10 06:07:32,221 - INFO - ✓ Sent to વીંછી માલદેભાઇ 
2025-11-10 06:07:34,222 - INFO - Sending 19/329: જાદવ ઘુઘાભાઇ 
2025-11-10 06:07:42,083 - INFO - Found menu using selector: div[aria-label="Menu"]
2025-11-10 06:07:44,142 - INFO - Found chat_list using selector: #pane-side
2025-11-10 06:07:44,154 - INFO - Found message_input using selector: div[contenteditable="true"]
2025-11-10 06:07:46,213 - INFO - Found main_area using selector: #main
2025-11-10 06:07:46,214 - INFO - WhatsApp readiness probe found selectors: [('menu', 'div[aria-label="Menu"]'), ('chat_list', '#pane-side'), ('message_input', 'div[contenteditable="true"]'), ('main_area', '#main')]
2025-11-10 06:07:46,214 - INFO - WhatsApp Web interface appears ready
2025-11-10 06:08:39,552 - INFO - Attached file: D:\WorkflowAuto\Invitation\invitations\invitation_જાદવ_ઘુઘાભાઇ.pdf
2025-11-10 06:08:47,936 - INFO - Outgoing message appeared in chat
2025-11-10 06:08:53,551 - INFO - ✓ Single-tick detected - message sent to server/client (accepted)
2025-11-10 06:08:55,571 - INFO - ✓ Sent to જાદવ ઘુઘાભાઇ 
2025-11-10 06:08:57,572 - INFO - Sending 20/329: હાથલીયા કાનાભાઇ 
2025-11-10 06:09:06,077 - INFO - Found menu using selector: div[aria-label="Menu"]
2025-11-10 06:09:08,133 - INFO - Found chat_list using selector: #pane-side
2025-11-10 06:09:08,145 - INFO - Found message_input using selector: div[contenteditable="true"]
2025-11-10 06:09:10,200 - INFO - Found main_area using selector: #main
2025-11-10 06:09:10,201 - INFO - WhatsApp readiness probe found selectors: [('menu', 'div[aria-label="Menu"]'), ('chat_list', '#pane-side'), ('message_input', 'div[contenteditable="true"]'), ('main_area', '#main')]
2025-11-10 06:09:10,201 - INFO - WhatsApp Web interface appears ready
2025-11-10 06:10:03,435 - INFO - Attached file: D:\WorkflowAuto\Invitation\invitations\invitation_હાથલીયા_કાનાભાઇ.pdf
2025-11-10 06:10:11,858 - INFO - Outgoing message appeared in chat
2025-11-10 06:10:25,494 - INFO - ✓ Single-tick detected - message sent to server/client (accepted)
2025-11-10 06:10:27,517 - INFO - ✓ Sent to હાથલીયા કાનાભાઇ 
2025-11-10 06:10:29,518 - INFO - Sending 21/329: ઘુલ નગાભાઇ
2025-11-10 06:10:37,435 - INFO - Found menu using selector: div[aria-label="Menu"]
2025-11-10 06:10:39,518 - INFO - Found chat_list using selector: #pane-side
2025-11-10 06:10:39,537 - INFO - Found message_input using selector: div[contenteditable="true"]
2025-11-10 06:10:41,597 - INFO - Found main_area using selector: #main
2025-11-10 06:10:41,598 - INFO - WhatsApp readiness probe found selectors: [('menu', 'div[aria-label="Menu"]'), ('chat_list', '#pane-side'), ('message_input', 'div[contenteditable="true"]'), ('main_area', '#main')]
2025-11-10 06:10:41,598 - INFO - WhatsApp Web interface appears ready
2025-11-10 06:11:34,705 - INFO - Attached file: D:\WorkflowAuto\Invitation\invitations\invitation_ઘુલ_નગાભાઇ.pdf
2025-11-10 06:11:43,169 - INFO - Outgoing message appeared in chat
2025-11-10 06:11:49,864 - INFO - ✓ Single-tick detected - message sent to server/client (accepted)
2025-11-10 06:11:51,889 - INFO - ✓ Sent to ઘુલ નગાભાઇ
2025-11-10 06:11:53,889 - INFO - Sending 22/329: બંધીયા વજા ભગત 
2025-11-10 06:12:03,600 - INFO - Found menu using selector: div[aria-label="Menu"]
2025-11-10 06:12:05,657 - INFO - Found chat_list using selector: #pane-side
2025-11-10 06:12:05,673 - INFO - Found message_input using selector: div[contenteditable="true"]
2025-11-10 06:12:07,731 - INFO - Found main_area using selector: #main
2025-11-10 06:12:07,731 - INFO - WhatsApp readiness probe found selectors: [('menu', 'div[aria-label="Menu"]'), ('chat_list', '#pane-side'), ('message_input', 'div[contenteditable="true"]'), ('main_area', '#main')]
2025-11-10 06:12:07,731 - INFO - WhatsApp Web interface appears ready
2025-11-10 06:13:01,162 - INFO - Attached file: D:\WorkflowAuto\Invitation\invitations\invitation_બંધીયા_વજા_ભગત.pdf
2025-11-10 06:13:09,593 - INFO - Outgoing message appeared in chat
2025-11-10 06:13:14,744 - INFO - ✓ Single-tick detected - message sent to server/client (accepted)
2025-11-10 06:13:16,762 - INFO - ✓ Sent to બંધીયા વજા ભગત 
2025-11-10 06:13:18,763 - INFO - Sending 23/329: ગઢવી દેવદાનભાઇ 
2025-11-10 06:13:27,381 - INFO - Found menu using selector: div[aria-label="Menu"]
2025-11-10 06:13:29,466 - INFO - Found chat_list using selector: #pane-side
2025-11-10 06:13:29,478 - INFO - Found message_input using selector: div[contenteditable="true"]
2025-11-10 06:13:31,541 - INFO - Found main_area using selector: #main
2025-11-10 06:13:31,542 - INFO - WhatsApp readiness probe found selectors: [('menu', 'div[aria-label="Menu"]'), ('chat_list', '#pane-side'), ('message_input', 'div[contenteditable="true"]'), ('main_area', '#main')]
2025-11-10 06:13:31,542 - INFO - WhatsApp Web interface appears ready
2025-11-10 06:14:24,837 - INFO - Attached file: D:\WorkflowAuto\Invitation\invitations\invitation_ગઢવી_દેવદાનભાઇ.pdf
2025-11-10 06:14:33,262 - INFO - Outgoing message appeared in chat
2025-11-10 06:14:46,524 - INFO - ✓ Single-tick detected - message sent to server/client (accepted)
2025-11-10 06:14:48,545 - INFO - ✓ Sent to ગઢવી દેવદાનભાઇ 
2025-11-10 06:14:50,545 - INFO - Sending 24/329: કાંબલીયા મેરામણભાઇ
2025-11-10 06:14:58,874 - INFO - Found menu using selector: div[aria-label="Menu"]
2025-11-10 06:15:00,931 - INFO - Found chat_list using selector: #pane-side
2025-11-10 06:15:00,947 - INFO - Found message_input using selector: div[contenteditable="true"]
2025-11-10 06:15:03,007 - INFO - Found main_area using selector: #main
2025-11-10 06:15:03,007 - INFO - WhatsApp readiness probe found selectors: [('menu', 'div[aria-label="Menu"]'), ('chat_list', '#pane-side'), ('message_input', 'div[contenteditable="true"]'), ('main_area', '#main')]
2025-11-10 06:15:03,007 - INFO - WhatsApp Web interface appears ready
2025-11-10 06:15:56,327 - INFO - Attached file: D:\WorkflowAuto\Invitation\invitations\invitation_કાંબલીયા_મેરામણભાઇ.pdf
2025-11-10 06:16:04,717 - INFO - Outgoing message appeared in chat
2025-11-10 06:16:09,528 - INFO - ✓ Single-tick detected - message sent to server/client (accepted)
2025-11-10 06:16:11,545 - INFO - ✓ Sent to કાંબલીયા મેરામણભાઇ
2025-11-10 06:16:13,545 - INFO - Sending 25/329: જાદવ હમીરભાઇ તથા જાદવ ભનાભાઇ 
2025-11-10 06:16:21,863 - INFO - Found menu using selector: div[aria-label="Menu"]
2025-11-10 06:16:23,922 - INFO - Found chat_list using selector: #pane-side
2025-11-10 06:16:23,935 - INFO - Found message_input using selector: div[contenteditable="true"]
2025-11-10 06:16:26,195 - INFO - Found main_area using selector: #main
2025-11-10 06:16:26,196 - INFO - WhatsApp readiness probe found selectors: [('menu', 'div[aria-label="Menu"]'), ('chat_list', '#pane-side'), ('message_input', 'div[contenteditable="true"]'), ('main_area', '#main')]
2025-11-10 06:16:26,196 - INFO - WhatsApp Web interface appears ready
2025-11-10 06:17:19,411 - INFO - Attached file: D:\WorkflowAuto\Invitation\invitations\invitation_જાદવ_હમીરભાઇ_તથા_જાદવ_ભનાભાઇ.pdf
2025-11-10 06:17:27,994 - INFO - Outgoing message appeared in chat
2025-11-10 06:17:34,717 - INFO - ✓ Single-tick detected - message sent to server/client (accepted)
2025-11-10 06:17:36,741 - INFO - ✓ Sent to જાદવ હમીરભાઇ તથા જાદવ ભનાભાઇ 
2025-11-10 06:17:38,768 - INFO - Sending 26/329: જાદવ રામાભાઇ 
2025-11-10 06:17:47,209 - INFO - Found menu using selector: div[aria-label="Menu"]
2025-11-10 06:17:49,282 - INFO - Found chat_list using selector: #pane-side
2025-11-10 06:17:49,299 - INFO - Found message_input using selector: div[contenteditable="true"]
2025-11-10 06:17:51,358 - INFO - Found main_area using selector: #main
2025-11-10 06:17:51,358 - INFO - WhatsApp readiness probe found selectors: [('menu', 'div[aria-label="Menu"]'), ('chat_list', '#pane-side'), ('message_input', 'div[contenteditable="true"]'), ('main_area', '#main')]
2025-11-10 06:17:51,359 - INFO - WhatsApp Web interface appears ready
2025-11-10 06:18:44,497 - INFO - Attached file: D:\WorkflowAuto\Invitation\invitations\invitation_જાદવ_રામાભાઇ.pdf
2025-11-10 06:18:52,997 - INFO - Outgoing message appeared in chat
2025-11-10 06:18:58,061 - INFO - ✓ Single-tick detected - message sent to server/client (accepted)
2025-11-10 06:19:00,084 - INFO - ✓ Sent to જાદવ રામાભાઇ 
2025-11-10 06:19:02,086 - INFO - Sending 27/329: જાદવ લખમણભાઇ તથા જાદવ કારાભાઇ
2025-11-10 06:19:09,752 - INFO - Found menu using selector: div[aria-label="Menu"]
2025-11-10 06:19:11,808 - INFO - Found chat_list using selector: #pane-side
2025-11-10 06:19:11,822 - INFO - Found message_input using selector: div[contenteditable="true"]
2025-11-10 06:19:13,875 - INFO - Found main_area using selector: #main
2025-11-10 06:19:13,876 - INFO - WhatsApp readiness probe found selectors: [('menu', 'div[aria-label="Menu"]'), ('chat_list', '#pane-side'), ('message_input', 'div[contenteditable="true"]'), ('main_area', '#main')]
2025-11-10 06:19:13,876 - INFO - WhatsApp Web interface appears ready
2025-11-10 06:20:07,138 - INFO - Attached file: D:\WorkflowAuto\Invitation\invitations\invitation_જાદવ_લખમણભાઇ_તથા_જાદવ_કારાભાઇ.pdf
2025-11-10 06:20:15,490 - INFO - Outgoing message appeared in chat
2025-11-10 06:20:20,465 - INFO - ✓ Single-tick detected - message sent to server/client (accepted)
2025-11-10 06:20:22,493 - INFO - ✓ Sent to જાદવ લખમણભાઇ તથા જાદવ કારાભાઇ
2025-11-10 06:20:24,494 - INFO - Sending 28/329: જાદવ વીરમભાઇ 
2025-11-10 06:20:32,924 - INFO - Found menu using selector: div[aria-label="Menu"]
2025-11-10 06:20:34,985 - INFO - Found chat_list using selector: #pane-side
2025-11-10 06:20:35,001 - INFO - Found message_input using selector: div[contenteditable="true"]
2025-11-10 06:20:37,061 - INFO - Found main_area using selector: #main
2025-11-10 06:20:37,062 - INFO - WhatsApp readiness probe found selectors: [('menu', 'div[aria-label="Menu"]'), ('chat_list', '#pane-side'), ('message_input', 'div[contenteditable="true"]'), ('main_area', '#main')]
2025-11-10 06:20:37,062 - INFO - WhatsApp Web interface appears ready
2025-11-10 06:21:30,388 - INFO - Attached file: D:\WorkflowAuto\Invitation\invitations\invitation_જાદવ_વીરમભાઇ.pdf
2025-11-10 06:21:38,960 - INFO - Outgoing message appeared in chat
2025-11-10 06:21:44,403 - INFO - ✓ Single-tick detected - message sent to server/client (accepted)
2025-11-10 06:21:46,423 - INFO - ✓ Sent to જાદવ વીરમભાઇ 
2025-11-10 06:21:48,424 - INFO - Sending 29/329: ગંભીર રામભાઇ 
2025-11-10 06:21:56,870 - INFO - Found menu using selector: div[aria-label="Menu"]
2025-11-10 06:21:58,927 - INFO - Found chat_list using selector: #pane-side
2025-11-10 06:21:58,945 - INFO - Found message_input using selector: div[contenteditable="true"]
2025-11-10 06:22:01,005 - INFO - Found main_area using selector: #main
2025-11-10 06:22:01,005 - INFO - WhatsApp readiness probe found selectors: [('menu', 'div[aria-label="Menu"]'), ('chat_list', '#pane-side'), ('message_input', 'div[contenteditable="true"]'), ('main_area', '#main')]
2025-11-10 06:22:01,005 - INFO - WhatsApp Web interface appears ready
2025-11-10 06:22:54,393 - INFO - Attached file: D:\WorkflowAuto\Invitation\invitations\invitation_ગંભીર_રામભાઇ.pdf
2025-11-10 06:23:02,804 - INFO - Outgoing message appeared in chat
2025-11-10 06:23:08,070 - INFO - ✓ Single-tick detected - message sent to server/client (accepted)
2025-11-10 06:23:10,098 - INFO - ✓ Sent to ગંભીર રામભાઇ 
2025-11-10 06:23:12,102 - INFO - Sending 30/329: ગંભીર જીવાભાઇ 
2025-11-10 06:23:21,323 - INFO - Found menu using selector: div[aria-label="Menu"]
2025-11-10 06:23:23,382 - INFO - Found chat_list using selector: #pane-side
2025-11-10 06:23:23,400 - INFO - Found message_input using selector: div[contenteditable="true"]
2025-11-10 06:23:25,461 - INFO - Found main_area using selector: #main
2025-11-10 06:23:25,461 - INFO - WhatsApp readiness probe found selectors: [('menu', 'div[aria-label="Menu"]'), ('chat_list', '#pane-side'), ('message_input', 'div[contenteditable="true"]'), ('main_area', '#main')]
2025-11-10 06:23:25,461 - INFO - WhatsApp Web interface appears ready
2025-11-10 06:24:18,681 - INFO - Attached file: D:\WorkflowAuto\Invitation\invitations\invitation_ગંભીર_જીવાભાઇ.pdf
2025-11-10 06:24:26,994 - INFO - Outgoing message appeared in chat
2025-11-10 06:24:33,775 - INFO - ✓ Single-tick detected - message sent to server/client (accepted)
2025-11-10 06:24:35,800 - INFO - ✓ Sent to ગંભીર જીવાભાઇ 
2025-11-10 06:24:37,801 - INFO - Sending 31/329: ગંભીર નારણભાઇ 
2025-11-10 06:24:47,265 - INFO - Found menu using selector: div[aria-label="Menu"]
2025-11-10 06:24:49,321 - INFO - Found chat_list using selector: #pane-side
2025-11-10 06:24:49,338 - INFO - Found message_input using selector: div[contenteditable="true"]
2025-11-10 06:24:51,395 - INFO - Found main_area using selector: #main
2025-11-10 06:24:51,395 - INFO - WhatsApp readiness probe found selectors: [('menu', 'div[aria-label="Menu"]'), ('chat_list', '#pane-side'), ('message_input', 'div[contenteditable="true"]'), ('main_area', '#main')]
2025-11-10 06:24:51,395 - INFO - WhatsApp Web interface appears ready
2025-11-10 06:25:44,613 - INFO - Attached file: D:\WorkflowAuto\Invitation\invitations\invitation_ગંભીર_નારણભાઇ.pdf
2025-11-10 06:25:53,026 - INFO - Outgoing message appeared in chat
2025-11-10 06:26:06,578 - INFO - ✓ Single-tick detected - message sent to server/client (accepted)
2025-11-10 06:26:08,595 - INFO - ✓ Sent to ગંભીર નારણભાઇ 
2025-11-10 06:26:10,596 - INFO - Sending 32/329: ઢેબર બાપુ 
2025-11-10 06:26:18,599 - INFO - Found menu using selector: div[aria-label="Menu"]
2025-11-10 06:26:20,671 - INFO - Found chat_list using selector: #pane-side
2025-11-10 06:26:20,707 - INFO - Found message_input using selector: div[contenteditable="true"]
2025-11-10 06:26:22,869 - INFO - Found main_area using selector: #main
2025-11-10 06:26:22,869 - INFO - WhatsApp readiness probe found selectors: [('menu', 'div[aria-label="Menu"]'), ('chat_list', '#pane-side'), ('message_input', 'div[contenteditable="true"]'), ('main_area', '#main')]
2025-11-10 06:26:22,869 - INFO - WhatsApp Web interface appears ready
2025-11-10 06:27:16,035 - INFO - Attached file: D:\WorkflowAuto\Invitation\invitations\invitation_ઢેબર_બાપુ.pdf
2025-11-10 06:27:24,485 - INFO - Outgoing message appeared in chat
2025-11-10 06:27:33,079 - INFO - ✓ Single-tick detected - message sent to server/client (accepted)
2025-11-10 06:27:35,103 - INFO - ✓ Sent to ઢેબર બાપુ 
2025-11-10 06:27:37,104 - INFO - Sending 33/329: જાદવ વીજયભાઇ 
2025-11-10 06:27:45,345 - INFO - Found menu using selector: div[aria-label="Menu"]
2025-11-10 06:27:47,400 - INFO - Found chat_list using selector: #pane-side
2025-11-10 06:27:47,418 - INFO - Found message_input using selector: div[contenteditable="true"]
2025-11-10 06:27:49,476 - INFO - Found main_area using selector: #main
2025-11-10 06:27:49,476 - INFO - WhatsApp readiness probe found selectors: [('menu', 'div[aria-label="Menu"]'), ('chat_list', '#pane-side'), ('message_input', 'div[contenteditable="true"]'), ('main_area', '#main')]
2025-11-10 06:27:49,476 - INFO - WhatsApp Web interface appears ready
2025-11-10 06:28:42,693 - INFO - Attached file: D:\WorkflowAuto\Invitation\invitations\invitation_જાદવ_વીજયભાઇ.pdf
2025-11-10 06:28:51,127 - INFO - Outgoing message appeared in chat
2025-11-10 06:28:55,749 - INFO - ✓ Single-tick detected - message sent to server/client (accepted)
2025-11-10 06:28:57,769 - INFO - ✓ Sent to જાદવ વીજયભાઇ 
2025-11-10 06:28:59,770 - INFO - Sending 34/329: ગરેણીયા અમૃતભાઇ 
2025-11-10 06:29:07,428 - INFO - Found menu using selector: div[aria-label="Menu"]
2025-11-10 06:29:09,483 - INFO - Found chat_list using selector: #pane-side
2025-11-10 06:29:09,495 - INFO - Found message_input using selector: div[contenteditable="true"]
2025-11-10 06:29:11,552 - INFO - Found main_area using selector: #main
2025-11-10 06:29:11,553 - INFO - WhatsApp readiness probe found selectors: [('menu', 'div[aria-label="Menu"]'), ('chat_list', '#pane-side'), ('message_input', 'div[contenteditable="true"]'), ('main_area', '#main')]
2025-11-10 06:29:11,553 - INFO - WhatsApp Web interface appears ready
2025-11-10 06:30:04,826 - INFO - Attached file: D:\WorkflowAuto\Invitation\invitations\invitation_ગરેણીયા_અમૃતભાઇ.pdf
2025-11-10 06:30:13,253 - INFO - Outgoing message appeared in chat
2025-11-10 06:30:17,882 - INFO - ✓ Single-tick detected - message sent to server/client (accepted)
2025-11-10 06:30:19,901 - INFO - ✓ Sent to ગરેણીયા અમૃતભાઇ 
2025-11-10 06:30:21,902 - INFO - Sending 35/329: ગરેણીયા અમૃતભાઇ 
2025-11-10 06:30:31,075 - INFO - Found menu using selector: div[aria-label="Menu"]
2025-11-10 06:30:33,130 - INFO - Found chat_list using selector: #pane-side
2025-11-10 06:30:33,143 - INFO - Found message_input using selector: div[contenteditable="true"]
2025-11-10 06:30:35,206 - INFO - Found main_area using selector: #main
2025-11-10 06:30:35,206 - INFO - WhatsApp readiness probe found selectors: [('menu', 'div[aria-label="Menu"]'), ('chat_list', '#pane-side'), ('message_input', 'div[contenteditable="true"]'), ('main_area', '#main')]
2025-11-10 06:30:35,206 - INFO - WhatsApp Web interface appears ready
2025-11-10 06:31:28,441 - INFO - Attached file: D:\WorkflowAuto\Invitation\invitations\invitation_ગરેણીયા_અમૃતભાઇ.pdf
2025-11-10 06:31:36,830 - INFO - Outgoing message appeared in chat
2025-11-10 06:31:37,959 - INFO - ✓ Single-tick detected - message sent to server/client (accepted)
2025-11-10 06:31:39,988 - INFO - ✓ Sent to ગરેણીયા અમૃતભાઇ 
2025-11-10 06:31:42,095 - INFO - Sending 36/329: ડેર ચનાભાઇ ભગુભાઇ
2025-11-10 06:31:49,845 - INFO - Found menu using selector: div[aria-label="Menu"]
2025-11-10 06:31:51,906 - INFO - Found chat_list using selector: #pane-side
2025-11-10 06:31:51,917 - INFO - Found message_input using selector: div[contenteditable="true"]
2025-11-10 06:31:53,973 - INFO - Found main_area using selector: #main
2025-11-10 06:31:53,973 - INFO - WhatsApp readiness probe found selectors: [('menu', 'div[aria-label="Menu"]'), ('chat_list', '#pane-side'), ('message_input', 'div[contenteditable="true"]'), ('main_area', '#main')]
2025-11-10 06:31:53,974 - INFO - WhatsApp Web interface appears ready
2025-11-10 06:32:47,536 - INFO - Attached file: D:\WorkflowAuto\Invitation\invitations\invitation_ડેર_ચનાભાઇ_ભગુભાઇ.pdf
2025-11-10 06:32:55,982 - INFO - Outgoing message appeared in chat
2025-11-10 06:33:02,871 - INFO - ✓ Single-tick detected - message sent to server/client (accepted)
2025-11-10 06:33:04,889 - INFO - ✓ Sent to ડેર ચનાભાઇ ભગુભાઇ
2025-11-10 06:33:06,890 - INFO - Sending 37/329: કરંગીયા સરમણભાઇ 
2025-11-10 06:33:14,905 - INFO - Found menu using selector: div[aria-label="Menu"]
2025-11-10 06:33:16,960 - INFO - Found chat_list using selector: #pane-side
2025-11-10 06:33:16,972 - INFO - Found message_input using selector: div[contenteditable="true"]
2025-11-10 06:33:23,211 - INFO - WhatsApp readiness probe found selectors: [('menu', 'div[aria-label="Menu"]'), ('chat_list', '#pane-side'), ('message_input', 'div[contenteditable="true"]')]
2025-11-10 06:33:23,211 - INFO - WhatsApp Web interface appears ready
2025-11-10 06:34:03,452 - ERROR - Chat failed to load
2025-11-10 06:34:03,471 - WARNING - X Not sent to કરંગીયા સરમણભાઇ 
2025-11-10 06:34:05,471 - INFO - Sending 38/329: ભાદરકા પરબતભાઇ 
2025-11-10 06:34:15,723 - INFO - Found menu using selector: div[aria-label="Menu"]
2025-11-10 06:34:17,822 - INFO - Found chat_list using selector: #pane-side
2025-11-10 06:34:17,836 - INFO - Found message_input using selector: div[contenteditable="true"]
2025-11-10 06:34:19,886 - INFO - Found main_area using selector: #main
2025-11-10 06:34:19,887 - INFO - WhatsApp readiness probe found selectors: [('menu', 'div[aria-label="Menu"]'), ('chat_list', '#pane-side'), ('message_input', 'div[contenteditable="true"]'), ('main_area', '#main')]
2025-11-10 06:34:19,887 - INFO - WhatsApp Web interface appears ready
2025-11-10 06:35:13,083 - INFO - Attached file: D:\WorkflowAuto\Invitation\invitations\invitation_ભાદરકા_પરબતભાઇ.pdf
2025-11-10 06:35:21,505 - INFO - Outgoing message appeared in chat
2025-11-10 06:35:30,104 - INFO - ✓ Single-tick detected - message sent to server/client (accepted)
2025-11-10 06:35:32,122 - INFO - ✓ Sent to ભાદરકા પરબતભાઇ 
2025-11-10 06:35:34,123 - INFO - Sending 39/329: ભાદરકા કારાભાઇ 
2025-11-10 06:35:42,587 - INFO - Found menu using selector: div[aria-label="Menu"]
2025-11-10 06:35:44,660 - INFO - Found chat_list using selector: #pane-side
2025-11-10 06:35:44,684 - INFO - Found message_input using selector: div[contenteditable="true"]
2025-11-10 06:35:46,921 - INFO - Found main_area using selector: #main
2025-11-10 06:35:46,922 - INFO - WhatsApp readiness probe found selectors: [('menu', 'div[aria-label="Menu"]'), ('chat_list', '#pane-side'), ('message_input', 'div[contenteditable="true"]'), ('main_area', '#main')]
2025-11-10 06:35:46,922 - INFO - WhatsApp Web interface appears ready
2025-11-10 06:36:40,129 - INFO - Attached file: D:\WorkflowAuto\Invitation\invitations\invitation_ભાદરકા_કારાભાઇ.pdf
2025-11-10 06:36:48,522 - INFO - Outgoing message appeared in chat
2025-11-10 06:37:01,731 - INFO - ✓ Single-tick detected - message sent to server/client (accepted)
2025-11-10 06:37:03,751 - INFO - ✓ Sent to ભાદરકા કારાભાઇ 
2025-11-10 06:37:05,752 - INFO - Sending 40/329: કાંબલીયા રામભાઇ 
2025-11-10 06:37:13,889 - INFO - Found menu using selector: div[aria-label="Menu"]
2025-11-10 06:37:15,976 - INFO - Found chat_list using selector: #pane-side
2025-11-10 06:37:15,994 - INFO - Found message_input using selector: div[contenteditable="true"]
2025-11-10 06:37:18,049 - INFO - Found main_area using selector: #main
2025-11-10 06:37:18,049 - INFO - WhatsApp readiness probe found selectors: [('menu', 'div[aria-label="Menu"]'), ('chat_list', '#pane-side'), ('message_input', 'div[contenteditable="true"]'), ('main_area', '#main')]
2025-11-10 06:37:18,050 - INFO - WhatsApp Web interface appears ready
2025-11-10 06:38:11,283 - INFO - Attached file: D:\WorkflowAuto\Invitation\invitations\invitation_કાંબલીયા_રામભાઇ.pdf
2025-11-10 06:38:19,829 - INFO - Outgoing message appeared in chat
2025-11-10 06:38:32,792 - INFO - ✓ Single-tick detected - message sent to server/client (accepted)
2025-11-10 06:38:34,815 - INFO - ✓ Sent to કાંબલીયા રામભાઇ 
2025-11-10 06:38:36,816 - INFO - Sending 41/329: પીઠીયા દેવાયતભાઇ 
2025-11-10 06:38:45,121 - INFO - Found menu using selector: div[aria-label="Menu"]
2025-11-10 06:38:47,179 - INFO - Found chat_list using selector: #pane-side
2025-11-10 06:38:47,196 - INFO - Found message_input using selector: div[contenteditable="true"]
2025-11-10 06:38:49,256 - INFO - Found main_area using selector: #main
2025-11-10 06:38:49,256 - INFO - WhatsApp readiness probe found selectors: [('menu', 'div[aria-label="Menu"]'), ('chat_list', '#pane-side'), ('message_input', 'div[contenteditable="true"]'), ('main_area', '#main')]
2025-11-10 06:38:49,256 - INFO - WhatsApp Web interface appears ready
2025-11-10 06:39:42,560 - INFO - Attached file: D:\WorkflowAuto\Invitation\invitations\invitation_પીઠીયા_દેવાયતભાઇ.pdf
2025-11-10 06:39:50,848 - INFO - Outgoing message appeared in chat
2025-11-10 06:39:55,836 - INFO - ✓ Single-tick detected - message sent to server/client (accepted)
2025-11-10 06:39:57,855 - INFO - ✓ Sent to પીઠીયા દેવાયતભાઇ 
2025-11-10 06:39:59,857 - INFO - Sending 42/329: જોગલ અરજણભાઇ 
2025-11-10 06:40:08,266 - INFO - Found menu using selector: div[aria-label="Menu"]
2025-11-10 06:40:10,324 - INFO - Found chat_list using selector: #pane-side
2025-11-10 06:40:10,338 - INFO - Found message_input using selector: div[contenteditable="true"]
2025-11-10 06:40:16,515 - INFO - WhatsApp readiness probe found selectors: [('menu', 'div[aria-label="Menu"]'), ('chat_list', '#pane-side'), ('message_input', 'div[contenteditable="true"]')]
2025-11-10 06:40:16,516 - INFO - WhatsApp Web interface appears ready
2025-11-10 06:40:56,938 - ERROR - Chat failed to load
2025-11-10 06:40:56,956 - WARNING - X Not sent to જોગલ અરજણભાઇ 
2025-11-10 06:40:58,957 - INFO - Sending 43/329: જોગલ અરજણભાઇ 
2025-11-10 06:41:06,587 - INFO - Found menu using selector: div[aria-label="Menu"]
2025-11-10 06:41:08,638 - INFO - Found chat_list using selector: #pane-side
2025-11-10 06:41:08,651 - INFO - Found message_input using selector: div[contenteditable="true"]
2025-11-10 06:41:14,778 - INFO - WhatsApp readiness probe found selectors: [('menu', 'div[aria-label="Menu"]'), ('chat_list', '#pane-side'), ('message_input', 'div[contenteditable="true"]')]
2025-11-10 06:41:14,778 - INFO - WhatsApp Web interface appears ready
2025-11-10 06:41:55,259 - ERROR - Chat failed to load
2025-11-10 06:41:55,281 - WARNING - X Not sent to જોગલ અરજણભાઇ 
2025-11-10 06:41:57,282 - INFO - Sending 44/329: ભાદરકા કાનાભાઇ ગીગાભાઇ 
2025-11-10 06:42:05,546 - INFO - Found menu using selector: div[aria-label="Menu"]
2025-11-10 06:42:07,596 - INFO - Found chat_list using selector: #pane-side
2025-11-10 06:42:07,609 - INFO - Found message_input using selector: div[contenteditable="true"]
2025-11-10 06:42:09,758 - INFO - Found main_area using selector: #main
2025-11-10 06:42:09,759 - INFO - WhatsApp readiness probe found selectors: [('menu', 'div[aria-label="Menu"]'), ('chat_list', '#pane-side'), ('message_input', 'div[contenteditable="true"]'), ('main_area', '#main')]
2025-11-10 06:42:09,760 - INFO - WhatsApp Web interface appears ready
2025-11-10 06:43:03,166 - INFO - Attached file: D:\WorkflowAuto\Invitation\invitations\invitation_ભાદરકા_કાનાભાઇ_ગીગાભાઇ.pdf
2025-11-10 06:43:11,511 - INFO - Outgoing message appeared in chat
2025-11-10 06:43:19,978 - INFO - ✓ Single-tick detected - message sent to server/client (accepted)
2025-11-10 06:43:22,001 - INFO - ✓ Sent to ભાદરકા કાનાભાઇ ગીગાભાઇ 
2025-11-10 06:43:24,001 - INFO - Sending 45/329: ભાદરકા નારણભાઇ ગીગાભાઇ 
2025-11-10 06:43:32,483 - INFO - Found menu using selector: div[aria-label="Menu"]
2025-11-10 06:43:34,545 - INFO - Found chat_list using selector: #pane-side
2025-11-10 06:43:34,564 - INFO - Found message_input using selector: div[contenteditable="true"]
2025-11-10 06:43:36,666 - INFO - Found main_area using selector: #main
2025-11-10 06:43:36,667 - INFO - WhatsApp readiness probe found selectors: [('menu', 'div[aria-label="Menu"]'), ('chat_list', '#pane-side'), ('message_input', 'div[contenteditable="true"]'), ('main_area', '#main')]
2025-11-10 06:43:36,667 - INFO - WhatsApp Web interface appears ready
2025-11-10 06:44:29,860 - INFO - Attached file: D:\WorkflowAuto\Invitation\invitations\invitation_ભાદરકા_નારણભાઇ_ગીગાભાઇ.pdf
2025-11-10 06:44:38,395 - INFO - Outgoing message appeared in chat
2025-11-10 06:44:44,869 - INFO - ✓ Single-tick detected - message sent to server/client (accepted)
2025-11-10 06:44:46,893 - INFO - ✓ Sent to ભાદરકા નારણભાઇ ગીગાભાઇ 
2025-11-10 06:44:48,895 - INFO - Sending 46/329: માડમ રામશીભાઇ
2025-11-10 06:44:57,540 - INFO - Found menu using selector: div[aria-label="Menu"]
2025-11-10 06:44:59,702 - INFO - Found chat_list using selector: #pane-side
2025-11-10 06:44:59,715 - INFO - Found message_input using selector: div[contenteditable="true"]
2025-11-10 06:45:01,776 - INFO - Found main_area using selector: #main
2025-11-10 06:45:01,777 - INFO - WhatsApp readiness probe found selectors: [('menu', 'div[aria-label="Menu"]'), ('chat_list', '#pane-side'), ('message_input', 'div[contenteditable="true"]'), ('main_area', '#main')]
2025-11-10 06:45:01,777 - INFO - WhatsApp Web interface appears ready
2025-11-10 06:45:55,082 - INFO - Attached file: D:\WorkflowAuto\Invitation\invitations\invitation_માડમ_રામશીભાઇ.pdf
2025-11-10 06:46:03,507 - INFO - Outgoing message appeared in chat
2025-11-10 06:46:16,680 - INFO - ✓ Single-tick detected - message sent to server/client (accepted)
2025-11-10 06:46:18,697 - INFO - ✓ Sent to માડમ રામશીભાઇ
2025-11-10 06:46:20,698 - INFO - Sending 47/329: માડમ રામશીભાઇ
2025-11-10 06:46:28,250 - INFO - Found menu using selector: div[aria-label="Menu"]
2025-11-10 06:46:30,307 - INFO - Found chat_list using selector: #pane-side
2025-11-10 06:46:30,321 - INFO - Found message_input using selector: div[contenteditable="true"]
2025-11-10 06:46:32,383 - INFO - Found main_area using selector: #main
2025-11-10 06:46:32,383 - INFO - WhatsApp readiness probe found selectors: [('menu', 'div[aria-label="Menu"]'), ('chat_list', '#pane-side'), ('message_input', 'div[contenteditable="true"]'), ('main_area', '#main')]
2025-11-10 06:46:32,383 - INFO - WhatsApp Web interface appears ready
2025-11-10 06:47:25,642 - INFO - Attached file: D:\WorkflowAuto\Invitation\invitations\invitation_માડમ_રામશીભાઇ.pdf
2025-11-10 06:47:34,166 - INFO - Outgoing message appeared in chat
2025-11-10 06:47:35,244 - INFO - ✓ Single-tick detected - message sent to server/client (accepted)
2025-11-10 06:47:37,263 - INFO - ✓ Sent to માડમ રામશીભાઇ
2025-11-10 06:47:39,265 - INFO - Sending 48/329: માડમ કાનાભાઇ 
2025-11-10 06:47:49,057 - INFO - Found menu using selector: div[aria-label="Menu"]
2025-11-10 06:47:51,116 - INFO - Found chat_list using selector: #pane-side
2025-11-10 06:47:51,129 - INFO - Found message_input using selector: div[contenteditable="true"]
2025-11-10 06:47:53,188 - INFO - Found main_area using selector: #main
2025-11-10 06:47:53,188 - INFO - WhatsApp readiness probe found selectors: [('menu', 'div[aria-label="Menu"]'), ('chat_list', '#pane-side'), ('message_input', 'div[contenteditable="true"]'), ('main_area', '#main')]
2025-11-10 06:47:53,189 - INFO - WhatsApp Web interface appears ready
2025-11-10 06:48:46,543 - INFO - Attached file: D:\WorkflowAuto\Invitation\invitations\invitation_માડમ_કાનાભાઇ.pdf
2025-11-10 06:48:55,007 - INFO - Outgoing message appeared in chat
2025-11-10 06:49:00,191 - INFO - ✓ Single-tick detected - message sent to server/client (accepted)
2025-11-10 06:49:02,209 - INFO - ✓ Sent to માડમ કાનાભાઇ 
2025-11-10 06:49:04,210 - INFO - Sending 49/329: જોગલ પરબતભાઇ ભીમશીભાઇ 
2025-11-10 06:49:12,610 - INFO - Found menu using selector: div[aria-label="Menu"]
2025-11-10 06:49:14,671 - INFO - Found chat_list using selector: #pane-side
2025-11-10 06:49:14,685 - INFO - Found message_input using selector: div[contenteditable="true"]
2025-11-10 06:49:16,745 - INFO - Found main_area using selector: #main
2025-11-10 06:49:16,745 - INFO - WhatsApp readiness probe found selectors: [('menu', 'div[aria-label="Menu"]'), ('chat_list', '#pane-side'), ('message_input', 'div[contenteditable="true"]'), ('main_area', '#main')]
2025-11-10 06:49:16,745 - INFO - WhatsApp Web interface appears ready
2025-11-10 06:50:10,008 - INFO - Attached file: D:\WorkflowAuto\Invitation\invitations\invitation_જોગલ_પરબતભાઇ_ભીમશીભાઇ.pdf
2025-11-10 06:50:18,466 - INFO - Outgoing message appeared in chat
2025-11-10 06:50:23,868 - INFO - ✓ Single-tick detected - message sent to server/client (accepted)
2025-11-10 06:50:25,885 - INFO - ✓ Sent to જોગલ પરબતભાઇ ભીમશીભાઇ 
2025-11-10 06:50:27,886 - INFO - Sending 50/329: ચૌહાણ વીરમભાઇ 
2025-11-10 06:50:35,938 - INFO - Found menu using selector: div[aria-label="Menu"]
2025-11-10 06:50:37,994 - INFO - Found chat_list using selector: #pane-side
2025-11-10 06:50:38,006 - INFO - Found message_input using selector: div[contenteditable="true"]
2025-11-10 06:50:40,144 - INFO - Found main_area using selector: #main
2025-11-10 06:50:40,145 - INFO - WhatsApp readiness probe found selectors: [('menu', 'div[aria-label="Menu"]'), ('chat_list', '#pane-side'), ('message_input', 'div[contenteditable="true"]'), ('main_area', '#main')]
2025-11-10 06:50:40,145 - INFO - WhatsApp Web interface appears ready
2025-11-10 06:51:33,382 - INFO - Attached file: D:\WorkflowAuto\Invitation\invitations\invitation_ચૌહાણ_વીરમભાઇ.pdf
2025-11-10 06:51:41,818 - INFO - Outgoing message appeared in chat
2025-11-10 06:51:48,219 - INFO - ✓ Single-tick detected - message sent to server/client (accepted)
2025-11-10 06:51:50,265 - INFO - ✓ Sent to ચૌહાણ વીરમભાઇ 
2025-11-10 06:51:52,288 - INFO - Sending 51/329: કાંબલીયા વીરમભાઇ 
2025-11-10 06:52:00,068 - INFO - Found menu using selector: div[aria-label="Menu"]
2025-11-10 06:52:02,132 - INFO - Found chat_list using selector: #pane-side
2025-11-10 06:52:02,148 - INFO - Found message_input using selector: div[contenteditable="true"]
2025-11-10 06:52:04,205 - INFO - Found main_area using selector: #main
2025-11-10 06:52:04,205 - INFO - WhatsApp readiness probe found selectors: [('menu', 'div[aria-label="Menu"]'), ('chat_list', '#pane-side'), ('message_input', 'div[contenteditable="true"]'), ('main_area', '#main')]
2025-11-10 06:52:04,206 - INFO - WhatsApp Web interface appears ready
2025-11-10 06:52:57,548 - INFO - Attached file: D:\WorkflowAuto\Invitation\invitations\invitation_કાંબલીયા_વીરમભાઇ.pdf
2025-11-10 06:53:05,954 - INFO - Outgoing message appeared in chat
2025-11-10 06:53:12,690 - INFO - ✓ Single-tick detected - message sent to server/client (accepted)
2025-11-10 06:53:14,709 - INFO - ✓ Sent to કાંબલીયા વીરમભાઇ 
2025-11-10 06:53:16,710 - INFO - Sending 52/329: માડમ માલદેભાઇ 
2025-11-10 06:53:25,165 - INFO - Found menu using selector: div[aria-label="Menu"]
2025-11-10 06:53:27,225 - INFO - Found chat_list using selector: #pane-side
2025-11-10 06:53:27,247 - INFO - Found message_input using selector: div[contenteditable="true"]
2025-11-10 06:53:33,432 - INFO - WhatsApp readiness probe found selectors: [('menu', 'div[aria-label="Menu"]'), ('chat_list', '#pane-side'), ('message_input', 'div[contenteditable="true"]')]
2025-11-10 06:53:33,432 - INFO - WhatsApp Web interface appears ready
2025-11-10 06:54:14,177 - ERROR - Chat failed to load
2025-11-10 06:54:14,196 - WARNING - X Not sent to માડમ માલદેભાઇ 
2025-11-10 06:54:16,198 - INFO - Sending 53/329: માડમ માલદેભાઇ 
2025-11-10 06:54:23,572 - INFO - Found menu using selector: div[aria-label="Menu"]
2025-11-10 06:54:25,621 - INFO - Found chat_list using selector: #pane-side
2025-11-10 06:54:25,634 - INFO - Found message_input using selector: div[contenteditable="true"]
2025-11-10 06:54:27,691 - INFO - Found main_area using selector: #main
2025-11-10 06:54:27,691 - INFO - WhatsApp readiness probe found selectors: [('menu', 'div[aria-label="Menu"]'), ('chat_list', '#pane-side'), ('message_input', 'div[contenteditable="true"]'), ('main_area', '#main')]
2025-11-10 06:54:27,691 - INFO - WhatsApp Web interface appears ready
2025-11-10 06:55:20,920 - INFO - Attached file: D:\WorkflowAuto\Invitation\invitations\invitation_માડમ_માલદેભાઇ.pdf
2025-11-10 06:55:29,206 - INFO - Outgoing message appeared in chat
2025-11-10 06:55:36,226 - INFO - ✓ Single-tick detected - message sent to server/client (accepted)
2025-11-10 06:55:38,244 - INFO - ✓ Sent to માડમ માલદેભાઇ 
2025-11-10 06:55:40,252 - INFO - Sending 54/329: માલદે કાળુભાઇ 
2025-11-10 06:55:48,530 - INFO - Found menu using selector: div[aria-label="Menu"]
2025-11-10 06:55:50,593 - INFO - Found chat_list using selector: #pane-side
2025-11-10 06:55:50,606 - INFO - Found message_input using selector: div[contenteditable="true"]
2025-11-10 06:55:52,666 - INFO - Found main_area using selector: #main
2025-11-10 06:55:52,666 - INFO - WhatsApp readiness probe found selectors: [('menu', 'div[aria-label="Menu"]'), ('chat_list', '#pane-side'), ('message_input', 'div[contenteditable="true"]'), ('main_area', '#main')]
2025-11-10 06:55:52,667 - INFO - WhatsApp Web interface appears ready
2025-11-10 06:56:45,895 - INFO - Attached file: D:\WorkflowAuto\Invitation\invitations\invitation_માલદે_કાળુભાઇ.pdf
2025-11-10 06:56:54,324 - INFO - Outgoing message appeared in chat
2025-11-10 06:57:00,334 - INFO - ✓ Single-tick detected - message sent to server/client (accepted)
2025-11-10 06:57:02,351 - INFO - ✓ Sent to માલદે કાળુભાઇ 
2025-11-10 06:57:04,352 - INFO - Sending 55/329: મૈતર જગાભાઇ
2025-11-10 06:57:12,674 - INFO - Found menu using selector: div[aria-label="Menu"]
2025-11-10 06:57:14,730 - INFO - Found chat_list using selector: #pane-side
2025-11-10 06:57:14,745 - INFO - Found message_input using selector: div[contenteditable="true"]
2025-11-10 06:57:16,803 - INFO - Found main_area using selector: #main
2025-11-10 06:57:16,804 - INFO - WhatsApp readiness probe found selectors: [('menu', 'div[aria-label="Menu"]'), ('chat_list', '#pane-side'), ('message_input', 'div[contenteditable="true"]'), ('main_area', '#main')]
2025-11-10 06:57:16,804 - INFO - WhatsApp Web interface appears ready
2025-11-10 06:58:10,017 - INFO - Attached file: D:\WorkflowAuto\Invitation\invitations\invitation_મૈતર_જગાભાઇ.pdf
2025-11-10 06:58:18,654 - INFO - Outgoing message appeared in chat
2025-11-10 06:58:25,336 - INFO - ✓ Single-tick detected - message sent to server/client (accepted)
2025-11-10 06:58:27,364 - INFO - ✓ Sent to મૈતર જગાભાઇ
2025-11-10 06:58:29,365 - INFO - Sending 56/329: ગોધમ હાજાભાઇ 
2025-11-10 06:58:37,075 - INFO - Found menu using selector: div[aria-label="Menu"]
2025-11-10 06:58:39,187 - INFO - Found chat_list using selector: #pane-side
2025-11-10 06:58:39,208 - INFO - Found message_input using selector: div[contenteditable="true"]
2025-11-10 06:58:45,379 - INFO - WhatsApp readiness probe found selectors: [('menu', 'div[aria-label="Menu"]'), ('chat_list', '#pane-side'), ('message_input', 'div[contenteditable="true"]')]
2025-11-10 06:58:45,379 - INFO - WhatsApp Web interface appears ready
2025-11-10 06:59:26,174 - ERROR - Chat failed to load
2025-11-10 06:59:26,196 - WARNING - X Not sent to ગોધમ હાજાભાઇ 
2025-11-10 06:59:28,197 - INFO - Sending 57/329: મૈતર કનુભાઇ 
2025-11-10 06:59:35,931 - INFO - Found menu using selector: div[aria-label="Menu"]
2025-11-10 06:59:37,980 - INFO - Found chat_list using selector: #pane-side
2025-11-10 06:59:37,992 - INFO - Found message_input using selector: div[contenteditable="true"]
2025-11-10 06:59:40,174 - INFO - Found main_area using selector: #main
2025-11-10 06:59:40,174 - INFO - WhatsApp readiness probe found selectors: [('menu', 'div[aria-label="Menu"]'), ('chat_list', '#pane-side'), ('message_input', 'div[contenteditable="true"]'), ('main_area', '#main')]
2025-11-10 06:59:40,175 - INFO - WhatsApp Web interface appears ready
2025-11-10 07:00:33,320 - INFO - Attached file: D:\WorkflowAuto\Invitation\invitations\invitation_મૈતર_કનુભાઇ.pdf
2025-11-10 07:00:42,109 - INFO - Outgoing message appeared in chat
2025-11-10 07:00:49,629 - INFO - ✓ Single-tick detected - message sent to server/client (accepted)
2025-11-10 07:00:51,648 - INFO - ✓ Sent to મૈતર કનુભાઇ 
2025-11-10 07:00:53,649 - INFO - Sending 58/329: મૈતર ભીખાભાઇ 
2025-11-10 07:01:01,788 - INFO - Found menu using selector: div[aria-label="Menu"]
2025-11-10 07:01:03,985 - INFO - Found chat_list using selector: #pane-side
2025-11-10 07:01:04,000 - INFO - Found message_input using selector: div[contenteditable="true"]
2025-11-10 07:01:06,060 - INFO - Found main_area using selector: #main
2025-11-10 07:01:06,060 - INFO - WhatsApp readiness probe found selectors: [('menu', 'div[aria-label="Menu"]'), ('chat_list', '#pane-side'), ('message_input', 'div[contenteditable="true"]'), ('main_area', '#main')]
2025-11-10 07:01:06,060 - INFO - WhatsApp Web interface appears ready
2025-11-10 07:01:59,293 - INFO - Attached file: D:\WorkflowAuto\Invitation\invitations\invitation_મૈતર_ભીખાભાઇ.pdf
2025-11-10 07:02:08,036 - INFO - Outgoing message appeared in chat
2025-11-10 07:02:20,595 - INFO - ✓ Single-tick detected - message sent to server/client (accepted)
2025-11-10 07:02:22,617 - INFO - ✓ Sent to મૈતર ભીખાભાઇ 
2025-11-10 07:02:24,618 - INFO - Sending 59/329: મૈતર મેરાભાઇ
2025-11-10 07:02:33,009 - INFO - Found menu using selector: div[aria-label="Menu"]
2025-11-10 07:02:35,068 - INFO - Found chat_list using selector: #pane-side
2025-11-10 07:02:35,084 - INFO - Found message_input using selector: div[contenteditable="true"]
2025-11-10 07:02:41,205 - INFO - WhatsApp readiness probe found selectors: [('menu', 'div[aria-label="Menu"]'), ('chat_list', '#pane-side'), ('message_input', 'div[contenteditable="true"]')]
2025-11-10 07:02:41,205 - INFO - WhatsApp Web interface appears ready
2025-11-10 07:03:21,898 - ERROR - Chat failed to load
2025-11-10 07:03:21,919 - WARNING - X Not sent to મૈતર મેરાભાઇ
2025-11-10 07:03:23,920 - INFO - Sending 60/329: મૈતર નારણભાઇ 
2025-11-10 07:03:30,960 - INFO - Found menu using selector: div[aria-label="Menu"]
2025-11-10 07:03:33,008 - INFO - Found chat_list using selector: #pane-side
2025-11-10 07:03:33,020 - INFO - Found message_input using selector: div[contenteditable="true"]
2025-11-10 07:03:35,069 - INFO - Found main_area using selector: #main
2025-11-10 07:03:35,069 - INFO - WhatsApp readiness probe found selectors: [('menu', 'div[aria-label="Menu"]'), ('chat_list', '#pane-side'), ('message_input', 'div[contenteditable="true"]'), ('main_area', '#main')]
2025-11-10 07:03:35,069 - INFO - WhatsApp Web interface appears ready
2025-11-10 07:04:28,337 - INFO - Attached file: D:\WorkflowAuto\Invitation\invitations\invitation_મૈતર_નારણભાઇ.pdf
2025-11-10 07:04:36,755 - INFO - Outgoing message appeared in chat
2025-11-10 07:04:48,791 - INFO - ✓ Single-tick detected - message sent to server/client (accepted)
2025-11-10 07:04:50,813 - INFO - ✓ Sent to મૈતર નારણભાઇ 
2025-11-10 07:04:52,814 - INFO - Sending 61/329: બંધીયા મુનાભાઇ
2025-11-10 07:05:00,863 - INFO - Found menu using selector: div[aria-label="Menu"]
2025-11-10 07:05:02,925 - INFO - Found chat_list using selector: #pane-side
2025-11-10 07:05:02,941 - INFO - Found message_input using selector: div[contenteditable="true"]
2025-11-10 07:05:05,001 - INFO - Found main_area using selector: #main
2025-11-10 07:05:05,002 - INFO - WhatsApp readiness probe found selectors: [('menu', 'div[aria-label="Menu"]'), ('chat_list', '#pane-side'), ('message_input', 'div[contenteditable="true"]'), ('main_area', '#main')]
2025-11-10 07:05:05,002 - INFO - WhatsApp Web interface appears ready
2025-11-10 07:05:58,375 - INFO - Attached file: D:\WorkflowAuto\Invitation\invitations\invitation_બંધીયા_મુનાભાઇ.pdf
2025-11-10 07:06:06,786 - INFO - Outgoing message appeared in chat
2025-11-10 07:06:12,315 - INFO - ✓ Single-tick detected - message sent to server/client (accepted)
2025-11-10 07:06:14,333 - INFO - ✓ Sent to બંધીયા મુનાભાઇ
2025-11-10 07:06:16,335 - INFO - Sending 62/329: માડમ લખમણભાઇ
2025-11-10 07:06:24,148 - INFO - Found menu using selector: div[aria-label="Menu"]
2025-11-10 07:06:26,206 - INFO - Found chat_list using selector: #pane-side
2025-11-10 07:06:26,236 - INFO - Found message_input using selector: div[contenteditable="true"]
2025-11-10 07:06:28,295 - INFO - Found main_area using selector: #main
2025-11-10 07:06:28,295 - INFO - WhatsApp readiness probe found selectors: [('menu', 'div[aria-label="Menu"]'), ('chat_list', '#pane-side'), ('message_input', 'div[contenteditable="true"]'), ('main_area', '#main')]
2025-11-10 07:06:28,296 - INFO - WhatsApp Web interface appears ready
2025-11-10 07:07:21,429 - INFO - Attached file: D:\WorkflowAuto\Invitation\invitations\invitation_માડમ_લખમણભાઇ.pdf
2025-11-10 07:07:29,837 - INFO - Outgoing message appeared in chat
2025-11-10 07:07:42,365 - INFO - ✓ Single-tick detected - message sent to server/client (accepted)
2025-11-10 07:07:44,385 - INFO - ✓ Sent to માડમ લખમણભાઇ
2025-11-10 07:07:46,386 - INFO - Sending 63/329: માડમ લખમણભાઇ
2025-11-10 07:07:54,313 - INFO - Found menu using selector: div[aria-label="Menu"]
2025-11-10 07:07:56,395 - INFO - Found chat_list using selector: #pane-side
2025-11-10 07:07:56,418 - INFO - Found message_input using selector: div[contenteditable="true"]
2025-11-10 07:07:58,475 - INFO - Found main_area using selector: #main
2025-11-10 07:07:58,475 - INFO - WhatsApp readiness probe found selectors: [('menu', 'div[aria-label="Menu"]'), ('chat_list', '#pane-side'), ('message_input', 'div[contenteditable="true"]'), ('main_area', '#main')]
2025-11-10 07:07:58,475 - INFO - WhatsApp Web interface appears ready
2025-11-10 07:08:51,771 - INFO - Attached file: D:\WorkflowAuto\Invitation\invitations\invitation_માડમ_લખમણભાઇ.pdf
2025-11-10 07:09:00,186 - INFO - Outgoing message appeared in chat
2025-11-10 07:09:01,304 - INFO - ✓ Single-tick detected - message sent to server/client (accepted)
2025-11-10 07:09:03,322 - INFO - ✓ Sent to માડમ લખમણભાઇ
2025-11-10 07:09:05,323 - INFO - Sending 64/329: માડમ લખમણભાઇ
2025-11-10 07:09:13,249 - INFO - Found menu using selector: div[aria-label="Menu"]
2025-11-10 07:09:15,308 - INFO - Found chat_list using selector: #pane-side
2025-11-10 07:09:15,321 - INFO - Found message_input using selector: div[contenteditable="true"]
2025-11-10 07:09:17,378 - INFO - Found main_area using selector: #main
2025-11-10 07:09:17,378 - INFO - WhatsApp readiness probe found selectors: [('menu', 'div[aria-label="Menu"]'), ('chat_list', '#pane-side'), ('message_input', 'div[contenteditable="true"]'), ('main_area', '#main')]
2025-11-10 07:09:17,378 - INFO - WhatsApp Web interface appears ready
2025-11-10 07:10:10,581 - INFO - Attached file: D:\WorkflowAuto\Invitation\invitations\invitation_માડમ_લખમણભાઇ.pdf
2025-11-10 07:10:18,995 - INFO - Outgoing message appeared in chat
2025-11-10 07:10:20,207 - INFO - ✓ Single-tick detected - message sent to server/client (accepted)
2025-11-10 07:10:22,224 - INFO - ✓ Sent to માડમ લખમણભાઇ
2025-11-10 07:10:24,225 - INFO - Sending 65/329: બંધીયા લખમણભાઇ
2025-11-10 07:10:32,584 - INFO - Found menu using selector: div[aria-label="Menu"]
2025-11-10 07:10:34,638 - INFO - Found chat_list using selector: #pane-side
2025-11-10 07:10:34,651 - INFO - Found message_input using selector: div[contenteditable="true"]
2025-11-10 07:10:36,790 - INFO - Found main_area using selector: #main
2025-11-10 07:10:36,790 - INFO - WhatsApp readiness probe found selectors: [('menu', 'div[aria-label="Menu"]'), ('chat_list', '#pane-side'), ('message_input', 'div[contenteditable="true"]'), ('main_area', '#main')]
2025-11-10 07:10:36,790 - INFO - WhatsApp Web interface appears ready
2025-11-10 07:11:30,013 - INFO - Attached file: D:\WorkflowAuto\Invitation\invitations\invitation_બંધીયા_લખમણભાઇ.pdf
2025-11-10 07:11:38,407 - INFO - Outgoing message appeared in chat
2025-11-10 07:11:45,032 - INFO - ✓ Single-tick detected - message sent to server/client (accepted)
2025-11-10 07:11:47,056 - INFO - ✓ Sent to બંધીયા લખમણભાઇ
2025-11-10 07:11:49,058 - INFO - Sending 66/329: બંધીયા સવદાસભાઇ 
2025-11-10 07:11:57,149 - INFO - Found menu using selector: div[aria-label="Menu"]
2025-11-10 07:11:59,285 - INFO - Found chat_list using selector: #pane-side
2025-11-10 07:11:59,306 - INFO - Found message_input using selector: div[contenteditable="true"]
2025-11-10 07:12:01,363 - INFO - Found main_area using selector: #main
2025-11-10 07:12:01,363 - INFO - WhatsApp readiness probe found selectors: [('menu', 'div[aria-label="Menu"]'), ('chat_list', '#pane-side'), ('message_input', 'div[contenteditable="true"]'), ('main_area', '#main')]
2025-11-10 07:12:01,363 - INFO - WhatsApp Web interface appears ready
2025-11-10 07:12:55,344 - INFO - Attached file: D:\WorkflowAuto\Invitation\invitations\invitation_બંધીયા_સવદાસભાઇ.pdf
2025-11-10 07:13:03,756 - INFO - Outgoing message appeared in chat
2025-11-10 07:13:11,286 - INFO - ✓ Single-tick detected - message sent to server/client (accepted)
2025-11-10 07:13:13,302 - INFO - ✓ Sent to બંધીયા સવદાસભાઇ 
2025-11-10 07:13:15,303 - INFO - Sending 67/329: કરમુર દેવાયતભાઇ 
2025-11-10 07:13:23,500 - INFO - Found menu using selector: div[aria-label="Menu"]
2025-11-10 07:13:25,553 - INFO - Found chat_list using selector: #pane-side
2025-11-10 07:13:25,569 - INFO - Found message_input using selector: div[contenteditable="true"]
2025-11-10 07:13:27,646 - INFO - Found main_area using selector: #main
2025-11-10 07:13:27,646 - INFO - WhatsApp readiness probe found selectors: [('menu', 'div[aria-label="Menu"]'), ('chat_list', '#pane-side'), ('message_input', 'div[contenteditable="true"]'), ('main_area', '#main')]
2025-11-10 07:13:27,646 - INFO - WhatsApp Web interface appears ready
2025-11-10 07:14:20,751 - INFO - Attached file: D:\WorkflowAuto\Invitation\invitations\invitation_કરમુર_દેવાયતભાઇ.pdf
2025-11-10 07:14:29,292 - INFO - Outgoing message appeared in chat
2025-11-10 07:14:34,460 - INFO - ✓ Single-tick detected - message sent to server/client (accepted)
2025-11-10 07:14:36,479 - INFO - ✓ Sent to કરમુર દેવાયતભાઇ 
2025-11-10 07:14:38,480 - INFO - Sending 68/329: માડમ હરદાસભાઇ 
2025-11-10 07:14:48,527 - INFO - Found menu using selector: div[aria-label="Menu"]
2025-11-10 07:14:50,599 - INFO - Found chat_list using selector: #pane-side
2025-11-10 07:14:50,611 - INFO - Found message_input using selector: div[contenteditable="true"]
2025-11-10 07:14:52,670 - INFO - Found main_area using selector: #main
2025-11-10 07:14:52,670 - INFO - WhatsApp readiness probe found selectors: [('menu', 'div[aria-label="Menu"]'), ('chat_list', '#pane-side'), ('message_input', 'div[contenteditable="true"]'), ('main_area', '#main')]
2025-11-10 07:14:52,670 - INFO - WhatsApp Web interface appears ready
2025-11-10 07:15:46,105 - INFO - Attached file: D:\WorkflowAuto\Invitation\invitations\invitation_માડમ_હરદાસભાઇ.pdf
2025-11-10 07:15:54,645 - INFO - Outgoing message appeared in chat
2025-11-10 07:16:01,156 - INFO - ✓ Single-tick detected - message sent to server/client (accepted)
2025-11-10 07:16:03,176 - INFO - ✓ Sent to માડમ હરદાસભાઇ 
2025-11-10 07:16:05,177 - INFO - Sending 69/329: મેડમ પીયુશભાઇ મેરામણભાઇ
2025-11-10 07:16:13,388 - INFO - Found menu using selector: div[aria-label="Menu"]
2025-11-10 07:16:15,443 - INFO - Found chat_list using selector: #pane-side
2025-11-10 07:16:15,459 - INFO - Found message_input using selector: div[contenteditable="true"]
2025-11-10 07:16:17,544 - INFO - Found main_area using selector: #main
2025-11-10 07:16:17,545 - INFO - WhatsApp readiness probe found selectors: [('menu', 'div[aria-label="Menu"]'), ('chat_list', '#pane-side'), ('message_input', 'div[contenteditable="true"]'), ('main_area', '#main')]
2025-11-10 07:16:17,545 - INFO - WhatsApp Web interface appears ready
2025-11-10 07:17:10,809 - INFO - Attached file: D:\WorkflowAuto\Invitation\invitations\invitation_મેડમ_પીયુશભાઇ_મેરામણભાઇ.pdf
2025-11-10 07:17:19,199 - INFO - Outgoing message appeared in chat
2025-11-10 07:17:25,112 - INFO - ✓ Single-tick detected - message sent to server/client (accepted)
2025-11-10 07:17:27,128 - INFO - ✓ Sent to મેડમ પીયુશભાઇ મેરામણભાઇ
2025-11-10 07:17:29,130 - INFO - Sending 70/329: નાઘેરા દેવાયતભાઇ 
2025-11-10 07:17:37,625 - INFO - Found menu using selector: div[aria-label="Menu"]
2025-11-10 07:17:39,690 - INFO - Found chat_list using selector: #pane-side
2025-11-10 07:17:39,710 - INFO - Found message_input using selector: div[contenteditable="true"]
2025-11-10 07:17:41,910 - INFO - Found main_area using selector: #main
2025-11-10 07:17:41,910 - INFO - WhatsApp readiness probe found selectors: [('menu', 'div[aria-label="Menu"]'), ('chat_list', '#pane-side'), ('message_input', 'div[contenteditable="true"]'), ('main_area', '#main')]
2025-11-10 07:17:41,911 - INFO - WhatsApp Web interface appears ready
2025-11-10 07:18:35,049 - INFO - Attached file: D:\WorkflowAuto\Invitation\invitations\invitation_નાઘેરા_દેવાયતભાઇ.pdf
2025-11-10 07:18:43,503 - INFO - Outgoing message appeared in chat
2025-11-10 07:18:58,298 - INFO - ✓ Single-tick detected - message sent to server/client (accepted)
2025-11-10 07:19:00,326 - INFO - ✓ Sent to નાઘેરા દેવાયતભાઇ 
2025-11-10 07:19:02,327 - INFO - Sending 71/329: રાવલીયા જીવતીબેન
2025-11-10 07:19:11,006 - INFO - Found menu using selector: div[aria-label="Menu"]
2025-11-10 07:19:13,067 - INFO - Found chat_list using selector: #pane-side
2025-11-10 07:19:13,085 - INFO - Found message_input using selector: div[contenteditable="true"]
2025-11-10 07:19:15,141 - INFO - Found main_area using selector: #main
2025-11-10 07:19:15,141 - INFO - WhatsApp readiness probe found selectors: [('menu', 'div[aria-label="Menu"]'), ('chat_list', '#pane-side'), ('message_input', 'div[contenteditable="true"]'), ('main_area', '#main')]
2025-11-10 07:19:15,141 - INFO - WhatsApp Web interface appears ready
2025-11-10 07:20:08,461 - INFO - Attached file: D:\WorkflowAuto\Invitation\invitations\invitation_રાવલીયા_જીવતીબેન.pdf
2025-11-10 07:20:16,861 - INFO - Outgoing message appeared in chat
2025-11-10 07:20:23,320 - INFO - ✓ Single-tick detected - message sent to server/client (accepted)
2025-11-10 07:20:25,344 - INFO - ✓ Sent to રાવલીયા જીવતીબેન
2025-11-10 07:20:27,345 - INFO - Sending 72/329: ગર વીરલભાઇ કાનાભાઇ 
2025-11-10 07:20:35,924 - INFO - Found menu using selector: div[aria-label="Menu"]
2025-11-10 07:20:38,052 - INFO - Found chat_list using selector: #pane-side
2025-11-10 07:20:38,068 - INFO - Found message_input using selector: div[contenteditable="true"]
2025-11-10 07:20:40,257 - INFO - Found main_area using selector: #main
2025-11-10 07:20:40,258 - INFO - WhatsApp readiness probe found selectors: [('menu', 'div[aria-label="Menu"]'), ('chat_list', '#pane-side'), ('message_input', 'div[contenteditable="true"]'), ('main_area', '#main')]
2025-11-10 07:20:40,258 - INFO - WhatsApp Web interface appears ready
2025-11-10 07:21:33,688 - INFO - Attached file: D:\WorkflowAuto\Invitation\invitations\invitation_ગર_વીરલભાઇ_કાનાભાઇ.pdf
2025-11-10 07:21:42,123 - INFO - Outgoing message appeared in chat
2025-11-10 07:21:55,263 - INFO - ✓ Single-tick detected - message sent to server/client (accepted)
2025-11-10 07:21:57,286 - INFO - ✓ Sent to ગર વીરલભાઇ કાનાભાઇ 
2025-11-10 07:21:59,287 - INFO - Sending 73/329: પાડા રસીકભાઇ 
2025-11-10 07:22:07,401 - INFO - Found menu using selector: div[aria-label="Menu"]
2025-11-10 07:22:09,466 - INFO - Found chat_list using selector: #pane-side
2025-11-10 07:22:09,484 - INFO - Found message_input using selector: div[contenteditable="true"]
2025-11-10 07:22:11,543 - INFO - Found main_area using selector: #main
2025-11-10 07:22:11,543 - INFO - WhatsApp readiness probe found selectors: [('menu', 'div[aria-label="Menu"]'), ('chat_list', '#pane-side'), ('message_input', 'div[contenteditable="true"]'), ('main_area', '#main')]
2025-11-10 07:22:11,543 - INFO - WhatsApp Web interface appears ready
2025-11-10 07:23:05,125 - INFO - Attached file: D:\WorkflowAuto\Invitation\invitations\invitation_પાડા_રસીકભાઇ.pdf
2025-11-10 07:23:13,472 - INFO - Outgoing message appeared in chat
2025-11-10 07:23:18,946 - INFO - ✓ Single-tick detected - message sent to server/client (accepted)
2025-11-10 07:23:20,970 - INFO - ✓ Sent to પાડા રસીકભાઇ 
2025-11-10 07:23:22,971 - INFO - Sending 74/329: રાવલીયા જીવાભાઇ 
2025-11-10 07:23:32,612 - INFO - Found menu using selector: div[aria-label="Menu"]
2025-11-10 07:23:34,670 - INFO - Found chat_list using selector: #pane-side
2025-11-10 07:23:34,687 - INFO - Found message_input using selector: div[contenteditable="true"]
2025-11-10 07:23:40,845 - INFO - WhatsApp readiness probe found selectors: [('menu', 'div[aria-label="Menu"]'), ('chat_list', '#pane-side'), ('message_input', 'div[contenteditable="true"]')]
2025-11-10 07:23:40,846 - INFO - WhatsApp Web interface appears ready
2025-11-10 07:24:21,119 - ERROR - Chat failed to load
2025-11-10 07:24:21,139 - WARNING - X Not sent to રાવલીયા જીવાભાઇ 
2025-11-10 07:24:23,140 - INFO - Sending 75/329: સોલંકી હરદાશભાઇ 
2025-11-10 07:24:31,371 - INFO - Found menu using selector: div[aria-label="Menu"]
2025-11-10 07:24:33,464 - INFO - Found chat_list using selector: #pane-side
2025-11-10 07:24:33,477 - INFO - Found message_input using selector: div[contenteditable="true"]
2025-11-10 07:24:35,531 - INFO - Found main_area using selector: #main
2025-11-10 07:24:35,532 - INFO - WhatsApp readiness probe found selectors: [('menu', 'div[aria-label="Menu"]'), ('chat_list', '#pane-side'), ('message_input', 'div[contenteditable="true"]'), ('main_area', '#main')]
2025-11-10 07:24:35,532 - INFO - WhatsApp Web interface appears ready
2025-11-10 07:25:28,894 - INFO - Attached file: D:\WorkflowAuto\Invitation\invitations\invitation_સોલંકી_હરદાશભાઇ.pdf
2025-11-10 07:25:37,398 - INFO - Outgoing message appeared in chat
2025-11-10 07:25:43,415 - INFO - ✓ Single-tick detected - message sent to server/client (accepted)
2025-11-10 07:25:45,434 - INFO - ✓ Sent to સોલંકી હરદાશભાઇ 
2025-11-10 07:25:47,436 - INFO - Sending 76/329: ડાંગર નગાભાઇ 
2025-11-10 07:25:55,635 - INFO - Found menu using selector: div[aria-label="Menu"]
2025-11-10 07:25:57,691 - INFO - Found chat_list using selector: #pane-side
2025-11-10 07:25:57,709 - INFO - Found message_input using selector: div[contenteditable="true"]
2025-11-10 07:26:03,832 - INFO - WhatsApp readiness probe found selectors: [('menu', 'div[aria-label="Menu"]'), ('chat_list', '#pane-side'), ('message_input', 'div[contenteditable="true"]')]
2025-11-10 07:26:03,832 - INFO - WhatsApp Web interface appears ready
2025-11-10 07:26:44,027 - ERROR - Chat failed to load
2025-11-10 07:26:44,053 - WARNING - X Not sent to ડાંગર નગાભાઇ 
2025-11-10 07:26:46,054 - INFO - Sending 77/329: રામ કીશોરભાઇ 
2025-11-10 07:26:53,951 - INFO - Found menu using selector: div[aria-label="Menu"]
2025-11-10 07:26:56,010 - INFO - Found chat_list using selector: #pane-side
2025-11-10 07:26:56,025 - INFO - Found message_input using selector: div[contenteditable="true"]
2025-11-10 07:26:58,137 - INFO - Found main_area using selector: #main
2025-11-10 07:26:58,137 - INFO - WhatsApp readiness probe found selectors: [('menu', 'div[aria-label="Menu"]'), ('chat_list', '#pane-side'), ('message_input', 'div[contenteditable="true"]'), ('main_area', '#main')]
2025-11-10 07:26:58,137 - INFO - WhatsApp Web interface appears ready
2025-11-10 07:27:51,507 - INFO - Attached file: D:\WorkflowAuto\Invitation\invitations\invitation_રામ_કીશોરભાઇ.pdf
2025-11-10 07:27:59,986 - INFO - Outgoing message appeared in chat
2025-11-10 07:28:06,677 - INFO - ✓ Single-tick detected - message sent to server/client (accepted)
2025-11-10 07:28:08,694 - INFO - ✓ Sent to રામ કીશોરભાઇ 
2025-11-10 07:28:10,694 - INFO - Sending 78/329: ભાદરકા સોમાતભાઇ
2025-11-10 07:28:18,668 - INFO - Found menu using selector: div[aria-label="Menu"]
2025-11-10 07:28:20,729 - INFO - Found chat_list using selector: #pane-side
2025-11-10 07:28:20,750 - INFO - Found message_input using selector: div[contenteditable="true"]
2025-11-10 07:28:22,808 - INFO - Found main_area using selector: #main
2025-11-10 07:28:22,809 - INFO - WhatsApp readiness probe found selectors: [('menu', 'div[aria-label="Menu"]'), ('chat_list', '#pane-side'), ('message_input', 'div[contenteditable="true"]'), ('main_area', '#main')]
2025-11-10 07:28:22,809 - INFO - WhatsApp Web interface appears ready
2025-11-10 07:29:15,958 - INFO - Attached file: D:\WorkflowAuto\Invitation\invitations\invitation_ભાદરકા_સોમાતભાઇ.pdf
2025-11-10 07:29:24,347 - INFO - Outgoing message appeared in chat
2025-11-10 07:29:29,708 - INFO - ✓ Single-tick detected - message sent to server/client (accepted)
2025-11-10 07:29:31,733 - INFO - ✓ Sent to ભાદરકા સોમાતભાઇ
2025-11-10 07:29:33,734 - INFO - Sending 79/329: ભાદરકા સોમાતભાઇ
2025-11-10 07:29:42,053 - INFO - Found menu using selector: div[aria-label="Menu"]
2025-11-10 07:29:44,111 - INFO - Found chat_list using selector: #pane-side
2025-11-10 07:29:44,128 - INFO - Found message_input using selector: div[contenteditable="true"]
2025-11-10 07:29:46,345 - INFO - Found main_area using selector: #main
2025-11-10 07:29:46,346 - INFO - WhatsApp readiness probe found selectors: [('menu', 'div[aria-label="Menu"]'), ('chat_list', '#pane-side'), ('message_input', 'div[contenteditable="true"]'), ('main_area', '#main')]
2025-11-10 07:29:46,346 - INFO - WhatsApp Web interface appears ready
2025-11-10 07:30:39,796 - INFO - Attached file: D:\WorkflowAuto\Invitation\invitations\invitation_ભાદરકા_સોમાતભાઇ.pdf
2025-11-10 07:30:48,295 - INFO - Outgoing message appeared in chat
2025-11-10 07:30:49,301 - INFO - ✓ Single-tick detected - message sent to server/client (accepted)
2025-11-10 07:30:51,322 - INFO - ✓ Sent to ભાદરકા સોમાતભાઇ
2025-11-10 07:30:53,323 - INFO - Sending 80/329: ડો. ચીરાગભાઇ પીઠીયા 
2025-11-10 07:31:01,460 - INFO - Found menu using selector: div[aria-label="Menu"]
2025-11-10 07:31:03,517 - INFO - Found chat_list using selector: #pane-side
2025-11-10 07:31:03,531 - INFO - Found message_input using selector: div[contenteditable="true"]
2025-11-10 07:31:05,590 - INFO - Found main_area using selector: #main
2025-11-10 07:31:05,591 - INFO - WhatsApp readiness probe found selectors: [('menu', 'div[aria-label="Menu"]'), ('chat_list', '#pane-side'), ('message_input', 'div[contenteditable="true"]'), ('main_area', '#main')]
2025-11-10 07:31:05,591 - INFO - WhatsApp Web interface appears ready
2025-11-10 07:31:58,927 - INFO - Attached file: D:\WorkflowAuto\Invitation\invitations\invitation_ડો._ચીરાગભાઇ_પીઠીયા.pdf
2025-11-10 07:32:07,375 - INFO - Outgoing message appeared in chat
2025-11-10 07:32:20,543 - INFO - ✓ Single-tick detected - message sent to server/client (accepted)
2025-11-10 07:32:22,571 - INFO - ✓ Sent to ડો. ચીરાગભાઇ પીઠીયા 
2025-11-10 07:32:24,572 - INFO - Sending 81/329: ખોડભાયા પરબતભાઇ 
2025-11-10 07:32:32,682 - INFO - Found menu using selector: div[aria-label="Menu"]
2025-11-10 07:32:34,800 - INFO - Found chat_list using selector: #pane-side
2025-11-10 07:32:34,831 - INFO - Found message_input using selector: div[contenteditable="true"]
2025-11-10 07:32:36,926 - INFO - Found main_area using selector: #main
2025-11-10 07:32:36,926 - INFO - WhatsApp readiness probe found selectors: [('menu', 'div[aria-label="Menu"]'), ('chat_list', '#pane-side'), ('message_input', 'div[contenteditable="true"]'), ('main_area', '#main')]
2025-11-10 07:32:36,926 - INFO - WhatsApp Web interface appears ready
2025-11-10 07:33:30,337 - INFO - Attached file: D:\WorkflowAuto\Invitation\invitations\invitation_ખોડભાયા_પરબતભાઇ.pdf
2025-11-10 07:33:38,667 - INFO - Outgoing message appeared in chat
2025-11-10 07:33:46,024 - INFO - ✓ Single-tick detected - message sent to server/client (accepted)
2025-11-10 07:33:48,044 - INFO - ✓ Sent to ખોડભાયા પરબતભાઇ 
2025-11-10 07:33:50,045 - INFO - Sending 82/329: રાવલીયા હરેશભાઇ 
2025-11-10 07:33:58,084 - INFO - Found menu using selector: div[aria-label="Menu"]
2025-11-10 07:34:00,160 - INFO - Found chat_list using selector: #pane-side
2025-11-10 07:34:00,187 - INFO - Found message_input using selector: div[contenteditable="true"]
2025-11-10 07:34:02,314 - INFO - Found main_area using selector: #main
2025-11-10 07:34:02,315 - INFO - WhatsApp readiness probe found selectors: [('menu', 'div[aria-label="Menu"]'), ('chat_list', '#pane-side'), ('message_input', 'div[contenteditable="true"]'), ('main_area', '#main')]
2025-11-10 07:34:02,315 - INFO - WhatsApp Web interface appears ready
2025-11-10 07:34:55,736 - INFO - Attached file: D:\WorkflowAuto\Invitation\invitations\invitation_રાવલીયા_હરેશભાઇ.pdf
2025-11-10 07:35:04,167 - INFO - Outgoing message appeared in chat
2025-11-10 07:35:13,308 - INFO - ✓ Single-tick detected - message sent to server/client (accepted)
2025-11-10 07:35:15,326 - INFO - ✓ Sent to રાવલીયા હરેશભાઇ 
2025-11-10 07:35:17,326 - INFO - Sending 83/329: સોલંકી કમલેશભાઇ 
2025-11-10 07:35:25,220 - INFO - Found menu using selector: div[aria-label="Menu"]
2025-11-10 07:35:27,289 - INFO - Found chat_list using selector: #pane-side
2025-11-10 07:35:27,310 - INFO - Found message_input using selector: div[contenteditable="true"]
2025-11-10 07:35:29,372 - INFO - Found main_area using selector: #main
2025-11-10 07:35:29,372 - INFO - WhatsApp readiness probe found selectors: [('menu', 'div[aria-label="Menu"]'), ('chat_list', '#pane-side'), ('message_input', 'div[contenteditable="true"]'), ('main_area', '#main')]
2025-11-10 07:35:29,372 - INFO - WhatsApp Web interface appears ready
2025-11-10 07:36:22,591 - INFO - Attached file: D:\WorkflowAuto\Invitation\invitations\invitation_સોલંકી_કમલેશભાઇ.pdf
2025-11-10 07:36:31,064 - INFO - Outgoing message appeared in chat
2025-11-10 07:36:36,380 - INFO - ✓ Single-tick detected - message sent to server/client (accepted)
2025-11-10 07:36:38,401 - INFO - ✓ Sent to સોલંકી કમલેશભાઇ 
2025-11-10 07:36:40,403 - INFO - Sending 84/329: સોલંકી નાથાભાઇ 
2025-11-10 07:36:48,214 - INFO - Found menu using selector: div[aria-label="Menu"]
2025-11-10 07:36:50,292 - INFO - Found chat_list using selector: #pane-side
2025-11-10 07:36:50,311 - INFO - Found message_input using selector: div[contenteditable="true"]
2025-11-10 07:36:52,369 - INFO - Found main_area using selector: #main
2025-11-10 07:36:52,369 - INFO - WhatsApp readiness probe found selectors: [('menu', 'div[aria-label="Menu"]'), ('chat_list', '#pane-side'), ('message_input', 'div[contenteditable="true"]'), ('main_area', '#main')]
2025-11-10 07:36:52,369 - INFO - WhatsApp Web interface appears ready
2025-11-10 07:37:45,781 - INFO - Attached file: D:\WorkflowAuto\Invitation\invitations\invitation_સોલંકી_નાથાભાઇ.pdf
2025-11-10 07:37:54,295 - INFO - Outgoing message appeared in chat
2025-11-10 07:37:59,339 - INFO - ✓ Single-tick detected - message sent to server/client (accepted)
2025-11-10 07:38:01,356 - INFO - ✓ Sent to સોલંકી નાથાભાઇ 
2025-11-10 07:38:03,357 - INFO - Sending 85/329: સોલંકી ભનાભાઇ
2025-11-10 07:38:11,947 - INFO - Found menu using selector: div[aria-label="Menu"]
2025-11-10 07:38:14,022 - INFO - Found chat_list using selector: #pane-side
2025-11-10 07:38:14,037 - INFO - Found message_input using selector: div[contenteditable="true"]
2025-11-10 07:38:16,096 - INFO - Found main_area using selector: #main
2025-11-10 07:38:16,096 - INFO - WhatsApp readiness probe found selectors: [('menu', 'div[aria-label="Menu"]'), ('chat_list', '#pane-side'), ('message_input', 'div[contenteditable="true"]'), ('main_area', '#main')]
2025-11-10 07:38:16,096 - INFO - WhatsApp Web interface appears ready
2025-11-10 07:39:09,279 - INFO - Attached file: D:\WorkflowAuto\Invitation\invitations\invitation_સોલંકી_ભનાભાઇ.pdf
2025-11-10 07:39:17,599 - INFO - Outgoing message appeared in chat
2025-11-10 07:39:31,897 - INFO - ✓ Single-tick detected - message sent to server/client (accepted)
2025-11-10 07:39:33,921 - INFO - ✓ Sent to સોલંકી ભનાભાઇ
2025-11-10 07:39:35,922 - INFO - Sending 86/329: સોલંકી કીશોરભાઇ 
2025-11-10 07:39:44,393 - INFO - Found menu using selector: div[aria-label="Menu"]
2025-11-10 07:39:46,448 - INFO - Found chat_list using selector: #pane-side
2025-11-10 07:39:46,466 - INFO - Found message_input using selector: div[contenteditable="true"]
2025-11-10 07:39:48,526 - INFO - Found main_area using selector: #main
2025-11-10 07:39:48,526 - INFO - WhatsApp readiness probe found selectors: [('menu', 'div[aria-label="Menu"]'), ('chat_list', '#pane-side'), ('message_input', 'div[contenteditable="true"]'), ('main_area', '#main')]
2025-11-10 07:39:48,527 - INFO - WhatsApp Web interface appears ready
2025-11-10 07:40:41,871 - INFO - Attached file: D:\WorkflowAuto\Invitation\invitations\invitation_સોલંકી_કીશોરભાઇ.pdf
2025-11-10 07:40:50,290 - INFO - Outgoing message appeared in chat
2025-11-10 07:41:03,627 - INFO - ✓ Single-tick detected - message sent to server/client (accepted)
2025-11-10 07:41:05,647 - INFO - ✓ Sent to સોલંકી કીશોરભાઇ 
2025-11-10 07:41:07,648 - INFO - Sending 87/329: જાદવ વીપુલભાઇ 
2025-11-10 07:41:16,422 - INFO - Found menu using selector: div[aria-label="Menu"]
2025-11-10 07:41:18,544 - INFO - Found chat_list using selector: #pane-side
2025-11-10 07:41:18,560 - INFO - Found message_input using selector: div[contenteditable="true"]
2025-11-10 07:41:20,619 - INFO - Found main_area using selector: #main
2025-11-10 07:41:20,619 - INFO - WhatsApp readiness probe found selectors: [('menu', 'div[aria-label="Menu"]'), ('chat_list', '#pane-side'), ('message_input', 'div[contenteditable="true"]'), ('main_area', '#main')]
2025-11-10 07:41:20,620 - INFO - WhatsApp Web interface appears ready
2025-11-10 07:42:13,984 - INFO - Attached file: D:\WorkflowAuto\Invitation\invitations\invitation_જાદવ_વીપુલભાઇ.pdf
2025-11-10 07:42:22,454 - INFO - Outgoing message appeared in chat
2025-11-10 07:42:29,120 - INFO - ✓ Single-tick detected - message sent to server/client (accepted)
2025-11-10 07:42:31,147 - INFO - ✓ Sent to જાદવ વીપુલભાઇ 
2025-11-10 07:42:33,148 - INFO - Sending 88/329: જાદવ વીપુલભાઇ 
2025-11-10 07:42:42,080 - INFO - Found menu using selector: div[aria-label="Menu"]
2025-11-10 07:42:44,140 - INFO - Found chat_list using selector: #pane-side
2025-11-10 07:42:44,154 - INFO - Found message_input using selector: div[contenteditable="true"]
2025-11-10 07:42:46,210 - INFO - Found main_area using selector: #main
2025-11-10 07:42:46,210 - INFO - WhatsApp readiness probe found selectors: [('menu', 'div[aria-label="Menu"]'), ('chat_list', '#pane-side'), ('message_input', 'div[contenteditable="true"]'), ('main_area', '#main')]
2025-11-10 07:42:46,210 - INFO - WhatsApp Web interface appears ready
2025-11-10 07:43:39,674 - INFO - Attached file: D:\WorkflowAuto\Invitation\invitations\invitation_જાદવ_વીપુલભાઇ.pdf
2025-11-10 07:43:48,118 - INFO - Outgoing message appeared in chat
2025-11-10 07:43:49,315 - INFO - ✓ Single-tick detected - message sent to server/client (accepted)
2025-11-10 07:43:51,341 - INFO - ✓ Sent to જાદવ વીપુલભાઇ 
2025-11-10 07:43:53,343 - INFO - Sending 89/329: પીઠીયા અભયભાઇ
2025-11-10 07:44:01,786 - INFO - Found menu using selector: div[aria-label="Menu"]
2025-11-10 07:44:03,940 - INFO - Found chat_list using selector: #pane-side
2025-11-10 07:44:03,954 - INFO - Found message_input using selector: div[contenteditable="true"]
2025-11-10 07:44:06,017 - INFO - Found main_area using selector: #main
2025-11-10 07:44:06,017 - INFO - WhatsApp readiness probe found selectors: [('menu', 'div[aria-label="Menu"]'), ('chat_list', '#pane-side'), ('message_input', 'div[contenteditable="true"]'), ('main_area', '#main')]
2025-11-10 07:44:06,017 - INFO - WhatsApp Web interface appears ready
2025-11-10 07:44:59,487 - INFO - Attached file: D:\WorkflowAuto\Invitation\invitations\invitation_પીઠીયા_અભયભાઇ.pdf
2025-11-10 07:45:07,980 - INFO - Outgoing message appeared in chat
2025-11-10 07:45:18,027 - INFO - ✓ Single-tick detected - message sent to server/client (accepted)
2025-11-10 07:45:20,047 - INFO - ✓ Sent to પીઠીયા અભયભાઇ
2025-11-10 07:45:22,048 - INFO - Sending 90/329: રાવલીયા સંજયભાઇ 
2025-11-10 07:45:30,430 - INFO - Found menu using selector: div[aria-label="Menu"]
2025-11-10 07:45:32,497 - INFO - Found chat_list using selector: #pane-side
2025-11-10 07:45:32,525 - INFO - Found message_input using selector: div[contenteditable="true"]
2025-11-10 07:45:34,587 - INFO - Found main_area using selector: #main
2025-11-10 07:45:34,587 - INFO - WhatsApp readiness probe found selectors: [('menu', 'div[aria-label="Menu"]'), ('chat_list', '#pane-side'), ('message_input', 'div[contenteditable="true"]'), ('main_area', '#main')]
2025-11-10 07:45:34,588 - INFO - WhatsApp Web interface appears ready
2025-11-10 07:46:27,977 - INFO - Attached file: D:\WorkflowAuto\Invitation\invitations\invitation_રાવલીયા_સંજયભાઇ.pdf
2025-11-10 07:46:36,454 - INFO - Outgoing message appeared in chat
2025-11-10 07:46:42,898 - INFO - ✓ Single-tick detected - message sent to server/client (accepted)
2025-11-10 07:46:44,934 - INFO - ✓ Sent to રાવલીયા સંજયભાઇ 
2025-11-10 07:46:46,935 - INFO - Sending 91/329: કાંબલીયા સરમણભાઇ 
2025-11-10 07:46:54,574 - INFO - Found menu using selector: div[aria-label="Menu"]
2025-11-10 07:46:56,753 - INFO - Found chat_list using selector: #pane-side
2025-11-10 07:46:56,772 - INFO - Found message_input using selector: div[contenteditable="true"]
2025-11-10 07:46:58,828 - INFO - Found main_area using selector: #main
2025-11-10 07:46:58,828 - INFO - WhatsApp readiness probe found selectors: [('menu', 'div[aria-label="Menu"]'), ('chat_list', '#pane-side'), ('message_input', 'div[contenteditable="true"]'), ('main_area', '#main')]
2025-11-10 07:46:58,828 - INFO - WhatsApp Web interface appears ready
2025-11-10 07:47:52,045 - INFO - Attached file: D:\WorkflowAuto\Invitation\invitations\invitation_કાંબલીયા_સરમણભાઇ.pdf
2025-11-10 07:48:00,428 - INFO - Outgoing message appeared in chat
2025-11-10 07:48:13,378 - INFO - ✓ Single-tick detected - message sent to server/client (accepted)
2025-11-10 07:48:15,396 - INFO - ✓ Sent to કાંબલીયા સરમણભાઇ 
2025-11-10 07:48:17,397 - INFO - Sending 92/329: કાંબલીયા વીજયભાઇ ભનાભાઇ 
2025-11-10 07:48:25,701 - INFO - Found menu using selector: div[aria-label="Menu"]
2025-11-10 07:48:27,770 - INFO - Found chat_list using selector: #pane-side
2025-11-10 07:48:27,787 - INFO - Found message_input using selector: div[contenteditable="true"]
2025-11-10 07:48:29,846 - INFO - Found main_area using selector: #main
2025-11-10 07:48:29,846 - INFO - WhatsApp readiness probe found selectors: [('menu', 'div[aria-label="Menu"]'), ('chat_list', '#pane-side'), ('message_input', 'div[contenteditable="true"]'), ('main_area', '#main')]
2025-11-10 07:48:29,846 - INFO - WhatsApp Web interface appears ready
2025-11-10 07:49:23,319 - INFO - Attached file: D:\WorkflowAuto\Invitation\invitations\invitation_કાંબલીયા_વીજયભાઇ_ભનાભાઇ.pdf
2025-11-10 07:49:31,756 - INFO - Outgoing message appeared in chat
2025-11-10 07:49:44,487 - INFO - ✓ Single-tick detected - message sent to server/client (accepted)
2025-11-10 07:49:46,509 - INFO - ✓ Sent to કાંબલીયા વીજયભાઇ ભનાભાઇ 
2025-11-10 07:49:48,510 - INFO - Sending 93/329: ગંભીર ભરતભાઇ
2025-11-10 07:49:56,254 - INFO - Found menu using selector: div[aria-label="Menu"]
2025-11-10 07:49:58,327 - INFO - Found chat_list using selector: #pane-side
2025-11-10 07:49:58,345 - INFO - Found message_input using selector: div[contenteditable="true"]
2025-11-10 07:50:00,401 - INFO - Found main_area using selector: #main
2025-11-10 07:50:00,402 - INFO - WhatsApp readiness probe found selectors: [('menu', 'div[aria-label="Menu"]'), ('chat_list', '#pane-side'), ('message_input', 'div[contenteditable="true"]'), ('main_area', '#main')]
2025-11-10 07:50:00,402 - INFO - WhatsApp Web interface appears ready
2025-11-10 07:50:53,713 - INFO - Attached file: D:\WorkflowAuto\Invitation\invitations\invitation_ગંભીર_ભરતભાઇ.pdf
2025-11-10 07:51:02,678 - INFO - Outgoing message appeared in chat
2025-11-10 07:51:10,309 - INFO - ✓ Single-tick detected - message sent to server/client (accepted)
2025-11-10 07:51:12,326 - INFO - ✓ Sent to ગંભીર ભરતભાઇ
2025-11-10 07:51:14,327 - INFO - Sending 94/329: ભાદરકા બોઘાભાઇ
2025-11-10 07:51:22,428 - INFO - Found menu using selector: div[aria-label="Menu"]
2025-11-10 07:51:24,483 - INFO - Found chat_list using selector: #pane-side
2025-11-10 07:51:24,501 - INFO - Found message_input using selector: div[contenteditable="true"]
2025-11-10 07:51:26,559 - INFO - Found main_area using selector: #main
2025-11-10 07:51:26,559 - INFO - WhatsApp readiness probe found selectors: [('menu', 'div[aria-label="Menu"]'), ('chat_list', '#pane-side'), ('message_input', 'div[contenteditable="true"]'), ('main_area', '#main')]
2025-11-10 07:51:26,559 - INFO - WhatsApp Web interface appears ready
2025-11-10 07:52:19,670 - INFO - Attached file: D:\WorkflowAuto\Invitation\invitations\invitation_ભાદરકા_બોઘાભાઇ.pdf
2025-11-10 07:52:28,079 - INFO - Outgoing message appeared in chat
2025-11-10 07:52:35,942 - INFO - ✓ Single-tick detected - message sent to server/client (accepted)
2025-11-10 07:52:37,975 - INFO - ✓ Sent to ભાદરકા બોઘાભાઇ
2025-11-10 07:52:39,976 - INFO - Sending 95/329: ભાદરકા કાનાભાઇ 
2025-11-10 07:52:48,543 - INFO - Found menu using selector: div[aria-label="Menu"]
2025-11-10 07:52:50,638 - INFO - Found chat_list using selector: #pane-side
2025-11-10 07:52:50,656 - INFO - Found message_input using selector: div[contenteditable="true"]
2025-11-10 07:52:52,713 - INFO - Found main_area using selector: #main
2025-11-10 07:52:52,713 - INFO - WhatsApp readiness probe found selectors: [('menu', 'div[aria-label="Menu"]'), ('chat_list', '#pane-side'), ('message_input', 'div[contenteditable="true"]'), ('main_area', '#main')]
2025-11-10 07:52:52,714 - INFO - WhatsApp Web interface appears ready
2025-11-10 07:53:45,843 - INFO - Attached file: D:\WorkflowAuto\Invitation\invitations\invitation_ભાદરકા_કાનાભાઇ.pdf
2025-11-10 07:53:54,229 - INFO - Outgoing message appeared in chat
2025-11-10 07:54:02,292 - INFO - ✓ Single-tick detected - message sent to server/client (accepted)
2025-11-10 07:54:04,312 - INFO - ✓ Sent to ભાદરકા કાનાભાઇ 
2025-11-10 07:54:06,313 - INFO - Sending 96/329: ભાદરકા શાદુલભાઇ 
2025-11-10 07:54:14,188 - INFO - Found menu using selector: div[aria-label="Menu"]
2025-11-10 07:54:16,255 - INFO - Found chat_list using selector: #pane-side
2025-11-10 07:54:16,282 - INFO - Found message_input using selector: div[contenteditable="true"]
2025-11-10 07:54:18,366 - INFO - Found main_area using selector: #main
2025-11-10 07:54:18,366 - INFO - WhatsApp readiness probe found selectors: [('menu', 'div[aria-label="Menu"]'), ('chat_list', '#pane-side'), ('message_input', 'div[contenteditable="true"]'), ('main_area', '#main')]
2025-11-10 07:54:18,366 - INFO - WhatsApp Web interface appears ready
2025-11-10 07:55:11,476 - INFO - Attached file: D:\WorkflowAuto\Invitation\invitations\invitation_ભાદરકા_શાદુલભાઇ.pdf
2025-11-10 07:55:19,856 - INFO - Outgoing message appeared in chat
2025-11-10 07:55:27,005 - INFO - ✓ Single-tick detected - message sent to server/client (accepted)
2025-11-10 07:55:29,035 - INFO - ✓ Sent to ભાદરકા શાદુલભાઇ 
2025-11-10 07:55:31,036 - INFO - Sending 97/329: ભાદરકા જગાભાઇ 
2025-11-10 07:55:39,025 - INFO - Found menu using selector: div[aria-label="Menu"]
2025-11-10 07:55:41,432 - INFO - Found chat_list using selector: #pane-side
2025-11-10 07:55:41,476 - INFO - Found message_input using selector: div[contenteditable="true"]
2025-11-10 07:55:43,540 - INFO - Found main_area using selector: #main
2025-11-10 07:55:43,541 - INFO - WhatsApp readiness probe found selectors: [('menu', 'div[aria-label="Menu"]'), ('chat_list', '#pane-side'), ('message_input', 'div[contenteditable="true"]'), ('main_area', '#main')]
2025-11-10 07:55:43,541 - INFO - WhatsApp Web interface appears ready
2025-11-10 07:56:36,704 - INFO - Attached file: D:\WorkflowAuto\Invitation\invitations\invitation_ભાદરકા_જગાભાઇ.pdf
2025-11-10 07:56:45,100 - INFO - Outgoing message appeared in chat
2025-11-10 07:56:52,371 - INFO - ✓ Single-tick detected - message sent to server/client (accepted)
2025-11-10 07:56:54,391 - INFO - ✓ Sent to ભાદરકા જગાભાઇ 
2025-11-10 07:56:56,392 - INFO - Sending 98/329: ભાદરકા પરેશભાઇ
2025-11-10 07:57:03,796 - INFO - Found menu using selector: div[aria-label="Menu"]
2025-11-10 07:57:05,855 - INFO - Found chat_list using selector: #pane-side
2025-11-10 07:57:05,868 - INFO - Found message_input using selector: div[contenteditable="true"]
2025-11-10 07:57:07,926 - INFO - Found main_area using selector: #main
2025-11-10 07:57:07,926 - INFO - WhatsApp readiness probe found selectors: [('menu', 'div[aria-label="Menu"]'), ('chat_list', '#pane-side'), ('message_input', 'div[contenteditable="true"]'), ('main_area', '#main')]
2025-11-10 07:57:07,926 - INFO - WhatsApp Web interface appears ready
2025-11-10 07:58:01,465 - INFO - Attached file: D:\WorkflowAuto\Invitation\invitations\invitation_ભાદરકા_પરેશભાઇ.pdf
2025-11-10 07:58:09,865 - INFO - Outgoing message appeared in chat
2025-11-10 07:58:18,105 - INFO - ✓ Single-tick detected - message sent to server/client (accepted)
2025-11-10 07:58:20,125 - INFO - ✓ Sent to ભાદરકા પરેશભાઇ
2025-11-10 07:58:22,126 - INFO - Sending 99/329: ભાદરકા પરેશભાઇ
2025-11-10 07:58:29,795 - INFO - Found menu using selector: div[aria-label="Menu"]
2025-11-10 07:58:31,962 - INFO - Found chat_list using selector: #pane-side
2025-11-10 07:58:31,978 - INFO - Found message_input using selector: div[contenteditable="true"]
2025-11-10 07:58:34,149 - INFO - Found main_area using selector: #main
2025-11-10 07:58:34,149 - INFO - WhatsApp readiness probe found selectors: [('menu', 'div[aria-label="Menu"]'), ('chat_list', '#pane-side'), ('message_input', 'div[contenteditable="true"]'), ('main_area', '#main')]
2025-11-10 07:58:34,149 - INFO - WhatsApp Web interface appears ready
2025-11-10 07:59:27,277 - INFO - Attached file: D:\WorkflowAuto\Invitation\invitations\invitation_ભાદરકા_પરેશભાઇ.pdf
2025-11-10 07:59:35,660 - INFO - Outgoing message appeared in chat
2025-11-10 07:59:36,610 - INFO - ✓ Single-tick detected - message sent to server/client (accepted)
2025-11-10 07:59:38,629 - INFO - ✓ Sent to ભાદરકા પરેશભાઇ
2025-11-10 07:59:40,641 - INFO - Sending 100/329: ભાદરકા ગોવીંદભાઇ
2025-11-10 07:59:48,455 - INFO - Found menu using selector: div[aria-label="Menu"]
2025-11-10 07:59:50,509 - INFO - Found chat_list using selector: #pane-side
2025-11-10 07:59:50,524 - INFO - Found message_input using selector: div[contenteditable="true"]
2025-11-10 07:59:52,578 - INFO - Found main_area using selector: #main
2025-11-10 07:59:52,578 - INFO - WhatsApp readiness probe found selectors: [('menu', 'div[aria-label="Menu"]'), ('chat_list', '#pane-side'), ('message_input', 'div[contenteditable="true"]'), ('main_area', '#main')]
2025-11-10 07:59:52,578 - INFO - WhatsApp Web interface appears ready
2025-11-10 08:00:45,941 - INFO - Attached file: D:\WorkflowAuto\Invitation\invitations\invitation_ભાદરકા_ગોવીંદભાઇ.pdf
2025-11-10 08:00:54,601 - INFO - Outgoing message appeared in chat
2025-11-10 08:01:02,741 - INFO - ✓ Single-tick detected - message sent to server/client (accepted)
2025-11-10 08:01:04,758 - INFO - ✓ Sent to ભાદરકા ગોવીંદભાઇ
2025-11-10 08:01:06,759 - INFO - Sending 101/329: ચૌહાણ એભાભાઇ
2025-11-10 08:01:16,313 - INFO - Found menu using selector: div[aria-label="Menu"]
2025-11-10 08:01:18,369 - INFO - Found chat_list using selector: #pane-side
2025-11-10 08:01:18,384 - INFO - Found message_input using selector: div[contenteditable="true"]
2025-11-10 08:01:24,567 - INFO - WhatsApp readiness probe found selectors: [('menu', 'div[aria-label="Menu"]'), ('chat_list', '#pane-side'), ('message_input', 'div[contenteditable="true"]')]
2025-11-10 08:01:24,567 - INFO - WhatsApp Web interface appears ready
2025-11-10 08:02:04,782 - ERROR - Chat failed to load
2025-11-10 08:02:04,799 - WARNING - X Not sent to ચૌહાણ એભાભાઇ
2025-11-10 08:02:06,800 - INFO - Sending 102/329: અખેડ હમીરભાઇ
2025-11-10 08:02:14,132 - INFO - Found menu using selector: div[aria-label="Menu"]
2025-11-10 08:02:16,183 - INFO - Found chat_list using selector: #pane-side
2025-11-10 08:02:16,197 - INFO - Found message_input using selector: div[contenteditable="true"]
2025-11-10 08:02:22,311 - INFO - WhatsApp readiness probe found selectors: [('menu', 'div[aria-label="Menu"]'), ('chat_list', '#pane-side'), ('message_input', 'div[contenteditable="true"]')]
2025-11-10 08:02:22,312 - INFO - WhatsApp Web interface appears ready
2025-11-10 08:03:02,833 - ERROR - Chat failed to load
2025-11-10 08:03:02,854 - WARNING - X Not sent to અખેડ હમીરભાઇ
2025-11-10 08:03:04,855 - INFO - Sending 103/329: અખેડ હમીરભાઇ
2025-11-10 08:03:13,076 - INFO - Found menu using selector: div[aria-label="Menu"]
2025-11-10 08:03:15,141 - INFO - Found chat_list using selector: #pane-side
2025-11-10 08:03:15,154 - INFO - Found message_input using selector: div[contenteditable="true"]
2025-11-10 08:03:17,204 - INFO - Found main_area using selector: #main
2025-11-10 08:03:17,205 - INFO - WhatsApp readiness probe found selectors: [('menu', 'div[aria-label="Menu"]'), ('chat_list', '#pane-side'), ('message_input', 'div[contenteditable="true"]'), ('main_area', '#main')]
2025-11-10 08:03:17,205 - INFO - WhatsApp Web interface appears ready
2025-11-10 08:04:10,509 - INFO - Attached file: D:\WorkflowAuto\Invitation\invitations\invitation_અખેડ_હમીરભાઇ.pdf
2025-11-10 08:04:19,069 - INFO - Outgoing message appeared in chat
2025-11-10 08:04:34,447 - INFO - ✓ Single-tick detected - message sent to server/client (accepted)
2025-11-10 08:04:36,478 - INFO - ✓ Sent to અખેડ હમીરભાઇ
2025-11-10 08:04:38,479 - INFO - Sending 104/329: અખેડ બાલુભાઇ 
2025-11-10 08:04:46,493 - INFO - Found menu using selector: div[aria-label="Menu"]
2025-11-10 08:04:48,557 - INFO - Found chat_list using selector: #pane-side
2025-11-10 08:04:48,575 - INFO - Found message_input using selector: div[contenteditable="true"]
2025-11-10 08:04:50,633 - INFO - Found main_area using selector: #main
2025-11-10 08:04:50,633 - INFO - WhatsApp readiness probe found selectors: [('menu', 'div[aria-label="Menu"]'), ('chat_list', '#pane-side'), ('message_input', 'div[contenteditable="true"]'), ('main_area', '#main')]
2025-11-10 08:04:50,633 - INFO - WhatsApp Web interface appears ready
2025-11-10 08:05:43,968 - INFO - Attached file: D:\WorkflowAuto\Invitation\invitations\invitation_અખેડ_બાલુભાઇ.pdf
2025-11-10 08:05:52,372 - INFO - Outgoing message appeared in chat
2025-11-10 08:05:59,280 - INFO - ✓ Single-tick detected - message sent to server/client (accepted)
2025-11-10 08:06:01,308 - INFO - ✓ Sent to અખેડ બાલુભાઇ 
2025-11-10 08:06:03,310 - INFO - Sending 105/329: અખેડ કરશનભાઇ કારાભાઇ 
2025-11-10 08:06:12,099 - INFO - Found menu using selector: div[aria-label="Menu"]
2025-11-10 08:06:14,195 - INFO - Found chat_list using selector: #pane-side
2025-11-10 08:06:14,210 - INFO - Found message_input using selector: div[contenteditable="true"]
2025-11-10 08:06:16,362 - INFO - Found main_area using selector: #main
2025-11-10 08:06:16,362 - INFO - WhatsApp readiness probe found selectors: [('menu', 'div[aria-label="Menu"]'), ('chat_list', '#pane-side'), ('message_input', 'div[contenteditable="true"]'), ('main_area', '#main')]
2025-11-10 08:06:16,362 - INFO - WhatsApp Web interface appears ready
2025-11-10 08:07:09,682 - INFO - Attached file: D:\WorkflowAuto\Invitation\invitations\invitation_અખેડ_કરશનભાઇ_કારાભાઇ.pdf
2025-11-10 08:07:18,138 - INFO - Outgoing message appeared in chat
2025-11-10 08:07:25,161 - INFO - ✓ Single-tick detected - message sent to server/client (accepted)
2025-11-10 08:07:27,191 - INFO - ✓ Sent to અખેડ કરશનભાઇ કારાભાઇ 
2025-11-10 08:07:29,207 - INFO - Sending 106/329: દીનેશભાઇ ભુવા આતા 
2025-11-10 08:07:36,965 - INFO - Found menu using selector: div[aria-label="Menu"]
2025-11-10 08:07:39,024 - INFO - Found chat_list using selector: #pane-side
2025-11-10 08:07:39,047 - INFO - Found message_input using selector: div[contenteditable="true"]
2025-11-10 08:07:41,199 - INFO - Found main_area using selector: #main
2025-11-10 08:07:41,199 - INFO - WhatsApp readiness probe found selectors: [('menu', 'div[aria-label="Menu"]'), ('chat_list', '#pane-side'), ('message_input', 'div[contenteditable="true"]'), ('main_area', '#main')]
2025-11-10 08:07:41,200 - INFO - WhatsApp Web interface appears ready
2025-11-10 08:08:34,370 - INFO - Attached file: D:\WorkflowAuto\Invitation\invitations\invitation_દીનેશભાઇ_ભુવા_આતા.pdf
2025-11-10 08:08:42,846 - INFO - Outgoing message appeared in chat
2025-11-10 08:08:50,316 - INFO - ✓ Single-tick detected - message sent to server/client (accepted)
2025-11-10 08:08:52,335 - INFO - ✓ Sent to દીનેશભાઇ ભુવા આતા 
2025-11-10 08:08:54,336 - INFO - Sending 107/329: અખેડ મહેશભાઇ બાબુભાઇ
2025-11-10 08:09:02,913 - INFO - Found menu using selector: div[aria-label="Menu"]
2025-11-10 08:09:05,001 - INFO - Found chat_list using selector: #pane-side
2025-11-10 08:09:05,021 - INFO - Found message_input using selector: div[contenteditable="true"]
2025-11-10 08:09:07,083 - INFO - Found main_area using selector: #main
2025-11-10 08:09:07,083 - INFO - WhatsApp readiness probe found selectors: [('menu', 'div[aria-label="Menu"]'), ('chat_list', '#pane-side'), ('message_input', 'div[contenteditable="true"]'), ('main_area', '#main')]
2025-11-10 08:09:07,083 - INFO - WhatsApp Web interface appears ready
2025-11-10 08:10:00,665 - INFO - Attached file: D:\WorkflowAuto\Invitation\invitations\invitation_અખેડ_મહેશભાઇ_બાબુભાઇ.pdf
2025-11-10 08:10:09,076 - INFO - Outgoing message appeared in chat
2025-11-10 08:10:18,174 - INFO - ✓ Single-tick detected - message sent to server/client (accepted)
2025-11-10 08:10:20,194 - INFO - ✓ Sent to અખેડ મહેશભાઇ બાબુભાઇ
2025-11-10 08:10:22,195 - INFO - Sending 108/329: કાંબલીયા રમેશભાઇ વકમાતભાઇ
2025-11-10 08:10:30,097 - INFO - Found menu using selector: div[aria-label="Menu"]
2025-11-10 08:10:32,154 - INFO - Found chat_list using selector: #pane-side
2025-11-10 08:10:32,191 - INFO - Found message_input using selector: div[contenteditable="true"]
2025-11-10 08:10:34,265 - INFO - Found main_area using selector: #main
2025-11-10 08:10:34,266 - INFO - WhatsApp readiness probe found selectors: [('menu', 'div[aria-label="Menu"]'), ('chat_list', '#pane-side'), ('message_input', 'div[contenteditable="true"]'), ('main_area', '#main')]
2025-11-10 08:10:34,266 - INFO - WhatsApp Web interface appears ready
2025-11-10 08:11:27,577 - INFO - Attached file: D:\WorkflowAuto\Invitation\invitations\invitation_કાંબલીયા_રમેશભાઇ_વકમાતભાઇ.pdf
2025-11-10 08:11:36,037 - INFO - Outgoing message appeared in chat
2025-11-10 08:11:43,500 - INFO - ✓ Single-tick detected - message sent to server/client (accepted)
2025-11-10 08:11:45,520 - INFO - ✓ Sent to કાંબલીયા રમેશભાઇ વકમાતભાઇ
2025-11-10 08:11:47,521 - INFO - Sending 109/329: વીનુભાઇ બેરીયા 
2025-11-10 08:11:55,840 - INFO - Found menu using selector: div[aria-label="Menu"]
2025-11-10 08:11:57,897 - INFO - Found chat_list using selector: #pane-side
2025-11-10 08:11:57,913 - INFO - Found message_input using selector: div[contenteditable="true"]
2025-11-10 08:12:00,078 - INFO - Found main_area using selector: #main
2025-11-10 08:12:00,078 - INFO - WhatsApp readiness probe found selectors: [('menu', 'div[aria-label="Menu"]'), ('chat_list', '#pane-side'), ('message_input', 'div[contenteditable="true"]'), ('main_area', '#main')]
2025-11-10 08:12:00,078 - INFO - WhatsApp Web interface appears ready
2025-11-10 08:12:53,565 - INFO - Attached file: D:\WorkflowAuto\Invitation\invitations\invitation_વીનુભાઇ_બેરીયા.pdf
2025-11-10 08:13:01,949 - INFO - Outgoing message appeared in chat
2025-11-10 08:13:14,923 - INFO - ✓ Single-tick detected - message sent to server/client (accepted)
2025-11-10 08:13:16,945 - INFO - ✓ Sent to વીનુભાઇ બેરીયા 
2025-11-10 08:13:18,946 - INFO - Sending 110/329: અખેડ નારણભાઇ
2025-11-10 08:13:26,733 - INFO - Found menu using selector: div[aria-label="Menu"]
2025-11-10 08:13:28,796 - INFO - Found chat_list using selector: #pane-side
2025-11-10 08:13:28,813 - INFO - Found message_input using selector: div[contenteditable="true"]
2025-11-10 08:13:30,869 - INFO - Found main_area using selector: #main
2025-11-10 08:13:30,870 - INFO - WhatsApp readiness probe found selectors: [('menu', 'div[aria-label="Menu"]'), ('chat_list', '#pane-side'), ('message_input', 'div[contenteditable="true"]'), ('main_area', '#main')]
2025-11-10 08:13:30,870 - INFO - WhatsApp Web interface appears ready
2025-11-10 08:14:24,186 - INFO - Attached file: D:\WorkflowAuto\Invitation\invitations\invitation_અખેડ_નારણભાઇ.pdf
2025-11-10 08:14:32,774 - INFO - Outgoing message appeared in chat
2025-11-10 08:14:40,088 - INFO - ✓ Single-tick detected - message sent to server/client (accepted)
2025-11-10 08:14:42,110 - INFO - ✓ Sent to અખેડ નારણભાઇ
2025-11-10 08:14:44,110 - INFO - Sending 111/329: પીઠીયા કારાભાઇ
2025-11-10 08:14:52,513 - INFO - Found menu using selector: div[aria-label="Menu"]
2025-11-10 08:14:54,570 - INFO - Found chat_list using selector: #pane-side
2025-11-10 08:14:54,585 - INFO - Found message_input using selector: div[contenteditable="true"]
2025-11-10 08:15:00,713 - INFO - WhatsApp readiness probe found selectors: [('menu', 'div[aria-label="Menu"]'), ('chat_list', '#pane-side'), ('message_input', 'div[contenteditable="true"]')]
2025-11-10 08:15:00,714 - INFO - WhatsApp Web interface appears ready
2025-11-10 08:15:40,907 - ERROR - Chat failed to load
2025-11-10 08:15:40,948 - WARNING - X Not sent to પીઠીયા કારાભાઇ
2025-11-10 08:15:42,949 - INFO - Sending 112/329: પીઠીયા હમીરભાઇ
2025-11-10 08:15:51,460 - INFO - Found menu using selector: div[aria-label="Menu"]
2025-11-10 08:15:53,512 - INFO - Found chat_list using selector: #pane-side
2025-11-10 08:15:53,526 - INFO - Found message_input using selector: div[contenteditable="true"]
2025-11-10 08:15:59,730 - INFO - WhatsApp readiness probe found selectors: [('menu', 'div[aria-label="Menu"]'), ('chat_list', '#pane-side'), ('message_input', 'div[contenteditable="true"]')]
2025-11-10 08:15:59,730 - INFO - WhatsApp Web interface appears ready
2025-11-10 08:16:39,971 - ERROR - Chat failed to load
2025-11-10 08:16:39,997 - WARNING - X Not sent to પીઠીયા હમીરભાઇ
2025-11-10 08:16:41,998 - INFO - Sending 113/329: પીઠીયા અરજણભાઇ 
2025-11-10 08:16:49,923 - INFO - Found menu using selector: div[aria-label="Menu"]
2025-11-10 08:16:52,065 - INFO - Found chat_list using selector: #pane-side
2025-11-10 08:16:52,081 - INFO - Found message_input using selector: div[contenteditable="true"]
2025-11-10 08:16:58,220 - INFO - WhatsApp readiness probe found selectors: [('menu', 'div[aria-label="Menu"]'), ('chat_list', '#pane-side'), ('message_input', 'div[contenteditable="true"]')]
2025-11-10 08:16:58,220 - INFO - WhatsApp Web interface appears ready
2025-11-10 08:17:38,441 - ERROR - Chat failed to load
2025-11-10 08:17:38,462 - WARNING - X Not sent to પીઠીયા અરજણભાઇ 
2025-11-10 08:17:40,464 - INFO - Sending 114/329: વીંછી સાદુલભાઇ 
2025-11-10 08:17:48,665 - INFO - Found menu using selector: div[aria-label="Menu"]
2025-11-10 08:17:50,716 - INFO - Found chat_list using selector: #pane-side
2025-11-10 08:17:50,729 - INFO - Found message_input using selector: div[contenteditable="true"]
2025-11-10 08:17:52,780 - INFO - Found main_area using selector: #main
2025-11-10 08:17:52,780 - INFO - WhatsApp readiness probe found selectors: [('menu', 'div[aria-label="Menu"]'), ('chat_list', '#pane-side'), ('message_input', 'div[contenteditable="true"]'), ('main_area', '#main')]
2025-11-10 08:17:52,780 - INFO - WhatsApp Web interface appears ready
2025-11-10 08:18:46,159 - INFO - Attached file: D:\WorkflowAuto\Invitation\invitations\invitation_વીંછી_સાદુલભાઇ.pdf
2025-11-10 08:18:54,593 - INFO - Outgoing message appeared in chat
2025-11-10 08:19:04,087 - INFO - ✓ Single-tick detected - message sent to server/client (accepted)
2025-11-10 08:19:06,105 - INFO - ✓ Sent to વીંછી સાદુલભાઇ 
2025-11-10 08:19:08,106 - INFO - Sending 115/329: બારડ કારાભાઇ
2025-11-10 08:19:16,321 - INFO - Found menu using selector: div[aria-label="Menu"]
2025-11-10 08:19:18,384 - INFO - Found chat_list using selector: #pane-side
2025-11-10 08:19:18,397 - INFO - Found message_input using selector: div[contenteditable="true"]
2025-11-10 08:19:20,456 - INFO - Found main_area using selector: #main
2025-11-10 08:19:20,456 - INFO - WhatsApp readiness probe found selectors: [('menu', 'div[aria-label="Menu"]'), ('chat_list', '#pane-side'), ('message_input', 'div[contenteditable="true"]'), ('main_area', '#main')]
2025-11-10 08:19:20,457 - INFO - WhatsApp Web interface appears ready
2025-11-10 08:20:13,611 - INFO - Attached file: D:\WorkflowAuto\Invitation\invitations\invitation_બારડ_કારાભાઇ.pdf
2025-11-10 08:20:21,994 - INFO - Outgoing message appeared in chat
2025-11-10 08:20:35,251 - INFO - ✓ Single-tick detected - message sent to server/client (accepted)
2025-11-10 08:20:37,271 - INFO - ✓ Sent to બારડ કારાભાઇ
2025-11-10 08:20:39,272 - INFO - Sending 116/329: બારડ ભીખુભાઇ
2025-11-10 08:20:48,551 - INFO - Found menu using selector: div[aria-label="Menu"]
2025-11-10 08:20:50,604 - INFO - Found chat_list using selector: #pane-side
2025-11-10 08:20:50,619 - INFO - Found message_input using selector: div[contenteditable="true"]
2025-11-10 08:20:52,678 - INFO - Found main_area using selector: #main
2025-11-10 08:20:52,678 - INFO - WhatsApp readiness probe found selectors: [('menu', 'div[aria-label="Menu"]'), ('chat_list', '#pane-side'), ('message_input', 'div[contenteditable="true"]'), ('main_area', '#main')]
2025-11-10 08:20:52,678 - INFO - WhatsApp Web interface appears ready
2025-11-10 08:21:46,063 - INFO - Attached file: D:\WorkflowAuto\Invitation\invitations\invitation_બારડ_ભીખુભાઇ.pdf
2025-11-10 08:21:54,515 - INFO - Outgoing message appeared in chat
2025-11-10 08:22:00,654 - INFO - ✓ Single-tick detected - message sent to server/client (accepted)
2025-11-10 08:22:02,678 - INFO - ✓ Sent to બારડ ભીખુભાઇ
2025-11-10 08:22:04,679 - INFO - Sending 117/329: બારડ પરબતભાઇ
2025-11-10 08:22:12,229 - INFO - Found menu using selector: div[aria-label="Menu"]
2025-11-10 08:22:14,379 - INFO - Found chat_list using selector: #pane-side
2025-11-10 08:22:14,397 - INFO - Found message_input using selector: div[contenteditable="true"]
2025-11-10 08:22:20,569 - INFO - WhatsApp readiness probe found selectors: [('menu', 'div[aria-label="Menu"]'), ('chat_list', '#pane-side'), ('message_input', 'div[contenteditable="true"]')]
2025-11-10 08:22:20,569 - INFO - WhatsApp Web interface appears ready
2025-11-10 08:23:01,019 - ERROR - Chat failed to load
2025-11-10 08:23:01,038 - WARNING - X Not sent to બારડ પરબતભાઇ
2025-11-10 08:23:03,039 - INFO - Sending 118/329: બારડ કાનાભાઇ
2025-11-10 08:23:10,244 - INFO - Found menu using selector: div[aria-label="Menu"]
2025-11-10 08:23:12,303 - INFO - Found chat_list using selector: #pane-side
2025-11-10 08:23:12,317 - INFO - Found message_input using selector: div[contenteditable="true"]
2025-11-10 08:23:14,370 - INFO - Found main_area using selector: #main
2025-11-10 08:23:14,370 - INFO - WhatsApp readiness probe found selectors: [('menu', 'div[aria-label="Menu"]'), ('chat_list', '#pane-side'), ('message_input', 'div[contenteditable="true"]'), ('main_area', '#main')]
2025-11-10 08:23:14,370 - INFO - WhatsApp Web interface appears ready
2025-11-10 08:24:07,802 - INFO - Attached file: D:\WorkflowAuto\Invitation\invitations\invitation_બારડ_કાનાભાઇ.pdf
2025-11-10 08:24:16,088 - INFO - Outgoing message appeared in chat
2025-11-10 08:24:23,935 - INFO - ✓ Single-tick detected - message sent to server/client (accepted)
2025-11-10 08:24:25,955 - INFO - ✓ Sent to બારડ કાનાભાઇ
2025-11-10 08:24:27,956 - INFO - Sending 119/329: બારડ મનોજભાઇ
2025-11-10 08:24:35,643 - INFO - Found menu using selector: div[aria-label="Menu"]
2025-11-10 08:24:37,698 - INFO - Found chat_list using selector: #pane-side
2025-11-10 08:24:37,710 - INFO - Found message_input using selector: div[contenteditable="true"]
2025-11-10 08:24:43,922 - INFO - WhatsApp readiness probe found selectors: [('menu', 'div[aria-label="Menu"]'), ('chat_list', '#pane-side'), ('message_input', 'div[contenteditable="true"]')]
2025-11-10 08:24:43,923 - INFO - WhatsApp Web interface appears ready
2025-11-10 08:25:24,148 - ERROR - Chat failed to load
2025-11-10 08:25:24,174 - WARNING - X Not sent to બારડ મનોજભાઇ
2025-11-10 08:25:26,176 - INFO - Sending 120/329: વીંછી કરશનભાઇ
2025-11-10 08:25:34,171 - INFO - Found menu using selector: div[aria-label="Menu"]
2025-11-10 08:25:36,283 - INFO - Found chat_list using selector: #pane-side
2025-11-10 08:25:36,309 - INFO - Found message_input using selector: div[contenteditable="true"]
2025-11-10 08:25:38,370 - INFO - Found main_area using selector: #main
2025-11-10 08:25:38,370 - INFO - WhatsApp readiness probe found selectors: [('menu', 'div[aria-label="Menu"]'), ('chat_list', '#pane-side'), ('message_input', 'div[contenteditable="true"]'), ('main_area', '#main')]
2025-11-10 08:25:38,370 - INFO - WhatsApp Web interface appears ready
2025-11-10 08:26:31,706 - INFO - Attached file: D:\WorkflowAuto\Invitation\invitations\invitation_વીંછી_કરશનભાઇ.pdf
2025-11-10 08:26:40,191 - INFO - Outgoing message appeared in chat
2025-11-10 08:26:47,748 - INFO - ✓ Single-tick detected - message sent to server/client (accepted)
2025-11-10 08:26:49,776 - INFO - ✓ Sent to વીંછી કરશનભાઇ
2025-11-10 08:26:51,776 - INFO - Sending 121/329: બારડ ડોસાભાઇ
2025-11-10 08:27:00,049 - INFO - Found menu using selector: div[aria-label="Menu"]
2025-11-10 08:27:02,203 - INFO - Found chat_list using selector: #pane-side
2025-11-10 08:27:02,218 - INFO - Found message_input using selector: div[contenteditable="true"]
2025-11-10 08:27:08,346 - INFO - WhatsApp readiness probe found selectors: [('menu', 'div[aria-label="Menu"]'), ('chat_list', '#pane-side'), ('message_input', 'div[contenteditable="true"]')]
2025-11-10 08:27:08,347 - INFO - WhatsApp Web interface appears ready
2025-11-10 08:27:48,648 - ERROR - Chat failed to load
2025-11-10 08:27:48,673 - WARNING - X Not sent to બારડ ડોસાભાઇ
2025-11-10 08:27:50,675 - INFO - Sending 122/329: રામભાઇ
2025-11-10 08:27:58,985 - INFO - Found menu using selector: div[aria-label="Menu"]
2025-11-10 08:28:01,036 - INFO - Found chat_list using selector: #pane-side
2025-11-10 08:28:01,050 - INFO - Found message_input using selector: div[contenteditable="true"]
2025-11-10 08:28:07,163 - INFO - WhatsApp readiness probe found selectors: [('menu', 'div[aria-label="Menu"]'), ('chat_list', '#pane-side'), ('message_input', 'div[contenteditable="true"]')]
2025-11-10 08:28:07,163 - INFO - WhatsApp Web interface appears ready
2025-11-10 08:28:47,511 - ERROR - Chat failed to load
2025-11-10 08:28:47,533 - WARNING - X Not sent to રામભાઇ
2025-11-10 08:28:49,533 - INFO - Sending 123/329: રામભાઇ
2025-11-10 08:28:57,639 - INFO - Found menu using selector: div[aria-label="Menu"]
2025-11-10 08:28:59,690 - INFO - Found chat_list using selector: #pane-side
2025-11-10 08:28:59,702 - INFO - Found message_input using selector: div[contenteditable="true"]
2025-11-10 08:29:01,757 - INFO - Found main_area using selector: #main
2025-11-10 08:29:01,757 - INFO - WhatsApp readiness probe found selectors: [('menu', 'div[aria-label="Menu"]'), ('chat_list', '#pane-side'), ('message_input', 'div[contenteditable="true"]'), ('main_area', '#main')]
2025-11-10 08:29:01,758 - INFO - WhatsApp Web interface appears ready
2025-11-10 08:29:55,053 - INFO - Attached file: D:\WorkflowAuto\Invitation\invitations\invitation_રામભાઇ.pdf
2025-11-10 08:30:03,679 - INFO - Outgoing message appeared in chat
2025-11-10 08:30:19,431 - INFO - ✓ Single-tick detected - message sent to server/client (accepted)
2025-11-10 08:30:21,450 - INFO - ✓ Sent to રામભાઇ
2025-11-10 08:30:23,451 - INFO - Sending 124/329: કનુભાઇ લુવાસર
2025-11-10 08:30:31,546 - INFO - Found menu using selector: div[aria-label="Menu"]
2025-11-10 08:30:33,606 - INFO - Found chat_list using selector: #pane-side
2025-11-10 08:30:33,619 - INFO - Found message_input using selector: div[contenteditable="true"]
2025-11-10 08:30:39,758 - INFO - WhatsApp readiness probe found selectors: [('menu', 'div[aria-label="Menu"]'), ('chat_list', '#pane-side'), ('message_input', 'div[contenteditable="true"]')]
2025-11-10 08:30:39,758 - INFO - WhatsApp Web interface appears ready
2025-11-10 08:31:20,072 - ERROR - Chat failed to load
2025-11-10 08:31:20,091 - WARNING - X Not sent to કનુભાઇ લુવાસર
2025-11-10 08:31:22,093 - INFO - Sending 125/329: નાઘેરા મેરામણભાઇ
2025-11-10 08:31:30,950 - INFO - Found menu using selector: div[aria-label="Menu"]
2025-11-10 08:31:33,001 - INFO - Found chat_list using selector: #pane-side
2025-11-10 08:31:33,016 - INFO - Found message_input using selector: div[contenteditable="true"]
2025-11-10 08:31:35,065 - INFO - Found main_area using selector: #main
2025-11-10 08:31:35,065 - INFO - WhatsApp readiness probe found selectors: [('menu', 'div[aria-label="Menu"]'), ('chat_list', '#pane-side'), ('message_input', 'div[contenteditable="true"]'), ('main_area', '#main')]
2025-11-10 08:31:35,065 - INFO - WhatsApp Web interface appears ready
2025-11-10 08:32:28,235 - INFO - Attached file: D:\WorkflowAuto\Invitation\invitations\invitation_નાઘેરા_મેરામણભાઇ.pdf
2025-11-10 08:32:36,771 - INFO - Outgoing message appeared in chat
2025-11-10 08:32:43,021 - INFO - ✓ Single-tick detected - message sent to server/client (accepted)
2025-11-10 08:32:45,040 - INFO - ✓ Sent to નાઘેરા મેરામણભાઇ
2025-11-10 08:32:47,041 - INFO - Sending 126/329: કરંગીયા રામભાઇ
2025-11-10 08:32:57,314 - INFO - Found menu using selector: div[aria-label="Menu"]
2025-11-10 08:32:59,418 - INFO - Found chat_list using selector: #pane-side
2025-11-10 08:32:59,430 - INFO - Found message_input using selector: div[contenteditable="true"]
2025-11-10 08:33:01,488 - INFO - Found main_area using selector: #main
2025-11-10 08:33:01,489 - INFO - WhatsApp readiness probe found selectors: [('menu', 'div[aria-label="Menu"]'), ('chat_list', '#pane-side'), ('message_input', 'div[contenteditable="true"]'), ('main_area', '#main')]
2025-11-10 08:33:01,489 - INFO - WhatsApp Web interface appears ready
2025-11-10 08:33:54,647 - INFO - Attached file: D:\WorkflowAuto\Invitation\invitations\invitation_કરંગીયા_રામભાઇ.pdf
2025-11-10 08:34:03,084 - INFO - Outgoing message appeared in chat
2025-11-10 08:34:13,606 - INFO - ✓ Single-tick detected - message sent to server/client (accepted)
2025-11-10 08:34:15,640 - INFO - ✓ Sent to કરંગીયા રામભાઇ
2025-11-10 08:34:17,641 - INFO - Sending 127/329: કાંબલીયા ભીમાભાઇ
2025-11-10 08:34:26,126 - INFO - Found menu using selector: div[aria-label="Menu"]
2025-11-10 08:34:28,185 - INFO - Found chat_list using selector: #pane-side
2025-11-10 08:34:28,201 - INFO - Found message_input using selector: div[contenteditable="true"]
2025-11-10 08:34:30,269 - INFO - Found main_area using selector: #main
2025-11-10 08:34:30,269 - INFO - WhatsApp readiness probe found selectors: [('menu', 'div[aria-label="Menu"]'), ('chat_list', '#pane-side'), ('message_input', 'div[contenteditable="true"]'), ('main_area', '#main')]
2025-11-10 08:34:30,269 - INFO - WhatsApp Web interface appears ready
2025-11-10 08:35:23,383 - INFO - Attached file: D:\WorkflowAuto\Invitation\invitations\invitation_કાંબલીયા_ભીમાભાઇ.pdf
2025-11-10 08:35:31,794 - INFO - Outgoing message appeared in chat
2025-11-10 08:35:38,761 - INFO - ✓ Single-tick detected - message sent to server/client (accepted)
2025-11-10 08:35:40,790 - INFO - ✓ Sent to કાંબલીયા ભીમાભાઇ
2025-11-10 08:35:42,797 - INFO - Sending 128/329: કાંબલીયા કાનાભાઇ
2025-11-10 08:35:50,925 - INFO - Found menu using selector: div[aria-label="Menu"]
2025-11-10 08:35:53,072 - INFO - Found chat_list using selector: #pane-side
2025-11-10 08:35:53,092 - INFO - Found message_input using selector: div[contenteditable="true"]
2025-11-10 08:35:59,215 - INFO - WhatsApp readiness probe found selectors: [('menu', 'div[aria-label="Menu"]'), ('chat_list', '#pane-side'), ('message_input', 'div[contenteditable="true"]')]
2025-11-10 08:35:59,215 - INFO - WhatsApp Web interface appears ready
2025-11-10 08:36:39,686 - ERROR - Chat failed to load
2025-11-10 08:36:39,707 - WARNING - X Not sent to કાંબલીયા કાનાભાઇ
2025-11-10 08:36:41,708 - INFO - Sending 129/329: બારડ કાનાભાઇ
2025-11-10 08:36:49,841 - INFO - Found menu using selector: div[aria-label="Menu"]
2025-11-10 08:36:51,924 - INFO - Found chat_list using selector: #pane-side
2025-11-10 08:36:52,019 - INFO - Found message_input using selector: div[contenteditable="true"]
2025-11-10 08:36:54,100 - INFO - Found main_area using selector: #main
2025-11-10 08:36:54,101 - INFO - WhatsApp readiness probe found selectors: [('menu', 'div[aria-label="Menu"]'), ('chat_list', '#pane-side'), ('message_input', 'div[contenteditable="true"]'), ('main_area', '#main')]
2025-11-10 08:36:54,101 - INFO - WhatsApp Web interface appears ready
2025-11-10 08:37:47,649 - INFO - Attached file: D:\WorkflowAuto\Invitation\invitations\invitation_બારડ_કાનાભાઇ.pdf
2025-11-10 08:37:56,149 - INFO - Outgoing message appeared in chat
2025-11-10 08:37:57,516 - INFO - ✓ Single-tick detected - message sent to server/client (accepted)
2025-11-10 08:37:59,541 - INFO - ✓ Sent to બારડ કાનાભાઇ
2025-11-10 08:38:01,542 - INFO - Sending 130/329: બારડ મનોજભાઇ
2025-11-10 08:38:09,585 - INFO - Found menu using selector: div[aria-label="Menu"]
2025-11-10 08:38:11,644 - INFO - Found chat_list using selector: #pane-side
2025-11-10 08:38:11,656 - INFO - Found message_input using selector: div[contenteditable="true"]
2025-11-10 08:38:17,995 - INFO - WhatsApp readiness probe found selectors: [('menu', 'div[aria-label="Menu"]'), ('chat_list', '#pane-side'), ('message_input', 'div[contenteditable="true"]')]
2025-11-10 08:38:17,995 - INFO - WhatsApp Web interface appears ready
2025-11-10 08:38:58,376 - ERROR - Chat failed to load
2025-11-10 08:38:58,395 - WARNING - X Not sent to બારડ મનોજભાઇ
2025-11-10 08:39:00,396 - INFO - Sending 131/329: રામ હરેશભાઇ
2025-11-10 08:39:08,788 - INFO - Found menu using selector: div[aria-label="Menu"]
2025-11-10 08:39:10,893 - INFO - Found chat_list using selector: #pane-side
2025-11-10 08:39:10,905 - INFO - Found message_input using selector: div[contenteditable="true"]
2025-11-10 08:39:12,961 - INFO - Found main_area using selector: #main
2025-11-10 08:39:12,961 - INFO - WhatsApp readiness probe found selectors: [('menu', 'div[aria-label="Menu"]'), ('chat_list', '#pane-side'), ('message_input', 'div[contenteditable="true"]'), ('main_area', '#main')]
2025-11-10 08:39:12,961 - INFO - WhatsApp Web interface appears ready
2025-11-10 08:40:06,184 - INFO - Attached file: D:\WorkflowAuto\Invitation\invitations\invitation_રામ_હરેશભાઇ.pdf
2025-11-10 08:40:14,042 - INFO - Outgoing message appeared in chat
2025-11-10 08:40:14,080 - INFO - ✓ Message delivery confirmed (double-tick)
2025-11-10 08:40:16,108 - INFO - ✓ Sent to રામ હરેશભાઇ
2025-11-10 08:40:18,109 - INFO - Sending 132/329: રામ કુમારભાઇ
2025-11-10 08:40:32,262 - INFO - Found menu using selector: div[aria-label="Menu"]
2025-11-10 08:40:34,322 - INFO - Found chat_list using selector: #pane-side
2025-11-10 08:40:34,336 - INFO - Found message_input using selector: div[contenteditable="true"]
2025-11-10 08:40:36,400 - INFO - Found main_area using selector: #main
2025-11-10 08:40:36,400 - INFO - WhatsApp readiness probe found selectors: [('menu', 'div[aria-label="Menu"]'), ('chat_list', '#pane-side'), ('message_input', 'div[contenteditable="true"]'), ('main_area', '#main')]
2025-11-10 08:40:36,401 - INFO - WhatsApp Web interface appears ready
2025-11-10 08:41:30,043 - INFO - Attached file: D:\WorkflowAuto\Invitation\invitations\invitation_રામ_કુમારભાઇ.pdf
2025-11-10 08:41:38,452 - INFO - Outgoing message appeared in chat
2025-11-10 08:41:45,684 - INFO - ✓ Single-tick detected - message sent to server/client (accepted)
2025-11-10 08:41:47,706 - INFO - ✓ Sent to રામ કુમારભાઇ
2025-11-10 08:41:49,706 - INFO - Sending 133/329: નંદાણીયા મુકેશભાઇ 
2025-11-10 08:41:57,527 - INFO - Found menu using selector: div[aria-label="Menu"]
2025-11-10 08:41:59,591 - INFO - Found chat_list using selector: #pane-side
2025-11-10 08:41:59,604 - INFO - Found message_input using selector: div[contenteditable="true"]
2025-11-10 08:42:01,669 - INFO - Found main_area using selector: #main
2025-11-10 08:42:01,669 - INFO - WhatsApp readiness probe found selectors: [('menu', 'div[aria-label="Menu"]'), ('chat_list', '#pane-side'), ('message_input', 'div[contenteditable="true"]'), ('main_area', '#main')]
2025-11-10 08:42:01,669 - INFO - WhatsApp Web interface appears ready
2025-11-10 08:42:55,285 - INFO - Attached file: D:\WorkflowAuto\Invitation\invitations\invitation_નંદાણીયા_મુકેશભાઇ.pdf
2025-11-10 08:43:03,721 - INFO - Outgoing message appeared in chat
2025-11-10 08:43:13,996 - INFO - ✓ Single-tick detected - message sent to server/client (accepted)
2025-11-10 08:43:16,014 - INFO - ✓ Sent to નંદાણીયા મુકેશભાઇ 
2025-11-10 08:43:18,015 - INFO - Sending 134/329: બારૈયા હરદાશભાઇ 
2025-11-10 08:43:26,430 - INFO - Found menu using selector: div[aria-label="Menu"]
2025-11-10 08:43:28,495 - INFO - Found chat_list using selector: #pane-side
2025-11-10 08:43:28,514 - INFO - Found message_input using selector: div[contenteditable="true"]
2025-11-10 08:43:34,704 - INFO - WhatsApp readiness probe found selectors: [('menu', 'div[aria-label="Menu"]'), ('chat_list', '#pane-side'), ('message_input', 'div[contenteditable="true"]')]
2025-11-10 08:43:34,705 - INFO - WhatsApp Web interface appears ready
2025-11-10 08:44:15,238 - ERROR - Chat failed to load
2025-11-10 08:44:15,258 - WARNING - X Not sent to બારૈયા હરદાશભાઇ 
2025-11-10 08:44:17,270 - INFO - Sending 135/329: હડીયા રામભાઇ 
2025-11-10 08:44:25,479 - INFO - Found menu using selector: div[aria-label="Menu"]
2025-11-10 08:44:27,538 - INFO - Found chat_list using selector: #pane-side
2025-11-10 08:44:27,555 - INFO - Found message_input using selector: div[contenteditable="true"]
2025-11-10 08:44:29,607 - INFO - Found main_area using selector: #main
2025-11-10 08:44:29,607 - INFO - WhatsApp readiness probe found selectors: [('menu', 'div[aria-label="Menu"]'), ('chat_list', '#pane-side'), ('message_input', 'div[contenteditable="true"]'), ('main_area', '#main')]
2025-11-10 08:44:29,608 - INFO - WhatsApp Web interface appears ready
2025-11-10 08:45:22,956 - INFO - Attached file: D:\WorkflowAuto\Invitation\invitations\invitation_હડીયા_રામભાઇ.pdf
2025-11-10 08:45:31,396 - INFO - Outgoing message appeared in chat
2025-11-10 08:45:48,387 - INFO - ✓ Single-tick detected - message sent to server/client (accepted)
2025-11-10 08:45:50,411 - INFO - ✓ Sent to હડીયા રામભાઇ 
2025-11-10 08:45:52,412 - INFO - Sending 136/329: રાવલીયા હરદાસભાઇ 
2025-11-10 08:46:00,642 - INFO - Found menu using selector: div[aria-label="Menu"]
2025-11-10 08:46:02,803 - INFO - Found chat_list using selector: #pane-side
2025-11-10 08:46:02,820 - INFO - Found message_input using selector: div[contenteditable="true"]
2025-11-10 08:46:04,878 - INFO - Found main_area using selector: #main
2025-11-10 08:46:04,878 - INFO - WhatsApp readiness probe found selectors: [('menu', 'div[aria-label="Menu"]'), ('chat_list', '#pane-side'), ('message_input', 'div[contenteditable="true"]'), ('main_area', '#main')]
2025-11-10 08:46:04,878 - INFO - WhatsApp Web interface appears ready
2025-11-10 08:46:58,209 - INFO - Attached file: D:\WorkflowAuto\Invitation\invitations\invitation_રાવલીયા_હરદાસભાઇ.pdf
2025-11-10 08:47:06,676 - INFO - Outgoing message appeared in chat
2025-11-10 08:47:16,998 - INFO - ✓ Single-tick detected - message sent to server/client (accepted)
2025-11-10 08:47:19,014 - INFO - ✓ Sent to રાવલીયા હરદાસભાઇ 
2025-11-10 08:47:21,024 - INFO - Sending 137/329: સુવા નીરવભાઇ 
2025-11-10 08:47:29,296 - INFO - Found menu using selector: div[aria-label="Menu"]
2025-11-10 08:47:31,360 - INFO - Found chat_list using selector: #pane-side
2025-11-10 08:47:31,371 - INFO - Found message_input using selector: div[contenteditable="true"]
2025-11-10 08:47:33,523 - INFO - Found main_area using selector: #main
2025-11-10 08:47:33,523 - INFO - WhatsApp readiness probe found selectors: [('menu', 'div[aria-label="Menu"]'), ('chat_list', '#pane-side'), ('message_input', 'div[contenteditable="true"]'), ('main_area', '#main')]
2025-11-10 08:47:33,523 - INFO - WhatsApp Web interface appears ready
2025-11-10 08:48:26,792 - INFO - Attached file: D:\WorkflowAuto\Invitation\invitations\invitation_સુવા_નીરવભાઇ.pdf
2025-11-10 08:48:35,207 - INFO - Outgoing message appeared in chat
2025-11-10 08:48:46,032 - INFO - ✓ Single-tick detected - message sent to server/client (accepted)
2025-11-10 08:48:48,056 - INFO - ✓ Sent to સુવા નીરવભાઇ 
2025-11-10 08:48:50,057 - INFO - Sending 138/329: નાઘેરા રમેશભાઇ 
2025-11-10 08:48:58,174 - INFO - Found menu using selector: div[aria-label="Menu"]
2025-11-10 08:49:00,248 - INFO - Found chat_list using selector: #pane-side
2025-11-10 08:49:00,265 - INFO - Found message_input using selector: div[contenteditable="true"]
2025-11-10 08:49:02,383 - INFO - Found main_area using selector: #main
2025-11-10 08:49:02,383 - INFO - WhatsApp readiness probe found selectors: [('menu', 'div[aria-label="Menu"]'), ('chat_list', '#pane-side'), ('message_input', 'div[contenteditable="true"]'), ('main_area', '#main')]
2025-11-10 08:49:02,383 - INFO - WhatsApp Web interface appears ready
2025-11-10 08:49:55,837 - INFO - Attached file: D:\WorkflowAuto\Invitation\invitations\invitation_નાઘેરા_રમેશભાઇ.pdf
2025-11-10 08:50:04,230 - INFO - Outgoing message appeared in chat
2025-11-10 08:50:13,171 - INFO - ✓ Single-tick detected - message sent to server/client (accepted)
2025-11-10 08:50:15,189 - INFO - ✓ Sent to નાઘેરા રમેશભાઇ 
2025-11-10 08:50:17,190 - INFO - Sending 139/329: નાઘેરા રામભાઇ 
2025-11-10 08:50:25,463 - INFO - Found menu using selector: div[aria-label="Menu"]
2025-11-10 08:50:27,525 - INFO - Found chat_list using selector: #pane-side
2025-11-10 08:50:27,548 - INFO - Found message_input using selector: div[contenteditable="true"]
2025-11-10 08:50:29,610 - INFO - Found main_area using selector: #main
2025-11-10 08:50:29,611 - INFO - WhatsApp readiness probe found selectors: [('menu', 'div[aria-label="Menu"]'), ('chat_list', '#pane-side'), ('message_input', 'div[contenteditable="true"]'), ('main_area', '#main')]
2025-11-10 08:50:29,611 - INFO - WhatsApp Web interface appears ready
2025-11-10 08:51:22,944 - INFO - Attached file: D:\WorkflowAuto\Invitation\invitations\invitation_નાઘેરા_રામભાઇ.pdf
2025-11-10 08:51:31,326 - INFO - Outgoing message appeared in chat
2025-11-10 08:51:39,361 - INFO - ✓ Single-tick detected - message sent to server/client (accepted)
2025-11-10 08:51:41,400 - INFO - ✓ Sent to નાઘેરા રામભાઇ 
2025-11-10 08:51:43,415 - INFO - Sending 140/329: નાધેરા પરબતભાઇ 
2025-11-10 08:51:51,385 - INFO - Found menu using selector: div[aria-label="Menu"]
2025-11-10 08:51:53,447 - INFO - Found chat_list using selector: #pane-side
2025-11-10 08:51:53,460 - INFO - Found message_input using selector: div[contenteditable="true"]
2025-11-10 08:51:55,533 - INFO - Found main_area using selector: #main
2025-11-10 08:51:55,533 - INFO - WhatsApp readiness probe found selectors: [('menu', 'div[aria-label="Menu"]'), ('chat_list', '#pane-side'), ('message_input', 'div[contenteditable="true"]'), ('main_area', '#main')]
2025-11-10 08:51:55,533 - INFO - WhatsApp Web interface appears ready
2025-11-10 08:52:49,189 - INFO - Attached file: D:\WorkflowAuto\Invitation\invitations\invitation_નાધેરા_પરબતભાઇ.pdf
2025-11-10 08:52:57,804 - INFO - Outgoing message appeared in chat
2025-11-10 08:53:06,010 - INFO - ✓ Single-tick detected - message sent to server/client (accepted)
2025-11-10 08:53:08,029 - INFO - ✓ Sent to નાધેરા પરબતભાઇ 
2025-11-10 08:53:10,030 - INFO - Sending 141/329: નાધેરા વકમાતભાઇ 
2025-11-10 08:53:18,401 - INFO - Found menu using selector: div[aria-label="Menu"]
2025-11-10 08:53:20,461 - INFO - Found chat_list using selector: #pane-side
2025-11-10 08:53:20,482 - INFO - Found message_input using selector: div[contenteditable="true"]
2025-11-10 08:53:22,546 - INFO - Found main_area using selector: #main
2025-11-10 08:53:22,547 - INFO - WhatsApp readiness probe found selectors: [('menu', 'div[aria-label="Menu"]'), ('chat_list', '#pane-side'), ('message_input', 'div[contenteditable="true"]'), ('main_area', '#main')]
2025-11-10 08:53:22,547 - INFO - WhatsApp Web interface appears ready
2025-11-10 08:54:15,741 - INFO - Attached file: D:\WorkflowAuto\Invitation\invitations\invitation_નાધેરા_વકમાતભાઇ.pdf
2025-11-10 08:54:24,215 - INFO - Outgoing message appeared in chat
2025-11-10 08:54:31,664 - INFO - ✓ Single-tick detected - message sent to server/client (accepted)
2025-11-10 08:54:33,689 - INFO - ✓ Sent to નાધેરા વકમાતભાઇ 
2025-11-10 08:54:35,690 - INFO - Sending 142/329: નાધેરા વકમાતભાઇ 
2025-11-10 08:54:44,068 - INFO - Found menu using selector: div[aria-label="Menu"]
2025-11-10 08:54:46,197 - INFO - Found chat_list using selector: #pane-side
2025-11-10 08:54:46,218 - INFO - Found message_input using selector: div[contenteditable="true"]
2025-11-10 08:54:48,284 - INFO - Found main_area using selector: #main
2025-11-10 08:54:48,285 - INFO - WhatsApp readiness probe found selectors: [('menu', 'div[aria-label="Menu"]'), ('chat_list', '#pane-side'), ('message_input', 'div[contenteditable="true"]'), ('main_area', '#main')]
2025-11-10 08:54:48,285 - INFO - WhatsApp Web interface appears ready
2025-11-10 08:55:41,695 - INFO - Attached file: D:\WorkflowAuto\Invitation\invitations\invitation_નાધેરા_વકમાતભાઇ.pdf
2025-11-10 08:55:50,116 - INFO - Outgoing message appeared in chat
2025-11-10 08:55:51,170 - INFO - ✓ Single-tick detected - message sent to server/client (accepted)
2025-11-10 08:55:53,193 - INFO - ✓ Sent to નાધેરા વકમાતભાઇ 
2025-11-10 08:55:55,194 - INFO - Sending 143/329: પટેલ અંકીતભાઇ તથા પટેલ વીવેકભાઇ
2025-11-10 08:56:03,668 - INFO - Found menu using selector: div[aria-label="Menu"]
2025-11-10 08:56:05,725 - INFO - Found chat_list using selector: #pane-side
2025-11-10 08:56:05,740 - INFO - Found message_input using selector: div[contenteditable="true"]
2025-11-10 08:56:07,802 - INFO - Found main_area using selector: #main
2025-11-10 08:56:07,803 - INFO - WhatsApp readiness probe found selectors: [('menu', 'div[aria-label="Menu"]'), ('chat_list', '#pane-side'), ('message_input', 'div[contenteditable="true"]'), ('main_area', '#main')]
2025-11-10 08:56:07,803 - INFO - WhatsApp Web interface appears ready
2025-11-10 08:57:01,402 - INFO - Attached file: D:\WorkflowAuto\Invitation\invitations\invitation_પટેલ_અંકીતભાઇ_તથા_પટેલ_વીવેકભાઇ.pdf
2025-11-10 08:57:09,866 - INFO - Outgoing message appeared in chat
2025-11-10 08:57:19,602 - INFO - ✓ Single-tick detected - message sent to server/client (accepted)
2025-11-10 08:57:21,621 - INFO - ✓ Sent to પટેલ અંકીતભાઇ તથા પટેલ વીવેકભાઇ
2025-11-10 08:57:23,622 - INFO - Sending 144/329: પટેલ અંકીતભાઇ તથા પટેલ વીવેકભાઇ
2025-11-10 08:57:32,406 - INFO - Found menu using selector: div[aria-label="Menu"]
2025-11-10 08:57:34,467 - INFO - Found chat_list using selector: #pane-side
2025-11-10 08:57:34,484 - INFO - Found message_input using selector: div[contenteditable="true"]
2025-11-10 08:57:40,617 - INFO - WhatsApp readiness probe found selectors: [('menu', 'div[aria-label="Menu"]'), ('chat_list', '#pane-side'), ('message_input', 'div[contenteditable="true"]')]
2025-11-10 08:57:40,618 - INFO - WhatsApp Web interface appears ready
2025-11-10 08:58:21,095 - ERROR - Chat failed to load
2025-11-10 08:58:21,123 - WARNING - X Not sent to પટેલ અંકીતભાઇ તથા પટેલ વીવેકભાઇ
2025-11-10 08:58:23,124 - INFO - Sending 145/329: નંદાણીયા ચીરાગભાઇ 
2025-11-10 08:58:31,178 - INFO - Found menu using selector: div[aria-label="Menu"]
2025-11-10 08:58:33,230 - INFO - Found chat_list using selector: #pane-side
2025-11-10 08:58:33,247 - INFO - Found message_input using selector: div[contenteditable="true"]
2025-11-10 08:58:35,303 - INFO - Found main_area using selector: #main
2025-11-10 08:58:35,303 - INFO - WhatsApp readiness probe found selectors: [('menu', 'div[aria-label="Menu"]'), ('chat_list', '#pane-side'), ('message_input', 'div[contenteditable="true"]'), ('main_area', '#main')]
2025-11-10 08:58:35,303 - INFO - WhatsApp Web interface appears ready
2025-11-10 08:59:28,797 - INFO - Attached file: D:\WorkflowAuto\Invitation\invitations\invitation_નંદાણીયા_ચીરાગભાઇ.pdf
2025-11-10 08:59:37,137 - INFO - Outgoing message appeared in chat
2025-11-10 08:59:53,881 - INFO - ✓ Single-tick detected - message sent to server/client (accepted)
2025-11-10 08:59:55,913 - INFO - ✓ Sent to નંદાણીયા ચીરાગભાઇ 
2025-11-10 08:59:57,913 - INFO - Sending 146/329: ભેડા બાદુરભાઇ નારણભાઇ
2025-11-10 09:00:06,925 - INFO - Found menu using selector: div[aria-label="Menu"]
2025-11-10 09:00:08,994 - INFO - Found chat_list using selector: #pane-side
2025-11-10 09:00:09,007 - INFO - Found message_input using selector: div[contenteditable="true"]
2025-11-10 09:00:11,071 - INFO - Found main_area using selector: #main
2025-11-10 09:00:11,072 - INFO - WhatsApp readiness probe found selectors: [('menu', 'div[aria-label="Menu"]'), ('chat_list', '#pane-side'), ('message_input', 'div[contenteditable="true"]'), ('main_area', '#main')]
2025-11-10 09:00:11,072 - INFO - WhatsApp Web interface appears ready
2025-11-10 09:01:04,383 - INFO - Attached file: D:\WorkflowAuto\Invitation\invitations\invitation_ભેડા બાદુરભાઇ_નારણભાઇ.pdf
2025-11-10 09:01:12,814 - INFO - Outgoing message appeared in chat
2025-11-10 09:01:32,471 - INFO - ✓ Single-tick detected - message sent to server/client (accepted)
2025-11-10 09:01:34,488 - INFO - ✓ Sent to ભેડા બાદુરભાઇ નારણભાઇ
2025-11-10 09:01:36,489 - INFO - Sending 147/329: ભેડા મયુરભાઇ બાદુરભાઇ
2025-11-10 09:01:44,857 - INFO - Found menu using selector: div[aria-label="Menu"]
2025-11-10 09:01:47,206 - INFO - Found chat_list using selector: #pane-side
2025-11-10 09:01:47,224 - INFO - Found message_input using selector: div[contenteditable="true"]
2025-11-10 09:01:49,284 - INFO - Found main_area using selector: #main
2025-11-10 09:01:49,284 - INFO - WhatsApp readiness probe found selectors: [('menu', 'div[aria-label="Menu"]'), ('chat_list', '#pane-side'), ('message_input', 'div[contenteditable="true"]'), ('main_area', '#main')]
2025-11-10 09:01:49,284 - INFO - WhatsApp Web interface appears ready
2025-11-10 09:03:02,310 - ERROR - Failed to attach file: Could not find attach button
2025-11-10 09:03:02,333 - WARNING - X Not sent to ભેડા મયુરભાઇ બાદુરભાઇ
2025-11-10 09:03:04,334 - INFO - Sending 148/329: મહેતા મુકેશભાઇ
2025-11-10 09:03:11,329 - INFO - Found menu using selector: [data-icon="menu"]
2025-11-10 09:03:29,706 - INFO - WhatsApp readiness probe found selectors: [('menu', '[data-icon="menu"]')]
2025-11-10 09:03:29,722 - WARNING - Readiness check failed; detected flags: {'menu': True, 'chat_list': False, 'message_input': False, 'main_area': False}
2025-11-10 09:03:29,722 - ERROR - WhatsApp Web not ready
2025-11-10 09:03:29,744 - WARNING - X Not sent to મહેતા મુકેશભાઇ
2025-11-10 09:03:31,745 - INFO - Sending 149/329: મહેશભાઇ
2025-11-10 09:03:38,451 - INFO - Found menu using selector: [data-icon="menu"]
2025-11-10 09:03:56,822 - INFO - WhatsApp readiness probe found selectors: [('menu', '[data-icon="menu"]')]
2025-11-10 09:03:56,822 - WARNING - Readiness check failed; detected flags: {'menu': True, 'chat_list': False, 'message_input': False, 'main_area': False}
2025-11-10 09:03:56,822 - ERROR - WhatsApp Web not ready
2025-11-10 09:03:56,843 - WARNING - X Not sent to મહેશભાઇ
2025-11-10 09:03:58,844 - INFO - Sending 150/329: શીલાભાઇ
2025-11-10 09:04:03,931 - INFO - Found menu using selector: [data-icon="menu"]
2025-11-10 09:04:22,288 - INFO - WhatsApp readiness probe found selectors: [('menu', '[data-icon="menu"]')]
2025-11-10 09:04:22,288 - WARNING - Readiness check failed; detected flags: {'menu': True, 'chat_list': False, 'message_input': False, 'main_area': False}
2025-11-10 09:04:22,288 - ERROR - WhatsApp Web not ready
2025-11-10 09:04:22,325 - WARNING - X Not sent to શીલાભાઇ
2025-11-10 09:04:24,340 - INFO - Sending 151/329: મુસાભાઇ
2025-11-10 09:04:31,173 - INFO - Found menu using selector: [data-icon="menu"]
2025-11-10 09:04:49,621 - INFO - WhatsApp readiness probe found selectors: [('menu', '[data-icon="menu"]')]
2025-11-10 09:04:49,621 - WARNING - Readiness check failed; detected flags: {'menu': True, 'chat_list': False, 'message_input': False, 'main_area': False}
2025-11-10 09:04:49,621 - ERROR - WhatsApp Web not ready
2025-11-10 09:04:49,642 - WARNING - X Not sent to મુસાભાઇ
2025-11-10 09:04:51,643 - INFO - Sending 152/329: ભીખુભાઇ
2025-11-10 09:04:58,276 - INFO - Found menu using selector: [data-icon="menu"]
2025-11-10 09:05:16,747 - INFO - WhatsApp readiness probe found selectors: [('menu', '[data-icon="menu"]')]
2025-11-10 09:05:16,748 - WARNING - Readiness check failed; detected flags: {'menu': True, 'chat_list': False, 'message_input': False, 'main_area': False}
2025-11-10 09:05:16,748 - ERROR - WhatsApp Web not ready
2025-11-10 09:05:16,776 - WARNING - X Not sent to ભીખુભાઇ
2025-11-10 09:05:18,777 - INFO - Sending 153/329: કાંબલીયા કીશનભાઇ
2025-11-10 09:05:23,766 - INFO - Found menu using selector: [data-icon="menu"]
2025-11-10 09:05:42,178 - INFO - WhatsApp readiness probe found selectors: [('menu', '[data-icon="menu"]')]
2025-11-10 09:05:42,178 - WARNING - Readiness check failed; detected flags: {'menu': True, 'chat_list': False, 'message_input': False, 'main_area': False}
2025-11-10 09:05:42,178 - ERROR - WhatsApp Web not ready
2025-11-10 09:05:42,198 - WARNING - X Not sent to કાંબલીયા કીશનભાઇ
2025-11-10 09:05:44,200 - INFO - Sending 154/329: ખમલ ભરતભાઇ
2025-11-10 09:05:49,592 - INFO - Found menu using selector: [data-icon="menu"]
2025-11-10 09:06:08,158 - INFO - WhatsApp readiness probe found selectors: [('menu', '[data-icon="menu"]')]
2025-11-10 09:06:08,159 - WARNING - Readiness check failed; detected flags: {'menu': True, 'chat_list': False, 'message_input': False, 'main_area': False}
2025-11-10 09:06:08,159 - ERROR - WhatsApp Web not ready
2025-11-10 09:06:08,181 - WARNING - X Not sent to ખમલ ભરતભાઇ
2025-11-10 09:06:10,182 - INFO - Sending 155/329: કીશન ભાણો
