2025-11-10 09:24:57,131 - INFO - Attempting to close existing Chrome processes...
2025-11-10 09:24:59,454 - INFO - Starting WebDriver initialization...
2025-11-10 09:25:04,357 - INFO - Chrome browser launched
2025-11-10 09:25:04,363 - INFO - Browser window maximized
2025-11-10 09:25:04,363 - INFO - Loading WhatsApp Web...
2025-11-10 09:25:06,286 - INFO - Checking WhatsApp Web status (attempt 1/3)...
2025-11-10 09:25:20,265 - INFO - Found chat_list using selector: #pane-side
2025-11-10 09:25:20,386 - INFO - Found message_input using selector: div[contenteditable="true"]
2025-11-10 09:25:26,604 - INFO - WhatsApp readiness probe found selectors: [('chat_list', '#pane-side'), ('message_input', 'div[contenteditable="true"]')]
2025-11-10 09:25:26,604 - INFO - WhatsApp Web interface appears ready
2025-11-10 09:25:26,605 - INFO - WhatsApp Web loaded successfully after 20s
2025-11-10 09:25:26,965 - INFO - Starting to send existing invitations to 175 contacts...
2025-11-10 09:25:26,966 - INFO - Sending 1/175: કીશન ભાણો
2025-11-10 09:25:36,220 - INFO - Found menu using selector: div[aria-label="Menu"]
2025-11-10 09:25:38,361 - INFO - Found chat_list using selector: #pane-side
2025-11-10 09:25:38,382 - INFO - Found message_input using selector: div[contenteditable="true"]
2025-11-10 09:25:40,498 - INFO - Found main_area using selector: #main
2025-11-10 09:25:40,499 - INFO - WhatsApp readiness probe found selectors: [('menu', 'div[aria-label="Menu"]'), ('chat_list', '#pane-side'), ('message_input', 'div[contenteditable="true"]'), ('main_area', '#main')]
2025-11-10 09:25:40,499 - INFO - WhatsApp Web interface appears ready
2025-11-10 09:26:34,194 - INFO - Attached file: D:\WorkflowAuto\Invitation\invitations\invitation_કીશન_ભાણો.pdf
2025-11-10 09:26:41,115 - INFO - Outgoing message appeared in chat
2025-11-10 09:26:53,911 - INFO - ✓ Single-tick detected - message sent to server/client (accepted)
2025-11-10 09:26:55,926 - INFO - ✓ Sent to કીશન ભાણો
2025-11-10 09:26:57,928 - INFO - Sending 2/175: કેરશીયા કાનાભાઇ
2025-11-10 09:27:08,196 - INFO - Found menu using selector: div[aria-label="Menu"]
2025-11-10 09:27:10,252 - INFO - Found chat_list using selector: #pane-side
2025-11-10 09:27:10,270 - INFO - Found message_input using selector: div[contenteditable="true"]
2025-11-10 09:27:12,323 - INFO - Found main_area using selector: #main
2025-11-10 09:27:12,323 - INFO - WhatsApp readiness probe found selectors: [('menu', 'div[aria-label="Menu"]'), ('chat_list', '#pane-side'), ('message_input', 'div[contenteditable="true"]'), ('main_area', '#main')]
2025-11-10 09:27:12,323 - INFO - WhatsApp Web interface appears ready
2025-11-10 09:28:05,529 - INFO - Attached file: D:\WorkflowAuto\Invitation\invitations\invitation_કેરશીયા_કાનાભાઇ.pdf
2025-11-10 09:28:12,323 - INFO - Outgoing message appeared in chat
2025-11-10 09:28:23,094 - INFO - ✓ Single-tick detected - message sent to server/client (accepted)
2025-11-10 09:28:25,110 - INFO - ✓ Sent to કેરશીયા કાનાભાઇ
2025-11-10 09:28:27,116 - INFO - Sending 3/175: ખમલ ભાણો 
2025-11-10 09:28:36,407 - INFO - Found menu using selector: div[aria-label="Menu"]
2025-11-10 09:28:38,459 - INFO - Found chat_list using selector: #pane-side
2025-11-10 09:28:38,478 - INFO - Found message_input using selector: div[contenteditable="true"]
2025-11-10 09:28:40,676 - INFO - Found main_area using selector: #main
2025-11-10 09:28:40,678 - INFO - WhatsApp readiness probe found selectors: [('menu', 'div[aria-label="Menu"]'), ('chat_list', '#pane-side'), ('message_input', 'div[contenteditable="true"]'), ('main_area', '#main')]
2025-11-10 09:28:40,678 - INFO - WhatsApp Web interface appears ready
2025-11-10 09:29:34,115 - INFO - Attached file: D:\WorkflowAuto\Invitation\invitations\invitation_ખમલ_ભાણો.pdf
2025-11-10 09:29:41,070 - INFO - Outgoing message appeared in chat
2025-11-10 09:29:52,065 - INFO - ✓ Single-tick detected - message sent to server/client (accepted)
2025-11-10 09:29:54,079 - INFO - ✓ Sent to ખમલ ભાણો 
2025-11-10 09:29:56,080 - INFO - Sending 4/175: નાથાભાઇ રંઘોળા
2025-11-10 09:30:05,345 - INFO - Found menu using selector: div[aria-label="Menu"]
2025-11-10 09:30:07,410 - INFO - Found chat_list using selector: #pane-side
2025-11-10 09:30:07,432 - INFO - Found message_input using selector: div[contenteditable="true"]
2025-11-10 09:30:13,537 - INFO - WhatsApp readiness probe found selectors: [('menu', 'div[aria-label="Menu"]'), ('chat_list', '#pane-side'), ('message_input', 'div[contenteditable="true"]')]
2025-11-10 09:30:13,538 - INFO - WhatsApp Web interface appears ready
2025-11-10 09:30:53,804 - ERROR - Chat failed to load
2025-11-10 09:30:53,818 - WARNING - X Not sent to નાથાભાઇ રંઘોળા
2025-11-10 09:30:55,819 - INFO - Sending 5/175: નરેશભાઇ
2025-11-10 09:31:07,595 - INFO - Found menu using selector: div[aria-label="Menu"]
2025-11-10 09:31:09,654 - INFO - Found chat_list using selector: #pane-side
2025-11-10 09:31:09,669 - INFO - Found message_input using selector: div[contenteditable="true"]
2025-11-10 09:31:11,786 - INFO - Found main_area using selector: #main
2025-11-10 09:31:11,786 - INFO - WhatsApp readiness probe found selectors: [('menu', 'div[aria-label="Menu"]'), ('chat_list', '#pane-side'), ('message_input', 'div[contenteditable="true"]'), ('main_area', '#main')]
2025-11-10 09:31:11,787 - INFO - WhatsApp Web interface appears ready
2025-11-10 09:32:04,998 - INFO - Attached file: D:\WorkflowAuto\Invitation\invitations\invitation_નરેશભાઇ.pdf
2025-11-10 09:32:11,830 - INFO - Outgoing message appeared in chat
2025-11-10 09:32:29,087 - INFO - ✓ Single-tick detected - message sent to server/client (accepted)
2025-11-10 09:32:31,102 - INFO - ✓ Sent to નરેશભાઇ
2025-11-10 09:32:33,103 - INFO - Sending 6/175: સુખાનંદી અનીલભાઇ
2025-11-10 09:32:44,659 - INFO - Found menu using selector: div[aria-label="Menu"]
2025-11-10 09:32:46,831 - INFO - Found chat_list using selector: #pane-side
2025-11-10 09:32:46,924 - INFO - Found message_input using selector: div[contenteditable="true"]
2025-11-10 09:32:49,463 - INFO - Found main_area using selector: #main
2025-11-10 09:32:49,463 - INFO - WhatsApp readiness probe found selectors: [('menu', 'div[aria-label="Menu"]'), ('chat_list', '#pane-side'), ('message_input', 'div[contenteditable="true"]'), ('main_area', '#main')]
2025-11-10 09:32:49,463 - INFO - WhatsApp Web interface appears ready
2025-11-10 09:33:43,977 - INFO - Attached file: D:\WorkflowAuto\Invitation\invitations\invitation_સુખાનંદી_અનીલભાઇ.pdf
2025-11-10 09:33:50,749 - INFO - Outgoing message appeared in chat
2025-11-10 09:34:06,703 - INFO - ✓ Single-tick detected - message sent to server/client (accepted)
2025-11-10 09:34:08,720 - INFO - ✓ Sent to સુખાનંદી અનીલભાઇ
2025-11-10 09:34:10,721 - INFO - Sending 7/175: સુખાનંદી મુકેશભાઇ
2025-11-10 09:34:20,290 - INFO - Found menu using selector: div[aria-label="Menu"]
2025-11-10 09:34:22,419 - INFO - Found chat_list using selector: #pane-side
2025-11-10 09:34:22,471 - INFO - Found message_input using selector: div[contenteditable="true"]
2025-11-10 09:34:24,596 - INFO - Found main_area using selector: #main
2025-11-10 09:34:24,597 - INFO - WhatsApp readiness probe found selectors: [('menu', 'div[aria-label="Menu"]'), ('chat_list', '#pane-side'), ('message_input', 'div[contenteditable="true"]'), ('main_area', '#main')]
2025-11-10 09:34:24,597 - INFO - WhatsApp Web interface appears ready
2025-11-10 09:35:17,967 - INFO - Attached file: D:\WorkflowAuto\Invitation\invitations\invitation_સુખાનંદી_મુકેશભાઇ.pdf
2025-11-10 09:35:24,769 - INFO - Outgoing message appeared in chat
2025-11-10 09:35:39,453 - INFO - ✓ Single-tick detected - message sent to server/client (accepted)
2025-11-10 09:35:41,469 - INFO - ✓ Sent to સુખાનંદી મુકેશભાઇ
2025-11-10 09:35:43,470 - INFO - Sending 8/175: ભાદરકા કરશનભાઇ 
2025-11-10 09:35:52,712 - INFO - Found menu using selector: div[aria-label="Menu"]
2025-11-10 09:35:54,771 - INFO - Found chat_list using selector: #pane-side
2025-11-10 09:35:54,792 - INFO - Found message_input using selector: div[contenteditable="true"]
2025-11-10 09:35:56,862 - INFO - Found main_area using selector: #main
2025-11-10 09:35:56,863 - INFO - WhatsApp readiness probe found selectors: [('menu', 'div[aria-label="Menu"]'), ('chat_list', '#pane-side'), ('message_input', 'div[contenteditable="true"]'), ('main_area', '#main')]
2025-11-10 09:35:56,864 - INFO - WhatsApp Web interface appears ready
2025-11-10 09:36:50,239 - INFO - Attached file: D:\WorkflowAuto\Invitation\invitations\invitation_ભાદરકા_કરશનભાઇ.pdf
2025-11-10 09:36:57,059 - INFO - Outgoing message appeared in chat
2025-11-10 09:37:10,493 - INFO - ✓ Single-tick detected - message sent to server/client (accepted)
2025-11-10 09:37:12,508 - INFO - ✓ Sent to ભાદરકા કરશનભાઇ 
2025-11-10 09:37:14,509 - INFO - Sending 9/175: ભાદરકા કરશનભાઇ 
2025-11-10 09:37:23,923 - INFO - Found menu using selector: div[aria-label="Menu"]
2025-11-10 09:37:25,982 - INFO - Found chat_list using selector: #pane-side
2025-11-10 09:37:26,016 - INFO - Found message_input using selector: div[contenteditable="true"]
2025-11-10 09:37:32,130 - INFO - WhatsApp readiness probe found selectors: [('menu', 'div[aria-label="Menu"]'), ('chat_list', '#pane-side'), ('message_input', 'div[contenteditable="true"]')]
2025-11-10 09:37:32,131 - INFO - WhatsApp Web interface appears ready
2025-11-10 09:38:12,863 - ERROR - Chat failed to load
2025-11-10 09:38:12,876 - WARNING - X Not sent to ભાદરકા કરશનભાઇ 
2025-11-10 09:38:14,877 - INFO - Sending 10/175: કાંબલીયા મુકેશભાઇ 
2025-11-10 09:38:23,554 - INFO - Found menu using selector: div[aria-label="Menu"]
2025-11-10 09:38:25,600 - INFO - Found chat_list using selector: #pane-side
2025-11-10 09:38:25,615 - INFO - Found message_input using selector: div[contenteditable="true"]
2025-11-10 09:38:27,695 - INFO - Found main_area using selector: #main
2025-11-10 09:38:27,695 - INFO - WhatsApp readiness probe found selectors: [('menu', 'div[aria-label="Menu"]'), ('chat_list', '#pane-side'), ('message_input', 'div[contenteditable="true"]'), ('main_area', '#main')]
2025-11-10 09:38:27,695 - INFO - WhatsApp Web interface appears ready
2025-11-10 09:39:20,930 - INFO - Attached file: D:\WorkflowAuto\Invitation\invitations\invitation_કાંબલીયા_મુકેશભાઇ.pdf
2025-11-10 09:39:27,776 - INFO - Outgoing message appeared in chat
2025-11-10 09:39:47,129 - INFO - ✓ Single-tick detected - message sent to server/client (accepted)
2025-11-10 09:39:49,141 - INFO - ✓ Sent to કાંબલીયા મુકેશભાઇ 
2025-11-10 09:39:51,142 - INFO - Sending 11/175: કાંબલીયા પીયુષભાઇ 
2025-11-10 09:40:00,411 - INFO - Found menu using selector: div[aria-label="Menu"]
2025-11-10 09:40:02,474 - INFO - Found chat_list using selector: #pane-side
2025-11-10 09:40:02,494 - INFO - Found message_input using selector: div[contenteditable="true"]
2025-11-10 09:40:04,549 - INFO - Found main_area using selector: #main
2025-11-10 09:40:04,549 - INFO - WhatsApp readiness probe found selectors: [('menu', 'div[aria-label="Menu"]'), ('chat_list', '#pane-side'), ('message_input', 'div[contenteditable="true"]'), ('main_area', '#main')]
2025-11-10 09:40:04,549 - INFO - WhatsApp Web interface appears ready
2025-11-10 09:40:57,664 - INFO - Attached file: D:\WorkflowAuto\Invitation\invitations\invitation_કાંબલીયા_પીયુષભાઇ.pdf
2025-11-10 09:41:04,803 - INFO - Outgoing message appeared in chat
2025-11-10 09:41:25,944 - INFO - ✓ Single-tick detected - message sent to server/client (accepted)
2025-11-10 09:41:27,959 - INFO - ✓ Sent to કાંબલીયા પીયુષભાઇ 
2025-11-10 09:41:29,959 - INFO - Sending 12/175: અશોકભાઇ
2025-11-10 09:41:39,832 - INFO - Found menu using selector: div[aria-label="Menu"]
2025-11-10 09:41:41,906 - INFO - Found chat_list using selector: #pane-side
2025-11-10 09:41:41,931 - INFO - Found message_input using selector: div[contenteditable="true"]
2025-11-10 09:41:43,994 - INFO - Found main_area using selector: #main
2025-11-10 09:41:43,995 - INFO - WhatsApp readiness probe found selectors: [('menu', 'div[aria-label="Menu"]'), ('chat_list', '#pane-side'), ('message_input', 'div[contenteditable="true"]'), ('main_area', '#main')]
2025-11-10 09:41:43,995 - INFO - WhatsApp Web interface appears ready
2025-11-10 09:42:37,077 - INFO - Attached file: D:\WorkflowAuto\Invitation\invitations\invitation_અશોકભાઇ.pdf
2025-11-10 09:42:43,931 - INFO - Outgoing message appeared in chat
2025-11-10 09:42:58,353 - INFO - ✓ Single-tick detected - message sent to server/client (accepted)
2025-11-10 09:43:00,370 - INFO - ✓ Sent to અશોકભાઇ
2025-11-10 09:43:02,371 - INFO - Sending 13/175: અશોકભાઇ
2025-11-10 09:43:12,404 - INFO - Found menu using selector: div[aria-label="Menu"]
2025-11-10 09:43:14,459 - INFO - Found chat_list using selector: #pane-side
2025-11-10 09:43:14,478 - INFO - Found message_input using selector: div[contenteditable="true"]
2025-11-10 09:43:16,531 - INFO - Found main_area using selector: #main
2025-11-10 09:43:16,531 - INFO - WhatsApp readiness probe found selectors: [('menu', 'div[aria-label="Menu"]'), ('chat_list', '#pane-side'), ('message_input', 'div[contenteditable="true"]'), ('main_area', '#main')]
2025-11-10 09:43:16,532 - INFO - WhatsApp Web interface appears ready
2025-11-10 09:44:09,872 - INFO - Attached file: D:\WorkflowAuto\Invitation\invitations\invitation_અશોકભાઇ.pdf
2025-11-10 09:44:16,668 - INFO - Outgoing message appeared in chat
2025-11-10 09:44:17,492 - INFO - ✓ Single-tick detected - message sent to server/client (accepted)
2025-11-10 09:44:19,506 - INFO - ✓ Sent to અશોકભાઇ
2025-11-10 09:44:21,507 - INFO - Sending 14/175: રાવતભાઇ
2025-11-10 09:44:30,955 - INFO - Found menu using selector: div[aria-label="Menu"]
2025-11-10 09:44:33,046 - INFO - Found chat_list using selector: #pane-side
2025-11-10 09:44:33,125 - INFO - Found message_input using selector: div[contenteditable="true"]
2025-11-10 09:44:35,405 - INFO - Found main_area using selector: #main
2025-11-10 09:44:35,406 - INFO - WhatsApp readiness probe found selectors: [('menu', 'div[aria-label="Menu"]'), ('chat_list', '#pane-side'), ('message_input', 'div[contenteditable="true"]'), ('main_area', '#main')]
2025-11-10 09:44:35,409 - INFO - WhatsApp Web interface appears ready
2025-11-10 09:45:28,389 - INFO - Attached file: D:\WorkflowAuto\Invitation\invitations\invitation_રાવતભાઇ.pdf
2025-11-10 09:45:35,203 - INFO - Outgoing message appeared in chat
2025-11-10 09:45:49,191 - INFO - ✓ Single-tick detected - message sent to server/client (accepted)
2025-11-10 09:45:51,380 - INFO - ✓ Sent to રાવતભાઇ
2025-11-10 09:45:53,388 - INFO - Sending 15/175: રાવતભાઇ
2025-11-10 09:46:02,700 - INFO - Found menu using selector: div[aria-label="Menu"]
2025-11-10 09:46:04,795 - INFO - Found chat_list using selector: #pane-side
2025-11-10 09:46:04,816 - INFO - Found message_input using selector: div[contenteditable="true"]
2025-11-10 09:46:06,870 - INFO - Found main_area using selector: #main
2025-11-10 09:46:06,870 - INFO - WhatsApp readiness probe found selectors: [('menu', 'div[aria-label="Menu"]'), ('chat_list', '#pane-side'), ('message_input', 'div[contenteditable="true"]'), ('main_area', '#main')]
2025-11-10 09:46:06,871 - INFO - WhatsApp Web interface appears ready
2025-11-10 09:46:59,969 - INFO - Attached file: D:\WorkflowAuto\Invitation\invitations\invitation_રાવતભાઇ.pdf
2025-11-10 09:47:06,719 - INFO - Outgoing message appeared in chat
2025-11-10 09:47:07,610 - INFO - ✓ Single-tick detected - message sent to server/client (accepted)
2025-11-10 09:47:09,624 - INFO - ✓ Sent to રાવતભાઇ
2025-11-10 09:47:11,625 - INFO - Sending 16/175: કાંબલીયા હરદાસભાઇ 
2025-11-10 09:47:20,794 - INFO - Found menu using selector: div[aria-label="Menu"]
2025-11-10 09:47:22,863 - INFO - Found chat_list using selector: #pane-side
2025-11-10 09:47:22,878 - INFO - Found message_input using selector: div[contenteditable="true"]
2025-11-10 09:47:24,935 - INFO - Found main_area using selector: #main
2025-11-10 09:47:24,935 - INFO - WhatsApp readiness probe found selectors: [('menu', 'div[aria-label="Menu"]'), ('chat_list', '#pane-side'), ('message_input', 'div[contenteditable="true"]'), ('main_area', '#main')]
2025-11-10 09:47:24,935 - INFO - WhatsApp Web interface appears ready
2025-11-10 09:48:18,036 - INFO - Attached file: D:\WorkflowAuto\Invitation\invitations\invitation_કાંબલીયા_હરદાસભાઇ.pdf
2025-11-10 09:48:24,812 - INFO - Outgoing message appeared in chat
2025-11-10 09:48:35,486 - INFO - ✓ Single-tick detected - message sent to server/client (accepted)
2025-11-10 09:48:37,500 - INFO - ✓ Sent to કાંબલીયા હરદાસભાઇ 
2025-11-10 09:48:39,501 - INFO - Sending 17/175: કાંબલીયા ખીમાભાઇ 
2025-11-10 09:48:49,893 - INFO - Found menu using selector: div[aria-label="Menu"]
2025-11-10 09:48:51,954 - INFO - Found chat_list using selector: #pane-side
2025-11-10 09:48:51,975 - INFO - Found message_input using selector: div[contenteditable="true"]
2025-11-10 09:48:54,031 - INFO - Found main_area using selector: #main
2025-11-10 09:48:54,031 - INFO - WhatsApp readiness probe found selectors: [('menu', 'div[aria-label="Menu"]'), ('chat_list', '#pane-side'), ('message_input', 'div[contenteditable="true"]'), ('main_area', '#main')]
2025-11-10 09:48:54,031 - INFO - WhatsApp Web interface appears ready
2025-11-10 09:49:47,422 - INFO - Attached file: D:\WorkflowAuto\Invitation\invitations\invitation_કાંબલીયા_ખીમાભાઇ.pdf
2025-11-10 09:49:54,808 - INFO - Outgoing message appeared in chat
2025-11-10 09:50:04,798 - INFO - ✓ Single-tick detected - message sent to server/client (accepted)
2025-11-10 09:50:06,810 - INFO - ✓ Sent to કાંબલીયા ખીમાભાઇ 
2025-11-10 09:50:08,810 - INFO - Sending 18/175: કાંબલીયા રાકેશભાઇ
2025-11-10 09:50:18,405 - INFO - Found menu using selector: div[aria-label="Menu"]
2025-11-10 09:50:20,471 - INFO - Found chat_list using selector: #pane-side
2025-11-10 09:50:20,489 - INFO - Found message_input using selector: div[contenteditable="true"]
2025-11-10 09:50:22,672 - INFO - Found main_area using selector: #main
2025-11-10 09:50:22,674 - INFO - WhatsApp readiness probe found selectors: [('menu', 'div[aria-label="Menu"]'), ('chat_list', '#pane-side'), ('message_input', 'div[contenteditable="true"]'), ('main_area', '#main')]
2025-11-10 09:50:22,674 - INFO - WhatsApp Web interface appears ready
2025-11-10 09:51:15,903 - INFO - Attached file: D:\WorkflowAuto\Invitation\invitations\invitation_કાંબલીયા_રાકેશભાઇ.pdf
2025-11-10 09:51:22,762 - INFO - Outgoing message appeared in chat
2025-11-10 09:51:32,580 - INFO - ✓ Single-tick detected - message sent to server/client (accepted)
2025-11-10 09:51:34,598 - INFO - ✓ Sent to કાંબલીયા રાકેશભાઇ
2025-11-10 09:51:36,600 - INFO - Sending 19/175: કાંબલીયા લખમણભાઇ 
2025-11-10 09:51:45,957 - INFO - Found menu using selector: div[aria-label="Menu"]
2025-11-10 09:51:48,012 - INFO - Found chat_list using selector: #pane-side
2025-11-10 09:51:48,032 - INFO - Found message_input using selector: div[contenteditable="true"]
2025-11-10 09:51:50,088 - INFO - Found main_area using selector: #main
2025-11-10 09:51:50,089 - INFO - WhatsApp readiness probe found selectors: [('menu', 'div[aria-label="Menu"]'), ('chat_list', '#pane-side'), ('message_input', 'div[contenteditable="true"]'), ('main_area', '#main')]
2025-11-10 09:51:50,089 - INFO - WhatsApp Web interface appears ready
2025-11-10 09:52:43,346 - INFO - Attached file: D:\WorkflowAuto\Invitation\invitations\invitation_કાંબલીયા_લખમણભાઇ.pdf
2025-11-10 09:52:50,362 - INFO - Outgoing message appeared in chat
2025-11-10 09:53:01,043 - INFO - ✓ Single-tick detected - message sent to server/client (accepted)
2025-11-10 09:53:03,054 - INFO - ✓ Sent to કાંબલીયા લખમણભાઇ 
2025-11-10 09:53:05,055 - INFO - Sending 20/175: કાંબલીયા વીજયભાઇ તથા  કાંબલીયા અજયભાઇ 
2025-11-10 09:53:14,149 - INFO - Found menu using selector: div[aria-label="Menu"]
2025-11-10 09:53:16,202 - INFO - Found chat_list using selector: #pane-side
2025-11-10 09:53:16,221 - INFO - Found message_input using selector: div[contenteditable="true"]
2025-11-10 09:53:18,272 - INFO - Found main_area using selector: #main
2025-11-10 09:53:18,273 - INFO - WhatsApp readiness probe found selectors: [('menu', 'div[aria-label="Menu"]'), ('chat_list', '#pane-side'), ('message_input', 'div[contenteditable="true"]'), ('main_area', '#main')]
2025-11-10 09:53:18,273 - INFO - WhatsApp Web interface appears ready
2025-11-10 09:54:11,458 - INFO - Attached file: D:\WorkflowAuto\Invitation\invitations\invitation_કાંબલીયા_વીજયભાઇ_તથા__કાંબલીયા_અજયભાઇ.pdf
2025-11-10 09:54:18,235 - INFO - Outgoing message appeared in chat
2025-11-10 09:54:24,280 - INFO - ✓ Single-tick detected - message sent to server/client (accepted)
2025-11-10 09:54:26,291 - INFO - ✓ Sent to કાંબલીયા વીજયભાઇ તથા  કાંબલીયા અજયભાઇ 
2025-11-10 09:54:28,292 - INFO - Sending 21/175: ભાદરકા ભાવેશભાઇ 
2025-11-10 09:54:38,679 - INFO - Found menu using selector: div[aria-label="Menu"]
2025-11-10 09:54:40,787 - INFO - Found chat_list using selector: #pane-side
2025-11-10 09:54:40,811 - INFO - Found message_input using selector: div[contenteditable="true"]
2025-11-10 09:54:42,871 - INFO - Found main_area using selector: #main
2025-11-10 09:54:42,871 - INFO - WhatsApp readiness probe found selectors: [('menu', 'div[aria-label="Menu"]'), ('chat_list', '#pane-side'), ('message_input', 'div[contenteditable="true"]'), ('main_area', '#main')]
2025-11-10 09:54:42,872 - INFO - WhatsApp Web interface appears ready
2025-11-10 09:55:36,281 - INFO - Attached file: D:\WorkflowAuto\Invitation\invitations\invitation_ભાદરકા_ભાવેશભાઇ.pdf
2025-11-10 09:55:43,037 - INFO - Outgoing message appeared in chat
2025-11-10 09:55:50,967 - INFO - ✓ Single-tick detected - message sent to server/client (accepted)
2025-11-10 09:55:52,978 - INFO - ✓ Sent to ભાદરકા ભાવેશભાઇ 
2025-11-10 09:55:54,979 - INFO - Sending 22/175: ભાદરકા ગીરીશભાઇ
2025-11-10 09:56:04,856 - INFO - Found menu using selector: div[aria-label="Menu"]
2025-11-10 09:56:06,906 - INFO - Found chat_list using selector: #pane-side
2025-11-10 09:56:06,923 - INFO - Found message_input using selector: div[contenteditable="true"]
2025-11-10 09:56:08,973 - INFO - Found main_area using selector: #main
2025-11-10 09:56:08,974 - INFO - WhatsApp readiness probe found selectors: [('menu', 'div[aria-label="Menu"]'), ('chat_list', '#pane-side'), ('message_input', 'div[contenteditable="true"]'), ('main_area', '#main')]
2025-11-10 09:56:08,974 - INFO - WhatsApp Web interface appears ready
2025-11-10 09:57:02,184 - INFO - Attached file: D:\WorkflowAuto\Invitation\invitations\invitation_ભાદરકા_ગીરીશભાઇ.pdf
2025-11-10 09:57:08,984 - INFO - Outgoing message appeared in chat
2025-11-10 09:57:24,736 - INFO - ✓ Single-tick detected - message sent to server/client (accepted)
2025-11-10 09:57:26,747 - INFO - ✓ Sent to ભાદરકા ગીરીશભાઇ
2025-11-10 09:57:28,748 - INFO - Sending 23/175: બારડ કપીલભાઇ 
2025-11-10 09:57:38,217 - INFO - Found menu using selector: div[aria-label="Menu"]
2025-11-10 09:57:40,273 - INFO - Found chat_list using selector: #pane-side
2025-11-10 09:57:40,292 - INFO - Found message_input using selector: div[contenteditable="true"]
2025-11-10 09:57:42,348 - INFO - Found main_area using selector: #main
2025-11-10 09:57:42,349 - INFO - WhatsApp readiness probe found selectors: [('menu', 'div[aria-label="Menu"]'), ('chat_list', '#pane-side'), ('message_input', 'div[contenteditable="true"]'), ('main_area', '#main')]
2025-11-10 09:57:42,349 - INFO - WhatsApp Web interface appears ready
2025-11-10 09:58:35,383 - INFO - Attached file: D:\WorkflowAuto\Invitation\invitations\invitation_બારડ_કપીલભાઇ.pdf
2025-11-10 09:58:42,252 - INFO - Outgoing message appeared in chat
2025-11-10 09:58:52,432 - INFO - ✓ Single-tick detected - message sent to server/client (accepted)
2025-11-10 09:58:54,447 - INFO - ✓ Sent to બારડ કપીલભાઇ 
2025-11-10 09:58:56,448 - INFO - Sending 24/175: બારડ નીકુંજભાઇ 
2025-11-10 09:59:05,148 - INFO - Found menu using selector: div[aria-label="Menu"]
2025-11-10 09:59:07,198 - INFO - Found chat_list using selector: #pane-side
2025-11-10 09:59:07,217 - INFO - Found message_input using selector: div[contenteditable="true"]
2025-11-10 09:59:09,270 - INFO - Found main_area using selector: #main
2025-11-10 09:59:09,271 - INFO - WhatsApp readiness probe found selectors: [('menu', 'div[aria-label="Menu"]'), ('chat_list', '#pane-side'), ('message_input', 'div[contenteditable="true"]'), ('main_area', '#main')]
2025-11-10 09:59:09,271 - INFO - WhatsApp Web interface appears ready
2025-11-10 10:00:02,311 - INFO - Attached file: D:\WorkflowAuto\Invitation\invitations\invitation_બારડ_નીકુંજભાઇ.pdf
2025-11-10 10:00:09,078 - INFO - Outgoing message appeared in chat
2025-11-10 10:00:17,356 - INFO - ✓ Single-tick detected - message sent to server/client (accepted)
2025-11-10 10:00:19,369 - INFO - ✓ Sent to બારડ નીકુંજભાઇ 
2025-11-10 10:00:21,370 - INFO - Sending 25/175: ઘુલ અરજણભાઇ
2025-11-10 10:00:31,094 - INFO - Found menu using selector: div[aria-label="Menu"]
2025-11-10 10:00:33,165 - INFO - Found chat_list using selector: #pane-side
2025-11-10 10:00:33,183 - INFO - Found message_input using selector: div[contenteditable="true"]
2025-11-10 10:00:35,243 - INFO - Found main_area using selector: #main
2025-11-10 10:00:35,243 - INFO - WhatsApp readiness probe found selectors: [('menu', 'div[aria-label="Menu"]'), ('chat_list', '#pane-side'), ('message_input', 'div[contenteditable="true"]'), ('main_area', '#main')]
2025-11-10 10:00:35,243 - INFO - WhatsApp Web interface appears ready
2025-11-10 10:01:28,288 - INFO - Attached file: D:\WorkflowAuto\Invitation\invitations\invitation_ઘુલ_અરજણભાઇ.pdf
2025-11-10 10:01:35,083 - INFO - Outgoing message appeared in chat
2025-11-10 10:01:44,048 - INFO - ✓ Single-tick detected - message sent to server/client (accepted)
2025-11-10 10:01:46,060 - INFO - ✓ Sent to ઘુલ અરજણભાઇ
2025-11-10 10:01:48,061 - INFO - Sending 26/175: જાદવ  દેવાનંદભાઇ 
2025-11-10 10:01:57,389 - INFO - Found menu using selector: div[aria-label="Menu"]
2025-11-10 10:01:59,481 - INFO - Found chat_list using selector: #pane-side
2025-11-10 10:01:59,502 - INFO - Found message_input using selector: div[contenteditable="true"]
2025-11-10 10:02:01,558 - INFO - Found main_area using selector: #main
2025-11-10 10:02:01,558 - INFO - WhatsApp readiness probe found selectors: [('menu', 'div[aria-label="Menu"]'), ('chat_list', '#pane-side'), ('message_input', 'div[contenteditable="true"]'), ('main_area', '#main')]
2025-11-10 10:02:01,558 - INFO - WhatsApp Web interface appears ready
2025-11-10 10:02:54,748 - INFO - Attached file: D:\WorkflowAuto\Invitation\invitations\invitation_જાદવ _દેવાનંદભાઇ.pdf
2025-11-10 10:03:01,540 - INFO - Outgoing message appeared in chat
2025-11-10 10:03:11,028 - INFO - ✓ Single-tick detected - message sent to server/client (accepted)
2025-11-10 10:03:13,043 - INFO - ✓ Sent to જાદવ  દેવાનંદભાઇ 
2025-11-10 10:03:15,044 - INFO - Sending 27/175: કંડોરીયા કરણભાઇ 
2025-11-10 10:03:24,007 - INFO - Found menu using selector: div[aria-label="Menu"]
2025-11-10 10:03:26,058 - INFO - Found chat_list using selector: #pane-side
2025-11-10 10:03:26,076 - INFO - Found message_input using selector: div[contenteditable="true"]
2025-11-10 10:03:28,129 - INFO - Found main_area using selector: #main
2025-11-10 10:03:28,129 - INFO - WhatsApp readiness probe found selectors: [('menu', 'div[aria-label="Menu"]'), ('chat_list', '#pane-side'), ('message_input', 'div[contenteditable="true"]'), ('main_area', '#main')]
2025-11-10 10:03:28,129 - INFO - WhatsApp Web interface appears ready
2025-11-10 10:04:21,341 - INFO - Attached file: D:\WorkflowAuto\Invitation\invitations\invitation_કંડોરીયા_કરણભાઇ.pdf
2025-11-10 10:04:28,137 - INFO - Outgoing message appeared in chat
2025-11-10 10:04:38,234 - INFO - ✓ Single-tick detected - message sent to server/client (accepted)
2025-11-10 10:04:40,247 - INFO - ✓ Sent to કંડોરીયા કરણભાઇ 
2025-11-10 10:04:42,248 - INFO - Sending 28/175: સુવા મહેશભાઇ 
2025-11-10 10:04:51,580 - INFO - Found menu using selector: div[aria-label="Menu"]
2025-11-10 10:04:53,650 - INFO - Found chat_list using selector: #pane-side
2025-11-10 10:04:53,671 - INFO - Found message_input using selector: div[contenteditable="true"]
2025-11-10 10:04:59,774 - INFO - WhatsApp readiness probe found selectors: [('menu', 'div[aria-label="Menu"]'), ('chat_list', '#pane-side'), ('message_input', 'div[contenteditable="true"]')]
2025-11-10 10:04:59,774 - INFO - WhatsApp Web interface appears ready
2025-11-10 10:05:39,967 - ERROR - Chat failed to load
2025-11-10 10:05:39,978 - WARNING - X Not sent to સુવા મહેશભાઇ 
2025-11-10 10:05:41,979 - INFO - Sending 29/175: સોલંકી મનોજભાઇ 
2025-11-10 10:05:51,365 - INFO - Found menu using selector: div[aria-label="Menu"]
2025-11-10 10:05:53,413 - INFO - Found chat_list using selector: #pane-side
2025-11-10 10:05:53,427 - INFO - Found message_input using selector: div[contenteditable="true"]
2025-11-10 10:05:55,475 - INFO - Found main_area using selector: #main
2025-11-10 10:05:55,475 - INFO - WhatsApp readiness probe found selectors: [('menu', 'div[aria-label="Menu"]'), ('chat_list', '#pane-side'), ('message_input', 'div[contenteditable="true"]'), ('main_area', '#main')]
2025-11-10 10:05:55,476 - INFO - WhatsApp Web interface appears ready
2025-11-10 10:06:48,714 - INFO - Attached file: D:\WorkflowAuto\Invitation\invitations\invitation_સોલંકી_મનોજભાઇ.pdf
2025-11-10 10:06:55,519 - INFO - Outgoing message appeared in chat
2025-11-10 10:07:05,649 - INFO - ✓ Single-tick detected - message sent to server/client (accepted)
2025-11-10 10:07:07,661 - INFO - ✓ Sent to સોલંકી મનોજભાઇ 
2025-11-10 10:07:09,661 - INFO - Sending 30/175: સોલંકી જયદીપભાઇ 
2025-11-10 10:07:18,943 - INFO - Found menu using selector: div[aria-label="Menu"]
2025-11-10 10:07:20,993 - INFO - Found chat_list using selector: #pane-side
2025-11-10 10:07:21,007 - INFO - Found message_input using selector: div[contenteditable="true"]
2025-11-10 10:07:23,069 - INFO - Found main_area using selector: #main
2025-11-10 10:07:23,070 - INFO - WhatsApp readiness probe found selectors: [('menu', 'div[aria-label="Menu"]'), ('chat_list', '#pane-side'), ('message_input', 'div[contenteditable="true"]'), ('main_area', '#main')]
2025-11-10 10:07:23,070 - INFO - WhatsApp Web interface appears ready
2025-11-10 10:08:16,167 - INFO - Attached file: D:\WorkflowAuto\Invitation\invitations\invitation_સોલંકી_જયદીપભાઇ.pdf
2025-11-10 10:08:22,960 - INFO - Outgoing message appeared in chat
2025-11-10 10:08:33,843 - INFO - ✓ Single-tick detected - message sent to server/client (accepted)
2025-11-10 10:08:35,858 - INFO - ✓ Sent to સોલંકી જયદીપભાઇ 
2025-11-10 10:08:37,859 - INFO - Sending 31/175: સોલંકી જયદીપભાઇ 
2025-11-10 10:08:47,253 - INFO - Found menu using selector: div[aria-label="Menu"]
2025-11-10 10:08:49,331 - INFO - Found chat_list using selector: #pane-side
2025-11-10 10:08:49,349 - INFO - Found message_input using selector: div[contenteditable="true"]
2025-11-10 10:08:51,454 - INFO - Found main_area using selector: #main
2025-11-10 10:08:51,456 - INFO - WhatsApp readiness probe found selectors: [('menu', 'div[aria-label="Menu"]'), ('chat_list', '#pane-side'), ('message_input', 'div[contenteditable="true"]'), ('main_area', '#main')]
2025-11-10 10:08:51,457 - INFO - WhatsApp Web interface appears ready
2025-11-10 10:09:44,701 - INFO - Attached file: D:\WorkflowAuto\Invitation\invitations\invitation_સોલંકી_જયદીપભાઇ.pdf
2025-11-10 10:09:51,554 - INFO - Outgoing message appeared in chat
2025-11-10 10:09:52,704 - INFO - ✓ Single-tick detected - message sent to server/client (accepted)
2025-11-10 10:09:54,718 - INFO - ✓ Sent to સોલંકી જયદીપભાઇ 
2025-11-10 10:09:56,719 - INFO - Sending 32/175: કાંબલીયા રોહનભાઇ 
2025-11-10 10:10:05,851 - INFO - Found menu using selector: div[aria-label="Menu"]
2025-11-10 10:10:07,901 - INFO - Found chat_list using selector: #pane-side
2025-11-10 10:10:07,917 - INFO - Found message_input using selector: div[contenteditable="true"]
2025-11-10 10:10:09,976 - INFO - Found main_area using selector: #main
2025-11-10 10:10:09,976 - INFO - WhatsApp readiness probe found selectors: [('menu', 'div[aria-label="Menu"]'), ('chat_list', '#pane-side'), ('message_input', 'div[contenteditable="true"]'), ('main_area', '#main')]
2025-11-10 10:10:09,976 - INFO - WhatsApp Web interface appears ready
2025-11-10 10:11:03,516 - INFO - Attached file: D:\WorkflowAuto\Invitation\invitations\invitation_કાંબલીયા_રોહનભાઇ.pdf
2025-11-10 10:11:10,807 - INFO - Outgoing message appeared in chat
2025-11-10 10:11:26,136 - INFO - ✓ Single-tick detected - message sent to server/client (accepted)
2025-11-10 10:11:28,170 - INFO - ✓ Sent to કાંબલીયા રોહનભાઇ 
2025-11-10 10:11:30,173 - INFO - Sending 33/175: કાંબલીયા ભુપતભાઇ 
2025-11-10 10:11:45,896 - INFO - Found menu using selector: div[aria-label="Menu"]
2025-11-10 10:11:48,757 - INFO - Found chat_list using selector: #pane-side
2025-11-10 10:11:49,386 - INFO - Found message_input using selector: div[contenteditable="true"]
2025-11-10 10:11:51,667 - INFO - Found main_area using selector: #main
2025-11-10 10:11:51,668 - INFO - WhatsApp readiness probe found selectors: [('menu', 'div[aria-label="Menu"]'), ('chat_list', '#pane-side'), ('message_input', 'div[contenteditable="true"]'), ('main_area', '#main')]
2025-11-10 10:11:51,669 - INFO - WhatsApp Web interface appears ready
2025-11-10 10:12:47,029 - INFO - Attached file: D:\WorkflowAuto\Invitation\invitations\invitation_કાંબલીયા_ભુપતભાઇ.pdf
2025-11-10 10:12:58,955 - INFO - Outgoing message appeared in chat
2025-11-10 10:13:08,483 - INFO - ✓ Single-tick detected - message sent to server/client (accepted)
2025-11-10 10:13:10,509 - INFO - ✓ Sent to કાંબલીયા ભુપતભાઇ 
2025-11-10 10:13:12,511 - INFO - Sending 34/175: કનારા રાજકુમારભાઇ 
2025-11-10 10:13:29,618 - INFO - Found menu using selector: div[aria-label="Menu"]
2025-11-10 10:13:31,733 - INFO - Found chat_list using selector: #pane-side
2025-11-10 10:13:31,773 - INFO - Found message_input using selector: div[contenteditable="true"]
2025-11-10 10:13:34,398 - INFO - Found main_area using selector: #main
2025-11-10 10:13:34,412 - INFO - WhatsApp readiness probe found selectors: [('menu', 'div[aria-label="Menu"]'), ('chat_list', '#pane-side'), ('message_input', 'div[contenteditable="true"]'), ('main_area', '#main')]
2025-11-10 10:13:34,438 - INFO - WhatsApp Web interface appears ready
2025-11-10 10:14:33,193 - INFO - Attached file: D:\WorkflowAuto\Invitation\invitations\invitation_કનારા_રાજકુમારભાઇ.pdf
2025-11-10 10:14:41,779 - INFO - Outgoing message appeared in chat
2025-11-10 10:15:00,373 - INFO - ✓ Single-tick detected - message sent to server/client (accepted)
2025-11-10 10:15:02,445 - INFO - ✓ Sent to કનારા રાજકુમારભાઇ 
2025-11-10 10:15:04,462 - INFO - Sending 35/175: સોલંકી દીનેશભાઇ 
2025-11-10 10:15:21,538 - INFO - Found menu using selector: div[aria-label="Menu"]
2025-11-10 10:15:23,878 - INFO - Found chat_list using selector: #pane-side
2025-11-10 10:15:23,959 - INFO - Found message_input using selector: div[contenteditable="true"]
2025-11-10 10:15:26,133 - INFO - Found main_area using selector: #main
2025-11-10 10:15:26,135 - INFO - WhatsApp readiness probe found selectors: [('menu', 'div[aria-label="Menu"]'), ('chat_list', '#pane-side'), ('message_input', 'div[contenteditable="true"]'), ('main_area', '#main')]
2025-11-10 10:15:26,138 - INFO - WhatsApp Web interface appears ready
2025-11-10 10:16:21,673 - INFO - Attached file: D:\WorkflowAuto\Invitation\invitations\invitation_સોલંકી_દીનેશભાઇ.pdf
2025-11-10 10:16:28,988 - INFO - Outgoing message appeared in chat
2025-11-10 10:16:40,650 - INFO - ✓ Single-tick detected - message sent to server/client (accepted)
2025-11-10 10:16:42,705 - INFO - ✓ Sent to સોલંકી દીનેશભાઇ 
2025-11-10 10:16:44,749 - INFO - Sending 36/175: કાંબલીયા કરણભાઇ 
2025-11-10 10:17:02,435 - INFO - Found menu using selector: div[aria-label="Menu"]
2025-11-10 10:17:04,932 - INFO - Found chat_list using selector: #pane-side
2025-11-10 10:17:05,272 - INFO - Found message_input using selector: div[contenteditable="true"]
2025-11-10 10:17:07,431 - INFO - Found main_area using selector: #main
2025-11-10 10:17:07,433 - INFO - WhatsApp readiness probe found selectors: [('menu', 'div[aria-label="Menu"]'), ('chat_list', '#pane-side'), ('message_input', 'div[contenteditable="true"]'), ('main_area', '#main')]
2025-11-10 10:17:07,433 - INFO - WhatsApp Web interface appears ready
2025-11-10 10:18:02,832 - INFO - Attached file: D:\WorkflowAuto\Invitation\invitations\invitation_કાંબલીયા_કરણભાઇ.pdf
2025-11-10 10:18:10,188 - INFO - Outgoing message appeared in chat
2025-11-10 10:18:23,765 - INFO - ✓ Single-tick detected - message sent to server/client (accepted)
2025-11-10 10:18:25,839 - INFO - ✓ Sent to કાંબલીયા કરણભાઇ 
2025-11-10 10:18:27,840 - INFO - Sending 37/175: પીઠીયા નારણભાઇ 
2025-11-10 10:18:44,846 - INFO - Found menu using selector: div[aria-label="Menu"]
2025-11-10 10:18:48,053 - INFO - Found chat_list using selector: #pane-side
2025-11-10 10:18:48,321 - INFO - Found message_input using selector: div[contenteditable="true"]
2025-11-10 10:18:50,495 - INFO - Found main_area using selector: #main
2025-11-10 10:18:50,496 - INFO - WhatsApp readiness probe found selectors: [('menu', 'div[aria-label="Menu"]'), ('chat_list', '#pane-side'), ('message_input', 'div[contenteditable="true"]'), ('main_area', '#main')]
2025-11-10 10:18:50,498 - INFO - WhatsApp Web interface appears ready
2025-11-10 10:19:47,328 - INFO - Attached file: D:\WorkflowAuto\Invitation\invitations\invitation_પીઠીયા_નારણભાઇ.pdf
2025-11-10 10:19:58,079 - INFO - Outgoing message appeared in chat
2025-11-10 10:20:10,469 - INFO - ✓ Single-tick detected - message sent to server/client (accepted)
2025-11-10 10:20:12,527 - INFO - ✓ Sent to પીઠીયા નારણભાઇ 
2025-11-10 10:20:14,535 - INFO - Sending 38/175: ભાટુ રામભાઇ 
2025-11-10 10:20:32,656 - INFO - Found menu using selector: div[aria-label="Menu"]
2025-11-10 10:20:34,832 - INFO - Found chat_list using selector: #pane-side
2025-11-10 10:20:34,889 - INFO - Found message_input using selector: div[contenteditable="true"]
2025-11-10 10:20:37,028 - INFO - Found main_area using selector: #main
2025-11-10 10:20:37,028 - INFO - WhatsApp readiness probe found selectors: [('menu', 'div[aria-label="Menu"]'), ('chat_list', '#pane-side'), ('message_input', 'div[contenteditable="true"]'), ('main_area', '#main')]
2025-11-10 10:20:37,029 - INFO - WhatsApp Web interface appears ready
2025-11-10 10:21:32,353 - INFO - Attached file: D:\WorkflowAuto\Invitation\invitations\invitation_ભાટુ_રામભાઇ.pdf
2025-11-10 10:21:40,136 - INFO - Outgoing message appeared in chat
2025-11-10 10:21:59,728 - INFO - ✓ Single-tick detected - message sent to server/client (accepted)
2025-11-10 10:22:01,805 - INFO - ✓ Sent to ભાટુ રામભાઇ 
2025-11-10 10:22:03,834 - INFO - Sending 39/175: જાની મનીષભાઇ
2025-11-10 10:22:20,040 - INFO - Found menu using selector: div[aria-label="Menu"]
2025-11-10 10:22:22,180 - INFO - Found chat_list using selector: #pane-side
2025-11-10 10:22:22,214 - INFO - Found message_input using selector: div[contenteditable="true"]
2025-11-10 10:22:28,555 - INFO - WhatsApp readiness probe found selectors: [('menu', 'div[aria-label="Menu"]'), ('chat_list', '#pane-side'), ('message_input', 'div[contenteditable="true"]')]
2025-11-10 10:22:28,556 - INFO - WhatsApp Web interface appears ready
2025-11-10 10:23:09,115 - ERROR - Chat failed to load
2025-11-10 10:23:09,194 - WARNING - X Not sent to જાની મનીષભાઇ
2025-11-10 10:23:11,196 - INFO - Sending 40/175: જાની મનીષભાઇ
2025-11-10 10:23:27,448 - INFO - Found menu using selector: div[aria-label="Menu"]
2025-11-10 10:23:29,926 - INFO - Found chat_list using selector: #pane-side
2025-11-10 10:23:30,041 - INFO - Found message_input using selector: div[contenteditable="true"]
2025-11-10 10:23:32,199 - INFO - Found main_area using selector: #main
2025-11-10 10:23:32,200 - INFO - WhatsApp readiness probe found selectors: [('menu', 'div[aria-label="Menu"]'), ('chat_list', '#pane-side'), ('message_input', 'div[contenteditable="true"]'), ('main_area', '#main')]
2025-11-10 10:23:32,200 - INFO - WhatsApp Web interface appears ready
2025-11-10 10:24:27,700 - INFO - Attached file: D:\WorkflowAuto\Invitation\invitations\invitation_જાની_મનીષભાઇ.pdf
2025-11-10 10:24:35,085 - INFO - Outgoing message appeared in chat
2025-11-10 10:24:48,857 - INFO - ✓ Single-tick detected - message sent to server/client (accepted)
2025-11-10 10:24:50,895 - INFO - ✓ Sent to જાની મનીષભાઇ
2025-11-10 10:24:52,897 - INFO - Sending 41/175: ભાદરકા વનરાજભાઇ 
2025-11-10 10:25:09,066 - INFO - Found menu using selector: div[aria-label="Menu"]
2025-11-10 10:25:11,641 - INFO - Found chat_list using selector: #pane-side
2025-11-10 10:25:11,746 - INFO - Found message_input using selector: div[contenteditable="true"]
2025-11-10 10:25:13,927 - INFO - Found main_area using selector: #main
2025-11-10 10:25:13,928 - INFO - WhatsApp readiness probe found selectors: [('menu', 'div[aria-label="Menu"]'), ('chat_list', '#pane-side'), ('message_input', 'div[contenteditable="true"]'), ('main_area', '#main')]
2025-11-10 10:25:13,928 - INFO - WhatsApp Web interface appears ready
2025-11-10 10:26:09,128 - INFO - Attached file: D:\WorkflowAuto\Invitation\invitations\invitation_ભાદરકા_વનરાજભાઇ.pdf
2025-11-10 10:26:17,172 - INFO - Outgoing message appeared in chat
2025-11-10 10:26:28,443 - INFO - ✓ Single-tick detected - message sent to server/client (accepted)
2025-11-10 10:26:30,526 - INFO - ✓ Sent to ભાદરકા વનરાજભાઇ 
2025-11-10 10:26:32,529 - INFO - Sending 42/175: ભાદરકા હીરેનભાઇ 
2025-11-10 10:26:51,201 - INFO - Found menu using selector: div[aria-label="Menu"]
2025-11-10 10:26:53,898 - INFO - Found chat_list using selector: #pane-side
2025-11-10 10:26:53,984 - INFO - Found message_input using selector: div[contenteditable="true"]
2025-11-10 10:26:56,149 - INFO - Found main_area using selector: #main
2025-11-10 10:26:56,150 - INFO - WhatsApp readiness probe found selectors: [('menu', 'div[aria-label="Menu"]'), ('chat_list', '#pane-side'), ('message_input', 'div[contenteditable="true"]'), ('main_area', '#main')]
2025-11-10 10:26:56,151 - INFO - WhatsApp Web interface appears ready
2025-11-10 10:27:58,782 - INFO - Attached file: D:\WorkflowAuto\Invitation\invitations\invitation_ભાદરકા_હીરેનભાઇ.pdf
2025-11-10 10:28:10,815 - INFO - Outgoing message appeared in chat
2025-11-10 10:28:21,983 - INFO - ✓ Single-tick detected - message sent to server/client (accepted)
2025-11-10 10:28:24,061 - INFO - ✓ Sent to ભાદરકા હીરેનભાઇ 
2025-11-10 10:28:26,086 - INFO - Sending 43/175: ભરતભાઇ ઇ બાઇક
2025-11-10 10:28:41,892 - INFO - Found menu using selector: div[aria-label="Menu"]
2025-11-10 10:28:46,700 - INFO - Found chat_list using selector: #pane-side
2025-11-10 10:28:47,947 - INFO - Found message_input using selector: div[contenteditable="true"]
2025-11-10 10:28:51,800 - INFO - Found main_area using selector: #main
2025-11-10 10:28:51,801 - INFO - WhatsApp readiness probe found selectors: [('menu', 'div[aria-label="Menu"]'), ('chat_list', '#pane-side'), ('message_input', 'div[contenteditable="true"]'), ('main_area', '#main')]
2025-11-10 10:28:51,807 - INFO - WhatsApp Web interface appears ready
2025-11-10 10:29:47,345 - INFO - Attached file: D:\WorkflowAuto\Invitation\invitations\invitation_ભરતભાઇ_ઇ_બાઇક.pdf
2025-11-10 10:29:56,144 - INFO - Outgoing message appeared in chat
2025-11-10 10:30:04,682 - INFO - ✓ Message delivery confirmed (double-tick)
2025-11-10 10:30:06,872 - INFO - ✓ Sent to ભરતભાઇ ઇ બાઇક
2025-11-10 10:30:09,093 - INFO - Sending 44/175: ભાદરકા લીલાભાઇ 
2025-11-10 10:30:21,735 - INFO - Found menu using selector: div[aria-label="Menu"]
2025-11-10 10:30:24,342 - INFO - Found chat_list using selector: #pane-side
2025-11-10 10:30:24,460 - INFO - Found message_input using selector: div[contenteditable="true"]
2025-11-10 10:30:26,857 - INFO - Found main_area using selector: #main
2025-11-10 10:30:26,863 - INFO - WhatsApp readiness probe found selectors: [('menu', 'div[aria-label="Menu"]'), ('chat_list', '#pane-side'), ('message_input', 'div[contenteditable="true"]'), ('main_area', '#main')]
2025-11-10 10:30:26,878 - INFO - WhatsApp Web interface appears ready
2025-11-10 10:31:21,912 - INFO - Attached file: D:\WorkflowAuto\Invitation\invitations\invitation_ભાદરકા_લીલાભાઇ.pdf
2025-11-10 10:31:30,978 - INFO - Outgoing message appeared in chat
2025-11-10 10:31:31,709 - INFO - ✓ Message delivery confirmed (double-tick)
2025-11-10 10:31:34,016 - INFO - ✓ Sent to ભાદરકા લીલાભાઇ 
2025-11-10 10:31:36,074 - INFO - Sending 45/175: ભાદરકા બાલાભાઇ 
2025-11-10 10:31:54,113 - INFO - Found chat_list using selector: #pane-side
2025-11-10 10:31:55,136 - INFO - Found message_input using selector: div[contenteditable="true"]
2025-11-10 10:31:58,176 - INFO - Found main_area using selector: #main
2025-11-10 10:31:58,193 - INFO - WhatsApp readiness probe found selectors: [('chat_list', '#pane-side'), ('message_input', 'div[contenteditable="true"]'), ('main_area', '#main')]
2025-11-10 10:31:58,212 - INFO - WhatsApp Web interface appears ready
2025-11-10 10:32:55,893 - INFO - Attached file: D:\WorkflowAuto\Invitation\invitations\invitation_ભાદરકા_બાલાભાઇ.pdf
2025-11-10 10:33:05,490 - INFO - Outgoing message appeared in chat
2025-11-10 10:33:13,895 - INFO - ✓ Single-tick detected - message sent to server/client (accepted)
2025-11-10 10:33:15,967 - INFO - ✓ Sent to ભાદરકા બાલાભાઇ 
2025-11-10 10:33:17,981 - INFO - Sending 46/175: ઝાલા સવદાસભાઇ 
2025-11-10 10:33:38,424 - INFO - Found menu using selector: div[aria-label="Menu"]
2025-11-10 10:33:41,520 - INFO - Found chat_list using selector: #pane-side
2025-11-10 10:33:41,626 - INFO - Found message_input using selector: div[contenteditable="true"]
2025-11-10 10:33:43,833 - INFO - Found main_area using selector: #main
2025-11-10 10:33:43,835 - INFO - WhatsApp readiness probe found selectors: [('menu', 'div[aria-label="Menu"]'), ('chat_list', '#pane-side'), ('message_input', 'div[contenteditable="true"]'), ('main_area', '#main')]
2025-11-10 10:33:43,836 - INFO - WhatsApp Web interface appears ready
2025-11-10 10:34:39,433 - INFO - Attached file: D:\WorkflowAuto\Invitation\invitations\invitation_ઝાલા_સવદાસભાઇ.pdf
2025-11-10 10:34:50,127 - INFO - Outgoing message appeared in chat
2025-11-10 10:34:58,660 - INFO - ✓ Single-tick detected - message sent to server/client (accepted)
2025-11-10 10:35:00,704 - INFO - ✓ Sent to ઝાલા સવદાસભાઇ 
2025-11-10 10:35:02,758 - INFO - Sending 47/175: ઝાલા મારખીભાઇ 
2025-11-10 10:35:19,944 - INFO - Found menu using selector: div[aria-label="Menu"]
2025-11-10 10:35:22,523 - INFO - Found chat_list using selector: #pane-side
2025-11-10 10:35:22,590 - INFO - Found message_input using selector: div[contenteditable="true"]
2025-11-10 10:35:28,921 - INFO - WhatsApp readiness probe found selectors: [('menu', 'div[aria-label="Menu"]'), ('chat_list', '#pane-side'), ('message_input', 'div[contenteditable="true"]')]
2025-11-10 10:35:28,922 - INFO - WhatsApp Web interface appears ready
2025-11-10 10:36:09,459 - ERROR - Chat failed to load
2025-11-10 10:36:09,490 - WARNING - X Not sent to ઝાલા મારખીભાઇ 
2025-11-10 10:36:11,495 - INFO - Sending 48/175: ઝાલા મારખીભાઇ 
2025-11-10 10:36:31,906 - INFO - Found menu using selector: div[aria-label="Menu"]
2025-11-10 10:36:34,463 - INFO - Found chat_list using selector: #pane-side
2025-11-10 10:36:34,508 - INFO - Found message_input using selector: div[contenteditable="true"]
2025-11-10 10:36:36,650 - INFO - Found main_area using selector: #main
2025-11-10 10:36:36,650 - INFO - WhatsApp readiness probe found selectors: [('menu', 'div[aria-label="Menu"]'), ('chat_list', '#pane-side'), ('message_input', 'div[contenteditable="true"]'), ('main_area', '#main')]
2025-11-10 10:36:36,651 - INFO - WhatsApp Web interface appears ready
2025-11-10 10:37:32,036 - INFO - Attached file: D:\WorkflowAuto\Invitation\invitations\invitation_ઝાલા_મારખીભાઇ.pdf
2025-11-10 10:37:40,302 - INFO - Outgoing message appeared in chat
2025-11-10 10:37:56,564 - INFO - ✓ Single-tick detected - message sent to server/client (accepted)
2025-11-10 10:37:58,660 - INFO - ✓ Sent to ઝાલા મારખીભાઇ 
2025-11-10 10:38:00,665 - INFO - Sending 49/175: ઝાલા ભરતભાઇ સરમણભાઇ 
2025-11-10 10:38:18,145 - INFO - Found menu using selector: div[aria-label="Menu"]
2025-11-10 10:38:20,977 - INFO - Found chat_list using selector: #pane-side
2025-11-10 10:38:21,276 - INFO - Found message_input using selector: div[contenteditable="true"]
2025-11-10 10:38:23,580 - INFO - Found main_area using selector: #main
2025-11-10 10:38:23,581 - INFO - WhatsApp readiness probe found selectors: [('menu', 'div[aria-label="Menu"]'), ('chat_list', '#pane-side'), ('message_input', 'div[contenteditable="true"]'), ('main_area', '#main')]
2025-11-10 10:38:23,581 - INFO - WhatsApp Web interface appears ready
2025-11-10 10:39:18,727 - INFO - Attached file: D:\WorkflowAuto\Invitation\invitations\invitation_ઝાલા_ભરતભાઇ_સરમણભાઇ.pdf
2025-11-10 10:39:26,909 - INFO - Outgoing message appeared in chat
2025-11-10 10:39:37,305 - INFO - ✓ Single-tick detected - message sent to server/client (accepted)
2025-11-10 10:39:39,343 - INFO - ✓ Sent to ઝાલા ભરતભાઇ સરમણભાઇ 
2025-11-10 10:39:41,345 - INFO - Sending 50/175: ભાદરકા ભીમભાઇ
2025-11-10 10:39:59,416 - INFO - Found menu using selector: div[aria-label="Menu"]
2025-11-10 10:40:02,978 - INFO - Found chat_list using selector: #pane-side
2025-11-10 10:40:03,062 - INFO - Found message_input using selector: div[contenteditable="true"]
2025-11-10 10:40:05,300 - INFO - Found main_area using selector: #main
2025-11-10 10:40:05,302 - INFO - WhatsApp readiness probe found selectors: [('menu', 'div[aria-label="Menu"]'), ('chat_list', '#pane-side'), ('message_input', 'div[contenteditable="true"]'), ('main_area', '#main')]
2025-11-10 10:40:05,302 - INFO - WhatsApp Web interface appears ready
2025-11-10 10:41:02,736 - INFO - Attached file: D:\WorkflowAuto\Invitation\invitations\invitation_ભાદરકા_ભીમભાઇ.pdf
2025-11-10 10:41:41,271 - WARNING - Could not verify message delivery within timeout; saving screenshot
2025-11-10 10:41:42,406 - WARNING - X Not sent to ભાદરકા ભીમભાઇ
2025-11-10 10:41:44,595 - INFO - Sending 51/175: ચૌહાણ પુંજાભાઇ 
2025-11-10 10:41:57,180 - INFO - Found menu using selector: div[aria-label="Menu"]
2025-11-10 10:41:59,405 - INFO - Found chat_list using selector: #pane-side
2025-11-10 10:41:59,483 - INFO - Found message_input using selector: div[contenteditable="true"]
2025-11-10 10:42:01,634 - INFO - Found main_area using selector: #main
2025-11-10 10:42:01,673 - INFO - WhatsApp readiness probe found selectors: [('menu', 'div[aria-label="Menu"]'), ('chat_list', '#pane-side'), ('message_input', 'div[contenteditable="true"]'), ('main_area', '#main')]
2025-11-10 10:42:01,674 - INFO - WhatsApp Web interface appears ready
2025-11-10 10:42:06,561 - ERROR - Error sending message: Message: no such window: target window already closed
from unknown error: web view not found
  (Session info: chrome=142.0.7444.60)
Stacktrace:
Symbols not available. Dumping unresolved backtrace:
	0xc458d3
	0xc45914
	0xa5e76d
	0xa3c32d
	0xad32ee
	0xaee799
	0xacc766
	0xa9dac0
	0xa9ede4
	0xec7974
	0xec2bea
	0xc6e5c4
	0xc5dd38
	0xc64d9d
	0xc4dee8
	0xc4e0ac
	0xc37d2a
	0x75505d49
	0x778ed6db
	0x778ed661

2025-11-10 10:42:06,607 - WARNING - X Not sent to ચૌહાણ પુંજાભાઇ 
2025-11-10 10:42:08,609 - INFO - Sending 52/175: ચૌહાણ હરદાસભાઇ 
2025-11-10 10:42:08,613 - ERROR - Error sending message: Message: no such window: target window already closed
from unknown error: web view not found
  (Session info: chrome=142.0.7444.60)
Stacktrace:
Symbols not available. Dumping unresolved backtrace:
	0xc458d3
	0xc45914
	0xa5e76d
	0xa3c32d
	0xad32ee
	0xaee799
	0xacc766
	0xa9dac0
	0xa9ede4
	0xec7974
	0xec2bea
	0xc6e5c4
	0xc5dd38
	0xc64d9d
	0xc4dee8
	0xc4e0ac
	0xc37d2a
	0x75505d49
	0x778ed6db
	0x778ed661

2025-11-10 10:42:08,671 - WARNING - X Not sent to ચૌહાણ હરદાસભાઇ 
2025-11-10 10:42:10,672 - INFO - Sending 53/175: ગોહીલ અમરસીંહભાઇ 
2025-11-10 10:42:10,675 - ERROR - Error sending message: Message: no such window: target window already closed
from unknown error: web view not found
  (Session info: chrome=142.0.7444.60)
Stacktrace:
Symbols not available. Dumping unresolved backtrace:
	0xc458d3
	0xc45914
	0xa5e76d
	0xa3c32d
	0xad32ee
	0xaee799
	0xacc766
	0xa9dac0
	0xa9ede4
	0xec7974
	0xec2bea
	0xc6e5c4
	0xc5dd38
	0xc64d9d
	0xc4dee8
	0xc4e0ac
	0xc37d2a
	0x75505d49
	0x778ed6db
	0x778ed661

2025-11-10 10:42:10,693 - WARNING - X Not sent to ગોહીલ અમરસીંહભાઇ 
2025-11-10 10:42:12,695 - INFO - Sending 54/175: ગોહીલ અમરસીંહભાઇ 
2025-11-10 10:42:12,701 - ERROR - Error sending message: Message: no such window: target window already closed
from unknown error: web view not found
  (Session info: chrome=142.0.7444.60)
Stacktrace:
Symbols not available. Dumping unresolved backtrace:
	0xc458d3
	0xc45914
	0xa5e76d
	0xa3c32d
	0xad32ee
	0xaee799
	0xacc766
	0xa9dac0
	0xa9ede4
	0xec7974
	0xec2bea
	0xc6e5c4
	0xc5dd38
	0xc64d9d
	0xc4dee8
	0xc4e0ac
	0xc37d2a
	0x75505d49
	0x778ed6db
	0x778ed661

2025-11-10 10:42:12,742 - WARNING - X Not sent to ગોહીલ અમરસીંહભાઇ 
2025-11-10 10:42:14,746 - INFO - Sending 55/175: મોદી સૌરભભાઇ 
2025-11-10 10:42:14,768 - ERROR - Error sending message: Message: no such window: target window already closed
from unknown error: web view not found
  (Session info: chrome=142.0.7444.60)
Stacktrace:
Symbols not available. Dumping unresolved backtrace:
	0xc458d3
	0xc45914
	0xa5e76d
	0xa3c32d
	0xad32ee
	0xaee799
	0xacc766
	0xa9dac0
	0xa9ede4
	0xec7974
	0xec2bea
	0xc6e5c4
	0xc5dd38
	0xc64d9d
	0xc4dee8
	0xc4e0ac
	0xc37d2a
	0x75505d49
	0x778ed6db
	0x778ed661

2025-11-10 10:42:14,819 - WARNING - X Not sent to મોદી સૌરભભાઇ 
2025-11-10 10:42:16,833 - INFO - Sending 56/175: પરમાર હરેશભાઇ 
2025-11-10 10:42:16,853 - ERROR - Error sending message: Message: no such window: target window already closed
from unknown error: web view not found
  (Session info: chrome=142.0.7444.60)
Stacktrace:
Symbols not available. Dumping unresolved backtrace:
	0xc458d3
	0xc45914
	0xa5e76d
	0xa3c32d
	0xad32ee
	0xaee799
	0xacc766
	0xa9dac0
	0xa9ede4
	0xec7974
	0xec2bea
	0xc6e5c4
	0xc5dd38
	0xc64d9d
	0xc4dee8
	0xc4e0ac
	0xc37d2a
	0x75505d49
	0x778ed6db
	0x778ed661

2025-11-10 10:42:16,915 - WARNING - X Not sent to પરમાર હરેશભાઇ 
2025-11-10 10:42:18,919 - INFO - Sending 57/175: પરમાર રાજ સાહેબ 
2025-11-10 10:42:18,923 - ERROR - Error sending message: Message: no such window: target window already closed
from unknown error: web view not found
  (Session info: chrome=142.0.7444.60)
Stacktrace:
Symbols not available. Dumping unresolved backtrace:
	0xc458d3
	0xc45914
	0xa5e76d
	0xa3c32d
	0xad32ee
	0xaee799
	0xacc766
	0xa9dac0
	0xa9ede4
	0xec7974
	0xec2bea
	0xc6e5c4
	0xc5dd38
	0xc64d9d
	0xc4dee8
	0xc4e0ac
	0xc37d2a
	0x75505d49
	0x778ed6db
	0x778ed661

2025-11-10 10:42:18,997 - WARNING - X Not sent to પરમાર રાજ સાહેબ 
2025-11-10 10:42:21,000 - INFO - Sending 58/175: કીરણભાઇ હોટલ
2025-11-10 10:42:21,002 - ERROR - Error sending message: Message: no such window: target window already closed
from unknown error: web view not found
  (Session info: chrome=142.0.7444.60)
Stacktrace:
Symbols not available. Dumping unresolved backtrace:
	0xc458d3
	0xc45914
	0xa5e76d
	0xa3c32d
	0xad32ee
	0xaee799
	0xacc766
	0xa9dac0
	0xa9ede4
	0xec7974
	0xec2bea
	0xc6e5c4
	0xc5dd38
	0xc64d9d
	0xc4dee8
	0xc4e0ac
	0xc37d2a
	0x75505d49
	0x778ed6db
	0x778ed661

2025-11-10 10:42:21,037 - WARNING - X Not sent to કીરણભાઇ હોટલ
2025-11-10 10:42:23,040 - INFO - Sending 59/175: સુવા નારણભાઇ 
2025-11-10 10:42:23,086 - ERROR - Error sending message: Message: no such window: target window already closed
from unknown error: web view not found
  (Session info: chrome=142.0.7444.60)
Stacktrace:
Symbols not available. Dumping unresolved backtrace:
	0xc458d3
	0xc45914
	0xa5e76d
	0xa3c32d
	0xad32ee
	0xaee799
	0xacc766
	0xa9dac0
	0xa9ede4
	0xec7974
	0xec2bea
	0xc6e5c4
	0xc5dd38
	0xc64d9d
	0xc4dee8
	0xc4e0ac
	0xc37d2a
	0x75505d49
	0x778ed6db
	0x778ed661

2025-11-10 10:42:23,146 - WARNING - X Not sent to સુવા નારણભાઇ 
2025-11-10 10:42:25,152 - INFO - Sending 60/175: સુવા હરેશભાઇ 
2025-11-10 10:42:25,156 - ERROR - Error sending message: Message: no such window: target window already closed
from unknown error: web view not found
  (Session info: chrome=142.0.7444.60)
Stacktrace:
Symbols not available. Dumping unresolved backtrace:
	0xc458d3
	0xc45914
	0xa5e76d
	0xa3c32d
	0xad32ee
	0xaee799
	0xacc766
	0xa9dac0
	0xa9ede4
	0xec7974
	0xec2bea
	0xc6e5c4
	0xc5dd38
	0xc64d9d
	0xc4dee8
	0xc4e0ac
	0xc37d2a
	0x75505d49
	0x778ed6db
	0x778ed661

2025-11-10 10:42:25,184 - WARNING - X Not sent to સુવા હરેશભાઇ 
2025-11-10 10:42:27,186 - INFO - Sending 61/175: સુવા જયેશભાઇ 
2025-11-10 10:42:27,229 - ERROR - Error sending message: Message: no such window: target window already closed
from unknown error: web view not found
  (Session info: chrome=142.0.7444.60)
Stacktrace:
Symbols not available. Dumping unresolved backtrace:
	0xc458d3
	0xc45914
	0xa5e76d
	0xa3c32d
	0xad32ee
	0xaee799
	0xacc766
	0xa9dac0
	0xa9ede4
	0xec7974
	0xec2bea
	0xc6e5c4
	0xc5dd38
	0xc64d9d
	0xc4dee8
	0xc4e0ac
	0xc37d2a
	0x75505d49
	0x778ed6db
	0x778ed661

2025-11-10 10:42:27,271 - WARNING - X Not sent to સુવા જયેશભાઇ 
2025-11-10 10:42:29,272 - INFO - Sending 62/175: સુવા જયેશભાઇ 
2025-11-10 10:42:29,277 - ERROR - Error sending message: Message: no such window: target window already closed
from unknown error: web view not found
  (Session info: chrome=142.0.7444.60)
Stacktrace:
Symbols not available. Dumping unresolved backtrace:
	0xc458d3
	0xc45914
	0xa5e76d
	0xa3c32d
	0xad32ee
	0xaee799
	0xacc766
	0xa9dac0
	0xa9ede4
	0xec7974
	0xec2bea
	0xc6e5c4
	0xc5dd38
	0xc64d9d
	0xc4dee8
	0xc4e0ac
	0xc37d2a
	0x75505d49
	0x778ed6db
	0x778ed661

2025-11-10 10:42:29,325 - WARNING - X Not sent to સુવા જયેશભાઇ 
2025-11-10 10:42:31,328 - INFO - Sending 63/175: સોલંકી કીશોરભાઇ 
2025-11-10 10:42:31,336 - ERROR - Error sending message: Message: no such window: target window already closed
from unknown error: web view not found
  (Session info: chrome=142.0.7444.60)
Stacktrace:
Symbols not available. Dumping unresolved backtrace:
	0xc458d3
	0xc45914
	0xa5e76d
	0xa3c32d
	0xad32ee
	0xaee799
	0xacc766
	0xa9dac0
	0xa9ede4
	0xec7974
	0xec2bea
	0xc6e5c4
	0xc5dd38
	0xc64d9d
	0xc4dee8
	0xc4e0ac
	0xc37d2a
	0x75505d49
	0x778ed6db
	0x778ed661

2025-11-10 10:42:31,374 - WARNING - X Not sent to સોલંકી કીશોરભાઇ 
2025-11-10 10:42:33,413 - INFO - Sending 64/175: પીઠીયા પરાગભાઇ
2025-11-10 10:42:33,454 - ERROR - Error sending message: Message: no such window: target window already closed
from unknown error: web view not found
  (Session info: chrome=142.0.7444.60)
Stacktrace:
Symbols not available. Dumping unresolved backtrace:
	0xc458d3
	0xc45914
	0xa5e76d
	0xa3c32d
	0xad32ee
	0xaee799
	0xacc766
	0xa9dac0
	0xa9ede4
	0xec7974
	0xec2bea
	0xc6e5c4
	0xc5dd38
	0xc64d9d
	0xc4dee8
	0xc4e0ac
	0xc37d2a
	0x75505d49
	0x778ed6db
	0x778ed661

2025-11-10 10:42:33,509 - WARNING - X Not sent to પીઠીયા પરાગભાઇ
2025-11-10 10:42:35,524 - INFO - Sending 65/175: પીઠીયા પરાગભાઇ
2025-11-10 10:42:35,530 - ERROR - Error sending message: Message: no such window: target window already closed
from unknown error: web view not found
  (Session info: chrome=142.0.7444.60)
Stacktrace:
Symbols not available. Dumping unresolved backtrace:
	0xc458d3
	0xc45914
	0xa5e76d
	0xa3c32d
	0xad32ee
	0xaee799
	0xacc766
	0xa9dac0
	0xa9ede4
	0xec7974
	0xec2bea
	0xc6e5c4
	0xc5dd38
	0xc64d9d
	0xc4dee8
	0xc4e0ac
	0xc37d2a
	0x75505d49
	0x778ed6db
	0x778ed661

2025-11-10 10:42:35,583 - WARNING - X Not sent to પીઠીયા પરાગભાઇ
2025-11-10 10:42:37,586 - INFO - Sending 66/175: ભારવડીયા રામદેભાઇ
2025-11-10 10:42:37,591 - ERROR - Error sending message: Message: no such window: target window already closed
from unknown error: web view not found
  (Session info: chrome=142.0.7444.60)
Stacktrace:
Symbols not available. Dumping unresolved backtrace:
	0xc458d3
	0xc45914
	0xa5e76d
	0xa3c32d
	0xad32ee
	0xaee799
	0xacc766
	0xa9dac0
	0xa9ede4
	0xec7974
	0xec2bea
	0xc6e5c4
	0xc5dd38
	0xc64d9d
	0xc4dee8
	0xc4e0ac
	0xc37d2a
	0x75505d49
	0x778ed6db
	0x778ed661

2025-11-10 10:42:37,691 - WARNING - X Not sent to ભારવડીયા રામદેભાઇ
2025-11-10 10:42:39,694 - INFO - Sending 67/175:  કાળુભાઇ નથુભાઇ ઉપલેટા 
2025-11-10 10:42:39,698 - ERROR - Error sending message: Message: no such window: target window already closed
from unknown error: web view not found
  (Session info: chrome=142.0.7444.60)
Stacktrace:
Symbols not available. Dumping unresolved backtrace:
	0xc458d3
	0xc45914
	0xa5e76d
	0xa3c32d
	0xad32ee
	0xaee799
	0xacc766
	0xa9dac0
	0xa9ede4
	0xec7974
	0xec2bea
	0xc6e5c4
	0xc5dd38
	0xc64d9d
	0xc4dee8
	0xc4e0ac
	0xc37d2a
	0x75505d49
	0x778ed6db
	0x778ed661

2025-11-10 10:42:39,739 - WARNING - X Not sent to  કાળુભાઇ નથુભાઇ ઉપલેટા 
2025-11-10 10:42:41,741 - INFO - Sending 68/175: કાછીયા આકાશભાઇ
2025-11-10 10:42:41,746 - ERROR - Error sending message: Message: no such window: target window already closed
from unknown error: web view not found
  (Session info: chrome=142.0.7444.60)
Stacktrace:
Symbols not available. Dumping unresolved backtrace:
	0xc458d3
	0xc45914
	0xa5e76d
	0xa3c32d
	0xad32ee
	0xaee799
	0xacc766
	0xa9dac0
	0xa9ede4
	0xec7974
	0xec2bea
	0xc6e5c4
	0xc5dd38
	0xc64d9d
	0xc4dee8
	0xc4e0ac
	0xc37d2a
	0x75505d49
	0x778ed6db
	0x778ed661

2025-11-10 10:42:41,803 - WARNING - X Not sent to કાછીયા આકાશભાઇ
2025-11-10 10:42:43,810 - INFO - Sending 69/175: પટેલ લાલાભાઇ 
2025-11-10 10:42:43,814 - ERROR - Error sending message: Message: no such window: target window already closed
from unknown error: web view not found
  (Session info: chrome=142.0.7444.60)
Stacktrace:
Symbols not available. Dumping unresolved backtrace:
	0xc458d3
	0xc45914
	0xa5e76d
	0xa3c32d
	0xad32ee
	0xaee799
	0xacc766
	0xa9dac0
	0xa9ede4
	0xec7974
	0xec2bea
	0xc6e5c4
	0xc5dd38
	0xc64d9d
	0xc4dee8
	0xc4e0ac
	0xc37d2a
	0x75505d49
	0x778ed6db
	0x778ed661

2025-11-10 10:42:43,869 - WARNING - X Not sent to પટેલ લાલાભાઇ 
2025-11-10 10:42:45,871 - INFO - Sending 70/175: પટેલ વીનોદભાઇ
2025-11-10 10:42:45,876 - ERROR - Error sending message: Message: no such window: target window already closed
from unknown error: web view not found
  (Session info: chrome=142.0.7444.60)
Stacktrace:
Symbols not available. Dumping unresolved backtrace:
	0xc458d3
	0xc45914
	0xa5e76d
	0xa3c32d
	0xad32ee
	0xaee799
	0xacc766
	0xa9dac0
	0xa9ede4
	0xec7974
	0xec2bea
	0xc6e5c4
	0xc5dd38
	0xc64d9d
	0xc4dee8
	0xc4e0ac
	0xc37d2a
	0x75505d49
	0x778ed6db
	0x778ed661

2025-11-10 10:42:45,917 - WARNING - X Not sent to પટેલ વીનોદભાઇ
2025-11-10 10:42:47,919 - INFO - Sending 71/175: પટેલ રાજુભાઇ
2025-11-10 10:42:47,924 - ERROR - Error sending message: Message: no such window: target window already closed
from unknown error: web view not found
  (Session info: chrome=142.0.7444.60)
Stacktrace:
Symbols not available. Dumping unresolved backtrace:
	0xc458d3
	0xc45914
	0xa5e76d
	0xa3c32d
	0xad32ee
	0xaee799
	0xacc766
	0xa9dac0
	0xa9ede4
	0xec7974
	0xec2bea
	0xc6e5c4
	0xc5dd38
	0xc64d9d
	0xc4dee8
	0xc4e0ac
	0xc37d2a
	0x75505d49
	0x778ed6db
	0x778ed661

2025-11-10 10:42:47,969 - WARNING - X Not sent to પટેલ રાજુભાઇ
2025-11-10 10:42:49,991 - INFO - Sending 72/175: પટેલ રાજુભાઇ
2025-11-10 10:42:50,011 - ERROR - Error sending message: Message: no such window: target window already closed
from unknown error: web view not found
  (Session info: chrome=142.0.7444.60)
Stacktrace:
Symbols not available. Dumping unresolved backtrace:
	0xc458d3
	0xc45914
	0xa5e76d
	0xa3c32d
	0xad32ee
	0xaee799
	0xacc766
	0xa9dac0
	0xa9ede4
	0xec7974
	0xec2bea
	0xc6e5c4
	0xc5dd38
	0xc64d9d
	0xc4dee8
	0xc4e0ac
	0xc37d2a
	0x75505d49
	0x778ed6db
	0x778ed661

2025-11-10 10:42:50,091 - WARNING - X Not sent to પટેલ રાજુભાઇ
2025-11-10 10:42:52,103 - INFO - Sending 73/175: પાઠક સંજયભાઇ
2025-11-10 10:42:52,147 - ERROR - Error sending message: Message: no such window: target window already closed
from unknown error: web view not found
  (Session info: chrome=142.0.7444.60)
Stacktrace:
Symbols not available. Dumping unresolved backtrace:
	0xc458d3
	0xc45914
	0xa5e76d
	0xa3c32d
	0xad32ee
	0xaee799
	0xacc766
	0xa9dac0
	0xa9ede4
	0xec7974
	0xec2bea
	0xc6e5c4
	0xc5dd38
	0xc64d9d
	0xc4dee8
	0xc4e0ac
	0xc37d2a
	0x75505d49
	0x778ed6db
	0x778ed661

2025-11-10 10:42:52,167 - WARNING - X Not sent to પાઠક સંજયભાઇ
2025-11-10 10:42:54,170 - INFO - Sending 74/175: પાઠક હેમંતભાઇ
2025-11-10 10:42:54,173 - ERROR - Error sending message: Message: no such window: target window already closed
from unknown error: web view not found
  (Session info: chrome=142.0.7444.60)
Stacktrace:
Symbols not available. Dumping unresolved backtrace:
	0xc458d3
	0xc45914
	0xa5e76d
	0xa3c32d
	0xad32ee
	0xaee799
	0xacc766
	0xa9dac0
	0xa9ede4
	0xec7974
	0xec2bea
	0xc6e5c4
	0xc5dd38
	0xc64d9d
	0xc4dee8
	0xc4e0ac
	0xc37d2a
	0x75505d49
	0x778ed6db
	0x778ed661

2025-11-10 10:42:54,220 - WARNING - X Not sent to પાઠક હેમંતભાઇ
2025-11-10 10:42:56,260 - INFO - Sending 75/175: બકાભાઇ
2025-11-10 10:42:56,264 - ERROR - Error sending message: Message: no such window: target window already closed
from unknown error: web view not found
  (Session info: chrome=142.0.7444.60)
Stacktrace:
Symbols not available. Dumping unresolved backtrace:
	0xc458d3
	0xc45914
	0xa5e76d
	0xa3c32d
	0xad32ee
	0xaee799
	0xacc766
	0xa9dac0
	0xa9ede4
	0xec7974
	0xec2bea
	0xc6e5c4
	0xc5dd38
	0xc64d9d
	0xc4dee8
	0xc4e0ac
	0xc37d2a
	0x75505d49
	0x778ed6db
	0x778ed661

2025-11-10 10:42:56,309 - WARNING - X Not sent to બકાભાઇ
2025-11-10 10:42:58,312 - INFO - Sending 76/175: ભાદરકા ધનાભાઇ
2025-11-10 10:42:58,316 - ERROR - Error sending message: Message: no such window: target window already closed
from unknown error: web view not found
  (Session info: chrome=142.0.7444.60)
Stacktrace:
Symbols not available. Dumping unresolved backtrace:
	0xc458d3
	0xc45914
	0xa5e76d
	0xa3c32d
	0xad32ee
	0xaee799
	0xacc766
	0xa9dac0
	0xa9ede4
	0xec7974
	0xec2bea
	0xc6e5c4
	0xc5dd38
	0xc64d9d
	0xc4dee8
	0xc4e0ac
	0xc37d2a
	0x75505d49
	0x778ed6db
	0x778ed661

2025-11-10 10:42:58,355 - WARNING - X Not sent to ભાદરકા ધનાભાઇ
2025-11-10 10:43:00,357 - INFO - Sending 77/175: ભાવીનભાઇ
2025-11-10 10:43:00,399 - ERROR - Error sending message: Message: no such window: target window already closed
from unknown error: web view not found
  (Session info: chrome=142.0.7444.60)
Stacktrace:
Symbols not available. Dumping unresolved backtrace:
	0xc458d3
	0xc45914
	0xa5e76d
	0xa3c32d
	0xad32ee
	0xaee799
	0xacc766
	0xa9dac0
	0xa9ede4
	0xec7974
	0xec2bea
	0xc6e5c4
	0xc5dd38
	0xc64d9d
	0xc4dee8
	0xc4e0ac
	0xc37d2a
	0x75505d49
	0x778ed6db
	0x778ed661

2025-11-10 10:43:00,435 - WARNING - X Not sent to ભાવીનભાઇ
2025-11-10 10:43:02,436 - INFO - Sending 78/175: સંજયભાઇ
2025-11-10 10:43:02,439 - ERROR - Error sending message: Message: no such window: target window already closed
from unknown error: web view not found
  (Session info: chrome=142.0.7444.60)
Stacktrace:
Symbols not available. Dumping unresolved backtrace:
	0xc458d3
	0xc45914
	0xa5e76d
	0xa3c32d
	0xad32ee
	0xaee799
	0xacc766
	0xa9dac0
	0xa9ede4
	0xec7974
	0xec2bea
	0xc6e5c4
	0xc5dd38
	0xc64d9d
	0xc4dee8
	0xc4e0ac
	0xc37d2a
	0x75505d49
	0x778ed6db
	0x778ed661

2025-11-10 10:43:02,467 - WARNING - X Not sent to સંજયભાઇ
2025-11-10 10:43:04,468 - INFO - Sending 79/175: સંજયભાઇ
2025-11-10 10:43:04,469 - ERROR - Error sending message: Message: no such window: target window already closed
from unknown error: web view not found
  (Session info: chrome=142.0.7444.60)
Stacktrace:
Symbols not available. Dumping unresolved backtrace:
	0xc458d3
	0xc45914
	0xa5e76d
	0xa3c32d
	0xad32ee
	0xaee799
	0xacc766
	0xa9dac0
	0xa9ede4
	0xec7974
	0xec2bea
	0xc6e5c4
	0xc5dd38
	0xc64d9d
	0xc4dee8
	0xc4e0ac
	0xc37d2a
	0x75505d49
	0x778ed6db
	0x778ed661

2025-11-10 10:43:04,486 - WARNING - X Not sent to સંજયભાઇ
2025-11-10 10:43:06,488 - INFO - Sending 80/175: ગણપતસીંહ
2025-11-10 10:43:06,491 - ERROR - Error sending message: Message: no such window: target window already closed
from unknown error: web view not found
  (Session info: chrome=142.0.7444.60)
Stacktrace:
Symbols not available. Dumping unresolved backtrace:
	0xc458d3
	0xc45914
	0xa5e76d
	0xa3c32d
	0xad32ee
	0xaee799
	0xacc766
	0xa9dac0
	0xa9ede4
	0xec7974
	0xec2bea
	0xc6e5c4
	0xc5dd38
	0xc64d9d
	0xc4dee8
	0xc4e0ac
	0xc37d2a
	0x75505d49
	0x778ed6db
	0x778ed661

2025-11-10 10:43:06,508 - WARNING - X Not sent to ગણપતસીંહ
2025-11-10 10:43:08,510 - INFO - Sending 81/175: ગણપતસીંહ
2025-11-10 10:43:08,514 - ERROR - Error sending message: Message: no such window: target window already closed
from unknown error: web view not found
  (Session info: chrome=142.0.7444.60)
Stacktrace:
Symbols not available. Dumping unresolved backtrace:
	0xc458d3
	0xc45914
	0xa5e76d
	0xa3c32d
	0xad32ee
	0xaee799
	0xacc766
	0xa9dac0
	0xa9ede4
	0xec7974
	0xec2bea
	0xc6e5c4
	0xc5dd38
	0xc64d9d
	0xc4dee8
	0xc4e0ac
	0xc37d2a
	0x75505d49
	0x778ed6db
	0x778ed661

2025-11-10 10:43:08,528 - WARNING - X Not sent to ગણપતસીંહ
2025-11-10 10:43:10,529 - INFO - Sending 82/175: ગણપતસીંહ
2025-11-10 10:43:10,530 - ERROR - Error sending message: Message: no such window: target window already closed
from unknown error: web view not found
  (Session info: chrome=142.0.7444.60)
Stacktrace:
Symbols not available. Dumping unresolved backtrace:
	0xc458d3
	0xc45914
	0xa5e76d
	0xa3c32d
	0xad32ee
	0xaee799
	0xacc766
	0xa9dac0
	0xa9ede4
	0xec7974
	0xec2bea
	0xc6e5c4
	0xc5dd38
	0xc64d9d
	0xc4dee8
	0xc4e0ac
	0xc37d2a
	0x75505d49
	0x778ed6db
	0x778ed661

2025-11-10 10:43:10,542 - WARNING - X Not sent to ગણપતસીંહ
2025-11-10 10:43:12,544 - INFO - Sending 83/175: વણકર વીપુલભાઇ
2025-11-10 10:43:12,584 - ERROR - Error sending message: Message: no such window: target window already closed
from unknown error: web view not found
  (Session info: chrome=142.0.7444.60)
Stacktrace:
Symbols not available. Dumping unresolved backtrace:
	0xc458d3
	0xc45914
	0xa5e76d
	0xa3c32d
	0xad32ee
	0xaee799
	0xacc766
	0xa9dac0
	0xa9ede4
	0xec7974
	0xec2bea
	0xc6e5c4
	0xc5dd38
	0xc64d9d
	0xc4dee8
	0xc4e0ac
	0xc37d2a
	0x75505d49
	0x778ed6db
	0x778ed661

2025-11-10 10:43:12,602 - WARNING - X Not sent to વણકર વીપુલભાઇ
2025-11-10 10:43:14,604 - INFO - Sending 84/175: પીઠિયા ભાવેશભાઇ
2025-11-10 10:43:14,607 - ERROR - Error sending message: Message: no such window: target window already closed
from unknown error: web view not found
  (Session info: chrome=142.0.7444.60)
Stacktrace:
Symbols not available. Dumping unresolved backtrace:
	0xc458d3
	0xc45914
	0xa5e76d
	0xa3c32d
	0xad32ee
	0xaee799
	0xacc766
	0xa9dac0
	0xa9ede4
	0xec7974
	0xec2bea
	0xc6e5c4
	0xc5dd38
	0xc64d9d
	0xc4dee8
	0xc4e0ac
	0xc37d2a
	0x75505d49
	0x778ed6db
	0x778ed661

2025-11-10 10:43:14,632 - WARNING - X Not sent to પીઠિયા ભાવેશભાઇ
2025-11-10 10:45:32,577 - INFO - Starting WebDriver initialization...
2025-11-10 10:45:38,549 - INFO - Chrome browser launched
2025-11-10 10:45:38,603 - INFO - Browser window maximized
2025-11-10 10:45:38,608 - INFO - Loading WhatsApp Web...
2025-11-10 10:45:41,166 - INFO - Checking WhatsApp Web status (attempt 1/3)...
2025-11-10 10:45:50,721 - INFO - Found menu using selector: div[aria-label="Menu"]
2025-11-10 10:45:52,866 - INFO - Found chat_list using selector: #pane-side
2025-11-10 10:45:52,920 - INFO - Found message_input using selector: div[contenteditable="true"]
2025-11-10 10:45:55,285 - INFO - Found main_area using selector: #main
2025-11-10 10:45:55,286 - INFO - WhatsApp readiness probe found selectors: [('menu', 'div[aria-label="Menu"]'), ('chat_list', '#pane-side'), ('message_input', 'div[contenteditable="true"]'), ('main_area', '#main')]
2025-11-10 10:45:55,287 - INFO - WhatsApp Web interface appears ready
2025-11-10 10:45:55,288 - INFO - WhatsApp Web loaded successfully after 14s
2025-11-10 10:45:56,621 - INFO - Starting to send personalized messages to 2 contacts...
2025-11-10 10:45:56,623 - INFO - Sending message to કીશન ભાણો (9662043954)
2025-11-10 10:46:07,236 - INFO - Found menu using selector: div[aria-label="Menu"]
2025-11-10 10:46:09,398 - INFO - Found chat_list using selector: #pane-side
2025-11-10 10:46:09,425 - INFO - Found message_input using selector: div[contenteditable="true"]
2025-11-10 10:46:11,719 - INFO - Found main_area using selector: #main
2025-11-10 10:46:11,720 - INFO - WhatsApp readiness probe found selectors: [('menu', 'div[aria-label="Menu"]'), ('chat_list', '#pane-side'), ('message_input', 'div[contenteditable="true"]'), ('main_area', '#main')]
2025-11-10 10:46:11,721 - INFO - WhatsApp Web interface appears ready
2025-11-10 10:46:35,206 - ERROR - Failed to click send: Message: 
Stacktrace:
Symbols not available. Dumping unresolved backtrace:
	0x8058d3
	0x805914
	0x61e76d
	0x66a09d
	0x66a47b
	0x6b1802
	0x68c9b4
	0x6aeea6
	0x68c766
	0x65dac0
	0x65ede4
	0xa87974
	0xa82bea
	0x82e5c4
	0x81dd38
	0x824d9d
	0x80dee8
	0x80e0ac
	0x7f7d2a
	0x75505d49
	0x778ed6db
	0x778ed661

2025-11-10 10:46:35,209 - WARNING - X Message not sent to કીશન ભાણો
2025-11-10 10:46:37,210 - INFO - Sending message to કેરશીયા કાનાભાઇ (9913842930)
2025-11-10 10:46:52,910 - INFO - Found menu using selector: div[aria-label="Menu"]
2025-11-10 10:46:55,110 - INFO - Found chat_list using selector: #pane-side
2025-11-10 10:46:55,141 - INFO - Found message_input using selector: div[contenteditable="true"]
2025-11-10 10:52:10,563 - INFO - Attempting to close existing Chrome processes...
2025-11-10 10:52:13,186 - INFO - Starting WebDriver initialization...
2025-11-10 10:52:19,263 - INFO - Chrome browser launched
2025-11-10 10:52:19,271 - INFO - Browser window maximized
2025-11-10 10:52:19,272 - INFO - Loading WhatsApp Web...
2025-11-10 10:52:21,063 - INFO - Checking WhatsApp Web status (attempt 1/3)...
2025-11-10 10:52:39,850 - INFO - Found chat_list using selector: #pane-side
2025-11-10 10:52:40,832 - INFO - Found message_input using selector: div[contenteditable="true"]
2025-11-10 10:52:44,405 - INFO - Found main_area using selector: #main
2025-11-10 10:52:44,411 - INFO - WhatsApp readiness probe found selectors: [('chat_list', '#pane-side'), ('message_input', 'div[contenteditable="true"]'), ('main_area', '#main')]
2025-11-10 10:52:44,415 - INFO - WhatsApp Web interface appears ready
2025-11-10 10:52:44,417 - INFO - WhatsApp Web loaded successfully after 23s
2025-11-10 10:52:46,105 - INFO - Starting to send personalized messages to 2 contacts...
2025-11-10 10:52:46,108 - INFO - Sending message to કીશન ભાણો (9662043954)
2025-11-10 10:53:02,643 - INFO - Found menu using selector: div[aria-label="Menu"]
2025-11-10 10:53:05,512 - INFO - Found chat_list using selector: #pane-side
2025-11-10 10:53:05,706 - INFO - Found message_input using selector: div[contenteditable="true"]
2025-11-10 10:53:08,010 - INFO - Found main_area using selector: #main
2025-11-10 10:53:08,011 - INFO - WhatsApp readiness probe found selectors: [('menu', 'div[aria-label="Menu"]'), ('chat_list', '#pane-side'), ('message_input', 'div[contenteditable="true"]'), ('main_area', '#main')]
2025-11-10 10:53:08,011 - INFO - WhatsApp Web interface appears ready
2025-11-10 10:53:31,664 - ERROR - Failed to click send: Message: 
Stacktrace:
Symbols not available. Dumping unresolved backtrace:
	0xbf58d3
	0xbf5914
	0xa0e76d
	0xa5a09d
	0xa5a47b
	0xaa1802
	0xa7c9b4
	0xa9eea6
	0xa7c766
	0xa4dac0
	0xa4ede4
	0xe77974
	0xe72bea
	0xc1e5c4
	0xc0dd38
	0xc14d9d
	0xbfdee8
	0xbfe0ac
	0xbe7d2a
	0x75505d49
	0x778ed6db
	0x778ed661

2025-11-10 10:53:31,667 - WARNING - X Message not sent to કીશન ભાણો
2025-11-10 10:53:33,670 - INFO - Sending message to કેરશીયા કાનાભાઇ (9913842930)
2025-11-10 10:53:50,362 - INFO - Found menu using selector: div[aria-label="Menu"]
2025-11-10 10:53:54,444 - INFO - Found chat_list using selector: #pane-side
2025-11-10 10:53:54,801 - INFO - Found message_input using selector: div[contenteditable="true"]
2025-11-10 10:53:57,132 - INFO - Found main_area using selector: #main
2025-11-10 10:53:57,132 - INFO - WhatsApp readiness probe found selectors: [('menu', 'div[aria-label="Menu"]'), ('chat_list', '#pane-side'), ('message_input', 'div[contenteditable="true"]'), ('main_area', '#main')]
2025-11-10 10:53:57,135 - INFO - WhatsApp Web interface appears ready
2025-11-10 10:54:20,882 - ERROR - Failed to click send: Message: 
Stacktrace:
Symbols not available. Dumping unresolved backtrace:
	0xbf58d3
	0xbf5914
	0xa0e76d
	0xa5a09d
	0xa5a47b
	0xaa1802
	0xa7c9b4
	0xa9eea6
	0xa7c766
	0xa4dac0
	0xa4ede4
	0xe77974
	0xe72bea
	0xc1e5c4
	0xc0dd38
	0xc14d9d
	0xbfdee8
	0xbfe0ac
	0xbe7d2a
	0x75505d49
	0x778ed6db
	0x778ed661

2025-11-10 10:54:20,885 - WARNING - X Message not sent to કેરશીયા કાનાભાઇ
2025-11-10 10:54:22,888 - INFO - Completed sending messages: 2 attempted
2025-11-10 11:00:58,157 - INFO - Attempting to close existing Chrome processes...
2025-11-10 11:01:00,461 - INFO - Starting WebDriver initialization...
2025-11-10 11:01:09,520 - INFO - Chrome browser launched
2025-11-10 11:01:09,533 - INFO - Browser window maximized
2025-11-10 11:01:09,533 - INFO - Loading WhatsApp Web...
2025-11-10 11:01:11,557 - INFO - Checking WhatsApp Web status (attempt 1/3)...
2025-11-10 11:01:21,005 - INFO - Found menu using selector: div[aria-label="Menu"]
2025-11-10 11:01:23,330 - INFO - Found chat_list using selector: #pane-side
2025-11-10 11:01:23,404 - INFO - Found message_input using selector: div[contenteditable="true"]
2025-11-10 11:01:25,594 - INFO - Found main_area using selector: #main
2025-11-10 11:01:25,594 - INFO - WhatsApp readiness probe found selectors: [('menu', 'div[aria-label="Menu"]'), ('chat_list', '#pane-side'), ('message_input', 'div[contenteditable="true"]'), ('main_area', '#main')]
2025-11-10 11:01:25,594 - INFO - WhatsApp Web interface appears ready
2025-11-10 11:01:25,595 - INFO - WhatsApp Web loaded successfully after 14s
2025-11-10 11:01:28,006 - INFO - Starting to send personalized messages to 2 contacts...
2025-11-10 11:01:28,008 - INFO - Sending message to કીશન ભાણો (9662043954)
2025-11-10 11:01:42,707 - INFO - Found menu using selector: div[aria-label="Menu"]
2025-11-10 11:01:45,037 - INFO - Found chat_list using selector: #pane-side
2025-11-10 11:01:45,087 - INFO - Found message_input using selector: div[contenteditable="true"]
2025-11-10 11:01:47,458 - INFO - Found main_area using selector: #main
2025-11-10 11:01:47,472 - INFO - WhatsApp readiness probe found selectors: [('menu', 'div[aria-label="Menu"]'), ('chat_list', '#pane-side'), ('message_input', 'div[contenteditable="true"]'), ('main_area', '#main')]
2025-11-10 11:01:47,473 - INFO - WhatsApp Web interface appears ready
2025-11-10 11:02:11,799 - ERROR - Send button not found with any selector
2025-11-10 11:02:11,804 - WARNING - X Message not sent to કીશન ભાણો
2025-11-10 11:02:13,985 - INFO - Sending message to કેરશીયા કાનાભાઇ (9913842930)
2025-11-10 11:02:25,754 - INFO - Found menu using selector: div[aria-label="Menu"]
2025-11-10 11:02:28,254 - INFO - Found chat_list using selector: #pane-side
2025-11-10 11:02:28,275 - INFO - Found message_input using selector: div[contenteditable="true"]
2025-11-10 12:40:26,657 - INFO - Starting WebDriver initialization...
2025-11-10 12:40:32,984 - INFO - Chrome browser launched
2025-11-10 12:40:33,046 - INFO - Browser window maximized
2025-11-10 12:40:33,048 - INFO - Loading WhatsApp Web...
2025-11-10 12:40:35,898 - INFO - Checking WhatsApp Web status (attempt 1/3)...
2025-11-10 12:40:44,776 - INFO - Found menu using selector: div[aria-label="Menu"]
2025-11-10 12:40:47,169 - INFO - Found chat_list using selector: #pane-side
2025-11-10 12:40:47,186 - INFO - Found message_input using selector: div[contenteditable="true"]
2025-11-10 12:40:49,300 - INFO - Found main_area using selector: #main
2025-11-10 12:40:49,301 - INFO - WhatsApp readiness probe found selectors: [('menu', 'div[aria-label="Menu"]'), ('chat_list', '#pane-side'), ('message_input', 'div[contenteditable="true"]'), ('main_area', '#main')]
2025-11-10 12:40:49,303 - INFO - WhatsApp Web interface appears ready
2025-11-10 12:40:49,304 - INFO - WhatsApp Web loaded successfully after 13s
2025-11-10 12:40:49,931 - INFO - Starting creation of invitations for 2 contacts...
2025-11-10 12:40:53,775 - INFO - Created PDF for કીશન ભાણો
2025-11-10 12:40:55,690 - INFO - Created PDF for કેરશીયા કાનાભાઇ
2025-11-10 12:40:56,209 - INFO - Starting to send existing invitations to 2 contacts...
2025-11-10 12:40:56,210 - INFO - Sending 1/2: કીશન ભાણો
2025-11-10 12:41:07,270 - INFO - User chose not to send for કીશન ભાણો
2025-11-10 12:41:07,305 - WARNING - X Not sent to કીશન ભાણો
2025-11-10 12:41:09,306 - INFO - Sending 2/2: કેરશીયા કાનાભાઇ
2025-11-10 12:41:26,081 - INFO - Found menu using selector: div[aria-label="Menu"]
2025-11-10 12:41:28,535 - INFO - Found chat_list using selector: #pane-side
2025-11-10 12:41:28,595 - INFO - Found message_input using selector: div[contenteditable="true"]
2025-11-10 12:41:30,714 - INFO - Found main_area using selector: #main
2025-11-10 12:41:30,715 - INFO - WhatsApp readiness probe found selectors: [('menu', 'div[aria-label="Menu"]'), ('chat_list', '#pane-side'), ('message_input', 'div[contenteditable="true"]'), ('main_area', '#main')]
2025-11-10 12:41:30,715 - INFO - WhatsApp Web interface appears ready
2025-11-10 13:37:31,444 - INFO - Attempting to close existing Chrome processes...
2025-11-10 13:37:33,886 - INFO - Starting WebDriver initialization...
2025-11-10 13:37:46,013 - INFO - Chrome browser launched
2025-11-10 13:37:46,509 - INFO - Browser window maximized
2025-11-10 13:37:46,509 - INFO - Loading WhatsApp Web...
2025-11-10 13:37:47,648 - INFO - Checking WhatsApp Web status (attempt 1/3)...
2025-11-10 13:38:10,776 - INFO - Found chat_list using selector: #pane-side
2025-11-10 13:38:11,815 - INFO - Found message_input using selector: div[contenteditable="true"]
2025-11-10 13:38:14,200 - INFO - Found main_area using selector: #main
2025-11-10 13:38:14,207 - INFO - WhatsApp readiness probe found selectors: [('chat_list', '#pane-side'), ('message_input', 'div[contenteditable="true"]'), ('main_area', '#main')]
2025-11-10 13:38:14,219 - INFO - WhatsApp Web interface appears ready
2025-11-10 13:38:14,227 - INFO - WhatsApp Web loaded successfully after 26s
2025-11-10 13:38:16,344 - INFO - Starting to send existing invitations to 2 contacts...
2025-11-10 13:38:16,346 - INFO - Sending 1/2: કીશન ભાણો
2025-11-10 13:38:41,923 - INFO - Found menu using selector: div[aria-label="Menu"]
2025-11-10 13:38:44,426 - INFO - Found chat_list using selector: #pane-side
2025-11-10 13:38:44,443 - INFO - Found message_input using selector: div[contenteditable="true"]
2025-11-10 13:38:46,510 - INFO - Found main_area using selector: #main
2025-11-10 13:38:46,510 - INFO - WhatsApp readiness probe found selectors: [('menu', 'div[aria-label="Menu"]'), ('chat_list', '#pane-side'), ('message_input', 'div[contenteditable="true"]'), ('main_area', '#main')]
2025-11-10 13:38:46,511 - INFO - WhatsApp Web interface appears ready
2025-11-10 13:39:43,412 - INFO - Attached file: D:\WorkflowAuto\Invitation\invitations\invitation_કીશન_ભાણો.pdf
2025-11-10 13:39:46,431 - ERROR - Message box not found
2025-11-10 13:39:46,557 - WARNING - X Not sent to કીશન ભાણો - 2025-11-10 13:39:46,431 - ERROR - Message box not found
2025-11-10 13:39:48,793 - INFO - Sending 2/2: કેરશીયા કાનાભાઇ
2025-11-10 13:40:14,839 - INFO - Found menu using selector: div[aria-label="Menu"]
2025-11-10 13:40:17,225 - INFO - Found chat_list using selector: #pane-side
2025-11-10 13:40:17,393 - INFO - Found message_input using selector: div[contenteditable="true"]
2025-11-10 13:40:19,659 - INFO - Found main_area using selector: #main
2025-11-10 13:40:19,660 - INFO - WhatsApp readiness probe found selectors: [('menu', 'div[aria-label="Menu"]'), ('chat_list', '#pane-side'), ('message_input', 'div[contenteditable="true"]'), ('main_area', '#main')]
2025-11-10 13:40:19,661 - INFO - WhatsApp Web interface appears ready
2025-11-10 13:41:15,199 - INFO - Attached file: D:\WorkflowAuto\Invitation\invitations\invitation_કેરશીયા_કાનાભાઇ.pdf
2025-11-10 13:41:18,218 - ERROR - Message box not found
2025-11-10 13:41:18,368 - WARNING - X Not sent to કેરશીયા કાનાભાઇ - 2025-11-10 13:41:18,218 - ERROR - Message box not found
2025-11-10 13:41:20,703 - INFO - Completed sending: 0/2 sent
2025-11-10 14:52:33,208 - INFO - Attempting to close existing Chrome processes...
2025-11-10 14:52:35,728 - INFO - Starting WebDriver initialization...
2025-11-10 14:52:40,544 - INFO - Chrome browser launched
2025-11-10 14:52:40,571 - INFO - Browser window maximized
2025-11-10 14:52:40,572 - INFO - Loading WhatsApp Web...
2025-11-10 14:52:42,329 - INFO - Checking WhatsApp Web status (attempt 1/3)...
2025-11-10 14:52:49,574 - INFO - Found menu using selector: div[aria-label="Menu"]
2025-11-10 14:52:51,690 - INFO - Found chat_list using selector: #pane-side
2025-11-10 14:52:51,710 - INFO - Found message_input using selector: div[contenteditable="true"]
2025-11-10 14:52:53,824 - INFO - Found main_area using selector: #main
2025-11-10 14:52:53,824 - INFO - WhatsApp readiness probe found selectors: [('menu', 'div[aria-label="Menu"]'), ('chat_list', '#pane-side'), ('message_input', 'div[contenteditable="true"]'), ('main_area', '#main')]
2025-11-10 14:52:53,824 - INFO - WhatsApp Web interface appears ready
2025-11-10 14:52:53,825 - INFO - WhatsApp Web loaded successfully after 11s
2025-11-10 14:52:54,217 - INFO - Starting to send existing invitations to 2 contacts...
2025-11-10 14:52:54,217 - INFO - Sending 1/2: ભાદરકા ભીમભાઇ
2025-11-10 14:53:04,078 - INFO - User requested to quit
2025-11-10 15:01:49,224 - INFO - Attempting to close existing Chrome processes...
2025-11-10 15:01:51,598 - INFO - Starting WebDriver initialization...
2025-11-10 15:02:00,283 - INFO - Chrome browser launched
2025-11-10 15:02:00,292 - INFO - Browser window maximized
2025-11-10 15:02:00,293 - INFO - Loading WhatsApp Web...
2025-11-10 15:02:02,278 - INFO - Checking WhatsApp Web status (attempt 1/3)...
2025-11-10 15:02:10,456 - WARNING - WhatsApp readiness probe did not find expected selectors
2025-11-10 15:02:10,457 - WARNING - Readiness check failed; detected flags: {'menu': False, 'chat_list': False, 'message_input': False, 'main_area': False}
2025-11-10 15:02:10,457 - WARNING - WhatsApp Web loaded but required UI elements not found
2025-11-10 15:02:10,458 - INFO - Refreshing page...
2025-11-10 15:02:10,460 - WARNING - Failed to refresh: Message: no such window: target window already closed
from unknown error: web view not found
  (Session info: chrome=142.0.7444.60)
Stacktrace:
Symbols not available. Dumping unresolved backtrace:
	0x2d58d3
	0x2d5914
	0xee76d
	0xcc32d
	0x1632ee
	0x17e799
	0x15c766
	0x12dac0
	0x12ede4
	0x557974
	0x552bea
	0x2fe5c4
	0x2edd38
	0x2f4d9d
	0x2ddee8
	0x2de0ac
	0x2c7d2a
	0x75505d49
	0x778ed6db
	0x778ed661
	0

2025-11-10 15:02:10,461 - INFO - Checking WhatsApp Web status (attempt 2/3)...
2025-11-10 15:02:10,464 - ERROR - Error checking WhatsApp status: Message: no such window: target window already closed
from unknown error: web view not found
  (Session info: chrome=142.0.7444.60)
Stacktrace:
Symbols not available. Dumping unresolved backtrace:
	0x2d58d3
	0x2d5914
	0xee76d
	0xcc32d
	0x1632ee
	0x17e799
	0x15c766
	0x12dac0
	0x12ede4
	0x557974
	0x552bea
	0x2fe5c4
	0x2edd38
	0x2f4d9d
	0x2ddee8
	0x2de0ac
	0x2c7d2a
	0x75505d49
	0x778ed6db
	0x778ed661
	0

2025-11-10 15:02:10,466 - INFO - Refreshing page...
2025-11-10 15:02:10,473 - WARNING - Failed to refresh: Message: no such window: target window already closed
from unknown error: web view not found
  (Session info: chrome=142.0.7444.60)
Stacktrace:
Symbols not available. Dumping unresolved backtrace:
	0x2d58d3
	0x2d5914
	0xee76d
	0xcc32d
	0x1632ee
	0x17e799
	0x15c766
	0x12dac0
	0x12ede4
	0x557974
	0x552bea
	0x2fe5c4
	0x2edd38
	0x2f4d9d
	0x2ddee8
	0x2de0ac
	0x2c7d2a
	0x75505d49
	0x778ed6db
	0x778ed661
	0

2025-11-10 15:02:10,473 - INFO - Checking WhatsApp Web status (attempt 3/3)...
2025-11-10 15:02:10,475 - ERROR - Error checking WhatsApp status: Message: no such window: target window already closed
from unknown error: web view not found
  (Session info: chrome=142.0.7444.60)
Stacktrace:
Symbols not available. Dumping unresolved backtrace:
	0x2d58d3
	0x2d5914
	0xee76d
	0xcc32d
	0x1632ee
	0x17e799
	0x15c766
	0x12dac0
	0x12ede4
	0x557974
	0x552bea
	0x2fe5c4
	0x2edd38
	0x2f4d9d
	0x2ddee8
	0x2de0ac
	0x2c7d2a
	0x75505d49
	0x778ed6db
	0x778ed661
	0

2025-11-10 15:02:10,477 - ERROR - WhatsApp Web not ready. Debug screenshots saved in D:\WorkflowAuto\Invitation\debug_whatsapp/
2025-11-10 15:02:10,477 - ERROR - Failed to initialize WebDriver: WhatsApp Web failed to initialize
2025-11-10 15:02:12,569 - ERROR - Failed to initialize: WhatsApp Web failed to initialize
2025-11-10 21:46:07,961 - INFO - Starting WebDriver initialization...
2025-11-10 21:46:30,696 - INFO - Chrome browser launched
2025-11-10 21:46:30,712 - INFO - Browser window maximized
2025-11-10 21:46:30,712 - INFO - Loading WhatsApp Web...
2025-11-10 21:46:35,702 - INFO - Checking WhatsApp Web status (attempt 1/3)...
2025-11-10 21:46:48,442 - INFO - Found menu using selector: div[aria-label="Menu"]
2025-11-10 21:46:51,127 - INFO - Found chat_list using selector: #pane-side
2025-11-10 21:46:51,406 - INFO - Found message_input using selector: div[contenteditable="true"]
2025-11-10 21:46:54,300 - INFO - Found main_area using selector: #main
2025-11-10 21:46:54,301 - INFO - WhatsApp readiness probe found selectors: [('menu', 'div[aria-label="Menu"]'), ('chat_list', '#pane-side'), ('message_input', 'div[contenteditable="true"]'), ('main_area', '#main')]
2025-11-10 21:46:54,301 - INFO - WhatsApp Web interface appears ready
2025-11-10 21:46:54,302 - INFO - WhatsApp Web loaded successfully after 18s
2025-11-10 21:46:56,157 - INFO - Starting to send existing invitations to 2 contacts...
2025-11-10 21:46:56,158 - INFO - Sending 1/2: ભાદરકા ભીમભાઇ
2025-11-10 21:47:03,494 - INFO - User requested to quit
2025-11-10 21:49:59,600 - INFO - Starting WebDriver initialization...
2025-11-10 21:50:04,758 - INFO - Chrome browser launched
2025-11-10 21:50:04,808 - INFO - Browser window maximized
2025-11-10 21:50:04,809 - INFO - Loading WhatsApp Web...
2025-11-10 21:50:09,280 - INFO - Checking WhatsApp Web status (attempt 1/3)...
2025-11-10 21:50:17,084 - INFO - Found menu using selector: div[aria-label="Menu"]
2025-11-10 21:50:19,305 - INFO - Found chat_list using selector: #pane-side
2025-11-10 21:50:19,321 - INFO - Found message_input using selector: div[contenteditable="true"]
2025-11-10 21:50:21,376 - INFO - Found main_area using selector: #main
2025-11-10 21:50:21,377 - INFO - WhatsApp readiness probe found selectors: [('menu', 'div[aria-label="Menu"]'), ('chat_list', '#pane-side'), ('message_input', 'div[contenteditable="true"]'), ('main_area', '#main')]
2025-11-10 21:50:21,377 - INFO - WhatsApp Web interface appears ready
2025-11-10 21:50:21,377 - INFO - WhatsApp Web loaded successfully after 12s
2025-11-10 21:50:21,876 - INFO - Starting to send existing invitations to 2 contacts...
2025-11-10 21:50:21,876 - INFO - Sending 1/2: ભાદરકા ભીમભાઇ
2025-11-10 21:50:31,058 - INFO - Found menu using selector: div[aria-label="Menu"]
2025-11-10 21:50:33,115 - INFO - Found chat_list using selector: #pane-side
2025-11-10 21:50:33,128 - INFO - Found message_input using selector: div[contenteditable="true"]
2025-11-10 21:50:35,184 - INFO - Found main_area using selector: #main
2025-11-10 21:50:35,185 - INFO - WhatsApp readiness probe found selectors: [('menu', 'div[aria-label="Menu"]'), ('chat_list', '#pane-side'), ('message_input', 'div[contenteditable="true"]'), ('main_area', '#main')]
2025-11-10 21:50:35,185 - INFO - WhatsApp Web interface appears ready
2025-11-10 21:51:29,181 - INFO - Attached file: D:\WorkflowAuto\Invitation\invitations\invitation_ભાદરકા_ભીમભાઇ.pdf
2025-11-10 21:51:32,189 - ERROR - Message box not found
2025-11-10 21:51:32,229 - WARNING - X Not sent to ભાદરકા ભીમભાઇ - 2025-11-10 21:51:32,189 - ERROR - Message box not found
2025-11-10 21:51:32,322 - WARNING - Permission denied saving contacts.xlsx; saving statuses to contacts_with_status_1762791692.xlsx instead
2025-11-10 21:51:34,324 - INFO - Sending 2/2: ચૌહાણ પુંજાભાઇ 
2025-11-10 21:51:46,146 - INFO - Found menu using selector: div[aria-label="Menu"]
2025-11-10 21:51:48,219 - INFO - Found chat_list using selector: #pane-side
2025-11-10 21:51:48,276 - INFO - Found message_input using selector: div[contenteditable="true"]
2025-11-10 21:51:50,384 - INFO - Found main_area using selector: #main
2025-11-10 21:51:50,384 - INFO - WhatsApp readiness probe found selectors: [('menu', 'div[aria-label="Menu"]'), ('chat_list', '#pane-side'), ('message_input', 'div[contenteditable="true"]'), ('main_area', '#main')]
2025-11-10 21:51:50,384 - INFO - WhatsApp Web interface appears ready
2025-11-10 21:52:44,082 - INFO - Attached file: D:\WorkflowAuto\Invitation\invitations\invitation_ચૌહાણ_પુંજાભાઇ.pdf
2025-11-10 21:52:47,083 - ERROR - Message box not found
2025-11-10 21:52:47,100 - WARNING - X Not sent to ચૌહાણ પુંજાભાઇ  - 2025-11-10 21:52:47,083 - ERROR - Message box not found
2025-11-10 21:52:49,127 - INFO - Completed sending: 0/2 sent
2025-11-10 21:56:43,943 - INFO - Attempting to close existing Chrome processes...
2025-11-10 21:56:46,275 - INFO - Starting WebDriver initialization...
2025-11-10 21:56:50,613 - INFO - Chrome browser launched
2025-11-10 21:56:50,621 - INFO - Browser window maximized
2025-11-10 21:56:50,621 - INFO - Loading WhatsApp Web...
2025-11-10 21:56:51,945 - INFO - Checking WhatsApp Web status (attempt 1/3)...
2025-11-10 21:56:59,920 - INFO - Found menu using selector: div[aria-label="Menu"]
2025-11-10 21:57:02,005 - INFO - Found chat_list using selector: #pane-side
2025-11-10 21:57:02,027 - INFO - Found message_input using selector: div[contenteditable="true"]
2025-11-10 21:57:04,160 - INFO - Found main_area using selector: #main
2025-11-10 21:57:04,160 - INFO - WhatsApp readiness probe found selectors: [('menu', 'div[aria-label="Menu"]'), ('chat_list', '#pane-side'), ('message_input', 'div[contenteditable="true"]'), ('main_area', '#main')]
2025-11-10 21:57:04,160 - INFO - WhatsApp Web interface appears ready
2025-11-10 21:57:04,161 - INFO - WhatsApp Web loaded successfully after 12s
2025-11-10 21:57:04,498 - INFO - Starting to send existing invitations to 2 contacts...
2025-11-10 21:57:04,499 - INFO - Sending 1/2: ભાદરકા ભીમભાઇ
2025-11-10 21:57:14,609 - INFO - Found menu using selector: div[aria-label="Menu"]
2025-11-10 21:57:16,695 - INFO - Found chat_list using selector: #pane-side
2025-11-10 21:57:16,707 - INFO - Found message_input using selector: div[contenteditable="true"]
2025-11-10 21:57:18,775 - INFO - Found main_area using selector: #main
2025-11-10 21:57:18,775 - INFO - WhatsApp readiness probe found selectors: [('menu', 'div[aria-label="Menu"]'), ('chat_list', '#pane-side'), ('message_input', 'div[contenteditable="true"]'), ('main_area', '#main')]
2025-11-10 21:57:18,775 - INFO - WhatsApp Web interface appears ready
2025-11-10 21:58:12,255 - INFO - Attached file: D:\WorkflowAuto\Invitation\invitations\invitation_ભાદરકા_ભીમભાઇ.pdf
2025-11-10 21:58:20,128 - INFO - Outgoing message appeared in chat
2025-11-10 21:58:20,154 - INFO - ✓ Message delivery confirmed (double-tick)
2025-11-10 21:58:22,163 - INFO - ✓ Sent to ભાદરકા ભીમભાઇ
2025-11-10 21:58:22,222 - WARNING - Permission denied saving contacts.xlsx; saving statuses to contacts_with_status_1762792102.xlsx instead
2025-11-10 21:58:24,223 - INFO - Sending 2/2: ચૌહાણ પુંજાભાઇ 
2025-11-10 21:58:34,335 - INFO - Found menu using selector: div[aria-label="Menu"]
2025-11-10 21:58:36,397 - INFO - Found chat_list using selector: #pane-side
2025-11-10 21:58:36,415 - INFO - Found message_input using selector: div[contenteditable="true"]
2025-11-10 21:58:38,474 - INFO - Found main_area using selector: #main
2025-11-10 21:58:38,474 - INFO - WhatsApp readiness probe found selectors: [('menu', 'div[aria-label="Menu"]'), ('chat_list', '#pane-side'), ('message_input', 'div[contenteditable="true"]'), ('main_area', '#main')]
2025-11-10 21:58:38,474 - INFO - WhatsApp Web interface appears ready
2025-11-10 21:59:32,367 - INFO - Attached file: D:\WorkflowAuto\Invitation\invitations\invitation_ચૌહાણ_પુંજાભાઇ.pdf
2025-11-10 21:59:41,886 - INFO - Outgoing message appeared in chat
2025-11-10 22:00:05,070 - INFO - ✓ Single-tick detected - message sent to server/client (accepted)
2025-11-10 22:00:07,075 - INFO - ✓ Sent to ચૌહાણ પુંજાભાઇ 
2025-11-10 22:00:09,133 - INFO - Completed sending: 2/2 sent
2025-11-10 22:09:39,235 - INFO - Starting WebDriver initialization...
2025-11-10 22:09:43,788 - INFO - Chrome browser launched
2025-11-10 22:09:43,800 - INFO - Browser window maximized
2025-11-10 22:09:43,803 - INFO - Loading WhatsApp Web...
2025-11-10 22:09:45,385 - INFO - Checking WhatsApp Web status (attempt 1/3)...
2025-11-10 22:09:52,499 - INFO - Found menu using selector: div[aria-label="Menu"]
2025-11-10 22:09:54,981 - INFO - Found chat_list using selector: #pane-side
2025-11-10 22:09:55,005 - INFO - Found message_input using selector: div[contenteditable="true"]
2025-11-10 22:09:57,099 - INFO - Found main_area using selector: #main
2025-11-10 22:09:57,100 - INFO - WhatsApp readiness probe found selectors: [('menu', 'div[aria-label="Menu"]'), ('chat_list', '#pane-side'), ('message_input', 'div[contenteditable="true"]'), ('main_area', '#main')]
2025-11-10 22:09:57,100 - INFO - WhatsApp Web interface appears ready
2025-11-10 22:09:57,100 - INFO - WhatsApp Web loaded successfully after 11s
2025-11-10 22:09:57,425 - INFO - Starting to send existing invitations to 2 contacts...
2025-11-10 22:09:57,426 - INFO - Sending 1/2: ભાદરકા ભીમભાઇ
2025-11-10 22:10:06,734 - INFO - Found menu using selector: div[aria-label="Menu"]
2025-11-10 22:10:08,788 - INFO - Found chat_list using selector: #pane-side
2025-11-10 22:10:08,800 - INFO - Found message_input using selector: div[contenteditable="true"]
2025-11-10 22:10:10,861 - INFO - Found main_area using selector: #main
2025-11-10 22:10:10,861 - INFO - WhatsApp readiness probe found selectors: [('menu', 'div[aria-label="Menu"]'), ('chat_list', '#pane-side'), ('message_input', 'div[contenteditable="true"]'), ('main_area', '#main')]
2025-11-10 22:10:10,862 - INFO - WhatsApp Web interface appears ready
2025-11-10 22:11:04,624 - INFO - Attached file: D:\WorkflowAuto\Invitation\invitations\invitation_ભાદરકા_ભીમભાઇ.pdf
2025-11-10 22:11:12,650 - INFO - Outgoing message appeared in chat
2025-11-10 22:11:12,693 - INFO - ✓ Message delivery confirmed (double-tick)
2025-11-10 22:11:14,696 - INFO - ✓ Sent to ભાદરકા ભીમભાઇ
2025-11-10 22:11:16,741 - INFO - Sending 2/2: ચૌહાણ પુંજાભાઇ 
2025-11-10 22:11:27,225 - INFO - Found menu using selector: div[aria-label="Menu"]
2025-11-10 22:11:29,284 - INFO - Found chat_list using selector: #pane-side
2025-11-10 22:11:29,300 - INFO - Found message_input using selector: div[contenteditable="true"]
2025-11-10 22:11:31,500 - INFO - Found main_area using selector: #main
2025-11-10 22:11:31,500 - INFO - WhatsApp readiness probe found selectors: [('menu', 'div[aria-label="Menu"]'), ('chat_list', '#pane-side'), ('message_input', 'div[contenteditable="true"]'), ('main_area', '#main')]
2025-11-10 22:11:31,501 - INFO - WhatsApp Web interface appears ready
2025-11-10 22:12:24,827 - INFO - Attached file: D:\WorkflowAuto\Invitation\invitations\invitation_ચૌહાણ_પુંજાભાઇ.pdf
2025-11-10 22:12:32,679 - INFO - Outgoing message appeared in chat
2025-11-10 22:12:32,739 - INFO - ✓ Message delivery confirmed (double-tick)
2025-11-10 22:12:34,740 - INFO - ✓ Sent to ચૌહાણ પુંજાભાઇ 
2025-11-10 22:12:36,759 - INFO - Completed sending: 2/2 sent
2025-11-10 22:13:30,664 - INFO - Starting WebDriver initialization...
2025-11-10 22:13:35,555 - INFO - Chrome browser launched
2025-11-10 22:13:35,594 - INFO - Browser window maximized
2025-11-10 22:13:35,602 - INFO - Loading WhatsApp Web...
2025-11-10 22:13:38,286 - INFO - Checking WhatsApp Web status (attempt 1/3)...
2025-11-10 22:13:46,131 - INFO - Found menu using selector: div[aria-label="Menu"]
2025-11-10 22:13:48,475 - INFO - Found chat_list using selector: #pane-side
2025-11-10 22:13:48,490 - INFO - Found message_input using selector: div[contenteditable="true"]
2025-11-10 22:13:50,613 - INFO - Found main_area using selector: #main
2025-11-10 22:13:50,615 - INFO - WhatsApp readiness probe found selectors: [('menu', 'div[aria-label="Menu"]'), ('chat_list', '#pane-side'), ('message_input', 'div[contenteditable="true"]'), ('main_area', '#main')]
2025-11-10 22:13:50,619 - INFO - WhatsApp Web interface appears ready
2025-11-10 22:13:50,621 - INFO - WhatsApp Web loaded successfully after 12s
2025-11-10 22:13:51,724 - INFO - Starting to send existing invitations to 2 contacts...
2025-11-10 22:13:51,731 - INFO - Sending 1/2: ભાદરકા ભીમભાઇ
2025-11-10 22:14:01,224 - WARNING - WhatsApp readiness probe did not find expected selectors
2025-11-10 22:14:01,225 - WARNING - Readiness check failed; detected flags: {'menu': False, 'chat_list': False, 'message_input': False, 'main_area': False}
2025-11-10 22:14:01,225 - ERROR - WhatsApp Web not ready
2025-11-10 22:14:01,242 - WARNING - X Not sent to ભાદરકા ભીમભાઇ - 2025-11-10 22:14:01,225 - ERROR - WhatsApp Web not ready
2025-11-10 22:14:03,311 - INFO - Sending 2/2: ચૌહાણ પુંજાભાઇ 
2025-11-10 22:14:03,369 - ERROR - Error sending message: Message: invalid session id; For documentation on this error, please visit: https://www.selenium.dev/documentation/webdriver/troubleshooting/errors#invalidsessionidexception
Stacktrace:
Symbols not available. Dumping unresolved backtrace:
	0x5958d3
	0x595914
	0x3ae5bb
	0x3eceea
	0x41c826
	0x418090
	0x4175c3
	0x37e4ed
	0x37ea7e
	0x37ef3d
	0x817974
	0x812bea
	0x5be5c4
	0x5add38
	0x5b4d9d
	0x37e1a3
	0x37d858
	0x96ffdf
	0x769d5d49
	0x7795d6db
	0x7795d661

2025-11-10 22:14:03,406 - WARNING - X Not sent to ચૌહાણ પુંજાભાઇ  - 0x7795d661
2025-11-10 22:14:05,426 - INFO - Completed sending: 0/2 sent
2025-11-10 22:15:46,532 - INFO - Starting WebDriver initialization...
2025-11-10 22:15:50,893 - INFO - Chrome browser launched
2025-11-10 22:15:50,899 - INFO - Browser window maximized
2025-11-10 22:15:50,900 - INFO - Loading WhatsApp Web...
2025-11-10 22:15:54,645 - INFO - Checking WhatsApp Web status (attempt 1/3)...
2025-11-10 22:16:01,394 - INFO - Found menu using selector: div[aria-label="Menu"]
2025-11-10 22:16:03,452 - INFO - Found chat_list using selector: #pane-side
2025-11-10 22:16:03,468 - INFO - Found message_input using selector: div[contenteditable="true"]
2025-11-10 22:16:05,543 - INFO - Found main_area using selector: #main
2025-11-10 22:16:05,543 - INFO - WhatsApp readiness probe found selectors: [('menu', 'div[aria-label="Menu"]'), ('chat_list', '#pane-side'), ('message_input', 'div[contenteditable="true"]'), ('main_area', '#main')]
2025-11-10 22:16:05,543 - INFO - WhatsApp Web interface appears ready
2025-11-10 22:16:05,544 - INFO - WhatsApp Web loaded successfully after 10s
2025-11-10 22:16:05,827 - INFO - Starting to send existing invitations to 2 contacts...
2025-11-10 22:16:05,828 - INFO - Sending 1/2: ભાદરકા ભીમભાઇ
2025-11-10 22:16:16,020 - INFO - Found menu using selector: div[aria-label="Menu"]
2025-11-10 22:16:18,068 - INFO - Found chat_list using selector: #pane-side
2025-11-10 22:16:18,103 - INFO - Found message_input using selector: div[contenteditable="true"]
2025-11-10 22:16:20,152 - INFO - Found main_area using selector: #main
2025-11-10 22:16:20,152 - INFO - WhatsApp readiness probe found selectors: [('menu', 'div[aria-label="Menu"]'), ('chat_list', '#pane-side'), ('message_input', 'div[contenteditable="true"]'), ('main_area', '#main')]
2025-11-10 22:16:20,152 - INFO - WhatsApp Web interface appears ready
2025-11-10 22:17:13,774 - INFO - Attached file: D:\WorkflowAuto\Invitation\invitations\invitation_ભાદરકા_ભીમભાઇ.pdf
2025-11-10 22:17:21,619 - INFO - Outgoing message appeared in chat
2025-11-10 22:17:21,631 - INFO - Message appeared in chat after 0.0s
2025-11-10 22:17:37,339 - INFO - ✓ Message delivery confirmed (double-tick) after 15.7s
2025-11-10 22:17:38,340 - INFO - ✓ Sent to ભાદરકા ભીમભાઇ
2025-11-10 22:17:40,400 - INFO - Sending 2/2: ચૌહાણ પુંજાભાઇ 
2025-11-10 22:17:51,639 - INFO - Found menu using selector: div[aria-label="Menu"]
2025-11-10 22:17:53,710 - INFO - Found chat_list using selector: #pane-side
2025-11-10 22:17:53,735 - INFO - Found message_input using selector: div[contenteditable="true"]
2025-11-10 22:17:55,801 - INFO - Found main_area using selector: #main
2025-11-10 22:17:55,801 - INFO - WhatsApp readiness probe found selectors: [('menu', 'div[aria-label="Menu"]'), ('chat_list', '#pane-side'), ('message_input', 'div[contenteditable="true"]'), ('main_area', '#main')]
2025-11-10 22:17:55,801 - INFO - WhatsApp Web interface appears ready
2025-11-10 22:18:49,616 - INFO - Attached file: D:\WorkflowAuto\Invitation\invitations\invitation_ચૌહાણ_પુંજાભાઇ.pdf
2025-11-10 22:18:58,037 - INFO - Outgoing message appeared in chat
2025-11-10 22:18:58,058 - INFO - Message appeared in chat after 0.0s
2025-11-10 22:19:07,115 - INFO - ✓ Message delivery confirmed (double-tick) after 9.1s
2025-11-10 22:19:08,116 - INFO - ✓ Sent to ચૌહાણ પુંજાભાઇ 
2025-11-10 22:19:10,149 - INFO - Completed sending: 2/2 sent
2025-11-10 22:19:36,739 - INFO - Starting WebDriver initialization...
2025-11-10 22:19:40,497 - INFO - Chrome browser launched
2025-11-10 22:19:40,532 - INFO - Browser window maximized
2025-11-10 22:19:40,534 - INFO - Loading WhatsApp Web...
2025-11-10 22:19:41,903 - INFO - Checking WhatsApp Web status (attempt 1/3)...
2025-11-10 22:19:50,304 - INFO - Found menu using selector: div[aria-label="Menu"]
2025-11-10 22:19:52,407 - INFO - Found chat_list using selector: #pane-side
2025-11-10 22:19:52,427 - INFO - Found message_input using selector: div[contenteditable="true"]
2025-11-10 22:19:54,501 - INFO - Found main_area using selector: #main
2025-11-10 22:19:54,501 - INFO - WhatsApp readiness probe found selectors: [('menu', 'div[aria-label="Menu"]'), ('chat_list', '#pane-side'), ('message_input', 'div[contenteditable="true"]'), ('main_area', '#main')]
2025-11-10 22:19:54,501 - INFO - WhatsApp Web interface appears ready
2025-11-10 22:19:54,502 - INFO - WhatsApp Web loaded successfully after 12s
2025-11-10 22:19:54,811 - INFO - Starting to send existing invitations to 19 contacts...
2025-11-10 22:19:54,812 - INFO - Sending 1/19: ભાદરકા ભીમભાઇ
2025-11-10 22:20:04,019 - INFO - Found menu using selector: div[aria-label="Menu"]
2025-11-10 22:20:06,068 - INFO - Found chat_list using selector: #pane-side
2025-11-10 22:20:06,082 - INFO - Found message_input using selector: div[contenteditable="true"]
2025-11-10 22:20:08,128 - INFO - Found main_area using selector: #main
2025-11-10 22:20:08,129 - INFO - WhatsApp readiness probe found selectors: [('menu', 'div[aria-label="Menu"]'), ('chat_list', '#pane-side'), ('message_input', 'div[contenteditable="true"]'), ('main_area', '#main')]
2025-11-10 22:20:08,129 - INFO - WhatsApp Web interface appears ready
2025-11-10 22:21:01,288 - INFO - Attached file: D:\WorkflowAuto\Invitation\invitations\invitation_ભાદરકા_ભીમભાઇ.pdf
2025-11-10 22:21:09,075 - INFO - Outgoing message appeared in chat
2025-11-10 22:21:09,090 - INFO - Message appeared in chat after 0.0s
2025-11-10 22:21:12,520 - INFO - ✓ Message delivery confirmed (double-tick) after 3.4s
2025-11-10 22:21:13,540 - INFO - ✓ Sent to ભાદરકા ભીમભાઇ
2025-11-10 22:21:15,574 - INFO - Sending 2/19: ચૌહાણ પુંજાભાઇ
2025-11-10 22:21:24,832 - INFO - Found menu using selector: div[aria-label="Menu"]
2025-11-10 22:21:26,913 - INFO - Found chat_list using selector: #pane-side
2025-11-10 22:21:26,931 - INFO - Found message_input using selector: div[contenteditable="true"]
2025-11-10 22:21:33,180 - INFO - WhatsApp readiness probe found selectors: [('menu', 'div[aria-label="Menu"]'), ('chat_list', '#pane-side'), ('message_input', 'div[contenteditable="true"]')]
2025-11-10 22:21:33,181 - INFO - WhatsApp Web interface appears ready
2025-11-10 22:22:13,608 - ERROR - Chat failed to load
2025-11-10 22:22:13,634 - WARNING - X Not sent to ચૌહાણ પુંજાભાઇ - 2025-11-10 22:22:13,608 - ERROR - Chat failed to load
2025-11-10 22:22:15,670 - INFO - Sending 3/19: ચૌહાણ હરદાસભાઇ
2025-11-10 22:22:24,979 - INFO - Found menu using selector: div[aria-label="Menu"]
2025-11-10 22:22:27,042 - INFO - Found chat_list using selector: #pane-side
2025-11-10 22:22:27,060 - INFO - Found message_input using selector: div[contenteditable="true"]
2025-11-10 22:22:29,121 - INFO - Found main_area using selector: #main
2025-11-10 22:22:29,121 - INFO - WhatsApp readiness probe found selectors: [('menu', 'div[aria-label="Menu"]'), ('chat_list', '#pane-side'), ('message_input', 'div[contenteditable="true"]'), ('main_area', '#main')]
2025-11-10 22:22:29,122 - INFO - WhatsApp Web interface appears ready
2025-11-10 22:23:22,350 - INFO - Attached file: D:\WorkflowAuto\Invitation\invitations\invitation_ચૌહાણ_હરદાસભાઇ.pdf
2025-11-10 22:23:30,756 - INFO - Outgoing message appeared in chat
2025-11-10 22:23:30,796 - INFO - Message appeared in chat after 0.0s
2025-11-10 22:23:39,132 - INFO - ✓ Message delivery confirmed (double-tick) after 8.4s
2025-11-10 22:23:40,133 - INFO - ✓ Sent to ચૌહાણ હરદાસભાઇ
2025-11-10 22:23:42,170 - INFO - Sending 4/19: ગોહીલ અમરસીંહભાઇ
2025-11-10 22:23:51,961 - INFO - Found menu using selector: div[aria-label="Menu"]
2025-11-10 22:23:54,021 - INFO - Found chat_list using selector: #pane-side
2025-11-10 22:23:54,039 - INFO - Found message_input using selector: div[contenteditable="true"]
2025-11-10 22:23:56,100 - INFO - Found main_area using selector: #main
2025-11-10 22:23:56,101 - INFO - WhatsApp readiness probe found selectors: [('menu', 'div[aria-label="Menu"]'), ('chat_list', '#pane-side'), ('message_input', 'div[contenteditable="true"]'), ('main_area', '#main')]
2025-11-10 22:23:56,101 - INFO - WhatsApp Web interface appears ready
2025-11-10 22:24:49,437 - INFO - Attached file: D:\WorkflowAuto\Invitation\invitations\invitation_ગોહીલ_અમરસીંહભાઇ.pdf
2025-11-10 22:24:57,721 - INFO - Outgoing message appeared in chat
2025-11-10 22:24:57,796 - INFO - Message appeared in chat after 0.1s
2025-11-10 22:25:08,427 - INFO - ✓ Message delivery confirmed (double-tick) after 10.7s
2025-11-10 22:25:09,428 - INFO - ✓ Sent to ગોહીલ અમરસીંહભાઇ
2025-11-10 22:25:11,466 - INFO - Sending 5/19: ગોહીલ અમરસીંહભાઇ
2025-11-10 22:25:21,489 - INFO - Found menu using selector: div[aria-label="Menu"]
2025-11-10 22:25:23,551 - INFO - Found chat_list using selector: #pane-side
2025-11-10 22:25:23,571 - INFO - Found message_input using selector: div[contenteditable="true"]
2025-11-10 22:25:29,788 - INFO - WhatsApp readiness probe found selectors: [('menu', 'div[aria-label="Menu"]'), ('chat_list', '#pane-side'), ('message_input', 'div[contenteditable="true"]')]
2025-11-10 22:25:29,788 - INFO - WhatsApp Web interface appears ready
2025-11-10 22:26:10,393 - ERROR - Chat failed to load
2025-11-10 22:26:10,405 - WARNING - X Not sent to ગોહીલ અમરસીંહભાઇ - 2025-11-10 22:26:10,393 - ERROR - Chat failed to load
2025-11-10 22:26:12,445 - INFO - Sending 6/19: મોદી સૌરભભાઇ
2025-11-10 22:26:21,929 - INFO - Found menu using selector: div[aria-label="Menu"]
2025-11-10 22:26:24,020 - INFO - Found chat_list using selector: #pane-side
2025-11-10 22:26:24,032 - INFO - Found message_input using selector: div[contenteditable="true"]
2025-11-10 22:26:26,085 - INFO - Found main_area using selector: #main
2025-11-10 22:26:26,085 - INFO - WhatsApp readiness probe found selectors: [('menu', 'div[aria-label="Menu"]'), ('chat_list', '#pane-side'), ('message_input', 'div[contenteditable="true"]'), ('main_area', '#main')]
2025-11-10 22:26:26,085 - INFO - WhatsApp Web interface appears ready
2025-11-10 22:27:19,420 - INFO - Attached file: D:\WorkflowAuto\Invitation\invitations\invitation_મોદી_સૌરભભાઇ.pdf
2025-11-10 22:27:27,734 - INFO - Outgoing message appeared in chat
2025-11-10 22:27:27,830 - INFO - Message appeared in chat after 0.1s
2025-11-10 22:27:39,247 - INFO - ✓ Message delivery confirmed (double-tick) after 11.5s
2025-11-10 22:27:40,248 - INFO - ✓ Sent to મોદી સૌરભભાઇ
2025-11-10 22:27:42,288 - INFO - Sending 7/19: પરમાર હરેશભાઇ
2025-11-10 22:27:51,991 - INFO - Found menu using selector: div[aria-label="Menu"]
2025-11-10 22:27:54,073 - INFO - Found chat_list using selector: #pane-side
2025-11-10 22:27:54,092 - INFO - Found message_input using selector: div[contenteditable="true"]
2025-11-10 22:27:56,149 - INFO - Found main_area using selector: #main
2025-11-10 22:27:56,149 - INFO - WhatsApp readiness probe found selectors: [('menu', 'div[aria-label="Menu"]'), ('chat_list', '#pane-side'), ('message_input', 'div[contenteditable="true"]'), ('main_area', '#main')]
2025-11-10 22:27:56,149 - INFO - WhatsApp Web interface appears ready
2025-11-10 22:28:49,517 - INFO - Attached file: D:\WorkflowAuto\Invitation\invitations\invitation_પરમાર_હરેશભાઇ.pdf
2025-11-10 22:28:57,964 - INFO - Outgoing message appeared in chat
2025-11-10 22:28:58,026 - INFO - Message appeared in chat after 0.1s
2025-11-10 22:29:09,356 - INFO - ✓ Message delivery confirmed (double-tick) after 11.4s
2025-11-10 22:29:10,358 - INFO - ✓ Sent to પરમાર હરેશભાઇ
2025-11-10 22:29:12,391 - INFO - Sending 8/19: પરમાર રાજ સાહેબ
2025-11-10 22:29:22,508 - INFO - Found menu using selector: div[aria-label="Menu"]
2025-11-10 22:29:24,749 - INFO - Found chat_list using selector: #pane-side
2025-11-10 22:29:24,768 - INFO - Found message_input using selector: div[contenteditable="true"]
2025-11-10 22:29:26,822 - INFO - Found main_area using selector: #main
2025-11-10 22:29:26,822 - INFO - WhatsApp readiness probe found selectors: [('menu', 'div[aria-label="Menu"]'), ('chat_list', '#pane-side'), ('message_input', 'div[contenteditable="true"]'), ('main_area', '#main')]
2025-11-10 22:29:26,822 - INFO - WhatsApp Web interface appears ready
2025-11-10 22:30:19,936 - INFO - Attached file: D:\WorkflowAuto\Invitation\invitations\invitation_પરમાર_રાજ_સાહેબ.pdf
2025-11-10 22:30:28,294 - INFO - Outgoing message appeared in chat
2025-11-10 22:30:28,372 - INFO - Message appeared in chat after 0.1s
2025-11-10 22:30:38,055 - INFO - ✓ Message delivery confirmed (double-tick) after 9.8s
2025-11-10 22:30:39,056 - INFO - ✓ Sent to પરમાર રાજ સાહેબ
2025-11-10 22:30:41,080 - INFO - Sending 9/19: કીરણભાઇ હોટલ
2025-11-10 22:30:51,274 - INFO - Found menu using selector: div[aria-label="Menu"]
2025-11-10 22:30:53,333 - INFO - Found chat_list using selector: #pane-side
2025-11-10 22:30:53,352 - INFO - Found message_input using selector: div[contenteditable="true"]
2025-11-10 22:30:59,475 - INFO - WhatsApp readiness probe found selectors: [('menu', 'div[aria-label="Menu"]'), ('chat_list', '#pane-side'), ('message_input', 'div[contenteditable="true"]')]
2025-11-10 22:30:59,475 - INFO - WhatsApp Web interface appears ready
2025-11-10 22:31:40,143 - ERROR - Chat failed to load
2025-11-10 22:31:40,158 - WARNING - X Not sent to કીરણભાઇ હોટલ - 2025-11-10 22:31:40,143 - ERROR - Chat failed to load
2025-11-10 22:31:42,184 - INFO - Sending 10/19: સુવા નારણભાઇ
2025-11-10 22:31:51,275 - INFO - Found menu using selector: div[aria-label="Menu"]
2025-11-10 22:31:53,326 - INFO - Found chat_list using selector: #pane-side
2025-11-10 22:31:53,341 - INFO - Found message_input using selector: div[contenteditable="true"]
2025-11-10 22:31:55,393 - INFO - Found main_area using selector: #main
2025-11-10 22:31:55,393 - INFO - WhatsApp readiness probe found selectors: [('menu', 'div[aria-label="Menu"]'), ('chat_list', '#pane-side'), ('message_input', 'div[contenteditable="true"]'), ('main_area', '#main')]
2025-11-10 22:31:55,393 - INFO - WhatsApp Web interface appears ready
2025-11-10 22:32:48,479 - INFO - Attached file: D:\WorkflowAuto\Invitation\invitations\invitation_સુવા_નારણભાઇ.pdf
2025-11-10 22:32:56,871 - INFO - Outgoing message appeared in chat
2025-11-10 22:32:56,895 - INFO - Message appeared in chat after 0.0s
2025-11-10 22:33:05,823 - INFO - ✓ Message delivery confirmed (double-tick) after 9.0s
2025-11-10 22:33:06,824 - INFO - ✓ Sent to સુવા નારણભાઇ
2025-11-10 22:33:08,856 - INFO - Sending 11/19: સુવા હરેશભાઇ
2025-11-10 22:33:18,490 - INFO - Found menu using selector: div[aria-label="Menu"]
2025-11-10 22:33:20,548 - INFO - Found chat_list using selector: #pane-side
2025-11-10 22:33:20,564 - INFO - Found message_input using selector: div[contenteditable="true"]
2025-11-10 22:33:22,620 - INFO - Found main_area using selector: #main
2025-11-10 22:33:22,620 - INFO - WhatsApp readiness probe found selectors: [('menu', 'div[aria-label="Menu"]'), ('chat_list', '#pane-side'), ('message_input', 'div[contenteditable="true"]'), ('main_area', '#main')]
2025-11-10 22:33:22,620 - INFO - WhatsApp Web interface appears ready
2025-11-10 22:34:15,925 - INFO - Attached file: D:\WorkflowAuto\Invitation\invitations\invitation_સુવા_હરેશભાઇ.pdf
2025-11-10 22:34:24,312 - INFO - Outgoing message appeared in chat
2025-11-10 22:34:24,339 - INFO - Message appeared in chat after 0.0s
2025-11-10 22:34:33,528 - INFO - ✓ Message delivery confirmed (double-tick) after 9.2s
2025-11-10 22:34:34,529 - INFO - ✓ Sent to સુવા હરેશભાઇ
2025-11-10 22:34:36,555 - INFO - Sending 12/19: સુવા જયેશભાઇ
2025-11-10 22:34:45,918 - INFO - Found menu using selector: div[aria-label="Menu"]
2025-11-10 22:34:47,977 - INFO - Found chat_list using selector: #pane-side
2025-11-10 22:34:47,992 - INFO - Found message_input using selector: div[contenteditable="true"]
2025-11-10 22:34:50,048 - INFO - Found main_area using selector: #main
2025-11-10 22:34:50,048 - INFO - WhatsApp readiness probe found selectors: [('menu', 'div[aria-label="Menu"]'), ('chat_list', '#pane-side'), ('message_input', 'div[contenteditable="true"]'), ('main_area', '#main')]
2025-11-10 22:34:50,048 - INFO - WhatsApp Web interface appears ready
2025-11-10 22:35:43,302 - INFO - Attached file: D:\WorkflowAuto\Invitation\invitations\invitation_સુવા_જયેશભાઇ.pdf
2025-11-10 22:35:51,958 - INFO - Outgoing message appeared in chat
2025-11-10 22:35:51,972 - INFO - Message appeared in chat after 0.0s
2025-11-10 22:37:52,263 - INFO - ✓ Single-tick verified (message sent) after 120.3s
2025-11-10 22:37:53,264 - INFO - ✓ Sent to સુવા જયેશભાઇ
2025-11-10 22:37:55,289 - INFO - Sending 13/19: સુવા જયેશભાઇ
2025-11-10 22:38:26,503 - WARNING - WhatsApp readiness probe did not find expected selectors
2025-11-10 22:38:26,503 - WARNING - Readiness check failed; detected flags: {'menu': False, 'chat_list': False, 'message_input': False, 'main_area': False}
2025-11-10 22:38:26,503 - ERROR - WhatsApp Web not ready
2025-11-10 22:38:26,519 - WARNING - X Not sent to સુવા જયેશભાઇ - 2025-11-10 22:38:26,503 - ERROR - WhatsApp Web not ready
2025-11-10 22:38:28,544 - INFO - Sending 14/19: સોલંકી કીશોરભાઇ
2025-11-10 22:39:00,566 - WARNING - WhatsApp readiness probe did not find expected selectors
2025-11-10 22:39:00,567 - WARNING - Readiness check failed; detected flags: {'menu': False, 'chat_list': False, 'message_input': False, 'main_area': False}
2025-11-10 22:39:00,568 - ERROR - WhatsApp Web not ready
2025-11-10 22:39:00,581 - WARNING - X Not sent to સોલંકી કીશોરભાઇ - 2025-11-10 22:39:00,568 - ERROR - WhatsApp Web not ready
2025-11-10 22:39:02,624 - INFO - Sending 15/19: પીઠીયા પરાગભાઇ
2025-11-10 22:39:34,593 - WARNING - WhatsApp readiness probe did not find expected selectors
2025-11-10 22:39:34,594 - WARNING - Readiness check failed; detected flags: {'menu': False, 'chat_list': False, 'message_input': False, 'main_area': False}
2025-11-10 22:39:34,594 - ERROR - WhatsApp Web not ready
2025-11-10 22:39:34,606 - WARNING - X Not sent to પીઠીયા પરાગભાઇ - 2025-11-10 22:39:34,594 - ERROR - WhatsApp Web not ready
2025-11-10 22:39:36,636 - INFO - Sending 16/19: પીઠીયા પરાગભાઇ
2025-11-10 22:40:07,459 - WARNING - WhatsApp readiness probe did not find expected selectors
2025-11-10 22:40:07,459 - WARNING - Readiness check failed; detected flags: {'menu': False, 'chat_list': False, 'message_input': False, 'main_area': False}
2025-11-10 22:40:07,459 - ERROR - WhatsApp Web not ready
2025-11-10 22:40:07,475 - WARNING - X Not sent to પીઠીયા પરાગભાઇ - 2025-11-10 22:40:07,459 - ERROR - WhatsApp Web not ready
2025-11-10 22:40:09,517 - INFO - Sending 17/19: ભારવડીયા રામદેભાઇ
2025-11-10 22:40:40,950 - WARNING - WhatsApp readiness probe did not find expected selectors
2025-11-10 22:40:40,950 - WARNING - Readiness check failed; detected flags: {'menu': False, 'chat_list': False, 'message_input': False, 'main_area': False}
2025-11-10 22:40:40,950 - ERROR - WhatsApp Web not ready
2025-11-10 22:40:40,963 - WARNING - X Not sent to ભારવડીયા રામદેભાઇ - 2025-11-10 22:40:40,950 - ERROR - WhatsApp Web not ready
2025-11-10 22:40:42,985 - INFO - Sending 18/19:  કાળુભાઇ નથુભાઇ ઉપલેટા
2025-11-10 22:41:02,703 - INFO - Found menu using selector: div[aria-label="Menu"]
2025-11-10 22:41:05,028 - INFO - Found chat_list using selector: #pane-side
2025-11-10 22:41:05,042 - INFO - Found message_input using selector: div[contenteditable="true"]
2025-11-10 22:41:07,105 - INFO - Found main_area using selector: #main
2025-11-10 22:41:07,105 - INFO - WhatsApp readiness probe found selectors: [('menu', 'div[aria-label="Menu"]'), ('chat_list', '#pane-side'), ('message_input', 'div[contenteditable="true"]'), ('main_area', '#main')]
2025-11-10 22:41:07,105 - INFO - WhatsApp Web interface appears ready
2025-11-10 22:42:00,515 - INFO - Attached file: D:\WorkflowAuto\Invitation\invitations\invitation_કાળુભાઇ_નથુભાઇ_ઉપલેટા.pdf
2025-11-10 22:42:08,915 - INFO - Outgoing message appeared in chat
2025-11-10 22:42:08,992 - INFO - Message appeared in chat after 0.1s
2025-11-10 22:42:19,069 - INFO - ✓ Message delivery confirmed (double-tick) after 10.2s
2025-11-10 22:42:20,070 - INFO - ✓ Sent to  કાળુભાઇ નથુભાઇ ઉપલેટા
2025-11-10 22:42:22,099 - INFO - Sending 19/19: કાછીયા આકાશભાઇ
2025-11-10 22:42:32,568 - INFO - Found menu using selector: div[aria-label="Menu"]
2025-11-10 22:42:34,625 - INFO - Found chat_list using selector: #pane-side
2025-11-10 22:42:34,642 - INFO - Found message_input using selector: div[contenteditable="true"]
2025-11-10 22:42:36,838 - INFO - Found main_area using selector: #main
2025-11-10 22:42:36,839 - INFO - WhatsApp readiness probe found selectors: [('menu', 'div[aria-label="Menu"]'), ('chat_list', '#pane-side'), ('message_input', 'div[contenteditable="true"]'), ('main_area', '#main')]
2025-11-10 22:42:36,839 - INFO - WhatsApp Web interface appears ready
2025-11-10 22:43:30,154 - INFO - Attached file: D:\WorkflowAuto\Invitation\invitations\invitation_કાછીયા_આકાશભાઇ.pdf
2025-11-10 22:43:38,791 - INFO - Outgoing message appeared in chat
2025-11-10 22:43:38,930 - INFO - Message appeared in chat after 0.1s
2025-11-10 22:45:38,928 - INFO - ✓ Single-tick verified (message sent) after 120.1s
2025-11-10 22:45:39,930 - INFO - ✓ Sent to કાછીયા આકાશભાઇ
2025-11-10 22:45:41,967 - INFO - Completed sending: 11/19 sent
2025-11-10 22:50:36,068 - INFO - Starting WebDriver initialization...
2025-11-10 22:50:39,940 - INFO - Chrome browser launched
2025-11-10 22:50:40,110 - INFO - Browser window maximized
2025-11-10 22:50:40,114 - INFO - Loading WhatsApp Web...
2025-11-10 22:50:41,772 - INFO - Checking WhatsApp Web status (attempt 1/3)...
2025-11-10 22:50:50,210 - INFO - Found menu using selector: div[aria-label="Menu"]
2025-11-10 22:50:52,337 - INFO - Found chat_list using selector: #pane-side
2025-11-10 22:50:52,405 - INFO - Found message_input using selector: div[contenteditable="true"]
2025-11-10 22:50:54,774 - INFO - Found main_area using selector: #main
2025-11-10 22:50:54,775 - INFO - WhatsApp readiness probe found selectors: [('menu', 'div[aria-label="Menu"]'), ('chat_list', '#pane-side'), ('message_input', 'div[contenteditable="true"]'), ('main_area', '#main')]
2025-11-10 22:50:54,776 - INFO - WhatsApp Web interface appears ready
2025-11-10 22:50:54,776 - INFO - WhatsApp Web loaded successfully after 13s
2025-11-10 22:50:55,243 - INFO - Starting to send existing invitations to 30 contacts...
2025-11-10 22:50:55,243 - INFO - Sending 1/30: પટેલ લાલાભાઇ 
2025-11-10 22:51:06,295 - INFO - Found menu using selector: div[aria-label="Menu"]
2025-11-10 22:51:08,359 - INFO - Found chat_list using selector: #pane-side
2025-11-10 22:51:08,372 - INFO - Found message_input using selector: div[contenteditable="true"]
2025-11-10 22:51:10,425 - INFO - Found main_area using selector: #main
2025-11-10 22:51:10,425 - INFO - WhatsApp readiness probe found selectors: [('menu', 'div[aria-label="Menu"]'), ('chat_list', '#pane-side'), ('message_input', 'div[contenteditable="true"]'), ('main_area', '#main')]
2025-11-10 22:51:10,425 - INFO - WhatsApp Web interface appears ready
2025-11-10 22:52:03,940 - INFO - Attached file: D:\WorkflowAuto\Invitation\invitations\invitation_પટેલ_લાલાભાઇ.pdf
2025-11-10 22:52:12,597 - INFO - Outgoing message appeared in chat
2025-11-10 22:52:12,621 - INFO - Message appeared in chat after 0.0s
2025-11-10 22:54:12,652 - INFO - ✓ Single-tick verified (message sent) after 120.1s
2025-11-10 22:54:13,674 - INFO - ✓ Sent to પટેલ લાલાભાઇ 
2025-11-10 22:54:15,728 - INFO - Sending 2/30: પટેલ વીનોદભાઇ
2025-11-10 22:54:26,002 - INFO - Found menu using selector: div[aria-label="Menu"]
2025-11-10 22:54:28,069 - INFO - Found chat_list using selector: #pane-side
2025-11-10 22:54:28,095 - INFO - Found message_input using selector: div[contenteditable="true"]
2025-11-10 22:54:30,163 - INFO - Found main_area using selector: #main
2025-11-10 22:54:30,163 - INFO - WhatsApp readiness probe found selectors: [('menu', 'div[aria-label="Menu"]'), ('chat_list', '#pane-side'), ('message_input', 'div[contenteditable="true"]'), ('main_area', '#main')]
2025-11-10 22:54:30,164 - INFO - WhatsApp Web interface appears ready
2025-11-10 22:55:24,026 - INFO - Attached file: D:\WorkflowAuto\Invitation\invitations\invitation_પટેલ_વીનોદભાઇ.pdf
2025-11-10 22:55:32,665 - INFO - Outgoing message appeared in chat
2025-11-10 22:55:32,775 - INFO - Message appeared in chat after 0.1s
2025-11-10 22:55:43,920 - INFO - ✓ Message delivery confirmed (double-tick) after 11.2s
2025-11-10 22:55:44,921 - INFO - ✓ Sent to પટેલ વીનોદભાઇ
2025-11-10 22:55:46,977 - INFO - Sending 3/30: પટેલ રાજુભાઇ
2025-11-10 22:55:57,508 - INFO - Found menu using selector: div[aria-label="Menu"]
2025-11-10 22:55:59,587 - INFO - Found chat_list using selector: #pane-side
2025-11-10 22:55:59,605 - INFO - Found message_input using selector: div[contenteditable="true"]
2025-11-10 22:56:01,666 - INFO - Found main_area using selector: #main
2025-11-10 22:56:01,666 - INFO - WhatsApp readiness probe found selectors: [('menu', 'div[aria-label="Menu"]'), ('chat_list', '#pane-side'), ('message_input', 'div[contenteditable="true"]'), ('main_area', '#main')]
2025-11-10 22:56:01,667 - INFO - WhatsApp Web interface appears ready
2025-11-10 22:56:55,809 - INFO - Attached file: D:\WorkflowAuto\Invitation\invitations\invitation_પટેલ_રાજુભાઇ.pdf
2025-11-10 22:57:04,454 - INFO - Outgoing message appeared in chat
2025-11-10 22:57:04,663 - INFO - Message appeared in chat after 0.2s
2025-11-10 22:57:16,375 - INFO - ✓ Message delivery confirmed (double-tick) after 11.9s
2025-11-10 22:57:17,375 - INFO - ✓ Sent to પટેલ રાજુભાઇ
2025-11-10 22:57:19,408 - INFO - Sending 4/30: પટેલ રાજુભાઇ
2025-11-10 22:57:29,287 - INFO - Found menu using selector: div[aria-label="Menu"]
2025-11-10 22:57:31,386 - INFO - Found chat_list using selector: #pane-side
2025-11-10 22:57:31,400 - INFO - Found message_input using selector: div[contenteditable="true"]
2025-11-10 22:57:33,479 - INFO - Found main_area using selector: #main
2025-11-10 22:57:33,479 - INFO - WhatsApp readiness probe found selectors: [('menu', 'div[aria-label="Menu"]'), ('chat_list', '#pane-side'), ('message_input', 'div[contenteditable="true"]'), ('main_area', '#main')]
2025-11-10 22:57:33,480 - INFO - WhatsApp Web interface appears ready
2025-11-10 22:58:27,203 - INFO - Attached file: D:\WorkflowAuto\Invitation\invitations\invitation_પટેલ_રાજુભાઇ.pdf
2025-11-10 22:58:35,602 - INFO - Outgoing message appeared in chat
2025-11-10 22:58:35,618 - INFO - Message appeared in chat after 0.0s
2025-11-10 22:58:39,897 - INFO - ✓ Message delivery confirmed (double-tick) after 4.3s
2025-11-10 22:58:40,897 - INFO - ✓ Sent to પટેલ રાજુભાઇ
2025-11-10 22:58:42,929 - INFO - Sending 5/30: પાઠક સંજયભાઇ
2025-11-10 22:58:53,289 - INFO - Found menu using selector: div[aria-label="Menu"]
2025-11-10 22:58:55,521 - INFO - Found chat_list using selector: #pane-side
2025-11-10 22:58:55,539 - INFO - Found message_input using selector: div[contenteditable="true"]
2025-11-10 22:58:57,596 - INFO - Found main_area using selector: #main
2025-11-10 22:58:57,597 - INFO - WhatsApp readiness probe found selectors: [('menu', 'div[aria-label="Menu"]'), ('chat_list', '#pane-side'), ('message_input', 'div[contenteditable="true"]'), ('main_area', '#main')]
2025-11-10 22:58:57,597 - INFO - WhatsApp Web interface appears ready
2025-11-10 22:59:51,792 - INFO - Attached file: D:\WorkflowAuto\Invitation\invitations\invitation_પાઠક_સંજયભાઇ.pdf
2025-11-10 22:59:59,599 - INFO - Outgoing message appeared in chat
2025-11-10 22:59:59,625 - INFO - Message appeared in chat after 0.0s
2025-11-10 22:59:59,643 - INFO - ✓ Message delivery confirmed (double-tick) after 0.0s
2025-11-10 23:00:00,643 - INFO - ✓ Sent to પાઠક સંજયભાઇ
2025-11-10 23:00:02,788 - INFO - Sending 6/30: પાઠક હેમંતભાઇ
2025-11-10 23:00:12,319 - INFO - Found menu using selector: div[aria-label="Menu"]
2025-11-10 23:00:14,480 - INFO - Found chat_list using selector: #pane-side
2025-11-10 23:00:14,494 - INFO - Found message_input using selector: div[contenteditable="true"]
2025-11-10 23:00:16,552 - INFO - Found main_area using selector: #main
2025-11-10 23:00:16,552 - INFO - WhatsApp readiness probe found selectors: [('menu', 'div[aria-label="Menu"]'), ('chat_list', '#pane-side'), ('message_input', 'div[contenteditable="true"]'), ('main_area', '#main')]
2025-11-10 23:00:16,553 - INFO - WhatsApp Web interface appears ready
2025-11-10 23:01:10,007 - INFO - Attached file: D:\WorkflowAuto\Invitation\invitations\invitation_પાઠક_હેમંતભાઇ.pdf
2025-11-10 23:01:18,642 - INFO - Outgoing message appeared in chat
2025-11-10 23:01:18,777 - INFO - Message appeared in chat after 0.1s
2025-11-10 23:01:29,870 - INFO - ✓ Message delivery confirmed (double-tick) after 11.2s
2025-11-10 23:01:30,870 - INFO - ✓ Sent to પાઠક હેમંતભાઇ
2025-11-10 23:01:32,915 - INFO - Sending 7/30: બકાભાઇ
2025-11-10 23:01:43,436 - INFO - Found menu using selector: div[aria-label="Menu"]
2025-11-10 23:01:45,760 - INFO - Found chat_list using selector: #pane-side
2025-11-10 23:01:45,833 - INFO - Found message_input using selector: div[contenteditable="true"]
2025-11-10 23:01:48,091 - INFO - Found main_area using selector: #main
2025-11-10 23:01:48,091 - INFO - WhatsApp readiness probe found selectors: [('menu', 'div[aria-label="Menu"]'), ('chat_list', '#pane-side'), ('message_input', 'div[contenteditable="true"]'), ('main_area', '#main')]
2025-11-10 23:01:48,091 - INFO - WhatsApp Web interface appears ready
2025-11-10 23:02:41,593 - INFO - Attached file: D:\WorkflowAuto\Invitation\invitations\invitation_બકાભાઇ.pdf
2025-11-10 23:02:50,139 - INFO - Outgoing message appeared in chat
2025-11-10 23:02:50,170 - INFO - Message appeared in chat after 0.0s
2025-11-10 23:04:50,460 - INFO - ✓ Single-tick verified (message sent) after 120.3s
2025-11-10 23:04:51,462 - INFO - ✓ Sent to બકાભાઇ
2025-11-10 23:04:53,538 - INFO - Sending 8/30: ભાદરકા ધનાભાઇ
2025-11-10 23:05:00,539 - INFO - Found menu using selector: [data-icon="menu"]
2025-11-10 23:05:19,029 - INFO - WhatsApp readiness probe found selectors: [('menu', '[data-icon="menu"]')]
2025-11-10 23:05:19,030 - WARNING - Readiness check failed; detected flags: {'menu': True, 'chat_list': False, 'message_input': False, 'main_area': False}
2025-11-10 23:05:19,031 - ERROR - WhatsApp Web not ready
2025-11-10 23:05:19,063 - WARNING - X Not sent to ભાદરકા ધનાભાઇ - 2025-11-10 23:05:19,031 - ERROR - WhatsApp Web not ready
2025-11-10 23:05:21,094 - INFO - Sending 9/30: ભાવીનભાઇ
2025-11-10 23:05:28,403 - INFO - Found menu using selector: [data-icon="menu"]
2025-11-10 23:05:47,081 - INFO - WhatsApp readiness probe found selectors: [('menu', '[data-icon="menu"]')]
2025-11-10 23:05:47,081 - WARNING - Readiness check failed; detected flags: {'menu': True, 'chat_list': False, 'message_input': False, 'main_area': False}
2025-11-10 23:05:47,082 - ERROR - WhatsApp Web not ready
2025-11-10 23:05:47,107 - WARNING - X Not sent to ભાવીનભાઇ - 2025-11-10 23:05:47,082 - ERROR - WhatsApp Web not ready
2025-11-10 23:05:49,136 - INFO - Sending 10/30: સંજયભાઇ
2025-11-10 23:05:54,658 - INFO - Found menu using selector: [data-icon="menu"]
2025-11-10 23:06:13,128 - INFO - WhatsApp readiness probe found selectors: [('menu', '[data-icon="menu"]')]
2025-11-10 23:06:13,128 - WARNING - Readiness check failed; detected flags: {'menu': True, 'chat_list': False, 'message_input': False, 'main_area': False}
2025-11-10 23:06:13,129 - ERROR - WhatsApp Web not ready
2025-11-10 23:06:13,142 - WARNING - X Not sent to સંજયભાઇ - 2025-11-10 23:06:13,129 - ERROR - WhatsApp Web not ready
2025-11-10 23:06:15,170 - INFO - Sending 11/30: સંજયભાઇ
2025-11-10 23:06:22,457 - INFO - Found menu using selector: [data-icon="menu"]
2025-11-10 23:06:40,941 - INFO - WhatsApp readiness probe found selectors: [('menu', '[data-icon="menu"]')]
2025-11-10 23:06:40,941 - WARNING - Readiness check failed; detected flags: {'menu': True, 'chat_list': False, 'message_input': False, 'main_area': False}
2025-11-10 23:06:40,941 - ERROR - WhatsApp Web not ready
2025-11-10 23:06:40,955 - WARNING - X Not sent to સંજયભાઇ - 2025-11-10 23:06:40,941 - ERROR - WhatsApp Web not ready
2025-11-10 23:06:42,985 - INFO - Sending 12/30: ગણપતસીંહ
2025-11-10 23:06:50,113 - INFO - Found menu using selector: [data-icon="menu"]
2025-11-10 23:38:15,590 - INFO - Starting WebDriver initialization...
2025-11-10 23:38:19,279 - INFO - Chrome browser launched
2025-11-10 23:38:19,292 - INFO - Browser window maximized
2025-11-10 23:38:19,293 - INFO - Loading WhatsApp Web...
2025-11-10 23:38:20,360 - INFO - Checking WhatsApp Web status (attempt 1/3)...
2025-11-10 23:38:27,189 - INFO - Found menu using selector: [data-icon="menu"]
2025-11-10 23:38:46,123 - INFO - WhatsApp readiness probe found selectors: [('menu', '[data-icon="menu"]')]
2025-11-10 23:38:46,124 - WARNING - Readiness check failed; detected flags: {'menu': True, 'chat_list': False, 'message_input': False, 'main_area': False}
2025-11-10 23:38:46,125 - WARNING - WhatsApp Web loaded but required UI elements not found
2025-11-10 23:38:46,302 - INFO - Refreshing page...
2025-11-10 23:38:52,779 - INFO - Checking WhatsApp Web status (attempt 2/3)...
2025-11-10 23:39:20,720 - WARNING - WhatsApp readiness probe did not find expected selectors
2025-11-10 23:39:20,721 - WARNING - Readiness check failed; detected flags: {'menu': False, 'chat_list': False, 'message_input': False, 'main_area': False}
2025-11-10 23:39:20,721 - WARNING - WhatsApp Web loaded but required UI elements not found
2025-11-10 23:39:20,910 - INFO - Refreshing page...
2025-11-10 23:39:26,710 - INFO - Checking WhatsApp Web status (attempt 3/3)...
2025-11-10 23:39:38,678 - INFO - Found chat_list using selector: #pane-side
2025-11-10 23:39:38,709 - INFO - Found message_input using selector: div[contenteditable="true"]
2025-11-10 23:39:46,047 - INFO - WhatsApp readiness probe found selectors: [('chat_list', '#pane-side'), ('message_input', 'div[contenteditable="true"]')]
2025-11-10 23:39:46,047 - INFO - WhatsApp Web interface appears ready
2025-11-10 23:39:46,048 - INFO - WhatsApp Web loaded successfully after 85s
2025-11-10 23:39:46,440 - INFO - Starting to send existing invitations to 23 contacts...
2025-11-10 23:39:46,441 - INFO - Sending 1/23: ભાદરકા ધનાભાઇ
2025-11-10 23:39:59,718 - INFO - Found chat_list using selector: #pane-side
2025-11-10 23:39:59,728 - INFO - Found message_input using selector: div[contenteditable="true"]
2025-11-10 23:40:01,938 - INFO - Found main_area using selector: #main
2025-11-10 23:40:01,938 - INFO - WhatsApp readiness probe found selectors: [('chat_list', '#pane-side'), ('message_input', 'div[contenteditable="true"]'), ('main_area', '#main')]
2025-11-10 23:40:01,938 - INFO - WhatsApp Web interface appears ready
2025-11-10 23:40:42,052 - ERROR - Chat failed to load
2025-11-10 23:40:42,086 - WARNING - X Not sent to ભાદરકા ધનાભાઇ - 2025-11-10 23:40:42,052 - ERROR - Chat failed to load
2025-11-10 23:40:42,122 - WARNING - Permission denied saving contacts.xlsx; saving statuses to contacts_with_status_1762798242.xlsx instead
2025-11-10 23:40:44,125 - INFO - Sending 2/23: ભાવીનભાઇ
2025-11-10 23:40:58,254 - INFO - Found chat_list using selector: #pane-side
2025-11-10 23:40:58,272 - INFO - Found message_input using selector: div[contenteditable="true"]
2025-11-10 23:41:00,330 - INFO - Found main_area using selector: #main
2025-11-10 23:41:00,330 - INFO - WhatsApp readiness probe found selectors: [('chat_list', '#pane-side'), ('message_input', 'div[contenteditable="true"]'), ('main_area', '#main')]
2025-11-10 23:41:00,330 - INFO - WhatsApp Web interface appears ready
2025-11-10 23:41:41,135 - ERROR - Chat failed to load
2025-11-10 23:41:41,146 - WARNING - X Not sent to ભાવીનભાઇ - 2025-11-10 23:41:41,135 - ERROR - Chat failed to load
2025-11-10 23:41:43,174 - INFO - Sending 3/23: સંજયભાઇ
2025-11-10 23:41:58,269 - INFO - Found chat_list using selector: #pane-side
2025-11-10 23:41:58,283 - INFO - Found message_input using selector: div[contenteditable="true"]
2025-11-10 23:42:04,542 - INFO - WhatsApp readiness probe found selectors: [('chat_list', '#pane-side'), ('message_input', 'div[contenteditable="true"]')]
2025-11-10 23:42:04,542 - INFO - WhatsApp Web interface appears ready
2025-11-10 23:42:45,386 - ERROR - Chat failed to load
2025-11-10 23:42:45,402 - WARNING - X Not sent to સંજયભાઇ - 2025-11-10 23:42:45,386 - ERROR - Chat failed to load
2025-11-10 23:42:47,425 - INFO - Sending 4/23: સંજયભાઇ
2025-11-10 23:43:01,147 - INFO - Found chat_list using selector: #pane-side
2025-11-10 23:43:01,160 - INFO - Found message_input using selector: div[contenteditable="true"]
2025-11-10 23:43:03,221 - INFO - Found main_area using selector: #main
2025-11-10 23:43:03,221 - INFO - WhatsApp readiness probe found selectors: [('chat_list', '#pane-side'), ('message_input', 'div[contenteditable="true"]'), ('main_area', '#main')]
2025-11-10 23:43:03,221 - INFO - WhatsApp Web interface appears ready
2025-11-10 23:43:44,543 - ERROR - Chat failed to load
2025-11-10 23:43:44,560 - WARNING - X Not sent to સંજયભાઇ - 2025-11-10 23:43:44,543 - ERROR - Chat failed to load
2025-11-10 23:44:09,580 - INFO - Starting WebDriver initialization...
2025-11-10 23:44:13,109 - INFO - Chrome browser launched
2025-11-10 23:44:13,116 - INFO - Browser window maximized
2025-11-10 23:44:13,119 - INFO - Loading WhatsApp Web...
2025-11-10 23:44:16,971 - INFO - Checking WhatsApp Web status (attempt 1/3)...
2025-11-10 23:44:28,845 - INFO - Found chat_list using selector: #pane-side
2025-11-10 23:44:28,898 - INFO - Found message_input using selector: div[contenteditable="true"]
2025-11-10 23:44:30,982 - INFO - Found main_area using selector: #main
2025-11-10 23:44:30,982 - INFO - WhatsApp readiness probe found selectors: [('chat_list', '#pane-side'), ('message_input', 'div[contenteditable="true"]'), ('main_area', '#main')]
2025-11-10 23:44:30,982 - INFO - WhatsApp Web interface appears ready
2025-11-10 23:44:30,982 - INFO - WhatsApp Web loaded successfully after 14s
2025-11-10 23:44:31,503 - INFO - Starting to send existing invitations to 23 contacts...
2025-11-10 23:44:31,508 - INFO - Sending 1/23: ભાદરકા ધનાભાઇ
2025-11-10 23:44:46,243 - INFO - Found chat_list using selector: #pane-side
2025-11-10 23:44:46,268 - INFO - Found message_input using selector: div[contenteditable="true"]
2025-11-10 23:44:48,336 - INFO - Found main_area using selector: #main
2025-11-10 23:44:48,337 - INFO - WhatsApp readiness probe found selectors: [('chat_list', '#pane-side'), ('message_input', 'div[contenteditable="true"]'), ('main_area', '#main')]
2025-11-10 23:44:48,337 - INFO - WhatsApp Web interface appears ready
2025-11-10 23:45:29,504 - ERROR - Chat failed to load
2025-11-10 23:45:29,526 - WARNING - X Not sent to ભાદરકા ધનાભાઇ - 2025-11-10 23:45:29,504 - ERROR - Chat failed to load
2025-11-10 23:45:31,563 - INFO - Sending 2/23: ભાવીનભાઇ
2025-11-10 23:45:46,217 - INFO - Found chat_list using selector: #pane-side
2025-11-10 23:45:46,233 - INFO - Found message_input using selector: div[contenteditable="true"]
2025-11-10 23:45:48,550 - INFO - Found main_area using selector: #main
2025-11-10 23:45:48,552 - INFO - WhatsApp readiness probe found selectors: [('chat_list', '#pane-side'), ('message_input', 'div[contenteditable="true"]'), ('main_area', '#main')]
2025-11-10 23:45:48,552 - INFO - WhatsApp Web interface appears ready
2025-11-10 23:46:28,910 - ERROR - Chat failed to load
2025-11-10 23:46:28,927 - WARNING - X Not sent to ભાવીનભાઇ - 2025-11-10 23:46:28,910 - ERROR - Chat failed to load
2025-11-10 23:46:30,993 - INFO - Sending 3/23: સંજયભાઇ
2025-11-10 23:46:46,213 - INFO - Found chat_list using selector: #pane-side
2025-11-10 23:46:46,229 - INFO - Found message_input using selector: div[contenteditable="true"]
2025-11-10 23:46:48,332 - INFO - Found main_area using selector: #main
2025-11-10 23:46:48,332 - INFO - WhatsApp readiness probe found selectors: [('chat_list', '#pane-side'), ('message_input', 'div[contenteditable="true"]'), ('main_area', '#main')]
2025-11-10 23:46:48,333 - INFO - WhatsApp Web interface appears ready
2025-11-10 23:46:51,946 - ERROR - Error sending message: Message: target frame detached
  (failed to check if window was closed: disconnected: Unable to receive message from renderer)
  (Session info: chrome=142.0.7444.60)
Stacktrace:
Symbols not available. Dumping unresolved backtrace:
	0x8458d3
	0x845914
	0x65e5bb
	0x64e98d
	0x64db3a
	0x66c734
	0x6d34c5
	0x6ee799
	0x6cc766
	0x69dac0
	0x69ede4
	0xac7974
	0xac2bea
	0x86e5c4
	0x85dd38
	0x864d9d
	0x84dee8
	0x84e0ac
	0x837d2a
	0x769d5d49
	0x7795d6db
	0x7795d661

2025-11-10 23:46:51,966 - WARNING - X Not sent to સંજયભાઇ - 0x7795d661
2025-11-10 23:46:54,015 - INFO - Sending 4/23: સંજયભાઇ
2025-11-10 23:46:54,030 - ERROR - Error sending message: Message: invalid session id: session deleted as the browser has closed the connection
from disconnected: not connected to DevTools
  (Session info: chrome=142.0.7444.60); For documentation on this error, please visit: https://www.selenium.dev/documentation/webdriver/troubleshooting/errors#invalidsessionidexception
Stacktrace:
Symbols not available. Dumping unresolved backtrace:
	0x8458d3
	0x845914
	0x65e76d
	0x64d980
	0x66c734
	0x6d34c5
	0x6ee799
	0x6cc766
	0x69dac0
	0x69ede4
	0xac7974
	0xac2bea
	0x86e5c4
	0x85dd38
	0x864d9d
	0x84dee8
	0x84e0ac
	0x837d2a
	0x769d5d49
	0x7795d6db
	0x7795d661

2025-11-10 23:46:54,042 - WARNING - X Not sent to સંજયભાઇ - 0x7795d661
2025-11-10 23:46:56,063 - INFO - Sending 5/23: ગણપતસીંહ
2025-11-10 23:46:56,064 - ERROR - Error sending message: Message: invalid session id; For documentation on this error, please visit: https://www.selenium.dev/documentation/webdriver/troubleshooting/errors#invalidsessionidexception
Stacktrace:
Symbols not available. Dumping unresolved backtrace:
	0x8458d3
	0x845914
	0x65e5bb
	0x69ceea
	0x6cc826
	0x6c8090
	0x6c75c3
	0x62e4ed
	0x62ea7e
	0x62ef3d
	0xac7974
	0xac2bea
	0x86e5c4
	0x85dd38
	0x864d9d
	0x62e1a3
	0x62d858
	0xc1ffdf
	0x769d5d49
	0x7795d6db
	0x7795d661

2025-11-10 23:46:56,079 - WARNING - X Not sent to ગણપતસીંહ - 0x7795d661
2025-11-10 23:46:58,123 - INFO - Sending 6/23: ગણપતસીંહ
2025-11-10 23:46:58,124 - ERROR - Error sending message: Message: invalid session id; For documentation on this error, please visit: https://www.selenium.dev/documentation/webdriver/troubleshooting/errors#invalidsessionidexception
Stacktrace:
Symbols not available. Dumping unresolved backtrace:
	0x8458d3
	0x845914
	0x65e5bb
	0x69ceea
	0x6cc826
	0x6c8090
	0x6c75c3
	0x62e4ed
	0x62ea7e
	0x62ef3d
	0xac7974
	0xac2bea
	0x86e5c4
	0x85dd38
	0x864d9d
	0x62e1a3
	0x62d858
	0xc1ffdf
	0x769d5d49
	0x7795d6db
	0x7795d661

2025-11-10 23:46:58,137 - WARNING - X Not sent to ગણપતસીંહ - 0x7795d661
2025-11-10 23:47:00,158 - INFO - Sending 7/23: ગણપતસીંહ
2025-11-10 23:47:00,161 - ERROR - Error sending message: Message: invalid session id; For documentation on this error, please visit: https://www.selenium.dev/documentation/webdriver/troubleshooting/errors#invalidsessionidexception
Stacktrace:
Symbols not available. Dumping unresolved backtrace:
	0x8458d3
	0x845914
	0x65e5bb
	0x69ceea
	0x6cc826
	0x6c8090
	0x6c75c3
	0x62e4ed
	0x62ea7e
	0x62ef3d
	0xac7974
	0xac2bea
	0x86e5c4
	0x85dd38
	0x864d9d
	0x62e1a3
	0x62d858
	0xc1ffdf
	0x769d5d49
	0x7795d6db
	0x7795d661

2025-11-10 23:47:00,178 - WARNING - X Not sent to ગણપતસીંહ - 0x7795d661
2025-11-10 23:47:02,219 - INFO - Sending 8/23: વણકર વીપુલભાઇ
2025-11-10 23:47:02,221 - ERROR - Error sending message: Message: invalid session id; For documentation on this error, please visit: https://www.selenium.dev/documentation/webdriver/troubleshooting/errors#invalidsessionidexception
Stacktrace:
Symbols not available. Dumping unresolved backtrace:
	0x8458d3
	0x845914
	0x65e5bb
	0x69ceea
	0x6cc826
	0x6c8090
	0x6c75c3
	0x62e4ed
	0x62ea7e
	0x62ef3d
	0xac7974
	0xac2bea
	0x86e5c4
	0x85dd38
	0x864d9d
	0x62e1a3
	0x62d858
	0xc1ffdf
	0x769d5d49
	0x7795d6db
	0x7795d661

2025-11-10 23:47:02,234 - WARNING - X Not sent to વણકર વીપુલભાઇ - 0x7795d661
2025-11-10 23:47:31,827 - INFO - Starting WebDriver initialization...
2025-11-10 23:47:35,405 - INFO - Chrome browser launched
2025-11-10 23:47:35,458 - INFO - Browser window maximized
2025-11-10 23:47:35,458 - INFO - Loading WhatsApp Web...
2025-11-10 23:47:38,742 - INFO - Checking WhatsApp Web status (attempt 1/3)...
2025-11-10 23:47:51,922 - INFO - Found chat_list using selector: #pane-side
2025-11-10 23:47:51,951 - INFO - Found message_input using selector: div[contenteditable="true"]
2025-11-10 23:47:54,027 - INFO - Found main_area using selector: #main
2025-11-10 23:47:54,027 - INFO - WhatsApp readiness probe found selectors: [('chat_list', '#pane-side'), ('message_input', 'div[contenteditable="true"]'), ('main_area', '#main')]
2025-11-10 23:47:54,027 - INFO - WhatsApp Web interface appears ready
2025-11-10 23:47:54,027 - INFO - WhatsApp Web loaded successfully after 15s
2025-11-10 23:47:54,321 - INFO - Starting to send existing invitations to 23 contacts...
2025-11-10 23:47:54,322 - INFO - Sending 1/23: ભાદરકા ધનાભાઇ
2025-11-10 23:48:09,435 - INFO - Found chat_list using selector: #pane-side
2025-11-10 23:48:09,445 - INFO - Found message_input using selector: div[contenteditable="true"]
2025-11-10 23:48:11,533 - INFO - Found main_area using selector: #main
2025-11-10 23:48:11,534 - INFO - WhatsApp readiness probe found selectors: [('chat_list', '#pane-side'), ('message_input', 'div[contenteditable="true"]'), ('main_area', '#main')]
2025-11-10 23:48:11,534 - INFO - WhatsApp Web interface appears ready
2025-11-10 23:48:52,528 - ERROR - Chat failed to load
2025-11-10 23:48:52,551 - WARNING - X Not sent to ભાદરકા ધનાભાઇ - 2025-11-10 23:48:52,528 - ERROR - Chat failed to load
2025-11-10 23:48:54,602 - INFO - Sending 2/23: ભાવીનભાઇ
2025-11-11 09:26:46,934 - INFO - Starting WebDriver initialization...
2025-11-11 09:27:05,920 - INFO - Chrome browser launched
2025-11-11 09:27:05,959 - INFO - Browser window maximized
2025-11-11 09:27:05,963 - INFO - Loading WhatsApp Web...
2025-11-11 09:27:14,344 - INFO - Checking WhatsApp Web status (attempt 1/3)...
2025-11-11 09:27:21,597 - INFO - Found menu using selector: [data-icon="menu"]
2025-11-11 09:27:38,605 - INFO - Found main_area using selector: #main
2025-11-11 09:27:38,606 - INFO - WhatsApp readiness probe found selectors: [('menu', '[data-icon="menu"]'), ('main_area', '#main')]
2025-11-11 09:27:38,606 - WARNING - Readiness check failed; detected flags: {'menu': True, 'chat_list': False, 'message_input': False, 'main_area': True}
2025-11-11 09:27:38,606 - WARNING - WhatsApp Web loaded but required UI elements not found
2025-11-11 09:27:39,079 - INFO - Refreshing page...
2025-11-11 09:27:45,289 - INFO - Checking WhatsApp Web status (attempt 2/3)...
2025-11-11 09:27:52,225 - INFO - Found menu using selector: div[aria-label="Menu"]
2025-11-11 09:27:54,376 - INFO - Found chat_list using selector: #pane-side
2025-11-11 09:27:54,408 - INFO - Found message_input using selector: div[contenteditable="true"]
2025-11-11 09:28:00,732 - INFO - WhatsApp readiness probe found selectors: [('menu', 'div[aria-label="Menu"]'), ('chat_list', '#pane-side'), ('message_input', 'div[contenteditable="true"]')]
2025-11-11 09:28:00,733 - INFO - WhatsApp Web interface appears ready
2025-11-11 09:28:00,734 - INFO - WhatsApp Web loaded successfully after 46s
2025-11-11 09:28:02,534 - INFO - Starting to send existing invitations to 23 contacts...
2025-11-11 09:28:02,537 - INFO - Sending 1/23: ભાદરકા ધનાભાઇ
2025-11-11 09:28:12,651 - INFO - Found menu using selector: div[aria-label="Menu"]
2025-11-11 09:28:14,793 - INFO - Found chat_list using selector: #pane-side
2025-11-11 09:28:14,842 - INFO - Found message_input using selector: div[contenteditable="true"]
2025-11-11 09:28:16,988 - INFO - Found main_area using selector: #main
2025-11-11 09:28:16,990 - INFO - WhatsApp readiness probe found selectors: [('menu', 'div[aria-label="Menu"]'), ('chat_list', '#pane-side'), ('message_input', 'div[contenteditable="true"]'), ('main_area', '#main')]
2025-11-11 09:28:16,991 - INFO - WhatsApp Web interface appears ready
2025-11-11 09:29:11,851 - INFO - Attached file: D:\WorkflowAuto\Invitation\invitations\invitation_ભાદરકા_ધનાભાઇ.pdf
2025-11-11 09:29:21,448 - INFO - Outgoing message appeared in chat
2025-11-11 09:29:21,488 - INFO - Message appeared in chat after 0.0s
2025-11-11 09:29:43,232 - INFO - ✓ Message delivery confirmed (double-tick) after 21.8s
2025-11-11 09:29:44,256 - INFO - ✓ Sent to ભાદરકા ધનાભાઇ
2025-11-11 09:29:46,639 - INFO - Sending 2/23: ભાવીનભાઇ
2025-11-11 09:29:56,391 - INFO - Found menu using selector: div[aria-label="Menu"]
2025-11-11 09:29:58,514 - INFO - Found chat_list using selector: #pane-side
2025-11-11 09:29:58,542 - INFO - Found message_input using selector: div[contenteditable="true"]
2025-11-11 09:30:00,668 - INFO - Found main_area using selector: #main
2025-11-11 09:30:00,669 - INFO - WhatsApp readiness probe found selectors: [('menu', 'div[aria-label="Menu"]'), ('chat_list', '#pane-side'), ('message_input', 'div[contenteditable="true"]'), ('main_area', '#main')]
2025-11-11 09:30:00,670 - INFO - WhatsApp Web interface appears ready
2025-11-11 09:30:55,477 - INFO - Attached file: D:\WorkflowAuto\Invitation\invitations\invitation_ભાવીનભાઇ.pdf
2025-11-11 09:31:04,848 - INFO - Outgoing message appeared in chat
2025-11-11 09:31:04,969 - INFO - Message appeared in chat after 0.1s
2025-11-11 09:31:23,177 - INFO - ✓ Message delivery confirmed (double-tick) after 18.3s
2025-11-11 09:31:24,179 - INFO - ✓ Sent to ભાવીનભાઇ
2025-11-11 09:31:26,224 - INFO - Sending 3/23: સંજયભાઇ
2025-11-11 09:31:40,939 - INFO - Found menu using selector: div[aria-label="Menu"]
2025-11-11 09:31:43,061 - INFO - Found chat_list using selector: #pane-side
2025-11-11 09:31:43,108 - INFO - Found message_input using selector: div[contenteditable="true"]
2025-11-11 09:31:49,450 - INFO - WhatsApp readiness probe found selectors: [('menu', 'div[aria-label="Menu"]'), ('chat_list', '#pane-side'), ('message_input', 'div[contenteditable="true"]')]
2025-11-11 09:31:49,450 - INFO - WhatsApp Web interface appears ready
2025-11-11 09:32:29,628 - ERROR - Chat failed to load
2025-11-11 09:32:29,659 - WARNING - X Not sent to સંજયભાઇ - 2025-11-11 09:32:29,628 - ERROR - Chat failed to load
2025-11-11 09:32:31,692 - INFO - Sending 4/23: સંજયભાઇ
2025-11-11 09:32:45,381 - INFO - Found menu using selector: div[aria-label="Menu"]
2025-11-11 09:32:47,582 - INFO - Found chat_list using selector: #pane-side
2025-11-11 09:32:47,606 - INFO - Found message_input using selector: div[contenteditable="true"]
2025-11-11 09:32:49,722 - INFO - Found main_area using selector: #main
2025-11-11 09:32:49,723 - INFO - WhatsApp readiness probe found selectors: [('menu', 'div[aria-label="Menu"]'), ('chat_list', '#pane-side'), ('message_input', 'div[contenteditable="true"]'), ('main_area', '#main')]
2025-11-11 09:32:49,723 - INFO - WhatsApp Web interface appears ready
2025-11-11 09:33:44,406 - INFO - Attached file: D:\WorkflowAuto\Invitation\invitations\invitation_સંજયભાઇ.pdf
2025-11-11 09:33:53,395 - INFO - Outgoing message appeared in chat
2025-11-11 09:33:53,735 - INFO - Message appeared in chat after 0.3s
2025-11-11 09:34:16,261 - INFO - ✓ Message delivery confirmed (double-tick) after 22.9s
2025-11-11 09:34:17,262 - INFO - ✓ Sent to સંજયભાઇ
2025-11-11 09:34:19,306 - INFO - Sending 5/23: ગણપતસીંહ
2025-11-11 09:34:34,197 - INFO - Found menu using selector: div[aria-label="Menu"]
2025-11-11 09:34:36,336 - INFO - Found chat_list using selector: #pane-side
2025-11-11 09:34:36,377 - INFO - Found message_input using selector: div[contenteditable="true"]
2025-11-11 09:34:42,664 - INFO - WhatsApp readiness probe found selectors: [('menu', 'div[aria-label="Menu"]'), ('chat_list', '#pane-side'), ('message_input', 'div[contenteditable="true"]')]
2025-11-11 09:34:42,665 - INFO - WhatsApp Web interface appears ready
2025-11-11 09:35:23,263 - ERROR - Chat failed to load
2025-11-11 09:35:23,329 - WARNING - X Not sent to ગણપતસીંહ - 2025-11-11 09:35:23,263 - ERROR - Chat failed to load
2025-11-11 09:35:25,376 - INFO - Sending 6/23: ગણપતસીંહ
2025-11-11 09:35:39,387 - INFO - Found menu using selector: div[aria-label="Menu"]
2025-11-11 09:35:41,506 - INFO - Found chat_list using selector: #pane-side
2025-11-11 09:35:41,532 - INFO - Found message_input using selector: div[contenteditable="true"]
2025-11-11 09:35:43,660 - INFO - Found main_area using selector: #main
2025-11-11 09:35:43,660 - INFO - WhatsApp readiness probe found selectors: [('menu', 'div[aria-label="Menu"]'), ('chat_list', '#pane-side'), ('message_input', 'div[contenteditable="true"]'), ('main_area', '#main')]
2025-11-11 09:35:43,661 - INFO - WhatsApp Web interface appears ready
2025-11-11 09:36:38,589 - INFO - Attached file: D:\WorkflowAuto\Invitation\invitations\invitation_ગણપતસીંહ.pdf
2025-11-11 09:36:47,441 - INFO - Outgoing message appeared in chat
2025-11-11 09:36:47,548 - INFO - Message appeared in chat after 0.1s
2025-11-11 09:38:47,909 - INFO - ✓ Single-tick verified (message sent) after 120.5s
2025-11-11 09:38:48,911 - INFO - ✓ Sent to ગણપતસીંહ
2025-11-11 09:38:51,032 - INFO - Sending 7/23: ગણપતસીંહ
2025-11-11 09:39:10,749 - INFO - Found menu using selector: div[aria-label="Menu"]
2025-11-11 09:39:12,950 - INFO - Found chat_list using selector: #pane-side
2025-11-11 09:39:13,001 - INFO - Found message_input using selector: div[contenteditable="true"]
2025-11-11 09:39:19,485 - INFO - WhatsApp readiness probe found selectors: [('menu', 'div[aria-label="Menu"]'), ('chat_list', '#pane-side'), ('message_input', 'div[contenteditable="true"]')]
2025-11-11 09:39:19,486 - INFO - WhatsApp Web interface appears ready
2025-11-11 09:40:00,102 - ERROR - Chat failed to load
2025-11-11 09:40:00,123 - WARNING - X Not sent to ગણપતસીંહ - 2025-11-11 09:40:00,102 - ERROR - Chat failed to load
2025-11-11 09:40:02,247 - INFO - Sending 8/23: વણકર વીપુલભાઇ
2025-11-11 09:40:21,950 - INFO - Found menu using selector: div[aria-label="Menu"]
2025-11-11 09:40:24,164 - INFO - Found chat_list using selector: #pane-side
2025-11-11 09:40:24,209 - INFO - Found message_input using selector: div[contenteditable="true"]
2025-11-11 09:40:26,414 - INFO - Found main_area using selector: #main
2025-11-11 09:40:26,415 - INFO - WhatsApp readiness probe found selectors: [('menu', 'div[aria-label="Menu"]'), ('chat_list', '#pane-side'), ('message_input', 'div[contenteditable="true"]'), ('main_area', '#main')]
2025-11-11 09:40:26,415 - INFO - WhatsApp Web interface appears ready
2025-11-11 09:41:22,562 - INFO - Attached file: D:\WorkflowAuto\Invitation\invitations\invitation_વણકર_વીપુલભાઇ.pdf
2025-11-11 09:41:33,036 - INFO - Outgoing message appeared in chat
2025-11-11 09:41:33,576 - INFO - Message appeared in chat after 0.5s
2025-11-11 09:43:11,463 - INFO - ✓ Message delivery confirmed (double-tick) after 98.4s
2025-11-11 09:43:12,466 - INFO - ✓ Sent to વણકર વીપુલભાઇ
2025-11-11 09:43:14,595 - INFO - Sending 9/23: પીઠિયા ભાવેશભાઇ
2025-11-11 09:43:34,436 - INFO - Found menu using selector: div[aria-label="Menu"]
2025-11-11 09:43:36,937 - INFO - Found chat_list using selector: #pane-side
2025-11-11 09:43:36,994 - INFO - Found message_input using selector: div[contenteditable="true"]
2025-11-11 09:43:39,740 - INFO - Found main_area using selector: #main
2025-11-11 09:43:39,747 - INFO - WhatsApp readiness probe found selectors: [('menu', 'div[aria-label="Menu"]'), ('chat_list', '#pane-side'), ('message_input', 'div[contenteditable="true"]'), ('main_area', '#main')]
2025-11-11 09:43:39,750 - INFO - WhatsApp Web interface appears ready
2025-11-11 09:44:35,360 - INFO - Attached file: D:\WorkflowAuto\Invitation\invitations\invitation_પીઠિયા_ભાવેશભાઇ.pdf
2025-11-11 09:44:44,903 - INFO - Outgoing message appeared in chat
2025-11-11 09:44:45,678 - INFO - Message appeared in chat after 0.8s
2025-11-11 09:45:04,682 - INFO - ✓ Message delivery confirmed (double-tick) after 19.8s
2025-11-11 09:45:05,684 - INFO - ✓ Sent to પીઠિયા ભાવેશભાઇ
2025-11-11 09:45:07,840 - INFO - Sending 10/23: પટેલ સચીનભાઇ
2025-11-11 09:45:25,607 - INFO - Found menu using selector: div[aria-label="Menu"]
2025-11-11 09:45:27,706 - INFO - Found chat_list using selector: #pane-side
2025-11-11 09:45:27,764 - INFO - Found message_input using selector: div[contenteditable="true"]
2025-11-11 09:45:30,022 - INFO - Found main_area using selector: #main
2025-11-11 09:45:30,028 - INFO - WhatsApp readiness probe found selectors: [('menu', 'div[aria-label="Menu"]'), ('chat_list', '#pane-side'), ('message_input', 'div[contenteditable="true"]'), ('main_area', '#main')]
2025-11-11 09:45:30,031 - INFO - WhatsApp Web interface appears ready
2025-11-11 09:46:24,910 - INFO - Attached file: D:\WorkflowAuto\Invitation\invitations\invitation_પટેલ_સચીનભાઇ.pdf
2025-11-11 09:46:35,734 - INFO - Outgoing message appeared in chat
2025-11-11 09:46:36,431 - INFO - Message appeared in chat after 0.7s
2025-11-11 09:46:56,064 - INFO - ✓ Message delivery confirmed (double-tick) after 20.3s
2025-11-11 09:46:57,066 - INFO - ✓ Sent to પટેલ સચીનભાઇ
2025-11-11 09:46:59,221 - INFO - Sending 11/23: જાદવ ભુપતભાઇ
2025-11-11 09:47:19,085 - INFO - Found menu using selector: div[aria-label="Menu"]
2025-11-11 09:47:21,863 - INFO - Found chat_list using selector: #pane-side
2025-11-11 09:47:21,936 - INFO - Found message_input using selector: div[contenteditable="true"]
2025-11-11 09:47:24,133 - INFO - Found main_area using selector: #main
2025-11-11 09:47:24,134 - INFO - WhatsApp readiness probe found selectors: [('menu', 'div[aria-label="Menu"]'), ('chat_list', '#pane-side'), ('message_input', 'div[contenteditable="true"]'), ('main_area', '#main')]
2025-11-11 09:47:24,135 - INFO - WhatsApp Web interface appears ready
2025-11-11 09:48:19,674 - INFO - Attached file: D:\WorkflowAuto\Invitation\invitations\invitation_જાદવ_ભુપતભાઇ.pdf
2025-11-11 09:48:23,030 - ERROR - Message box not found
2025-11-11 09:48:23,107 - WARNING - X Not sent to જાદવ ભુપતભાઇ - 2025-11-11 09:48:23,030 - ERROR - Message box not found
2025-11-11 09:48:25,244 - INFO - Sending 12/23: કાંબલીયા નથુભાઇ નગાભાઇ
2025-11-11 09:48:41,581 - INFO - Found menu using selector: div[aria-label="Menu"]
2025-11-11 09:48:44,293 - INFO - Found chat_list using selector: #pane-side
2025-11-11 09:48:44,473 - INFO - Found message_input using selector: div[contenteditable="true"]
2025-11-11 09:48:46,823 - INFO - Found main_area using selector: #main
2025-11-11 09:48:46,824 - INFO - WhatsApp readiness probe found selectors: [('menu', 'div[aria-label="Menu"]'), ('chat_list', '#pane-side'), ('message_input', 'div[contenteditable="true"]'), ('main_area', '#main')]
2025-11-11 09:48:46,824 - INFO - WhatsApp Web interface appears ready
2025-11-11 09:49:42,056 - INFO - Attached file: D:\WorkflowAuto\Invitation\invitations\invitation_કાંબલીયા_નથુભાઇ_નગાભાઇ.pdf
2025-11-11 09:49:52,026 - INFO - Outgoing message appeared in chat
2025-11-11 09:49:52,446 - INFO - Message appeared in chat after 0.4s
2025-11-11 09:51:52,080 - INFO - ✓ Single-tick verified (message sent) after 120.1s
2025-11-11 09:51:53,082 - INFO - ✓ Sent to કાંબલીયા નથુભાઇ નગાભાઇ
2025-11-11 09:51:55,229 - INFO - Sending 13/23: કાંબલીયા દેવાનંદભાઇ નગાભાઇ
2025-11-11 09:52:14,605 - INFO - Found menu using selector: div[aria-label="Menu"]
2025-11-11 09:52:16,984 - INFO - Found chat_list using selector: #pane-side
2025-11-11 09:52:17,062 - INFO - Found message_input using selector: div[contenteditable="true"]
2025-11-11 09:52:19,342 - INFO - Found main_area using selector: #main
2025-11-11 09:52:19,343 - INFO - WhatsApp readiness probe found selectors: [('menu', 'div[aria-label="Menu"]'), ('chat_list', '#pane-side'), ('message_input', 'div[contenteditable="true"]'), ('main_area', '#main')]
2025-11-11 09:52:19,344 - INFO - WhatsApp Web interface appears ready
2025-11-11 09:53:14,624 - INFO - Attached file: D:\WorkflowAuto\Invitation\invitations\invitation_કાંબલીયા_દેવાનંદભાઇ_નગાભાઇ.pdf
2025-11-11 09:53:27,274 - INFO - Outgoing message appeared in chat
2025-11-11 09:53:27,924 - INFO - Message appeared in chat after 0.6s
2025-11-11 09:53:45,391 - INFO - ✓ Message delivery confirmed (double-tick) after 18.1s
2025-11-11 09:53:46,393 - INFO - ✓ Sent to કાંબલીયા દેવાનંદભાઇ નગાભાઇ
2025-11-11 09:53:48,503 - INFO - Sending 14/23: કાંબલીયા દેવાનંદભાઇ નગાભાઇ
2025-11-11 09:54:07,353 - INFO - Found menu using selector: div[aria-label="Menu"]
2025-11-11 09:54:09,812 - INFO - Found chat_list using selector: #pane-side
2025-11-11 09:54:09,873 - INFO - Found message_input using selector: div[contenteditable="true"]
2025-11-11 09:54:16,854 - INFO - WhatsApp readiness probe found selectors: [('menu', 'div[aria-label="Menu"]'), ('chat_list', '#pane-side'), ('message_input', 'div[contenteditable="true"]')]
2025-11-11 09:54:16,855 - INFO - WhatsApp Web interface appears ready
2025-11-11 09:54:57,325 - ERROR - Chat failed to load
2025-11-11 09:54:57,353 - WARNING - X Not sent to કાંબલીયા દેવાનંદભાઇ નગાભાઇ - 2025-11-11 09:54:57,325 - ERROR - Chat failed to load
2025-11-11 09:54:59,455 - INFO - Sending 15/23: કાંબલીયા હરદાસભાઇ નગાભાઇ
2025-11-11 09:55:18,737 - INFO - Found menu using selector: div[aria-label="Menu"]
2025-11-11 09:55:21,210 - INFO - Found chat_list using selector: #pane-side
2025-11-11 09:55:21,254 - INFO - Found message_input using selector: div[contenteditable="true"]
2025-11-11 09:55:27,779 - INFO - WhatsApp readiness probe found selectors: [('menu', 'div[aria-label="Menu"]'), ('chat_list', '#pane-side'), ('message_input', 'div[contenteditable="true"]')]
2025-11-11 09:55:27,780 - INFO - WhatsApp Web interface appears ready
2025-11-11 09:56:09,172 - ERROR - Chat failed to load
2025-11-11 09:56:09,293 - WARNING - X Not sent to કાંબલીયા હરદાસભાઇ નગાભાઇ - 2025-11-11 09:56:09,172 - ERROR - Chat failed to load
2025-11-11 09:56:11,696 - INFO - Sending 16/23: કાંબલીયા હરદાસભાઇ નગાભાઇ
2025-11-11 09:56:30,522 - INFO - Found menu using selector: div[aria-label="Menu"]
2025-11-11 09:56:33,015 - INFO - Found chat_list using selector: #pane-side
2025-11-11 09:56:33,075 - INFO - Found message_input using selector: div[contenteditable="true"]
2025-11-11 09:56:35,517 - INFO - Found main_area using selector: #main
2025-11-11 09:56:35,524 - INFO - WhatsApp readiness probe found selectors: [('menu', 'div[aria-label="Menu"]'), ('chat_list', '#pane-side'), ('message_input', 'div[contenteditable="true"]'), ('main_area', '#main')]
2025-11-11 09:56:35,532 - INFO - WhatsApp Web interface appears ready
2025-11-11 09:57:31,085 - INFO - Attached file: D:\WorkflowAuto\Invitation\invitations\invitation_કાંબલીયા_હરદાસભાઇ_નગાભાઇ.pdf
2025-11-11 09:57:40,863 - INFO - Outgoing message appeared in chat
2025-11-11 09:57:41,661 - INFO - Message appeared in chat after 0.8s
2025-11-11 09:57:59,788 - INFO - ✓ Message delivery confirmed (double-tick) after 18.9s
2025-11-11 09:58:00,790 - INFO - ✓ Sent to કાંબલીયા હરદાસભાઇ નગાભાઇ
2025-11-11 09:58:02,910 - INFO - Sending 17/23: કાંબલીયા જેઠાભાઇ ભીમાભાઇ
2025-11-11 09:58:22,685 - INFO - Found menu using selector: div[aria-label="Menu"]
2025-11-11 09:58:25,139 - INFO - Found chat_list using selector: #pane-side
2025-11-11 09:58:25,210 - INFO - Found message_input using selector: div[contenteditable="true"]
2025-11-11 09:58:27,906 - INFO - Found main_area using selector: #main
2025-11-11 09:58:27,907 - INFO - WhatsApp readiness probe found selectors: [('menu', 'div[aria-label="Menu"]'), ('chat_list', '#pane-side'), ('message_input', 'div[contenteditable="true"]'), ('main_area', '#main')]
2025-11-11 09:58:27,907 - INFO - WhatsApp Web interface appears ready
2025-11-11 09:59:23,590 - INFO - Attached file: D:\WorkflowAuto\Invitation\invitations\invitation_કાંબલીયા_જેઠાભાઇ_ભીમાભાઇ.pdf
2025-11-11 09:59:27,791 - ERROR - Failed to input message: Message: stale element reference: stale element not found in the current frame
  (Session info: chrome=142.0.7444.60); For documentation on this error, please visit: https://www.selenium.dev/documentation/webdriver/troubleshooting/errors#staleelementreferenceexception
Stacktrace:
Symbols not available. Dumping unresolved backtrace:
	0xbb58d3
	0xbb5914
	0x9ce76d
	0x9d54cc
	0x9d7884
	0x9d7918
	0xa1be2a
	0xa0fd7a
	0xa3c96c
	0xa0f854
	0xa3cb24
	0xa5eea6
	0xa3c766
	0xa0dac0
	0xa0ede4
	0xe37974
	0xe32bea
	0xbde5c4
	0xbcdd38
	0xbd4d9d
	0xbbdee8
	0xbbe0ac
	0xba7d2a
	0x769d5d49
	0x7795d6db
	0x7795d661

2025-11-11 09:59:30,757 - INFO - Outgoing message appeared in chat
2025-11-11 09:59:30,990 - INFO - Message appeared in chat after 0.2s
2025-11-11 09:59:47,576 - INFO - ✓ Message delivery confirmed (double-tick) after 16.8s
2025-11-11 09:59:48,579 - INFO - ✓ Sent to કાંબલીયા જેઠાભાઇ ભીમાભાઇ
2025-11-11 09:59:50,666 - INFO - Sending 18/23: કાંબલીયા રાજેશભાઇ ભીમાભાઇ
2025-11-11 10:00:10,243 - INFO - Found menu using selector: div[aria-label="Menu"]
2025-11-11 10:00:12,613 - INFO - Found chat_list using selector: #pane-side
2025-11-11 10:00:12,681 - INFO - Found message_input using selector: div[contenteditable="true"]
2025-11-11 10:00:14,859 - INFO - Found main_area using selector: #main
2025-11-11 10:00:14,860 - INFO - WhatsApp readiness probe found selectors: [('menu', 'div[aria-label="Menu"]'), ('chat_list', '#pane-side'), ('message_input', 'div[contenteditable="true"]'), ('main_area', '#main')]
2025-11-11 10:00:14,860 - INFO - WhatsApp Web interface appears ready
2025-11-11 10:01:10,450 - INFO - Attached file: D:\WorkflowAuto\Invitation\invitations\invitation_કાંબલીયા_રાજેશભાઇ_ભીમાભાઇ.pdf
2025-11-11 10:01:22,643 - INFO - Outgoing message appeared in chat
2025-11-11 10:01:22,855 - INFO - Message appeared in chat after 0.2s
2025-11-11 10:01:36,260 - INFO - ✓ Message delivery confirmed (double-tick) after 13.6s
2025-11-11 10:01:37,262 - INFO - ✓ Sent to કાંબલીયા રાજેશભાઇ ભીમાભાઇ
2025-11-11 10:01:39,350 - INFO - Sending 19/23: કાંબલીયા મેરામણભાઇ મુંજાભાઇ
2025-11-11 10:01:57,012 - INFO - Found menu using selector: div[aria-label="Menu"]
2025-11-11 10:01:59,418 - INFO - Found chat_list using selector: #pane-side
2025-11-11 10:01:59,477 - INFO - Found message_input using selector: div[contenteditable="true"]
2025-11-11 10:02:06,062 - INFO - WhatsApp readiness probe found selectors: [('menu', 'div[aria-label="Menu"]'), ('chat_list', '#pane-side'), ('message_input', 'div[contenteditable="true"]')]
2025-11-11 10:02:06,062 - INFO - WhatsApp Web interface appears ready
2025-11-11 10:02:46,679 - ERROR - Chat failed to load
2025-11-11 10:02:46,709 - WARNING - X Not sent to કાંબલીયા મેરામણભાઇ મુંજાભાઇ - 2025-11-11 10:02:46,679 - ERROR - Chat failed to load
2025-11-11 10:02:48,821 - INFO - Sending 20/23: કાંબલીયા કરણભાઇ ટપુભાઇ
2025-11-11 10:03:06,125 - INFO - Found menu using selector: div[aria-label="Menu"]
2025-11-11 10:03:08,348 - INFO - Found chat_list using selector: #pane-side
2025-11-11 10:03:08,390 - INFO - Found message_input using selector: div[contenteditable="true"]
2025-11-11 10:03:10,543 - INFO - Found main_area using selector: #main
2025-11-11 10:03:10,543 - INFO - WhatsApp readiness probe found selectors: [('menu', 'div[aria-label="Menu"]'), ('chat_list', '#pane-side'), ('message_input', 'div[contenteditable="true"]'), ('main_area', '#main')]
2025-11-11 10:03:10,544 - INFO - WhatsApp Web interface appears ready
2025-11-11 10:04:06,793 - INFO - Attached file: D:\WorkflowAuto\Invitation\invitations\invitation_કાંબલીયા_કરણભાઇ_ટપુભાઇ.pdf
2025-11-11 10:04:15,854 - INFO - Outgoing message appeared in chat
2025-11-11 10:04:16,642 - INFO - Message appeared in chat after 0.8s
2025-11-11 10:04:51,402 - INFO - ✓ Message delivery confirmed (double-tick) after 35.5s
2025-11-11 10:04:52,404 - INFO - ✓ Sent to કાંબલીયા કરણભાઇ ટપુભાઇ
2025-11-11 10:04:54,485 - INFO - Sending 21/23: કાંબલીયા ગોવીંદભાઇ ટપુભાઇ
2025-11-11 10:05:11,842 - INFO - Found menu using selector: div[aria-label="Menu"]
2025-11-11 10:05:14,729 - INFO - Found chat_list using selector: #pane-side
2025-11-11 10:05:14,836 - INFO - Found message_input using selector: div[contenteditable="true"]
2025-11-11 10:05:17,224 - INFO - Found main_area using selector: #main
2025-11-11 10:05:17,225 - INFO - WhatsApp readiness probe found selectors: [('menu', 'div[aria-label="Menu"]'), ('chat_list', '#pane-side'), ('message_input', 'div[contenteditable="true"]'), ('main_area', '#main')]
2025-11-11 10:05:17,226 - INFO - WhatsApp Web interface appears ready
2025-11-11 10:06:13,241 - INFO - Attached file: D:\WorkflowAuto\Invitation\invitations\invitation_કાંબલીયા_ગોવીંદભાઇ_ટપુભાઇ.pdf
2025-11-11 10:06:16,917 - ERROR - Message box not found
2025-11-11 10:06:16,978 - WARNING - X Not sent to કાંબલીયા ગોવીંદભાઇ ટપુભાઇ - 2025-11-11 10:06:16,917 - ERROR - Message box not found
2025-11-11 10:06:19,100 - INFO - Sending 22/23: કાંબલીયા માલદેભાઇ બચુભાઇ
2025-11-11 10:06:39,481 - INFO - Found menu using selector: div[aria-label="Menu"]
2025-11-11 10:06:41,758 - INFO - Found chat_list using selector: #pane-side
2025-11-11 10:06:42,306 - INFO - Found message_input using selector: div[contenteditable="true"]
2025-11-11 10:06:44,647 - INFO - Found main_area using selector: #main
2025-11-11 10:06:44,647 - INFO - WhatsApp readiness probe found selectors: [('menu', 'div[aria-label="Menu"]'), ('chat_list', '#pane-side'), ('message_input', 'div[contenteditable="true"]'), ('main_area', '#main')]
2025-11-11 10:06:44,648 - INFO - WhatsApp Web interface appears ready
2025-11-11 10:07:40,449 - INFO - Attached file: D:\WorkflowAuto\Invitation\invitations\invitation_કાંબલીયા_માલદેભાઇ_બચુભાઇ.pdf
2025-11-11 10:07:50,534 - INFO - Outgoing message appeared in chat
2025-11-11 10:07:51,177 - INFO - Message appeared in chat after 0.6s
2025-11-11 10:08:07,841 - INFO - ✓ Message delivery confirmed (double-tick) after 17.3s
2025-11-11 10:08:08,849 - INFO - ✓ Sent to કાંબલીયા માલદેભાઇ બચુભાઇ
2025-11-11 10:08:10,961 - INFO - Sending 23/23: કાંબલીયા પરબતભાઇ બચુભાઇ
2025-11-11 10:08:29,196 - INFO - Found menu using selector: div[aria-label="Menu"]
2025-11-11 10:08:32,974 - INFO - Found chat_list using selector: #pane-side
2025-11-11 10:08:33,537 - INFO - Found message_input using selector: div[contenteditable="true"]
2025-11-11 10:08:35,776 - INFO - Found main_area using selector: #main
2025-11-11 10:08:35,777 - INFO - WhatsApp readiness probe found selectors: [('menu', 'div[aria-label="Menu"]'), ('chat_list', '#pane-side'), ('message_input', 'div[contenteditable="true"]'), ('main_area', '#main')]
2025-11-11 10:08:35,777 - INFO - WhatsApp Web interface appears ready
2025-11-11 10:09:30,532 - INFO - Attached file: D:\WorkflowAuto\Invitation\invitations\invitation_કાંબલીયા_પરબતભાઇ_બચુભાઇ.pdf
2025-11-11 10:09:41,030 - INFO - Outgoing message appeared in chat
2025-11-11 10:09:41,866 - INFO - Message appeared in chat after 0.8s
2025-11-11 10:09:59,070 - INFO - ✓ Message delivery confirmed (double-tick) after 18.0s
2025-11-11 10:10:00,072 - INFO - ✓ Sent to કાંબલીયા પરબતભાઇ બચુભાઇ
2025-11-11 10:10:02,183 - INFO - Completed sending: 15/23 sent
2025-11-11 10:40:52,628 - INFO - Starting WebDriver initialization...
2025-11-11 10:40:58,871 - INFO - Chrome browser launched
2025-11-11 10:40:58,910 - INFO - Browser window maximized
2025-11-11 10:40:58,911 - INFO - Loading WhatsApp Web...
2025-11-11 10:41:00,340 - INFO - Checking WhatsApp Web status (attempt 1/3)...
2025-11-11 10:41:08,467 - INFO - Found menu using selector: div[aria-label="Menu"]
2025-11-11 10:41:10,652 - INFO - Found chat_list using selector: #pane-side
2025-11-11 10:41:10,671 - INFO - Found message_input using selector: div[contenteditable="true"]
2025-11-11 10:41:13,015 - INFO - Found main_area using selector: #main
2025-11-11 10:41:13,015 - INFO - WhatsApp readiness probe found selectors: [('menu', 'div[aria-label="Menu"]'), ('chat_list', '#pane-side'), ('message_input', 'div[contenteditable="true"]'), ('main_area', '#main')]
2025-11-11 10:41:13,015 - INFO - WhatsApp Web interface appears ready
2025-11-11 10:41:13,015 - INFO - WhatsApp Web loaded successfully after 12s
2025-11-11 10:41:13,655 - INFO - Starting to send existing invitations to 20 contacts...
2025-11-11 10:41:13,656 - INFO - Sending 1/20: કાંબલીયા કીશોરભાઇ બચુભાઇ
2025-11-11 10:41:26,070 - INFO - Found menu using selector: div[aria-label="Menu"]
2025-11-11 10:41:28,179 - INFO - Found chat_list using selector: #pane-side
2025-11-11 10:41:28,194 - INFO - Found message_input using selector: div[contenteditable="true"]
2025-11-11 10:41:30,260 - INFO - Found main_area using selector: #main
2025-11-11 10:41:30,260 - INFO - WhatsApp readiness probe found selectors: [('menu', 'div[aria-label="Menu"]'), ('chat_list', '#pane-side'), ('message_input', 'div[contenteditable="true"]'), ('main_area', '#main')]
2025-11-11 10:41:30,260 - INFO - WhatsApp Web interface appears ready
2025-11-11 10:42:25,641 - INFO - Attached file: D:\WorkflowAuto\Invitation\invitations\invitation_કાંબલીયા_કીશોરભાઇ_બચુભાઇ.pdf
2025-11-11 10:42:35,310 - INFO - Outgoing message appeared in chat
2025-11-11 10:42:36,240 - INFO - Message appeared in chat after 0.9s
2025-11-11 10:43:08,549 - INFO - ✓ Message delivery confirmed (double-tick) after 33.2s
2025-11-11 10:43:09,972 - INFO - ✓ Sent to કાંબલીયા કીશોરભાઇ બચુભાઇ
2025-11-11 10:43:12,488 - INFO - Sending 2/20: કાંબલીયા દેવાનંદભાઇ ચીનુભાઇ
2025-11-11 10:43:25,582 - INFO - Found menu using selector: div[aria-label="Menu"]
2025-11-11 10:43:27,887 - INFO - Found chat_list using selector: #pane-side
2025-11-11 10:43:27,926 - INFO - Found message_input using selector: div[contenteditable="true"]
2025-11-11 10:43:30,033 - INFO - Found main_area using selector: #main
2025-11-11 10:43:30,034 - INFO - WhatsApp readiness probe found selectors: [('menu', 'div[aria-label="Menu"]'), ('chat_list', '#pane-side'), ('message_input', 'div[contenteditable="true"]'), ('main_area', '#main')]
2025-11-11 10:43:30,034 - INFO - WhatsApp Web interface appears ready
2025-11-11 10:44:23,993 - INFO - Attached file: D:\WorkflowAuto\Invitation\invitations\invitation_કાંબલીયા_દેવાનંદભાઇ_ચીનુભાઇ.pdf
2025-11-11 10:44:32,553 - INFO - Outgoing message appeared in chat
2025-11-11 10:44:32,667 - INFO - Message appeared in chat after 0.1s
2025-11-11 10:44:55,593 - INFO - ✓ Message delivery confirmed (double-tick) after 23.0s
2025-11-11 10:44:56,622 - INFO - ✓ Sent to કાંબલીયા દેવાનંદભાઇ ચીનુભાઇ
2025-11-11 10:44:58,769 - INFO - Sending 3/20: કામલીયા મહેશભાઇ ચીનુભાઇ
2025-11-11 10:45:09,380 - INFO - Found menu using selector: div[aria-label="Menu"]
2025-11-11 10:45:11,455 - INFO - Found chat_list using selector: #pane-side
2025-11-11 10:45:11,475 - INFO - Found message_input using selector: div[contenteditable="true"]
2025-11-11 10:45:13,570 - INFO - Found main_area using selector: #main
2025-11-11 10:45:13,570 - INFO - WhatsApp readiness probe found selectors: [('menu', 'div[aria-label="Menu"]'), ('chat_list', '#pane-side'), ('message_input', 'div[contenteditable="true"]'), ('main_area', '#main')]
2025-11-11 10:45:13,572 - INFO - WhatsApp Web interface appears ready
2025-11-11 10:46:06,911 - INFO - Attached file: D:\WorkflowAuto\Invitation\invitations\invitation_કામલીયા_મહેશભાઇ_ચીનુભાઇ.pdf
2025-11-11 10:46:15,314 - INFO - Outgoing message appeared in chat
2025-11-11 10:46:15,396 - INFO - Message appeared in chat after 0.1s
2025-11-11 10:46:38,012 - INFO - ✓ Message delivery confirmed (double-tick) after 22.7s
2025-11-11 10:46:39,027 - INFO - ✓ Sent to કામલીયા મહેશભાઇ ચીનુભાઇ
2025-11-11 10:46:41,116 - INFO - Sending 4/20: કામલીયા ભનાભાઇ ખોડાભાઇ
2025-11-11 10:46:50,670 - INFO - Found menu using selector: div[aria-label="Menu"]
2025-11-11 10:46:52,725 - INFO - Found chat_list using selector: #pane-side
2025-11-11 10:46:52,741 - INFO - Found message_input using selector: div[contenteditable="true"]
2025-11-11 10:46:58,866 - INFO - WhatsApp readiness probe found selectors: [('menu', 'div[aria-label="Menu"]'), ('chat_list', '#pane-side'), ('message_input', 'div[contenteditable="true"]')]
2025-11-11 10:46:58,867 - INFO - WhatsApp Web interface appears ready
2025-11-11 10:47:39,063 - ERROR - Chat failed to load
2025-11-11 10:47:39,103 - WARNING - X Not sent to કામલીયા ભનાભાઇ ખોડાભાઇ - 2025-11-11 10:47:39,063 - ERROR - Chat failed to load
2025-11-11 10:47:41,144 - INFO - Sending 5/20: ભાદરકા લખમણભાઇ મેરામણભાઇ
2025-11-11 10:47:50,103 - INFO - Found menu using selector: div[aria-label="Menu"]
2025-11-11 10:47:52,244 - INFO - Found chat_list using selector: #pane-side
2025-11-11 10:47:52,341 - INFO - Found message_input using selector: div[contenteditable="true"]
2025-11-11 10:47:54,462 - INFO - Found main_area using selector: #main
2025-11-11 10:47:54,462 - INFO - WhatsApp readiness probe found selectors: [('menu', 'div[aria-label="Menu"]'), ('chat_list', '#pane-side'), ('message_input', 'div[contenteditable="true"]'), ('main_area', '#main')]
2025-11-11 10:47:54,462 - INFO - WhatsApp Web interface appears ready
2025-11-11 10:48:47,638 - INFO - Attached file: D:\WorkflowAuto\Invitation\invitations\invitation_ભાદરકા_લખમણભાઇ_મેરામણભાઇ.pdf
2025-11-11 10:48:56,036 - INFO - Outgoing message appeared in chat
2025-11-11 10:48:56,052 - INFO - Message appeared in chat after 0.0s
2025-11-11 10:49:17,042 - INFO - ✓ Message delivery confirmed (double-tick) after 21.0s
2025-11-11 10:49:18,043 - INFO - ✓ Sent to ભાદરકા લખમણભાઇ મેરામણભાઇ
2025-11-11 10:49:20,115 - INFO - Sending 6/20: ભાદરકા ભરતભાઇ મેરામણભાઇ
2025-11-11 10:49:29,211 - INFO - Found menu using selector: div[aria-label="Menu"]
2025-11-11 10:49:31,265 - INFO - Found chat_list using selector: #pane-side
2025-11-11 10:49:31,283 - INFO - Found message_input using selector: div[contenteditable="true"]
2025-11-11 10:49:33,345 - INFO - Found main_area using selector: #main
2025-11-11 10:49:33,345 - INFO - WhatsApp readiness probe found selectors: [('menu', 'div[aria-label="Menu"]'), ('chat_list', '#pane-side'), ('message_input', 'div[contenteditable="true"]'), ('main_area', '#main')]
2025-11-11 10:49:33,345 - INFO - WhatsApp Web interface appears ready
2025-11-11 10:50:27,380 - INFO - Attached file: D:\WorkflowAuto\Invitation\invitations\invitation_ભાદરકા_ભરતભાઇ_મેરામણભાઇ.pdf
2025-11-11 10:50:37,477 - INFO - Outgoing message appeared in chat
2025-11-11 10:50:37,609 - INFO - Message appeared in chat after 0.1s
2025-11-11 10:50:56,787 - INFO - ✓ Message delivery confirmed (double-tick) after 19.3s
2025-11-11 10:50:57,800 - INFO - ✓ Sent to ભાદરકા ભરતભાઇ મેરામણભાઇ
2025-11-11 10:50:59,879 - INFO - Sending 7/20: ભાદરકા ઉકાભાઇ કાનાભાઇ
2025-11-11 10:51:09,366 - INFO - Found menu using selector: div[aria-label="Menu"]
2025-11-11 10:51:11,439 - INFO - Found chat_list using selector: #pane-side
2025-11-11 10:51:11,454 - INFO - Found message_input using selector: div[contenteditable="true"]
2025-11-11 10:51:13,517 - INFO - Found main_area using selector: #main
2025-11-11 10:51:13,517 - INFO - WhatsApp readiness probe found selectors: [('menu', 'div[aria-label="Menu"]'), ('chat_list', '#pane-side'), ('message_input', 'div[contenteditable="true"]'), ('main_area', '#main')]
2025-11-11 10:51:13,518 - INFO - WhatsApp Web interface appears ready
2025-11-11 10:51:30,807 - ERROR - Failed to attach file: Could not find attach button
2025-11-11 10:51:30,846 - WARNING - X Not sent to ભાદરકા ઉકાભાઇ કાનાભાઇ - 2025-11-11 10:51:30,807 - ERROR - Failed to attach file: Could not find attach button
2025-11-11 10:51:32,900 - INFO - Sending 8/20: ભાદરકા અરજણભાઇ કાનાભાઇ
2025-11-11 10:51:32,903 - ERROR - Error sending message: Message: no such window: target window already closed
from unknown error: web view not found
  (Session info: chrome=142.0.7444.60)
Stacktrace:
Symbols not available. Dumping unresolved backtrace:
	0xe558d3
	0xe55914
	0xc6e76d
	0xc4c32d
	0xce32ee
	0xcfe799
	0xcdc766
	0xcadac0
	0xcaede4
	0x10d7974
	0x10d2bea
	0xe7e5c4
	0xe6dd38
	0xe74d9d
	0xe5dee8
	0xe5e0ac
	0xe47d2a
	0x769d5d49
	0x7795d6db
	0x7795d661

2025-11-11 10:51:32,916 - WARNING - X Not sent to ભાદરકા અરજણભાઇ કાનાભાઇ - 0x7795d661
2025-11-11 10:55:52,443 - INFO - Starting WebDriver initialization...
2025-11-11 10:56:10,878 - INFO - Chrome browser launched
2025-11-11 10:56:11,361 - INFO - Browser window maximized
2025-11-11 10:56:11,546 - INFO - Loading WhatsApp Web...
2025-11-11 10:56:18,746 - INFO - Checking WhatsApp Web status (attempt 1/3)...
2025-11-11 10:56:28,127 - INFO - Found menu using selector: div[aria-label="Menu"]
2025-11-11 10:56:30,205 - INFO - Found chat_list using selector: #pane-side
2025-11-11 10:56:30,224 - INFO - Found message_input using selector: div[contenteditable="true"]
2025-11-11 10:56:32,351 - INFO - Found main_area using selector: #main
2025-11-11 10:56:32,352 - INFO - WhatsApp readiness probe found selectors: [('menu', 'div[aria-label="Menu"]'), ('chat_list', '#pane-side'), ('message_input', 'div[contenteditable="true"]'), ('main_area', '#main')]
2025-11-11 10:56:32,352 - INFO - WhatsApp Web interface appears ready
2025-11-11 10:56:32,353 - INFO - WhatsApp Web loaded successfully after 13s
2025-11-11 10:56:33,218 - INFO - Starting creation of invitations for 15 contacts...
2025-11-11 10:56:35,100 - INFO - Created PDF for કાંબલીયા મહેશભાઈ
2025-11-11 10:56:36,987 - INFO - Created PDF for કાંબલીયા રાજેશભાઈ
2025-11-11 10:56:38,546 - INFO - Created PDF for ભાદરકા અરજણભાઇ કાનાભાઇ
2025-11-11 10:56:40,212 - INFO - Created PDF for ઘુલ કરશનભાઇ
2025-11-11 10:56:41,794 - INFO - Created PDF for ઘુલ કરશનભાઇ
2025-11-11 10:56:43,350 - INFO - Created PDF for ઘુલ રાજુભાઇ
2025-11-11 10:56:44,869 - INFO - Created PDF for નાધેરા કાનાભાઇ જેઠાભાઇ
2025-11-11 10:56:46,468 - INFO - Created PDF for નાઘેરા મેરામણભાઇ પોલાભાઇ
2025-11-11 10:56:48,080 - INFO - Created PDF for નાઘેરા કીશોરભાઇ પરબતભાઇ
2025-11-11 10:56:49,680 - INFO - Created PDF for નાઘેરા વાઘાભાઇ પરબતભાઇ
2025-11-11 10:56:51,415 - INFO - Created PDF for ખોડભાયા કાનાભાઇ મેશુરભાઇ
2025-11-11 10:56:52,865 - INFO - Created PDF for ખોડભાયા ધનાભાઇ કાનાભાઇ
2025-11-11 10:56:54,302 - INFO - Created PDF for ચૌહાણ ડાયાભાઇ
2025-11-11 10:56:55,832 - INFO - Created PDF for ચૌહાણ બાલાભાઇ
2025-11-11 10:56:57,365 - INFO - Created PDF for નાઘેરા ગોપાલભાઇ પોલાભાઇ 
2025-11-11 10:56:57,874 - INFO - Starting to send existing invitations to 15 contacts...
2025-11-11 10:56:57,875 - INFO - Sending 1/15: કાંબલીયા મહેશભાઈ
2025-11-11 10:57:39,730 - INFO - Found menu using selector: div[aria-label="Menu"]
2025-11-11 10:57:42,141 - INFO - Found chat_list using selector: #pane-side
2025-11-11 10:57:42,171 - INFO - Found message_input using selector: div[contenteditable="true"]
2025-11-11 10:57:44,320 - INFO - Found main_area using selector: #main
2025-11-11 10:57:44,320 - INFO - WhatsApp readiness probe found selectors: [('menu', 'div[aria-label="Menu"]'), ('chat_list', '#pane-side'), ('message_input', 'div[contenteditable="true"]'), ('main_area', '#main')]
2025-11-11 10:57:44,322 - INFO - WhatsApp Web interface appears ready
2025-11-11 10:58:37,952 - INFO - Attached file: D:\WorkflowAuto\Invitation\invitations\invitation_કાંબલીયા_મહેશભાઈ.pdf
2025-11-11 10:58:47,367 - INFO - Outgoing message appeared in chat
2025-11-11 10:58:48,089 - INFO - Message appeared in chat after 0.7s
2025-11-11 10:59:06,862 - INFO - ✓ Message delivery confirmed (double-tick) after 19.5s
2025-11-11 10:59:07,969 - INFO - ✓ Sent to કાંબલીયા મહેશભાઈ
2025-11-11 10:59:10,175 - INFO - Sending 2/15: કાંબલીયા રાજેશભાઈ
2025-11-11 10:59:33,375 - INFO - Found menu using selector: div[aria-label="Menu"]
2025-11-11 10:59:35,435 - INFO - Found chat_list using selector: #pane-side
2025-11-11 10:59:35,454 - INFO - Found message_input using selector: div[contenteditable="true"]
2025-11-11 10:59:37,526 - INFO - Found main_area using selector: #main
2025-11-11 10:59:37,526 - INFO - WhatsApp readiness probe found selectors: [('menu', 'div[aria-label="Menu"]'), ('chat_list', '#pane-side'), ('message_input', 'div[contenteditable="true"]'), ('main_area', '#main')]
2025-11-11 10:59:37,526 - INFO - WhatsApp Web interface appears ready
2025-11-11 11:00:34,365 - INFO - Attached file: D:\WorkflowAuto\Invitation\invitations\invitation_કાંબલીયા_રાજેશભાઈ.pdf
2025-11-11 11:00:45,019 - INFO - Outgoing message appeared in chat
2025-11-11 11:00:45,051 - INFO - Message appeared in chat after 0.0s
2025-11-11 11:00:58,246 - INFO - ✓ Message delivery confirmed (double-tick) after 13.2s
2025-11-11 11:00:59,342 - INFO - ✓ Sent to કાંબલીયા રાજેશભાઈ
2025-11-11 11:01:01,530 - INFO - Sending 3/15: ભાદરકા અરજણભાઇ કાનાભાઇ
2025-11-11 11:02:20,463 - INFO - User requested to quit
2025-11-11 11:04:17,089 - INFO - Starting WebDriver initialization...
2025-11-11 11:04:26,750 - INFO - Chrome browser launched
2025-11-11 11:04:27,253 - INFO - Browser window maximized
2025-11-11 11:04:27,267 - INFO - Loading WhatsApp Web...
2025-11-11 11:05:20,784 - INFO - Checking WhatsApp Web status (attempt 1/3)...
2025-11-11 11:05:43,603 - INFO - Found menu using selector: div[aria-label="Menu"]
2025-11-11 11:05:46,199 - INFO - Found chat_list using selector: #pane-side
2025-11-11 11:05:46,782 - INFO - Found message_input using selector: div[contenteditable="true"]
2025-11-11 11:05:49,186 - INFO - Found main_area using selector: #main
2025-11-11 11:05:49,191 - INFO - WhatsApp readiness probe found selectors: [('menu', 'div[aria-label="Menu"]'), ('chat_list', '#pane-side'), ('message_input', 'div[contenteditable="true"]'), ('main_area', '#main')]
2025-11-11 11:05:49,196 - INFO - WhatsApp Web interface appears ready
2025-11-11 11:05:49,197 - INFO - WhatsApp Web loaded successfully after 28s
2025-11-11 11:05:57,926 - INFO - Starting to send existing invitations to 13 contacts...
2025-11-11 11:05:57,928 - INFO - Sending 1/13: ભાદરકા અરજણભાઇ કાનાભાઇ
2025-11-11 11:06:11,826 - INFO - Found menu using selector: div[aria-label="Menu"]
2025-11-11 11:06:13,926 - INFO - Found chat_list using selector: #pane-side
2025-11-11 11:06:13,951 - INFO - Found message_input using selector: div[contenteditable="true"]
2025-11-11 11:06:16,034 - INFO - Found main_area using selector: #main
2025-11-11 11:06:16,035 - INFO - WhatsApp readiness probe found selectors: [('menu', 'div[aria-label="Menu"]'), ('chat_list', '#pane-side'), ('message_input', 'div[contenteditable="true"]'), ('main_area', '#main')]
2025-11-11 11:06:16,036 - INFO - WhatsApp Web interface appears ready
2025-11-11 11:07:10,000 - INFO - Attached file: D:\WorkflowAuto\Invitation\invitations\invitation_ભાદરકા_અરજણભાઇ_કાનાભાઇ.pdf
2025-11-11 11:07:18,694 - INFO - Outgoing message appeared in chat
2025-11-11 11:07:18,828 - INFO - Message appeared in chat after 0.1s
2025-11-11 11:07:37,441 - INFO - ✓ Message delivery confirmed (double-tick) after 18.7s
2025-11-11 11:07:38,528 - INFO - ✓ Sent to ભાદરકા અરજણભાઇ કાનાભાઇ
2025-11-11 11:07:40,724 - INFO - Sending 2/13: ઘુલ કરશનભાઇ
2025-11-11 11:07:53,264 - INFO - Found menu using selector: div[aria-label="Menu"]
2025-11-11 11:07:55,396 - INFO - Found chat_list using selector: #pane-side
2025-11-11 11:07:55,438 - INFO - Found message_input using selector: div[contenteditable="true"]
2025-11-11 11:08:01,867 - INFO - WhatsApp readiness probe found selectors: [('menu', 'div[aria-label="Menu"]'), ('chat_list', '#pane-side'), ('message_input', 'div[contenteditable="true"]')]
2025-11-11 11:08:01,867 - INFO - WhatsApp Web interface appears ready
2025-11-11 11:08:42,400 - ERROR - Chat failed to load
2025-11-11 11:08:42,459 - WARNING - X Not sent to ઘુલ કરશનભાઇ - 2025-11-11 11:08:42,400 - ERROR - Chat failed to load
2025-11-11 11:08:44,499 - INFO - Sending 3/13: ઘુલ કરશનભાઇ
2025-11-11 11:08:54,743 - INFO - Found menu using selector: div[aria-label="Menu"]
2025-11-11 11:08:56,814 - INFO - Found chat_list using selector: #pane-side
2025-11-11 11:08:56,826 - INFO - Found message_input using selector: div[contenteditable="true"]
2025-11-11 11:08:58,874 - INFO - Found main_area using selector: #main
2025-11-11 11:08:58,874 - INFO - WhatsApp readiness probe found selectors: [('menu', 'div[aria-label="Menu"]'), ('chat_list', '#pane-side'), ('message_input', 'div[contenteditable="true"]'), ('main_area', '#main')]
2025-11-11 11:08:58,874 - INFO - WhatsApp Web interface appears ready
2025-11-11 11:09:54,131 - INFO - Attached file: D:\WorkflowAuto\Invitation\invitations\invitation_ઘુલ_કરશનભાઇ.pdf
2025-11-11 11:10:04,158 - INFO - Outgoing message appeared in chat
2025-11-11 11:10:04,409 - INFO - Message appeared in chat after 0.2s
2025-11-11 11:12:04,991 - INFO - ✓ Single-tick verified (message sent) after 120.8s
2025-11-11 11:12:06,033 - INFO - ✓ Sent to ઘુલ કરશનભાઇ
2025-11-11 11:12:08,166 - INFO - Sending 4/13: ઘુલ રાજુભાઇ
2025-11-11 11:12:29,353 - INFO - Found menu using selector: div[aria-label="Menu"]
2025-11-11 11:12:31,497 - INFO - Found chat_list using selector: #pane-side
2025-11-11 11:12:31,631 - INFO - Found message_input using selector: div[contenteditable="true"]
2025-11-11 11:12:33,780 - INFO - Found main_area using selector: #main
2025-11-11 11:12:33,780 - INFO - WhatsApp readiness probe found selectors: [('menu', 'div[aria-label="Menu"]'), ('chat_list', '#pane-side'), ('message_input', 'div[contenteditable="true"]'), ('main_area', '#main')]
2025-11-11 11:12:33,781 - INFO - WhatsApp Web interface appears ready
2025-11-11 11:13:33,254 - INFO - Attached file: D:\WorkflowAuto\Invitation\invitations\invitation_ઘુલ_રાજુભાઇ.pdf
2025-11-11 11:13:46,175 - INFO - Outgoing message appeared in chat
2025-11-11 11:13:48,875 - INFO - Message appeared in chat after 2.6s
2025-11-11 11:14:43,601 - INFO - ✓ Message delivery confirmed (double-tick) after 57.3s
2025-11-11 11:14:44,658 - INFO - ✓ Sent to ઘુલ રાજુભાઇ
2025-11-11 11:14:46,956 - INFO - Sending 5/13: નાધેરા કાનાભાઇ જેઠાભાઇ
2025-11-11 11:15:11,491 - INFO - Found menu using selector: div[aria-label="Menu"]
2025-11-11 11:15:14,433 - INFO - Found chat_list using selector: #pane-side
2025-11-11 11:15:14,509 - INFO - Found message_input using selector: div[contenteditable="true"]
2025-11-11 11:15:16,581 - INFO - Found main_area using selector: #main
2025-11-11 11:15:16,582 - INFO - WhatsApp readiness probe found selectors: [('menu', 'div[aria-label="Menu"]'), ('chat_list', '#pane-side'), ('message_input', 'div[contenteditable="true"]'), ('main_area', '#main')]
2025-11-11 11:15:16,585 - INFO - WhatsApp Web interface appears ready
2025-11-11 11:16:13,435 - INFO - Attached file: D:\WorkflowAuto\Invitation\invitations\invitation_નાધેરા_કાનાભાઇ_જેઠાભાઇ.pdf
2025-11-11 11:16:23,365 - INFO - Outgoing message appeared in chat
2025-11-11 11:16:23,706 - INFO - Message appeared in chat after 0.3s
2025-11-11 11:18:23,777 - INFO - ✓ Single-tick verified (message sent) after 120.4s
2025-11-11 11:18:24,839 - INFO - ✓ Sent to નાધેરા કાનાભાઇ જેઠાભાઇ
2025-11-11 11:18:27,222 - INFO - Sending 6/13: નાઘેરા મેરામણભાઇ પોલાભાઇ
2025-11-11 11:18:44,987 - INFO - Found menu using selector: div[aria-label="Menu"]
2025-11-11 11:18:48,142 - INFO - Found chat_list using selector: #pane-side
2025-11-11 11:18:48,275 - INFO - Found message_input using selector: div[contenteditable="true"]
2025-11-11 11:18:50,561 - INFO - Found main_area using selector: #main
2025-11-11 11:18:50,562 - INFO - WhatsApp readiness probe found selectors: [('menu', 'div[aria-label="Menu"]'), ('chat_list', '#pane-side'), ('message_input', 'div[contenteditable="true"]'), ('main_area', '#main')]
2025-11-11 11:18:50,567 - INFO - WhatsApp Web interface appears ready
2025-11-11 11:19:47,056 - INFO - Attached file: D:\WorkflowAuto\Invitation\invitations\invitation_નાઘેરા_મેરામણભાઇ_પોલાભાઇ.pdf
2025-11-11 11:19:58,305 - INFO - Outgoing message appeared in chat
2025-11-11 11:19:58,617 - INFO - Message appeared in chat after 0.3s
2025-11-11 11:22:00,580 - INFO - ✓ Single-tick verified (message sent) after 122.2s
2025-11-11 11:22:02,948 - INFO - ✓ Sent to નાઘેરા મેરામણભાઇ પોલાભાઇ
2025-11-11 11:22:07,801 - INFO - Sending 7/13: નાઘેરા કીશોરભાઇ પરબતભાઇ
2025-11-11 11:22:39,217 - INFO - Found menu using selector: div[aria-label="Menu"]
2025-11-11 11:22:42,216 - INFO - Found chat_list using selector: #pane-side
2025-11-11 11:22:42,414 - INFO - Found message_input using selector: div[contenteditable="true"]
2025-11-11 11:22:44,626 - INFO - Found main_area using selector: #main
2025-11-11 11:22:44,627 - INFO - WhatsApp readiness probe found selectors: [('menu', 'div[aria-label="Menu"]'), ('chat_list', '#pane-side'), ('message_input', 'div[contenteditable="true"]'), ('main_area', '#main')]
2025-11-11 11:22:44,640 - INFO - WhatsApp Web interface appears ready
2025-11-11 11:23:43,919 - INFO - Attached file: D:\WorkflowAuto\Invitation\invitations\invitation_નાઘેરા_કીશોરભાઇ_પરબતભાઇ.pdf
2025-11-11 11:23:47,239 - ERROR - Message box not found
2025-11-11 11:23:47,877 - WARNING - X Not sent to નાઘેરા કીશોરભાઇ પરબતભાઇ - 2025-11-11 11:23:47,239 - ERROR - Message box not found
2025-11-11 11:23:51,018 - INFO - Sending 8/13: નાઘેરા વાઘાભાઇ પરબતભાઇ
2025-11-11 11:24:46,876 - INFO - Found chat_list using selector: #pane-side
2025-11-11 11:24:49,222 - INFO - Found message_input using selector: div[contenteditable="true"]
2025-11-11 11:24:56,469 - INFO - WhatsApp readiness probe found selectors: [('chat_list', '#pane-side'), ('message_input', 'div[contenteditable="true"]')]
2025-11-11 11:24:56,472 - INFO - WhatsApp Web interface appears ready
2025-11-11 11:25:36,973 - ERROR - Chat failed to load
2025-11-11 11:25:37,120 - WARNING - X Not sent to નાઘેરા વાઘાભાઇ પરબતભાઇ - 2025-11-11 11:25:36,973 - ERROR - Chat failed to load
2025-11-11 11:25:39,367 - INFO - Sending 9/13: ખોડભાયા કાનાભાઇ મેશુરભાઇ
2025-11-11 11:25:57,725 - INFO - Found menu using selector: div[aria-label="Menu"]
2025-11-11 11:26:00,502 - INFO - Found chat_list using selector: #pane-side
2025-11-11 11:26:00,556 - INFO - Found message_input using selector: div[contenteditable="true"]
2025-11-11 11:26:02,787 - INFO - Found main_area using selector: #main
2025-11-11 11:26:02,789 - INFO - WhatsApp readiness probe found selectors: [('menu', 'div[aria-label="Menu"]'), ('chat_list', '#pane-side'), ('message_input', 'div[contenteditable="true"]'), ('main_area', '#main')]
2025-11-11 11:26:02,795 - INFO - WhatsApp Web interface appears ready
2025-11-11 11:26:58,425 - INFO - Attached file: D:\WorkflowAuto\Invitation\invitations\invitation_ખોડભાયા_કાનાભાઇ_મેશુરભાઇ.pdf
2025-11-11 11:27:08,365 - INFO - Outgoing message appeared in chat
2025-11-11 11:27:08,848 - INFO - Message appeared in chat after 0.5s
2025-11-11 11:27:23,621 - INFO - ✓ Message delivery confirmed (double-tick) after 15.3s
2025-11-11 11:27:24,624 - INFO - ✓ Sent to ખોડભાયા કાનાભાઇ મેશુરભાઇ
2025-11-11 11:27:26,843 - INFO - Sending 10/13: ખોડભાયા ધનાભાઇ કાનાભાઇ
2025-11-11 11:27:43,036 - INFO - Found menu using selector: div[aria-label="Menu"]
2025-11-11 11:27:45,807 - INFO - Found chat_list using selector: #pane-side
2025-11-11 11:27:45,926 - INFO - Found message_input using selector: div[contenteditable="true"]
2025-11-11 11:27:48,108 - INFO - Found main_area using selector: #main
2025-11-11 11:27:48,108 - INFO - WhatsApp readiness probe found selectors: [('menu', 'div[aria-label="Menu"]'), ('chat_list', '#pane-side'), ('message_input', 'div[contenteditable="true"]'), ('main_area', '#main')]
2025-11-11 11:27:48,110 - INFO - WhatsApp Web interface appears ready
2025-11-11 11:28:43,113 - INFO - Attached file: D:\WorkflowAuto\Invitation\invitations\invitation_ખોડભાયા_ધનાભાઇ_કાનાભાઇ.pdf
2025-11-11 11:28:52,596 - INFO - Outgoing message appeared in chat
2025-11-11 11:28:53,008 - INFO - Message appeared in chat after 0.4s
2025-11-11 11:29:10,941 - INFO - ✓ Message delivery confirmed (double-tick) after 18.3s
2025-11-11 11:29:11,945 - INFO - ✓ Sent to ખોડભાયા ધનાભાઇ કાનાભાઇ
2025-11-11 11:29:14,061 - INFO - Sending 11/13: ચૌહાણ ડાયાભાઇ
2025-11-11 11:29:35,724 - INFO - Found menu using selector: div[aria-label="Menu"]
2025-11-11 11:29:38,422 - INFO - Found chat_list using selector: #pane-side
2025-11-11 11:29:38,552 - INFO - Found message_input using selector: div[contenteditable="true"]
2025-11-11 11:29:40,757 - INFO - Found main_area using selector: #main
2025-11-11 11:29:40,757 - INFO - WhatsApp readiness probe found selectors: [('menu', 'div[aria-label="Menu"]'), ('chat_list', '#pane-side'), ('message_input', 'div[contenteditable="true"]'), ('main_area', '#main')]
2025-11-11 11:29:40,758 - INFO - WhatsApp Web interface appears ready
2025-11-11 11:30:36,450 - INFO - Attached file: D:\WorkflowAuto\Invitation\invitations\invitation_ચૌહાણ_ડાયાભાઇ.pdf
2025-11-11 11:30:45,888 - INFO - Outgoing message appeared in chat
2025-11-11 11:30:46,577 - INFO - Message appeared in chat after 0.7s
2025-11-11 11:32:46,405 - INFO - ✓ Single-tick verified (message sent) after 120.5s
2025-11-11 11:32:47,422 - INFO - ✓ Sent to ચૌહાણ ડાયાભાઇ
2025-11-11 11:32:49,610 - INFO - Sending 12/13: ચૌહાણ બાલાભાઇ
2025-11-11 11:33:04,330 - INFO - Found menu using selector: div[aria-label="Menu"]
2025-11-11 11:33:07,381 - INFO - Found chat_list using selector: #pane-side
2025-11-11 11:33:07,681 - INFO - Found message_input using selector: div[contenteditable="true"]
2025-11-11 11:33:09,856 - INFO - Found main_area using selector: #main
2025-11-11 11:33:09,857 - INFO - WhatsApp readiness probe found selectors: [('menu', 'div[aria-label="Menu"]'), ('chat_list', '#pane-side'), ('message_input', 'div[contenteditable="true"]'), ('main_area', '#main')]
2025-11-11 11:33:09,860 - INFO - WhatsApp Web interface appears ready
2025-11-11 11:34:11,217 - INFO - Attached file: D:\WorkflowAuto\Invitation\invitations\invitation_ચૌહાણ_બાલાભાઇ.pdf
2025-11-11 11:34:21,924 - INFO - Outgoing message appeared in chat
2025-11-11 11:34:23,899 - INFO - Message appeared in chat after 2.0s
2025-11-11 11:34:41,839 - INFO - ✓ Message delivery confirmed (double-tick) after 19.9s
2025-11-11 11:34:42,891 - INFO - ✓ Sent to ચૌહાણ બાલાભાઇ
2025-11-11 11:34:45,180 - INFO - Sending 13/13: નાઘેરા ગોપાલભાઇ પોલાભાઇ 
2025-11-11 11:35:02,635 - INFO - Found menu using selector: div[aria-label="Menu"]
2025-11-11 11:35:05,173 - INFO - Found chat_list using selector: #pane-side
2025-11-11 11:35:05,241 - INFO - Found message_input using selector: div[contenteditable="true"]
2025-11-11 11:35:07,418 - INFO - Found main_area using selector: #main
2025-11-11 11:35:07,418 - INFO - WhatsApp readiness probe found selectors: [('menu', 'div[aria-label="Menu"]'), ('chat_list', '#pane-side'), ('message_input', 'div[contenteditable="true"]'), ('main_area', '#main')]
2025-11-11 11:35:07,421 - INFO - WhatsApp Web interface appears ready
2025-11-11 11:36:03,702 - INFO - Attached file: D:\WorkflowAuto\Invitation\invitations\invitation_નાઘેરા_ગોપાલભાઇ_પોલાભાઇ.pdf
2025-11-11 11:36:12,485 - INFO - Outgoing message appeared in chat
2025-11-11 11:36:12,526 - INFO - Message appeared in chat after 0.0s
2025-11-11 11:36:12,575 - INFO - ✓ Message delivery confirmed (double-tick) after 0.1s
2025-11-11 11:36:13,649 - INFO - ✓ Sent to નાઘેરા ગોપાલભાઇ પોલાભાઇ 
2025-11-11 11:36:16,322 - INFO - Completed sending: 10/13 sent
2025-11-11 18:46:26,992 - INFO - Attempting to close existing Chrome processes...
2025-11-11 18:46:29,301 - INFO - Starting WebDriver initialization...
2025-11-11 18:46:35,277 - INFO - Chrome browser launched
2025-11-11 18:46:35,285 - INFO - Browser window maximized
2025-11-11 18:46:35,288 - INFO - Loading WhatsApp Web...
2025-11-11 18:46:37,335 - INFO - Checking WhatsApp Web status (attempt 1/3)...
2025-11-11 18:46:45,302 - INFO - Found menu using selector: div[aria-label="Menu"]
2025-11-11 18:46:47,607 - INFO - Found chat_list using selector: #pane-side
2025-11-11 18:46:47,623 - INFO - Found message_input using selector: div[contenteditable="true"]
2025-11-11 18:46:49,704 - INFO - Found main_area using selector: #main
2025-11-11 18:46:49,704 - INFO - WhatsApp readiness probe found selectors: [('menu', 'div[aria-label="Menu"]'), ('chat_list', '#pane-side'), ('message_input', 'div[contenteditable="true"]'), ('main_area', '#main')]
2025-11-11 18:46:49,704 - INFO - WhatsApp Web interface appears ready
2025-11-11 18:46:49,704 - INFO - WhatsApp Web loaded successfully after 12s
2025-11-11 18:46:50,496 - INFO - Starting to send existing invitations to 20 contacts...
2025-11-11 18:46:50,496 - INFO - Sending 1/20: રજતીય લખમણભાઇ
2025-11-11 18:47:00,390 - INFO - Found menu using selector: div[aria-label="Menu"]
2025-11-11 18:47:02,446 - INFO - Found chat_list using selector: #pane-side
2025-11-11 18:47:02,459 - INFO - Found message_input using selector: div[contenteditable="true"]
2025-11-11 18:47:04,512 - INFO - Found main_area using selector: #main
2025-11-11 18:47:04,512 - INFO - WhatsApp readiness probe found selectors: [('menu', 'div[aria-label="Menu"]'), ('chat_list', '#pane-side'), ('message_input', 'div[contenteditable="true"]'), ('main_area', '#main')]
2025-11-11 18:47:04,512 - INFO - WhatsApp Web interface appears ready
2025-11-11 18:47:57,858 - INFO - Attached file: D:\WorkflowAuto\Invitation\invitations\invitation_રજતીય_લખમણભાઇ.pdf
2025-11-11 18:48:06,372 - INFO - Outgoing message appeared in chat
2025-11-11 18:48:06,938 - INFO - Message appeared in chat after 0.6s
2025-11-11 18:48:23,442 - INFO - ✓ Message delivery confirmed (double-tick) after 17.1s
2025-11-11 18:48:24,452 - INFO - ✓ Sent to રજતીય લખમણભાઇ
2025-11-11 18:48:24,495 - WARNING - Permission denied saving contacts.xlsx; saving statuses to contacts_with_status_1762867104.xlsx instead
2025-11-11 18:48:26,496 - INFO - Sending 2/20: રજતીય લખમણભાઇ
2025-11-11 18:48:36,263 - INFO - Found menu using selector: div[aria-label="Menu"]
2025-11-11 18:48:38,328 - INFO - Found chat_list using selector: #pane-side
2025-11-11 18:48:38,348 - INFO - Found message_input using selector: div[contenteditable="true"]
2025-11-11 18:48:40,415 - INFO - Found main_area using selector: #main
2025-11-11 18:48:40,415 - INFO - WhatsApp readiness probe found selectors: [('menu', 'div[aria-label="Menu"]'), ('chat_list', '#pane-side'), ('message_input', 'div[contenteditable="true"]'), ('main_area', '#main')]
2025-11-11 18:48:40,415 - INFO - WhatsApp Web interface appears ready
2025-11-11 18:49:33,725 - INFO - Attached file: D:\WorkflowAuto\Invitation\invitations\invitation_રજતીય_લખમણભાઇ.pdf
2025-11-11 18:49:42,137 - INFO - Outgoing message appeared in chat
2025-11-11 18:49:42,152 - INFO - Message appeared in chat after 0.0s
2025-11-11 18:49:46,513 - INFO - ✓ Message delivery confirmed (double-tick) after 4.4s
2025-11-11 18:49:47,514 - INFO - ✓ Sent to રજતીય લખમણભાઇ
2025-11-11 18:49:49,552 - INFO - Sending 3/20: ઓતીમાં
2025-11-11 18:49:59,117 - INFO - Found menu using selector: div[aria-label="Menu"]
2025-11-11 18:50:01,188 - INFO - Found chat_list using selector: #pane-side
2025-11-11 18:50:01,203 - INFO - Found message_input using selector: div[contenteditable="true"]
2025-11-11 18:50:07,380 - INFO - WhatsApp readiness probe found selectors: [('menu', 'div[aria-label="Menu"]'), ('chat_list', '#pane-side'), ('message_input', 'div[contenteditable="true"]')]
2025-11-11 18:50:07,381 - INFO - WhatsApp Web interface appears ready
2025-11-11 18:50:47,719 - ERROR - Chat failed to load
2025-11-11 18:50:47,741 - WARNING - X Not sent to ઓતીમાં - 2025-11-11 18:50:47,719 - ERROR - Chat failed to load
2025-11-11 18:50:49,765 - INFO - Sending 4/20: રાવલીયા કાનાભાઇ
2025-11-11 18:50:58,962 - INFO - Found menu using selector: div[aria-label="Menu"]
2025-11-11 18:51:01,117 - INFO - Found chat_list using selector: #pane-side
2025-11-11 18:51:01,131 - INFO - Found message_input using selector: div[contenteditable="true"]
2025-11-11 18:51:03,212 - INFO - Found main_area using selector: #main
2025-11-11 18:51:03,212 - INFO - WhatsApp readiness probe found selectors: [('menu', 'div[aria-label="Menu"]'), ('chat_list', '#pane-side'), ('message_input', 'div[contenteditable="true"]'), ('main_area', '#main')]
2025-11-11 18:51:03,212 - INFO - WhatsApp Web interface appears ready
2025-11-11 18:51:56,489 - INFO - Attached file: D:\WorkflowAuto\Invitation\invitations\invitation_રાવલીયા_કાનાભાઇ.pdf
2025-11-11 18:52:04,869 - INFO - Outgoing message appeared in chat
2025-11-11 18:52:04,912 - INFO - Message appeared in chat after 0.0s
2025-11-11 18:52:22,998 - INFO - ✓ Message delivery confirmed (double-tick) after 18.1s
2025-11-11 18:52:23,999 - INFO - ✓ Sent to રાવલીયા કાનાભાઇ
2025-11-11 18:52:26,027 - INFO - Sending 5/20: રાવલીયા કાનાભાઇ
2025-11-11 18:52:35,550 - INFO - Found menu using selector: div[aria-label="Menu"]
2025-11-11 18:52:37,612 - INFO - Found chat_list using selector: #pane-side
2025-11-11 18:52:37,629 - INFO - Found message_input using selector: div[contenteditable="true"]
2025-11-11 18:52:39,694 - INFO - Found main_area using selector: #main
2025-11-11 18:52:39,694 - INFO - WhatsApp readiness probe found selectors: [('menu', 'div[aria-label="Menu"]'), ('chat_list', '#pane-side'), ('message_input', 'div[contenteditable="true"]'), ('main_area', '#main')]
2025-11-11 18:52:39,694 - INFO - WhatsApp Web interface appears ready
2025-11-11 18:53:32,965 - INFO - Attached file: D:\WorkflowAuto\Invitation\invitations\invitation_રાવલીયા_કાનાભાઇ.pdf
2025-11-11 18:53:41,328 - INFO - Outgoing message appeared in chat
2025-11-11 18:53:41,385 - INFO - Message appeared in chat after 0.1s
2025-11-11 18:53:44,034 - INFO - ✓ Message delivery confirmed (double-tick) after 2.7s
2025-11-11 18:53:45,035 - INFO - ✓ Sent to રાવલીયા કાનાભાઇ
2025-11-11 18:53:47,074 - INFO - Sending 6/20: રાવલીયા ગોપાલભાઇ
2025-11-11 18:53:56,562 - INFO - Found menu using selector: div[aria-label="Menu"]
2025-11-11 18:53:58,626 - INFO - Found chat_list using selector: #pane-side
2025-11-11 18:53:58,675 - INFO - Found message_input using selector: div[contenteditable="true"]
2025-11-11 18:54:00,759 - INFO - Found main_area using selector: #main
2025-11-11 18:54:00,760 - INFO - WhatsApp readiness probe found selectors: [('menu', 'div[aria-label="Menu"]'), ('chat_list', '#pane-side'), ('message_input', 'div[contenteditable="true"]'), ('main_area', '#main')]
2025-11-11 18:54:00,760 - INFO - WhatsApp Web interface appears ready
2025-11-11 18:54:53,963 - INFO - Attached file: D:\WorkflowAuto\Invitation\invitations\invitation_રાવલીયા_ગોપાલભાઇ.pdf
2025-11-11 18:55:02,309 - INFO - Outgoing message appeared in chat
2025-11-11 18:55:02,350 - INFO - Message appeared in chat after 0.0s
2025-11-11 18:55:24,114 - INFO - ✓ Message delivery confirmed (double-tick) after 21.8s
2025-11-11 18:55:25,116 - INFO - ✓ Sent to રાવલીયા ગોપાલભાઇ
2025-11-11 18:55:27,143 - INFO - Sending 7/20: રાવલીયા સંજયભાઇ
2025-11-11 18:55:36,732 - INFO - Found menu using selector: div[aria-label="Menu"]
2025-11-11 18:55:38,796 - INFO - Found chat_list using selector: #pane-side
2025-11-11 18:55:38,813 - INFO - Found message_input using selector: div[contenteditable="true"]
2025-11-11 18:55:40,879 - INFO - Found main_area using selector: #main
2025-11-11 18:55:40,879 - INFO - WhatsApp readiness probe found selectors: [('menu', 'div[aria-label="Menu"]'), ('chat_list', '#pane-side'), ('message_input', 'div[contenteditable="true"]'), ('main_area', '#main')]
2025-11-11 18:55:40,879 - INFO - WhatsApp Web interface appears ready
2025-11-11 18:56:34,162 - INFO - Attached file: D:\WorkflowAuto\Invitation\invitations\invitation_રાવલીયા_સંજયભાઇ.pdf
2025-11-11 18:56:42,583 - INFO - Outgoing message appeared in chat
2025-11-11 18:56:42,598 - INFO - Message appeared in chat after 0.0s
2025-11-11 18:58:42,617 - INFO - ✓ Single-tick verified (message sent) after 120.0s
2025-11-11 18:58:43,618 - INFO - ✓ Sent to રાવલીયા સંજયભાઇ
2025-11-11 18:58:45,644 - INFO - Sending 8/20: રાવલીયા પરબતભાઇ
2025-11-11 18:58:55,668 - INFO - Found menu using selector: div[aria-label="Menu"]
2025-11-11 18:58:57,731 - INFO - Found chat_list using selector: #pane-side
2025-11-11 18:58:57,747 - INFO - Found message_input using selector: div[contenteditable="true"]
2025-11-11 18:58:59,812 - INFO - Found main_area using selector: #main
2025-11-11 18:58:59,812 - INFO - WhatsApp readiness probe found selectors: [('menu', 'div[aria-label="Menu"]'), ('chat_list', '#pane-side'), ('message_input', 'div[contenteditable="true"]'), ('main_area', '#main')]
2025-11-11 18:58:59,812 - INFO - WhatsApp Web interface appears ready
2025-11-11 18:59:53,016 - INFO - Attached file: D:\WorkflowAuto\Invitation\invitations\invitation_રાવલીયા_પરબતભાઇ.pdf
2025-11-11 19:00:01,325 - INFO - Outgoing message appeared in chat
2025-11-11 19:00:01,430 - INFO - Message appeared in chat after 0.1s
2025-11-11 19:02:01,612 - INFO - ✓ Single-tick verified (message sent) after 120.3s
2025-11-11 19:02:02,613 - INFO - ✓ Sent to રાવલીયા પરબતભાઇ
2025-11-11 19:02:04,651 - INFO - Sending 9/20: રાવલીયા મનીષભાઇ ખીમાભાઇ
2025-11-11 19:02:14,023 - INFO - Found menu using selector: div[aria-label="Menu"]
2025-11-11 19:02:16,088 - INFO - Found chat_list using selector: #pane-side
2025-11-11 19:02:16,106 - INFO - Found message_input using selector: div[contenteditable="true"]
2025-11-11 19:02:18,175 - INFO - Found main_area using selector: #main
2025-11-11 19:02:18,176 - INFO - WhatsApp readiness probe found selectors: [('menu', 'div[aria-label="Menu"]'), ('chat_list', '#pane-side'), ('message_input', 'div[contenteditable="true"]'), ('main_area', '#main')]
2025-11-11 19:02:18,176 - INFO - WhatsApp Web interface appears ready
2025-11-11 19:03:11,398 - INFO - Attached file: D:\WorkflowAuto\Invitation\invitations\invitation_રાવલીયા_મનીષભાઇ_ખીમાભાઇ.pdf
2025-11-11 19:03:19,684 - INFO - Outgoing message appeared in chat
2025-11-11 19:03:19,797 - INFO - Message appeared in chat after 0.1s
2025-11-11 19:03:38,741 - INFO - ✓ Message delivery confirmed (double-tick) after 19.1s
2025-11-11 19:03:39,743 - INFO - ✓ Sent to રાવલીયા મનીષભાઇ ખીમાભાઇ
2025-11-11 19:03:41,785 - INFO - Sending 10/20: રાવલીયા કીશોરભાઇ ભીમાભાઇ
2025-11-11 19:03:51,239 - INFO - Found menu using selector: div[aria-label="Menu"]
2025-11-11 19:03:53,306 - INFO - Found chat_list using selector: #pane-side
2025-11-11 19:03:53,325 - INFO - Found message_input using selector: div[contenteditable="true"]
2025-11-11 19:03:55,391 - INFO - Found main_area using selector: #main
2025-11-11 19:03:55,392 - INFO - WhatsApp readiness probe found selectors: [('menu', 'div[aria-label="Menu"]'), ('chat_list', '#pane-side'), ('message_input', 'div[contenteditable="true"]'), ('main_area', '#main')]
2025-11-11 19:03:55,392 - INFO - WhatsApp Web interface appears ready
2025-11-11 19:04:48,668 - INFO - Attached file: D:\WorkflowAuto\Invitation\invitations\invitation_રાવલીયા_કીશોરભાઇ_ભીમાભાઇ.pdf
2025-11-11 19:04:57,026 - INFO - Outgoing message appeared in chat
2025-11-11 19:04:57,040 - INFO - Message appeared in chat after 0.0s
2025-11-11 19:05:15,451 - INFO - ✓ Message delivery confirmed (double-tick) after 18.4s
2025-11-11 19:05:16,451 - INFO - ✓ Sent to રાવલીયા કીશોરભાઇ ભીમાભાઇ
2025-11-11 19:05:18,478 - INFO - Sending 11/20: રાવલીયા કમલેશભાઇ આલાભાઇ
2025-11-11 19:05:27,866 - INFO - Found menu using selector: div[aria-label="Menu"]
2025-11-11 19:05:29,933 - INFO - Found chat_list using selector: #pane-side
2025-11-11 19:05:29,947 - INFO - Found message_input using selector: div[contenteditable="true"]
2025-11-11 19:05:32,010 - INFO - Found main_area using selector: #main
2025-11-11 19:05:32,010 - INFO - WhatsApp readiness probe found selectors: [('menu', 'div[aria-label="Menu"]'), ('chat_list', '#pane-side'), ('message_input', 'div[contenteditable="true"]'), ('main_area', '#main')]
2025-11-11 19:05:32,010 - INFO - WhatsApp Web interface appears ready
2025-11-11 19:06:25,203 - INFO - Attached file: D:\WorkflowAuto\Invitation\invitations\invitation_રાવલીયા_કમલેશભાઇ_આલાભાઇ.pdf
2025-11-11 19:06:33,580 - INFO - Outgoing message appeared in chat
2025-11-11 19:06:33,654 - INFO - Message appeared in chat after 0.1s
2025-11-11 19:06:52,242 - INFO - ✓ Message delivery confirmed (double-tick) after 18.7s
2025-11-11 19:06:53,243 - INFO - ✓ Sent to રાવલીયા કમલેશભાઇ આલાભાઇ
2025-11-11 19:06:55,269 - INFO - Sending 12/20: રાવલીયા કમલેશભાઇ આલાભાઇ
2025-11-11 19:07:04,852 - INFO - Found menu using selector: div[aria-label="Menu"]
2025-11-11 19:07:06,917 - INFO - Found chat_list using selector: #pane-side
2025-11-11 19:07:06,935 - INFO - Found message_input using selector: div[contenteditable="true"]
2025-11-11 19:07:09,066 - INFO - Found main_area using selector: #main
2025-11-11 19:07:09,066 - INFO - WhatsApp readiness probe found selectors: [('menu', 'div[aria-label="Menu"]'), ('chat_list', '#pane-side'), ('message_input', 'div[contenteditable="true"]'), ('main_area', '#main')]
2025-11-11 19:07:09,066 - INFO - WhatsApp Web interface appears ready
2025-11-11 19:08:02,265 - INFO - Attached file: D:\WorkflowAuto\Invitation\invitations\invitation_રાવલીયા_કમલેશભાઇ_આલાભાઇ.pdf
2025-11-11 19:08:10,595 - INFO - Outgoing message appeared in chat
2025-11-11 19:08:10,609 - INFO - Message appeared in chat after 0.0s
2025-11-11 19:08:13,363 - INFO - ✓ Message delivery confirmed (double-tick) after 2.8s
2025-11-11 19:08:14,365 - INFO - ✓ Sent to રાવલીયા કમલેશભાઇ આલાભાઇ
2025-11-11 19:08:16,389 - INFO - Sending 13/20: ખોડભાયા રમેશભાઇ રાણાભાઇ
2025-11-11 19:08:27,599 - INFO - Found menu using selector: div[aria-label="Menu"]
2025-11-11 19:08:29,665 - INFO - Found chat_list using selector: #pane-side
2025-11-11 19:08:29,683 - INFO - Found message_input using selector: div[contenteditable="true"]
2025-11-11 19:08:31,748 - INFO - Found main_area using selector: #main
2025-11-11 19:08:31,748 - INFO - WhatsApp readiness probe found selectors: [('menu', 'div[aria-label="Menu"]'), ('chat_list', '#pane-side'), ('message_input', 'div[contenteditable="true"]'), ('main_area', '#main')]
2025-11-11 19:08:31,748 - INFO - WhatsApp Web interface appears ready
2025-11-11 19:09:25,208 - INFO - Attached file: D:\WorkflowAuto\Invitation\invitations\invitation_ખોડભાયા_રમેશભાઇ_રાણાભાઇ.pdf
2025-11-11 19:09:33,619 - INFO - Outgoing message appeared in chat
2025-11-11 19:09:33,641 - INFO - Message appeared in chat after 0.0s
2025-11-11 19:09:54,254 - INFO - ✓ Message delivery confirmed (double-tick) after 20.6s
2025-11-11 19:09:55,254 - INFO - ✓ Sent to ખોડભાયા રમેશભાઇ રાણાભાઇ
2025-11-11 19:09:57,287 - INFO - Sending 14/20: કાંબલીયા ભાણીયાભાઇ
2025-11-11 19:10:06,898 - INFO - Found menu using selector: div[aria-label="Menu"]
2025-11-11 19:10:08,961 - INFO - Found chat_list using selector: #pane-side
2025-11-11 19:10:08,978 - INFO - Found message_input using selector: div[contenteditable="true"]
2025-11-11 19:10:11,043 - INFO - Found main_area using selector: #main
2025-11-11 19:10:11,044 - INFO - WhatsApp readiness probe found selectors: [('menu', 'div[aria-label="Menu"]'), ('chat_list', '#pane-side'), ('message_input', 'div[contenteditable="true"]'), ('main_area', '#main')]
2025-11-11 19:10:11,044 - INFO - WhatsApp Web interface appears ready
2025-11-11 19:11:04,472 - INFO - Attached file: D:\WorkflowAuto\Invitation\invitations\invitation_કાંબલીયા_ભાણીયાભાઇ.pdf
2025-11-11 19:11:12,816 - INFO - Outgoing message appeared in chat
2025-11-11 19:11:12,834 - INFO - Message appeared in chat after 0.0s
2025-11-11 19:13:13,359 - INFO - ✓ Single-tick verified (message sent) after 120.5s
2025-11-11 19:13:14,360 - INFO - ✓ Sent to કાંબલીયા ભાણીયાભાઇ
2025-11-11 19:13:16,393 - INFO - Sending 15/20: કાંબલીયા લાડુબેન 
2025-11-11 19:13:26,216 - INFO - Found menu using selector: div[aria-label="Menu"]
2025-11-11 19:13:28,278 - INFO - Found chat_list using selector: #pane-side
2025-11-11 19:13:28,297 - INFO - Found message_input using selector: div[contenteditable="true"]
2025-11-11 19:13:34,440 - INFO - WhatsApp readiness probe found selectors: [('menu', 'div[aria-label="Menu"]'), ('chat_list', '#pane-side'), ('message_input', 'div[contenteditable="true"]')]
2025-11-11 19:13:34,440 - INFO - WhatsApp Web interface appears ready
2025-11-11 19:14:14,795 - ERROR - Chat failed to load
2025-11-11 19:14:14,815 - WARNING - X Not sent to કાંબલીયા લાડુબેન  - 2025-11-11 19:14:14,795 - ERROR - Chat failed to load
2025-11-11 19:14:16,849 - INFO - Sending 16/20: ભાદરકા રાજુભાઇ હાજાભાઇ
2025-11-11 19:14:26,252 - INFO - Found menu using selector: div[aria-label="Menu"]
2025-11-11 19:14:28,309 - INFO - Found chat_list using selector: #pane-side
2025-11-11 19:14:28,320 - INFO - Found message_input using selector: div[contenteditable="true"]
2025-11-11 19:14:30,378 - INFO - Found main_area using selector: #main
2025-11-11 19:14:30,379 - INFO - WhatsApp readiness probe found selectors: [('menu', 'div[aria-label="Menu"]'), ('chat_list', '#pane-side'), ('message_input', 'div[contenteditable="true"]'), ('main_area', '#main')]
2025-11-11 19:14:30,379 - INFO - WhatsApp Web interface appears ready
2025-11-11 19:15:23,613 - INFO - Attached file: D:\WorkflowAuto\Invitation\invitations\invitation_ભાદરકા_રાજુભાઇ_હાજાભાઇ.pdf
2025-11-11 19:15:31,894 - INFO - Outgoing message appeared in chat
2025-11-11 19:15:32,000 - INFO - Message appeared in chat after 0.1s
2025-11-11 19:17:32,384 - INFO - ✓ Single-tick verified (message sent) after 120.5s
2025-11-11 19:17:33,385 - INFO - ✓ Sent to ભાદરકા રાજુભાઇ હાજાભાઇ
2025-11-11 19:17:35,415 - INFO - Sending 17/20: નાઘેરા હમીરભાઇ મશરીભાઇ
2025-11-11 19:17:45,227 - INFO - Found menu using selector: div[aria-label="Menu"]
2025-11-11 19:17:47,300 - INFO - Found chat_list using selector: #pane-side
2025-11-11 19:17:47,318 - INFO - Found message_input using selector: div[contenteditable="true"]
2025-11-11 19:17:49,380 - INFO - Found main_area using selector: #main
2025-11-11 19:17:49,380 - INFO - WhatsApp readiness probe found selectors: [('menu', 'div[aria-label="Menu"]'), ('chat_list', '#pane-side'), ('message_input', 'div[contenteditable="true"]'), ('main_area', '#main')]
2025-11-11 19:17:49,380 - INFO - WhatsApp Web interface appears ready
2025-11-11 19:18:42,512 - INFO - Attached file: D:\WorkflowAuto\Invitation\invitations\invitation_નાઘેરા_હમીરભાઇ_મશરીભાઇ.pdf
2025-11-11 19:18:50,861 - INFO - Outgoing message appeared in chat
2025-11-11 19:18:50,897 - INFO - Message appeared in chat after 0.0s
2025-11-11 19:20:51,328 - INFO - ✓ Single-tick verified (message sent) after 120.5s
2025-11-11 19:20:52,329 - INFO - ✓ Sent to નાઘેરા હમીરભાઇ મશરીભાઇ
2025-11-11 19:20:54,363 - INFO - Sending 18/20: નાઘેરા ચીનાભાઇ મશરીભાઇ
2025-11-11 19:21:04,336 - INFO - Found menu using selector: div[aria-label="Menu"]
2025-11-11 19:21:06,393 - INFO - Found chat_list using selector: #pane-side
2025-11-11 19:21:06,409 - INFO - Found message_input using selector: div[contenteditable="true"]
2025-11-11 19:21:08,465 - INFO - Found main_area using selector: #main
2025-11-11 19:21:08,465 - INFO - WhatsApp readiness probe found selectors: [('menu', 'div[aria-label="Menu"]'), ('chat_list', '#pane-side'), ('message_input', 'div[contenteditable="true"]'), ('main_area', '#main')]
2025-11-11 19:21:08,465 - INFO - WhatsApp Web interface appears ready
2025-11-11 19:22:01,544 - INFO - Attached file: D:\WorkflowAuto\Invitation\invitations\invitation_નાઘેરા_ચીનાભાઇ_મશરીભાઇ.pdf
2025-11-11 19:22:10,026 - INFO - Outgoing message appeared in chat
2025-11-11 19:22:10,048 - INFO - Message appeared in chat after 0.0s
2025-11-11 19:24:10,213 - INFO - ✓ Single-tick verified (message sent) after 120.2s
2025-11-11 19:24:11,215 - INFO - ✓ Sent to નાઘેરા ચીનાભાઇ મશરીભાઇ
2025-11-11 19:24:13,243 - INFO - Sending 19/20: ભાદરકા મેરામણભાઇ રાજાભાઇ
2025-11-11 19:24:22,846 - INFO - Found menu using selector: div[aria-label="Menu"]
2025-11-11 19:24:24,901 - INFO - Found chat_list using selector: #pane-side
2025-11-11 19:24:24,918 - INFO - Found message_input using selector: div[contenteditable="true"]
2025-11-11 19:24:26,972 - INFO - Found main_area using selector: #main
2025-11-11 19:24:26,972 - INFO - WhatsApp readiness probe found selectors: [('menu', 'div[aria-label="Menu"]'), ('chat_list', '#pane-side'), ('message_input', 'div[contenteditable="true"]'), ('main_area', '#main')]
2025-11-11 19:24:26,973 - INFO - WhatsApp Web interface appears ready
2025-11-11 19:25:20,096 - INFO - Attached file: D:\WorkflowAuto\Invitation\invitations\invitation_ભાદરકા_મેરામણભાઇ_રાજાભાઇ.pdf
2025-11-11 19:25:28,662 - INFO - Outgoing message appeared in chat
2025-11-11 19:25:28,693 - INFO - Message appeared in chat after 0.0s
2025-11-11 19:27:28,795 - INFO - ✓ Single-tick verified (message sent) after 120.1s
2025-11-11 19:27:29,796 - INFO - ✓ Sent to ભાદરકા મેરામણભાઇ રાજાભાઇ
2025-11-11 19:27:31,830 - INFO - Sending 20/20: ભાદરકા નગાભાઇ કેશુભાઇ
2025-11-11 19:27:41,456 - INFO - Found menu using selector: div[aria-label="Menu"]
2025-11-11 19:27:43,515 - INFO - Found chat_list using selector: #pane-side
2025-11-11 19:27:43,533 - INFO - Found message_input using selector: div[contenteditable="true"]
2025-11-11 19:27:45,591 - INFO - Found main_area using selector: #main
2025-11-11 19:27:45,591 - INFO - WhatsApp readiness probe found selectors: [('menu', 'div[aria-label="Menu"]'), ('chat_list', '#pane-side'), ('message_input', 'div[contenteditable="true"]'), ('main_area', '#main')]
2025-11-11 19:27:45,591 - INFO - WhatsApp Web interface appears ready
2025-11-11 19:28:38,737 - INFO - Attached file: D:\WorkflowAuto\Invitation\invitations\invitation_ભાદરકા_નગાભાઇ_કેશુભાઇ.pdf
2025-11-11 19:28:47,163 - INFO - Outgoing message appeared in chat
2025-11-11 19:28:47,179 - INFO - Message appeared in chat after 0.0s
2025-11-11 19:30:47,452 - INFO - ✓ Single-tick verified (message sent) after 120.3s
2025-11-11 19:30:48,453 - INFO - ✓ Sent to ભાદરકા નગાભાઇ કેશુભાઇ
2025-11-11 19:30:50,485 - INFO - Completed sending: 18/20 sent
2025-11-11 19:43:28,048 - INFO - Starting WebDriver initialization...
2025-11-11 19:43:32,167 - INFO - Chrome browser launched
2025-11-11 19:43:32,175 - INFO - Browser window maximized
2025-11-11 19:43:32,175 - INFO - Loading WhatsApp Web...
2025-11-11 19:43:33,185 - INFO - Checking WhatsApp Web status (attempt 1/3)...
2025-11-11 19:43:40,582 - INFO - Found menu using selector: div[aria-label="Menu"]
2025-11-11 19:43:42,645 - INFO - Found chat_list using selector: #pane-side
2025-11-11 19:43:42,735 - INFO - Found message_input using selector: div[contenteditable="true"]
2025-11-11 19:43:44,879 - INFO - Found main_area using selector: #main
2025-11-11 19:43:44,879 - INFO - WhatsApp readiness probe found selectors: [('menu', 'div[aria-label="Menu"]'), ('chat_list', '#pane-side'), ('message_input', 'div[contenteditable="true"]'), ('main_area', '#main')]
2025-11-11 19:43:44,879 - INFO - WhatsApp Web interface appears ready
2025-11-11 19:43:44,879 - INFO - WhatsApp Web loaded successfully after 11s
2025-11-11 19:43:45,202 - INFO - Starting to send existing invitations to 20 contacts...
2025-11-11 19:43:45,203 - INFO - Sending 1/20: ભાદરકા નગાભાઇ કેશુભાઇ
2025-11-11 19:43:54,709 - INFO - Found menu using selector: div[aria-label="Menu"]
2025-11-11 19:43:56,760 - INFO - Found chat_list using selector: #pane-side
2025-11-11 19:43:56,777 - INFO - Found message_input using selector: div[contenteditable="true"]
2025-11-11 19:43:58,831 - INFO - Found main_area using selector: #main
2025-11-11 19:43:58,831 - INFO - WhatsApp readiness probe found selectors: [('menu', 'div[aria-label="Menu"]'), ('chat_list', '#pane-side'), ('message_input', 'div[contenteditable="true"]'), ('main_area', '#main')]
2025-11-11 19:43:58,831 - INFO - WhatsApp Web interface appears ready
2025-11-11 19:44:52,011 - INFO - Attached file: D:\WorkflowAuto\Invitation\invitations\invitation_ભાદરકા_નગાભાઇ_કેશુભાઇ.pdf
2025-11-11 19:45:00,397 - INFO - Outgoing message appeared in chat
2025-11-11 19:45:00,425 - INFO - Message appeared in chat after 0.0s
2025-11-11 19:45:05,988 - INFO - ✓ Message delivery confirmed (double-tick) after 5.6s
2025-11-11 19:45:07,004 - INFO - ✓ Sent to ભાદરકા નગાભાઇ કેશુભાઇ
2025-11-11 19:45:09,046 - INFO - Sending 2/20: ભાદરકા વીજયભાઇ કારાભાઇ
2025-11-11 19:45:18,495 - INFO - Found menu using selector: div[aria-label="Menu"]
2025-11-11 19:45:20,553 - INFO - Found chat_list using selector: #pane-side
2025-11-11 19:45:20,572 - INFO - Found message_input using selector: div[contenteditable="true"]
2025-11-11 19:45:22,634 - INFO - Found main_area using selector: #main
2025-11-11 19:45:22,634 - INFO - WhatsApp readiness probe found selectors: [('menu', 'div[aria-label="Menu"]'), ('chat_list', '#pane-side'), ('message_input', 'div[contenteditable="true"]'), ('main_area', '#main')]
2025-11-11 19:45:22,634 - INFO - WhatsApp Web interface appears ready
2025-11-11 19:46:16,088 - INFO - Attached file: D:\WorkflowAuto\Invitation\invitations\invitation_ભાદરકા_વીજયભાઇ_કારાભાઇ.pdf
2025-11-11 19:46:24,485 - INFO - Outgoing message appeared in chat
2025-11-11 19:46:24,501 - INFO - Message appeared in chat after 0.0s
2025-11-11 19:46:55,175 - INFO - ✓ Message delivery confirmed (double-tick) after 30.7s
2025-11-11 19:46:56,176 - INFO - ✓ Sent to ભાદરકા વીજયભાઇ કારાભાઇ
2025-11-11 19:46:58,234 - INFO - Sending 3/20: ભાદરકા વીરમભાઇ કારાભાઇ
2025-11-11 19:47:07,724 - INFO - Found menu using selector: div[aria-label="Menu"]
2025-11-11 19:47:09,791 - INFO - Found chat_list using selector: #pane-side
2025-11-11 19:47:09,814 - INFO - Found message_input using selector: div[contenteditable="true"]
2025-11-11 19:47:11,875 - INFO - Found main_area using selector: #main
2025-11-11 19:47:11,875 - INFO - WhatsApp readiness probe found selectors: [('menu', 'div[aria-label="Menu"]'), ('chat_list', '#pane-side'), ('message_input', 'div[contenteditable="true"]'), ('main_area', '#main')]
2025-11-11 19:47:11,876 - INFO - WhatsApp Web interface appears ready
2025-11-11 19:48:05,272 - INFO - Attached file: D:\WorkflowAuto\Invitation\invitations\invitation_ભાદરકા_વીરમભાઇ_કારાભાઇ.pdf
2025-11-11 19:48:13,703 - INFO - Outgoing message appeared in chat
2025-11-11 19:48:13,732 - INFO - Message appeared in chat after 0.0s
2025-11-11 19:49:00,096 - INFO - ✓ Message delivery confirmed (double-tick) after 46.4s
2025-11-11 19:49:01,097 - INFO - ✓ Sent to ભાદરકા વીરમભાઇ કારાભાઇ
2025-11-11 19:49:03,134 - INFO - Sending 4/20: ગંભીર મેરામણભાઇ ભગતભાઇ
2025-11-11 19:49:13,884 - INFO - Found menu using selector: div[aria-label="Menu"]
2025-11-11 19:49:15,944 - INFO - Found chat_list using selector: #pane-side
2025-11-11 19:49:15,964 - INFO - Found message_input using selector: div[contenteditable="true"]
2025-11-11 19:49:18,025 - INFO - Found main_area using selector: #main
2025-11-11 19:49:18,025 - INFO - WhatsApp readiness probe found selectors: [('menu', 'div[aria-label="Menu"]'), ('chat_list', '#pane-side'), ('message_input', 'div[contenteditable="true"]'), ('main_area', '#main')]
2025-11-11 19:49:18,026 - INFO - WhatsApp Web interface appears ready
2025-11-11 19:50:11,254 - INFO - Attached file: D:\WorkflowAuto\Invitation\invitations\invitation_ગંભીર_મેરામણભાઇ_ભગતભાઇ.pdf
2025-11-11 19:50:19,725 - INFO - Outgoing message appeared in chat
2025-11-11 19:50:19,740 - INFO - Message appeared in chat after 0.0s
2025-11-11 19:50:52,084 - INFO - ✓ Message delivery confirmed (double-tick) after 32.4s
2025-11-11 19:50:53,085 - INFO - ✓ Sent to ગંભીર મેરામણભાઇ ભગતભાઇ
2025-11-11 19:50:55,120 - INFO - Sending 5/20: ગંભીર મેરામણભાઇ ભગતભાઇ
2025-11-11 19:51:04,506 - INFO - Found menu using selector: div[aria-label="Menu"]
2025-11-11 19:51:06,566 - INFO - Found chat_list using selector: #pane-side
2025-11-11 19:51:06,585 - INFO - Found message_input using selector: div[contenteditable="true"]
2025-11-11 19:51:08,641 - INFO - Found main_area using selector: #main
2025-11-11 19:51:08,642 - INFO - WhatsApp readiness probe found selectors: [('menu', 'div[aria-label="Menu"]'), ('chat_list', '#pane-side'), ('message_input', 'div[contenteditable="true"]'), ('main_area', '#main')]
2025-11-11 19:51:08,642 - INFO - WhatsApp Web interface appears ready
2025-11-11 19:52:02,015 - INFO - Attached file: D:\WorkflowAuto\Invitation\invitations\invitation_ગંભીર_મેરામણભાઇ_ભગતભાઇ.pdf
2025-11-11 19:52:09,767 - INFO - Outgoing message appeared in chat
2025-11-11 19:52:09,784 - INFO - Message appeared in chat after 0.0s
2025-11-11 19:52:09,804 - INFO - ✓ Message delivery confirmed (double-tick) after 0.0s
2025-11-11 19:52:10,805 - INFO - ✓ Sent to ગંભીર મેરામણભાઇ ભગતભાઇ
2025-11-11 19:52:12,839 - INFO - Sending 6/20: ગંભીર તોફાનભાઇ ભગતભાઇ
2025-11-11 19:52:22,524 - INFO - Found menu using selector: div[aria-label="Menu"]
2025-11-11 19:52:24,586 - INFO - Found chat_list using selector: #pane-side
2025-11-11 19:52:24,607 - INFO - Found message_input using selector: div[contenteditable="true"]
2025-11-11 19:52:26,673 - INFO - Found main_area using selector: #main
2025-11-11 19:52:26,673 - INFO - WhatsApp readiness probe found selectors: [('menu', 'div[aria-label="Menu"]'), ('chat_list', '#pane-side'), ('message_input', 'div[contenteditable="true"]'), ('main_area', '#main')]
2025-11-11 19:52:26,674 - INFO - WhatsApp Web interface appears ready
2025-11-11 19:53:19,848 - INFO - Attached file: D:\WorkflowAuto\Invitation\invitations\invitation_ગંભીર_તોફાનભાઇ_ભગતભાઇ.pdf
2025-11-11 19:53:28,184 - INFO - Outgoing message appeared in chat
2025-11-11 19:53:28,284 - INFO - Message appeared in chat after 0.1s
2025-11-11 19:54:02,064 - INFO - ✓ Message delivery confirmed (double-tick) after 33.9s
2025-11-11 19:54:03,065 - INFO - ✓ Sent to ગંભીર તોફાનભાઇ ભગતભાઇ
2025-11-11 19:54:05,105 - INFO - Sending 7/20: ગંભીર ધનાભાઇ ભગતભાઇ
2025-11-11 19:54:14,518 - INFO - Found menu using selector: div[aria-label="Menu"]
2025-11-11 19:54:16,570 - INFO - Found chat_list using selector: #pane-side
2025-11-11 19:54:16,590 - INFO - Found message_input using selector: div[contenteditable="true"]
2025-11-11 19:54:18,644 - INFO - Found main_area using selector: #main
2025-11-11 19:54:18,645 - INFO - WhatsApp readiness probe found selectors: [('menu', 'div[aria-label="Menu"]'), ('chat_list', '#pane-side'), ('message_input', 'div[contenteditable="true"]'), ('main_area', '#main')]
2025-11-11 19:54:18,645 - INFO - WhatsApp Web interface appears ready
2025-11-11 19:55:11,875 - INFO - Attached file: D:\WorkflowAuto\Invitation\invitations\invitation_ગંભીર_ધનાભાઇ_ભગતભાઇ.pdf
2025-11-11 19:55:20,166 - INFO - Outgoing message appeared in chat
2025-11-11 19:55:20,262 - INFO - Message appeared in chat after 0.1s
2025-11-11 19:55:38,168 - INFO - ✓ Message delivery confirmed (double-tick) after 18.0s
2025-11-11 19:55:39,169 - INFO - ✓ Sent to ગંભીર ધનાભાઇ ભગતભાઇ
2025-11-11 19:55:41,200 - INFO - Sending 8/20: ગંભીર મનોજભાઇ ભગતભાઇ
2025-11-11 19:55:50,924 - INFO - Found menu using selector: div[aria-label="Menu"]
2025-11-11 19:55:52,996 - INFO - Found chat_list using selector: #pane-side
2025-11-11 19:55:53,017 - INFO - Found message_input using selector: div[contenteditable="true"]
2025-11-11 19:55:55,071 - INFO - Found main_area using selector: #main
2025-11-11 19:55:55,071 - INFO - WhatsApp readiness probe found selectors: [('menu', 'div[aria-label="Menu"]'), ('chat_list', '#pane-side'), ('message_input', 'div[contenteditable="true"]'), ('main_area', '#main')]
2025-11-11 19:55:55,071 - INFO - WhatsApp Web interface appears ready
2025-11-11 19:56:48,481 - INFO - Attached file: D:\WorkflowAuto\Invitation\invitations\invitation_ગંભીર_મનોજભાઇ_ભગતભાઇ.pdf
2025-11-11 19:56:57,021 - INFO - Outgoing message appeared in chat
2025-11-11 19:56:57,035 - INFO - Message appeared in chat after 0.0s
2025-11-11 19:58:57,045 - INFO - ✓ Single-tick verified (message sent) after 120.0s
2025-11-11 19:58:58,046 - INFO - ✓ Sent to ગંભીર મનોજભાઇ ભગતભાઇ
2025-11-11 19:59:00,141 - INFO - Sending 9/20: ગંભીર મનોજભાઇ ભગતભાઇ
2025-11-11 19:59:09,383 - INFO - Found menu using selector: div[aria-label="Menu"]
2025-11-11 19:59:11,436 - INFO - Found chat_list using selector: #pane-side
2025-11-11 19:59:11,454 - INFO - Found message_input using selector: div[contenteditable="true"]
2025-11-11 19:59:13,507 - INFO - Found main_area using selector: #main
2025-11-11 19:59:13,508 - INFO - WhatsApp readiness probe found selectors: [('menu', 'div[aria-label="Menu"]'), ('chat_list', '#pane-side'), ('message_input', 'div[contenteditable="true"]'), ('main_area', '#main')]
2025-11-11 19:59:13,508 - INFO - WhatsApp Web interface appears ready
2025-11-11 20:00:06,535 - INFO - Attached file: D:\WorkflowAuto\Invitation\invitations\invitation_ગંભીર_મનોજભાઇ_ભગતભાઇ.pdf
2025-11-11 20:00:14,954 - INFO - Outgoing message appeared in chat
2025-11-11 20:00:14,978 - INFO - Message appeared in chat after 0.0s
2025-11-11 20:02:14,992 - INFO - ✓ Single-tick verified (message sent) after 120.0s
2025-11-11 20:02:15,993 - INFO - ✓ Sent to ગંભીર મનોજભાઇ ભગતભાઇ
2025-11-11 20:02:18,044 - INFO - Sending 10/20: ગંભીર સાદુરભાઇ ભગતભાઇ
2025-11-11 20:02:27,665 - INFO - Found menu using selector: div[aria-label="Menu"]
2025-11-11 20:02:29,715 - INFO - Found chat_list using selector: #pane-side
2025-11-11 20:02:29,732 - INFO - Found message_input using selector: div[contenteditable="true"]
2025-11-11 20:02:31,783 - INFO - Found main_area using selector: #main
2025-11-11 20:02:31,783 - INFO - WhatsApp readiness probe found selectors: [('menu', 'div[aria-label="Menu"]'), ('chat_list', '#pane-side'), ('message_input', 'div[contenteditable="true"]'), ('main_area', '#main')]
2025-11-11 20:02:31,783 - INFO - WhatsApp Web interface appears ready
2025-11-11 20:03:24,892 - INFO - Attached file: D:\WorkflowAuto\Invitation\invitations\invitation_ગંભીર_સાદુરભાઇ_ભગતભાઇ.pdf
2025-11-11 20:03:33,337 - INFO - Outgoing message appeared in chat
2025-11-11 20:03:33,364 - INFO - Message appeared in chat after 0.0s
2025-11-11 20:05:33,846 - INFO - ✓ Single-tick verified (message sent) after 120.5s
2025-11-11 20:05:34,848 - INFO - ✓ Sent to ગંભીર સાદુરભાઇ ભગતભાઇ
2025-11-11 20:05:36,893 - INFO - Sending 11/20: ભાદરકા બાલુભાઇ પરબતભાઇ
2025-11-11 20:05:46,486 - INFO - Found menu using selector: div[aria-label="Menu"]
2025-11-11 20:05:48,543 - INFO - Found chat_list using selector: #pane-side
2025-11-11 20:05:48,568 - INFO - Found message_input using selector: div[contenteditable="true"]
2025-11-11 20:05:50,628 - INFO - Found main_area using selector: #main
2025-11-11 20:05:50,628 - INFO - WhatsApp readiness probe found selectors: [('menu', 'div[aria-label="Menu"]'), ('chat_list', '#pane-side'), ('message_input', 'div[contenteditable="true"]'), ('main_area', '#main')]
2025-11-11 20:05:50,629 - INFO - WhatsApp Web interface appears ready
2025-11-11 20:06:43,968 - INFO - Attached file: D:\WorkflowAuto\Invitation\invitations\invitation_ભાદરકા_બાલુભાઇ_પરબતભાઇ.pdf
2025-11-11 20:06:52,450 - INFO - Outgoing message appeared in chat
2025-11-11 20:06:52,465 - INFO - Message appeared in chat after 0.0s
2025-11-11 20:07:49,889 - INFO - ✓ Message delivery confirmed (double-tick) after 57.4s
2025-11-11 20:07:50,890 - INFO - ✓ Sent to ભાદરકા બાલુભાઇ પરબતભાઇ
2025-11-11 20:07:52,941 - INFO - Sending 12/20: ભાદરકા પરબતભાઇ ગીગાભાઇ
2025-11-11 20:08:02,107 - INFO - Found menu using selector: div[aria-label="Menu"]
2025-11-11 20:08:04,170 - INFO - Found chat_list using selector: #pane-side
2025-11-11 20:08:04,190 - INFO - Found message_input using selector: div[contenteditable="true"]
2025-11-11 20:08:06,248 - INFO - Found main_area using selector: #main
2025-11-11 20:08:06,248 - INFO - WhatsApp readiness probe found selectors: [('menu', 'div[aria-label="Menu"]'), ('chat_list', '#pane-side'), ('message_input', 'div[contenteditable="true"]'), ('main_area', '#main')]
2025-11-11 20:08:06,249 - INFO - WhatsApp Web interface appears ready
2025-11-11 20:08:59,362 - INFO - Attached file: D:\WorkflowAuto\Invitation\invitations\invitation_ભાદરકા_પરબતભાઇ_ગીગાભાઇ.pdf
2025-11-11 20:09:07,834 - INFO - Outgoing message appeared in chat
2025-11-11 20:09:07,847 - INFO - Message appeared in chat after 0.0s
2025-11-11 20:09:49,759 - INFO - ✓ Message delivery confirmed (double-tick) after 41.9s
2025-11-11 20:09:50,760 - INFO - ✓ Sent to ભાદરકા પરબતભાઇ ગીગાભાઇ
2025-11-11 20:09:52,789 - INFO - Sending 13/20: ભાદરકા ભુરાભાઇ રણમલભાઇ
2025-11-11 20:10:03,107 - INFO - Found menu using selector: div[aria-label="Menu"]
2025-11-11 20:10:05,156 - INFO - Found chat_list using selector: #pane-side
2025-11-11 20:10:05,177 - INFO - Found message_input using selector: div[contenteditable="true"]
2025-11-11 20:10:07,235 - INFO - Found main_area using selector: #main
2025-11-11 20:10:07,235 - INFO - WhatsApp readiness probe found selectors: [('menu', 'div[aria-label="Menu"]'), ('chat_list', '#pane-side'), ('message_input', 'div[contenteditable="true"]'), ('main_area', '#main')]
2025-11-11 20:10:07,235 - INFO - WhatsApp Web interface appears ready
2025-11-11 20:11:00,362 - INFO - Attached file: D:\WorkflowAuto\Invitation\invitations\invitation_ભાદરકા_ભુરાભાઇ_રણમલભાઇ.pdf
2025-11-11 20:11:08,854 - INFO - Outgoing message appeared in chat
2025-11-11 20:11:08,869 - INFO - Message appeared in chat after 0.0s
2025-11-11 20:11:56,739 - INFO - ✓ Message delivery confirmed (double-tick) after 47.9s
2025-11-11 20:11:57,740 - INFO - ✓ Sent to ભાદરકા ભુરાભાઇ રણમલભાઇ
2025-11-11 20:11:59,768 - INFO - Sending 14/20: ભાદરકા દેવાનંદભાઇ તથા મેનશીભાઇ તથા રામભાઇ
2025-11-11 20:12:09,509 - INFO - Found menu using selector: div[aria-label="Menu"]
2025-11-11 20:12:11,568 - INFO - Found chat_list using selector: #pane-side
2025-11-11 20:12:11,587 - INFO - Found message_input using selector: div[contenteditable="true"]
2025-11-11 20:12:13,643 - INFO - Found main_area using selector: #main
2025-11-11 20:12:13,644 - INFO - WhatsApp readiness probe found selectors: [('menu', 'div[aria-label="Menu"]'), ('chat_list', '#pane-side'), ('message_input', 'div[contenteditable="true"]'), ('main_area', '#main')]
2025-11-11 20:12:13,644 - INFO - WhatsApp Web interface appears ready
2025-11-11 20:13:06,754 - INFO - Attached file: D:\WorkflowAuto\Invitation\invitations\invitation_ભાદરકા_દેવાનંદભાઇ_તથા_મેનશીભાઇ_તથા_રામભાઇ.pdf
2025-11-11 20:13:15,174 - INFO - Outgoing message appeared in chat
2025-11-11 20:13:15,198 - INFO - Message appeared in chat after 0.0s
2025-11-11 20:13:56,478 - INFO - ✓ Message delivery confirmed (double-tick) after 41.3s
2025-11-11 20:13:57,479 - INFO - ✓ Sent to ભાદરકા દેવાનંદભાઇ તથા મેનશીભાઇ તથા રામભાઇ
2025-11-11 20:13:59,510 - INFO - Sending 15/20: સુખાનંદી હીતેશભાઇ 
2025-11-11 20:14:09,914 - INFO - Found menu using selector: div[aria-label="Menu"]
2025-11-11 20:14:11,973 - INFO - Found chat_list using selector: #pane-side
2025-11-11 20:14:11,991 - INFO - Found message_input using selector: div[contenteditable="true"]
2025-11-11 20:14:14,045 - INFO - Found main_area using selector: #main
2025-11-11 20:14:14,045 - INFO - WhatsApp readiness probe found selectors: [('menu', 'div[aria-label="Menu"]'), ('chat_list', '#pane-side'), ('message_input', 'div[contenteditable="true"]'), ('main_area', '#main')]
2025-11-11 20:14:14,045 - INFO - WhatsApp Web interface appears ready
2025-11-11 20:15:07,365 - INFO - Attached file: D:\WorkflowAuto\Invitation\invitations\invitation_સુખાનંદી_હીતેશભાઇ.pdf
2025-11-11 20:15:15,759 - INFO - Outgoing message appeared in chat
2025-11-11 20:15:15,774 - INFO - Message appeared in chat after 0.0s
2025-11-11 20:15:36,196 - INFO - ✓ Message delivery confirmed (double-tick) after 20.4s
2025-11-11 20:15:37,197 - INFO - ✓ Sent to સુખાનંદી હીતેશભાઇ 
2025-11-11 20:15:39,225 - INFO - Sending 16/20: નાધેરા નીરજભાઇ સવદાસભાઇ
2025-11-11 20:15:48,925 - INFO - Found menu using selector: div[aria-label="Menu"]
2025-11-11 20:15:50,980 - INFO - Found chat_list using selector: #pane-side
2025-11-11 20:15:50,998 - INFO - Found message_input using selector: div[contenteditable="true"]
2025-11-11 20:15:53,124 - INFO - Found main_area using selector: #main
2025-11-11 20:15:53,125 - INFO - WhatsApp readiness probe found selectors: [('menu', 'div[aria-label="Menu"]'), ('chat_list', '#pane-side'), ('message_input', 'div[contenteditable="true"]'), ('main_area', '#main')]
2025-11-11 20:15:53,125 - INFO - WhatsApp Web interface appears ready
2025-11-11 20:16:46,343 - INFO - Attached file: D:\WorkflowAuto\Invitation\invitations\invitation_નાધેરા_નીરજભાઇ_સવદાસભાઇ.pdf
2025-11-11 20:16:54,678 - INFO - Outgoing message appeared in chat
2025-11-11 20:16:54,733 - INFO - Message appeared in chat after 0.1s
2025-11-11 20:17:34,628 - INFO - ✓ Message delivery confirmed (double-tick) after 39.9s
2025-11-11 20:17:35,628 - INFO - ✓ Sent to નાધેરા નીરજભાઇ સવદાસભાઇ
2025-11-11 20:17:37,658 - INFO - Sending 17/20: નાઘેરા મહેશભાઇ સવદાસભાઇ
2025-11-11 20:17:47,020 - INFO - Found menu using selector: div[aria-label="Menu"]
2025-11-11 20:17:49,145 - INFO - Found chat_list using selector: #pane-side
2025-11-11 20:17:49,161 - INFO - Found message_input using selector: div[contenteditable="true"]
2025-11-11 20:17:51,215 - INFO - Found main_area using selector: #main
2025-11-11 20:17:51,215 - INFO - WhatsApp readiness probe found selectors: [('menu', 'div[aria-label="Menu"]'), ('chat_list', '#pane-side'), ('message_input', 'div[contenteditable="true"]'), ('main_area', '#main')]
2025-11-11 20:17:51,216 - INFO - WhatsApp Web interface appears ready
2025-11-11 20:18:44,421 - INFO - Attached file: D:\WorkflowAuto\Invitation\invitations\invitation_નાઘેરા_મહેશભાઇ_સવદાસભાઇ.pdf
2025-11-11 20:18:52,769 - INFO - Outgoing message appeared in chat
2025-11-11 20:18:52,847 - INFO - Message appeared in chat after 0.1s
2025-11-11 20:19:08,245 - INFO - ✓ Message delivery confirmed (double-tick) after 15.5s
2025-11-11 20:19:09,246 - INFO - ✓ Sent to નાઘેરા મહેશભાઇ સવદાસભાઇ
2025-11-11 20:19:11,276 - INFO - Sending 18/20: સવાણ વજાભાઇ કેશુરભાઇ
2025-11-11 20:19:20,767 - INFO - Found menu using selector: div[aria-label="Menu"]
2025-11-11 20:19:22,823 - INFO - Found chat_list using selector: #pane-side
2025-11-11 20:19:22,843 - INFO - Found message_input using selector: div[contenteditable="true"]
2025-11-11 20:19:24,907 - INFO - Found main_area using selector: #main
2025-11-11 20:19:24,907 - INFO - WhatsApp readiness probe found selectors: [('menu', 'div[aria-label="Menu"]'), ('chat_list', '#pane-side'), ('message_input', 'div[contenteditable="true"]'), ('main_area', '#main')]
2025-11-11 20:19:24,907 - INFO - WhatsApp Web interface appears ready
2025-11-11 20:20:18,302 - INFO - Attached file: D:\WorkflowAuto\Invitation\invitations\invitation_સવાણ_વજાભાઇ_કેશુરભાઇ.pdf
2025-11-11 20:20:26,681 - INFO - Outgoing message appeared in chat
2025-11-11 20:20:26,706 - INFO - Message appeared in chat after 0.0s
2025-11-11 20:21:08,902 - INFO - ✓ Message delivery confirmed (double-tick) after 42.2s
2025-11-11 20:21:09,903 - INFO - ✓ Sent to સવાણ વજાભાઇ કેશુરભાઇ
2025-11-11 20:21:11,949 - INFO - Sending 19/20: ભાદરકા ભરતભાઇ નાથાભાઇ
2025-11-11 20:21:21,850 - INFO - Found menu using selector: div[aria-label="Menu"]
2025-11-11 20:21:23,910 - INFO - Found chat_list using selector: #pane-side
2025-11-11 20:21:23,929 - INFO - Found message_input using selector: div[contenteditable="true"]
2025-11-11 20:21:25,986 - INFO - Found main_area using selector: #main
2025-11-11 20:21:25,986 - INFO - WhatsApp readiness probe found selectors: [('menu', 'div[aria-label="Menu"]'), ('chat_list', '#pane-side'), ('message_input', 'div[contenteditable="true"]'), ('main_area', '#main')]
2025-11-11 20:21:25,986 - INFO - WhatsApp Web interface appears ready
2025-11-11 20:22:19,243 - INFO - Attached file: D:\WorkflowAuto\Invitation\invitations\invitation_ભાદરકા_ભરતભાઇ_નાથાભાઇ.pdf
2025-11-11 20:22:27,809 - INFO - Outgoing message appeared in chat
2025-11-11 20:22:27,873 - INFO - Message appeared in chat after 0.1s
2025-11-11 20:23:03,479 - INFO - ✓ Message delivery confirmed (double-tick) after 35.7s
2025-11-11 20:23:04,480 - INFO - ✓ Sent to ભાદરકા ભરતભાઇ નાથાભાઇ
2025-11-11 20:23:06,540 - INFO - Sending 20/20: ભાદરકા ભુરાભાઇ નારણભાઇ
2025-11-11 20:23:21,660 - INFO - Found menu using selector: div[aria-label="Menu"]
2025-11-11 20:23:24,150 - INFO - Found chat_list using selector: #pane-side
2025-11-11 20:23:24,191 - INFO - Found message_input using selector: div[contenteditable="true"]
2025-11-11 20:23:30,457 - INFO - WhatsApp readiness probe found selectors: [('menu', 'div[aria-label="Menu"]'), ('chat_list', '#pane-side'), ('message_input', 'div[contenteditable="true"]')]
2025-11-11 20:23:30,457 - INFO - WhatsApp Web interface appears ready
2025-11-11 20:24:10,997 - ERROR - Chat failed to load
2025-11-11 20:24:11,080 - WARNING - X Not sent to ભાદરકા ભુરાભાઇ નારણભાઇ - 2025-11-11 20:24:10,997 - ERROR - Chat failed to load
2025-11-11 20:24:13,151 - INFO - Completed sending: 19/20 sent
2025-11-11 20:30:57,251 - INFO - Starting WebDriver initialization...
2025-11-11 20:31:02,726 - INFO - Chrome browser launched
2025-11-11 20:31:02,779 - INFO - Browser window maximized
2025-11-11 20:31:02,788 - INFO - Loading WhatsApp Web...
2025-11-11 20:31:04,204 - INFO - Checking WhatsApp Web status (attempt 1/3)...
2025-11-11 20:31:12,155 - INFO - Found menu using selector: div[aria-label="Menu"]
2025-11-11 20:31:14,612 - INFO - Found chat_list using selector: #pane-side
2025-11-11 20:31:14,671 - INFO - Found message_input using selector: div[contenteditable="true"]
2025-11-11 20:31:16,791 - INFO - Found main_area using selector: #main
2025-11-11 20:31:16,792 - INFO - WhatsApp readiness probe found selectors: [('menu', 'div[aria-label="Menu"]'), ('chat_list', '#pane-side'), ('message_input', 'div[contenteditable="true"]'), ('main_area', '#main')]
2025-11-11 20:31:16,792 - INFO - WhatsApp Web interface appears ready
2025-11-11 20:31:16,793 - INFO - WhatsApp Web loaded successfully after 12s
2025-11-11 20:31:17,657 - INFO - Starting to send existing invitations to 21 contacts...
2025-11-11 20:31:17,658 - INFO - Sending 1/21: ડાંગર વીરમભાઇ પુંજાભાઇ
2025-11-11 20:31:28,138 - INFO - Found menu using selector: div[aria-label="Menu"]
2025-11-11 20:31:30,282 - INFO - Found chat_list using selector: #pane-side
2025-11-11 20:31:30,329 - INFO - Found message_input using selector: div[contenteditable="true"]
2025-11-11 20:31:32,442 - INFO - Found main_area using selector: #main
2025-11-11 20:31:32,442 - INFO - WhatsApp readiness probe found selectors: [('menu', 'div[aria-label="Menu"]'), ('chat_list', '#pane-side'), ('message_input', 'div[contenteditable="true"]'), ('main_area', '#main')]
2025-11-11 20:31:32,443 - INFO - WhatsApp Web interface appears ready
2025-11-11 20:32:26,994 - INFO - Attached file: D:\WorkflowAuto\Invitation\invitations\invitation_ડાંગર_વીરમભાઇ_પુંજાભાઇ.pdf
2025-11-11 20:32:35,636 - INFO - Outgoing message appeared in chat
2025-11-11 20:32:35,654 - INFO - Message appeared in chat after 0.0s
2025-11-11 20:33:14,793 - INFO - ✓ Message delivery confirmed (double-tick) after 39.2s
2025-11-11 20:33:15,806 - INFO - ✓ Sent to ડાંગર વીરમભાઇ પુંજાભાઇ
2025-11-11 20:33:15,933 - WARNING - Permission denied saving contacts.xlsx; saving statuses to contacts_with_status_1762873395.xlsx instead
2025-11-11 20:33:17,934 - INFO - Sending 2/21: ભાદરકા ધનાભાઇ નારણભાઇ
2025-11-11 20:33:28,466 - INFO - Found menu using selector: div[aria-label="Menu"]
2025-11-11 20:33:30,586 - INFO - Found chat_list using selector: #pane-side
2025-11-11 20:33:30,612 - INFO - Found message_input using selector: div[contenteditable="true"]
2025-11-11 20:33:32,749 - INFO - Found main_area using selector: #main
2025-11-11 20:33:32,750 - INFO - WhatsApp readiness probe found selectors: [('menu', 'div[aria-label="Menu"]'), ('chat_list', '#pane-side'), ('message_input', 'div[contenteditable="true"]'), ('main_area', '#main')]
2025-11-11 20:33:32,751 - INFO - WhatsApp Web interface appears ready
2025-11-11 20:34:27,645 - INFO - Attached file: D:\WorkflowAuto\Invitation\invitations\invitation_ભાદરકા_ધનાભાઇ_નારણભાઇ.pdf
2025-11-11 20:34:36,695 - INFO - Outgoing message appeared in chat
2025-11-11 20:34:37,073 - INFO - Message appeared in chat after 0.4s
2025-11-11 20:35:02,430 - INFO - ✓ Message delivery confirmed (double-tick) after 25.7s
2025-11-11 20:35:03,433 - INFO - ✓ Sent to ભાદરકા ધનાભાઇ નારણભાઇ
2025-11-11 20:35:05,552 - INFO - Sending 3/21: ભાદરકા નાનુભાઇ ધનાભાઇ
2025-11-11 20:35:21,655 - INFO - Found menu using selector: div[aria-label="Menu"]
2025-11-11 20:35:23,979 - INFO - Found chat_list using selector: #pane-side
2025-11-11 20:35:24,646 - INFO - Found message_input using selector: div[contenteditable="true"]
2025-11-11 20:35:26,969 - INFO - Found main_area using selector: #main
2025-11-11 20:35:26,971 - INFO - WhatsApp readiness probe found selectors: [('menu', 'div[aria-label="Menu"]'), ('chat_list', '#pane-side'), ('message_input', 'div[contenteditable="true"]'), ('main_area', '#main')]
2025-11-11 20:35:26,972 - INFO - WhatsApp Web interface appears ready
2025-11-11 20:36:21,839 - INFO - Attached file: D:\WorkflowAuto\Invitation\invitations\invitation_ભાદરકા_નાનુભાઇ_ધનાભાઇ.pdf
2025-11-11 20:36:32,516 - INFO - Outgoing message appeared in chat
2025-11-11 20:36:33,024 - INFO - Message appeared in chat after 0.5s
2025-11-11 20:37:03,269 - INFO - ✓ Message delivery confirmed (double-tick) after 30.7s
2025-11-11 20:37:04,271 - INFO - ✓ Sent to ભાદરકા નાનુભાઇ ધનાભાઇ
2025-11-11 20:37:06,406 - INFO - Sending 4/21: આપારનાથી શીમનગીરી હેમગીરી 
2025-11-11 20:37:24,459 - INFO - Found menu using selector: div[aria-label="Menu"]
2025-11-11 20:37:27,395 - INFO - Found chat_list using selector: #pane-side
2025-11-11 20:37:27,993 - INFO - Found message_input using selector: div[contenteditable="true"]
2025-11-11 20:37:30,318 - INFO - Found main_area using selector: #main
2025-11-11 20:37:30,319 - INFO - WhatsApp readiness probe found selectors: [('menu', 'div[aria-label="Menu"]'), ('chat_list', '#pane-side'), ('message_input', 'div[contenteditable="true"]'), ('main_area', '#main')]
2025-11-11 20:37:30,320 - INFO - WhatsApp Web interface appears ready
2025-11-11 20:38:24,825 - INFO - Attached file: D:\WorkflowAuto\Invitation\invitations\invitation_આપારનાથી_શીમનગીરી_હેમગીરી.pdf
2025-11-11 20:38:34,053 - INFO - Outgoing message appeared in chat
2025-11-11 20:38:34,445 - INFO - Message appeared in chat after 0.4s
2025-11-11 20:40:34,517 - INFO - ✓ Single-tick verified (message sent) after 120.5s
2025-11-11 20:40:35,520 - INFO - ✓ Sent to આપારનાથી શીમનગીરી હેમગીરી 
2025-11-11 20:40:37,599 - INFO - Sending 5/21: ભાદરકા લખમણભાઇ નાથાભાઇ
2025-11-11 20:40:54,244 - INFO - Found menu using selector: div[aria-label="Menu"]
2025-11-11 20:40:56,777 - INFO - Found chat_list using selector: #pane-side
2025-11-11 20:40:56,928 - INFO - Found message_input using selector: div[contenteditable="true"]
2025-11-11 20:40:59,129 - INFO - Found main_area using selector: #main
2025-11-11 20:40:59,130 - INFO - WhatsApp readiness probe found selectors: [('menu', 'div[aria-label="Menu"]'), ('chat_list', '#pane-side'), ('message_input', 'div[contenteditable="true"]'), ('main_area', '#main')]
2025-11-11 20:40:59,131 - INFO - WhatsApp Web interface appears ready
2025-11-11 20:41:53,853 - INFO - Attached file: D:\WorkflowAuto\Invitation\invitations\invitation_ભાદરકા_લખમણભાઇ_નાથાભાઇ.pdf
2025-11-11 20:42:02,943 - INFO - Outgoing message appeared in chat
2025-11-11 20:42:03,295 - INFO - Message appeared in chat after 0.4s
2025-11-11 20:42:27,376 - INFO - ✓ Message delivery confirmed (double-tick) after 24.4s
2025-11-11 20:42:28,378 - INFO - ✓ Sent to ભાદરકા લખમણભાઇ નાથાભાઇ
2025-11-11 20:42:30,464 - INFO - Sending 6/21: તુષારભાઇ ગોર
2025-11-11 20:42:46,859 - INFO - Found menu using selector: div[aria-label="Menu"]
2025-11-11 20:42:50,185 - INFO - Found chat_list using selector: #pane-side
2025-11-11 20:42:50,512 - INFO - Found message_input using selector: div[contenteditable="true"]
2025-11-11 20:42:52,675 - INFO - Found main_area using selector: #main
2025-11-11 20:42:52,676 - INFO - WhatsApp readiness probe found selectors: [('menu', 'div[aria-label="Menu"]'), ('chat_list', '#pane-side'), ('message_input', 'div[contenteditable="true"]'), ('main_area', '#main')]
2025-11-11 20:42:52,677 - INFO - WhatsApp Web interface appears ready
2025-11-11 20:43:47,650 - INFO - Attached file: D:\WorkflowAuto\Invitation\invitations\invitation_તુષારભાઇ_ગોર.pdf
2025-11-11 20:43:56,904 - INFO - Outgoing message appeared in chat
2025-11-11 20:43:57,333 - INFO - Message appeared in chat after 0.4s
2025-11-11 20:45:57,414 - INFO - ✓ Single-tick verified (message sent) after 120.5s
2025-11-11 20:45:58,417 - INFO - ✓ Sent to તુષારભાઇ ગોર
2025-11-11 20:46:00,507 - INFO - Sending 7/21: ડાંગર કંશન 
2025-11-11 20:46:17,384 - INFO - Found menu using selector: div[aria-label="Menu"]
2025-11-11 20:46:20,042 - INFO - Found chat_list using selector: #pane-side
2025-11-11 20:46:20,404 - INFO - Found message_input using selector: div[contenteditable="true"]
2025-11-11 20:46:22,571 - INFO - Found main_area using selector: #main
2025-11-11 20:46:22,572 - INFO - WhatsApp readiness probe found selectors: [('menu', 'div[aria-label="Menu"]'), ('chat_list', '#pane-side'), ('message_input', 'div[contenteditable="true"]'), ('main_area', '#main')]
2025-11-11 20:46:22,573 - INFO - WhatsApp Web interface appears ready
2025-11-11 20:47:17,112 - INFO - Attached file: D:\WorkflowAuto\Invitation\invitations\invitation_ડાંગર_કંશન.pdf
2025-11-11 20:47:26,954 - INFO - Outgoing message appeared in chat
2025-11-11 20:47:27,166 - INFO - Message appeared in chat after 0.2s
2025-11-11 20:49:27,291 - INFO - ✓ Single-tick verified (message sent) after 120.3s
2025-11-11 20:49:28,295 - INFO - ✓ Sent to ડાંગર કંશન 
2025-11-11 20:49:30,430 - INFO - Sending 8/21: ભાદરકા નગાભાઇ કરસનભાઇ
2025-11-11 20:49:46,702 - INFO - Found menu using selector: div[aria-label="Menu"]
2025-11-11 20:49:49,497 - INFO - Found chat_list using selector: #pane-side
2025-11-11 20:49:49,919 - INFO - Found message_input using selector: div[contenteditable="true"]
2025-11-11 20:49:52,040 - INFO - Found main_area using selector: #main
2025-11-11 20:49:52,041 - INFO - WhatsApp readiness probe found selectors: [('menu', 'div[aria-label="Menu"]'), ('chat_list', '#pane-side'), ('message_input', 'div[contenteditable="true"]'), ('main_area', '#main')]
2025-11-11 20:49:52,043 - INFO - WhatsApp Web interface appears ready
2025-11-11 20:50:46,609 - INFO - Attached file: D:\WorkflowAuto\Invitation\invitations\invitation_ભાદરકા_નગાભાઇ_કરસનભાઇ.pdf
2025-11-11 20:50:55,579 - INFO - Outgoing message appeared in chat
2025-11-11 20:50:56,092 - INFO - Message appeared in chat after 0.5s
2025-11-11 20:51:41,794 - INFO - ✓ Message delivery confirmed (double-tick) after 46.2s
2025-11-11 20:51:42,796 - INFO - ✓ Sent to ભાદરકા નગાભાઇ કરસનભાઇ
2025-11-11 20:51:44,885 - INFO - Sending 9/21: ભાદરકા નીરજભાઇ કરસનભાઇ
2025-11-11 20:52:02,350 - INFO - Found menu using selector: div[aria-label="Menu"]
2025-11-11 20:52:05,317 - INFO - Found chat_list using selector: #pane-side
2025-11-11 20:52:05,560 - INFO - Found message_input using selector: div[contenteditable="true"]
2025-11-11 20:52:07,769 - INFO - Found main_area using selector: #main
2025-11-11 20:52:07,770 - INFO - WhatsApp readiness probe found selectors: [('menu', 'div[aria-label="Menu"]'), ('chat_list', '#pane-side'), ('message_input', 'div[contenteditable="true"]'), ('main_area', '#main')]
2025-11-11 20:52:07,771 - INFO - WhatsApp Web interface appears ready
2025-11-11 20:53:02,711 - INFO - Attached file: D:\WorkflowAuto\Invitation\invitations\invitation_ભાદરકા_નીરજભાઇ_કરસનભાઇ.pdf
2025-11-11 20:53:11,722 - INFO - Outgoing message appeared in chat
2025-11-11 20:53:12,189 - INFO - Message appeared in chat after 0.5s
2025-11-11 20:55:12,051 - INFO - ✓ Single-tick verified (message sent) after 120.3s
2025-11-11 20:55:13,054 - INFO - ✓ Sent to ભાદરકા નીરજભાઇ કરસનભાઇ
2025-11-11 20:55:15,209 - INFO - Sending 10/21: ડો. દેવલબાપુ
2025-11-11 20:55:30,816 - INFO - Found menu using selector: div[aria-label="Menu"]
2025-11-11 20:55:33,322 - INFO - Found chat_list using selector: #pane-side
2025-11-11 20:55:33,394 - INFO - Found message_input using selector: div[contenteditable="true"]
2025-11-11 20:55:35,527 - INFO - Found main_area using selector: #main
2025-11-11 20:55:35,527 - INFO - WhatsApp readiness probe found selectors: [('menu', 'div[aria-label="Menu"]'), ('chat_list', '#pane-side'), ('message_input', 'div[contenteditable="true"]'), ('main_area', '#main')]
2025-11-11 20:55:35,527 - INFO - WhatsApp Web interface appears ready
2025-11-11 20:56:30,756 - INFO - Attached file: D:\WorkflowAuto\Invitation\invitations\invitation_ડો._દેવલબાપુ.pdf
2025-11-11 20:56:41,467 - INFO - Outgoing message appeared in chat
2025-11-11 20:56:42,911 - INFO - Message appeared in chat after 1.4s
2025-11-11 20:58:41,863 - INFO - ✓ Single-tick verified (message sent) after 120.4s
2025-11-11 20:58:42,865 - INFO - ✓ Sent to ડો. દેવલબાપુ
2025-11-11 20:58:44,987 - INFO - Sending 11/21: પંડ્યા રવીભાઇ 
2025-11-11 20:59:00,759 - INFO - Found menu using selector: div[aria-label="Menu"]
2025-11-11 20:59:02,886 - INFO - Found chat_list using selector: #pane-side
2025-11-11 20:59:02,932 - INFO - Found message_input using selector: div[contenteditable="true"]
2025-11-11 20:59:05,043 - INFO - Found main_area using selector: #main
2025-11-11 20:59:05,044 - INFO - WhatsApp readiness probe found selectors: [('menu', 'div[aria-label="Menu"]'), ('chat_list', '#pane-side'), ('message_input', 'div[contenteditable="true"]'), ('main_area', '#main')]
2025-11-11 20:59:05,044 - INFO - WhatsApp Web interface appears ready
2025-11-11 20:59:59,525 - INFO - Attached file: D:\WorkflowAuto\Invitation\invitations\invitation_પંડ્યા_રવીભાઇ.pdf
2025-11-11 21:00:08,502 - INFO - Outgoing message appeared in chat
2025-11-11 21:00:08,986 - INFO - Message appeared in chat after 0.5s
2025-11-11 21:02:08,810 - INFO - ✓ Single-tick verified (message sent) after 120.3s
2025-11-11 21:02:09,812 - INFO - ✓ Sent to પંડ્યા રવીભાઇ 
2025-11-11 21:02:11,987 - INFO - Sending 12/21: રાવલીયા જગદીશભાઇ 
2025-11-11 21:02:28,418 - INFO - Found menu using selector: div[aria-label="Menu"]
2025-11-11 21:02:30,833 - INFO - Found chat_list using selector: #pane-side
2025-11-11 21:02:30,895 - INFO - Found message_input using selector: div[contenteditable="true"]
2025-11-11 21:02:33,015 - INFO - Found main_area using selector: #main
2025-11-11 21:02:33,016 - INFO - WhatsApp readiness probe found selectors: [('menu', 'div[aria-label="Menu"]'), ('chat_list', '#pane-side'), ('message_input', 'div[contenteditable="true"]'), ('main_area', '#main')]
2025-11-11 21:02:33,016 - INFO - WhatsApp Web interface appears ready
2025-11-11 21:03:27,770 - INFO - Attached file: D:\WorkflowAuto\Invitation\invitations\invitation_રાવલીયા_જગદીશભાઇ.pdf
2025-11-11 21:03:36,665 - INFO - Outgoing message appeared in chat
2025-11-11 21:03:36,984 - INFO - Message appeared in chat after 0.3s
2025-11-11 21:05:37,061 - INFO - ✓ Single-tick verified (message sent) after 120.4s
2025-11-11 21:05:38,063 - INFO - ✓ Sent to રાવલીયા જગદીશભાઇ 
2025-11-11 21:05:40,222 - INFO - Sending 13/21: સંજયભાઇ
2025-11-11 21:05:59,195 - INFO - Found menu using selector: div[aria-label="Menu"]
2025-11-11 21:06:01,492 - INFO - Found chat_list using selector: #pane-side
2025-11-11 21:06:01,561 - INFO - Found message_input using selector: div[contenteditable="true"]
2025-11-11 21:06:03,731 - INFO - Found main_area using selector: #main
2025-11-11 21:06:03,731 - INFO - WhatsApp readiness probe found selectors: [('menu', 'div[aria-label="Menu"]'), ('chat_list', '#pane-side'), ('message_input', 'div[contenteditable="true"]'), ('main_area', '#main')]
2025-11-11 21:06:03,732 - INFO - WhatsApp Web interface appears ready
2025-11-11 21:06:58,546 - INFO - Attached file: D:\WorkflowAuto\Invitation\invitations\invitation_સંજયભાઇ.pdf
2025-11-11 21:07:08,100 - INFO - Outgoing message appeared in chat
2025-11-11 21:07:08,439 - INFO - Message appeared in chat after 0.3s
2025-11-11 21:07:47,019 - INFO - ✓ Message delivery confirmed (double-tick) after 38.9s
2025-11-11 21:07:48,021 - INFO - ✓ Sent to સંજયભાઇ
2025-11-11 21:07:50,155 - INFO - Sending 14/21: ખૂટી ટીલુભાઇ 
2025-11-11 21:08:06,739 - INFO - Found menu using selector: div[aria-label="Menu"]
2025-11-11 21:08:09,869 - INFO - Found chat_list using selector: #pane-side
2025-11-11 21:08:10,410 - INFO - Found message_input using selector: div[contenteditable="true"]
2025-11-11 21:08:12,621 - INFO - Found main_area using selector: #main
2025-11-11 21:08:12,622 - INFO - WhatsApp readiness probe found selectors: [('menu', 'div[aria-label="Menu"]'), ('chat_list', '#pane-side'), ('message_input', 'div[contenteditable="true"]'), ('main_area', '#main')]
2025-11-11 21:08:12,622 - INFO - WhatsApp Web interface appears ready
2025-11-11 21:09:07,446 - INFO - Attached file: D:\WorkflowAuto\Invitation\invitations\invitation_ખૂટી_ટીલુભાઇ.pdf
2025-11-11 21:09:16,551 - INFO - Outgoing message appeared in chat
2025-11-11 21:09:17,069 - INFO - Message appeared in chat after 0.5s
2025-11-11 21:11:17,017 - INFO - ✓ Single-tick verified (message sent) after 120.5s
2025-11-11 21:11:18,021 - INFO - ✓ Sent to ખૂટી ટીલુભાઇ 
2025-11-11 21:11:20,156 - INFO - Sending 15/21: વખારીયા અતુલભાઇ 
2025-11-11 21:11:36,591 - INFO - Found menu using selector: div[aria-label="Menu"]
2025-11-11 21:11:39,204 - INFO - Found chat_list using selector: #pane-side
2025-11-11 21:11:39,875 - INFO - Found message_input using selector: div[contenteditable="true"]
2025-11-11 21:11:42,465 - INFO - Found main_area using selector: #main
2025-11-11 21:11:42,466 - INFO - WhatsApp readiness probe found selectors: [('menu', 'div[aria-label="Menu"]'), ('chat_list', '#pane-side'), ('message_input', 'div[contenteditable="true"]'), ('main_area', '#main')]
2025-11-11 21:11:42,467 - INFO - WhatsApp Web interface appears ready
2025-11-11 21:12:37,341 - INFO - Attached file: D:\WorkflowAuto\Invitation\invitations\invitation_વખારીયા_અતુલભાઇ.pdf
2025-11-11 21:12:46,520 - INFO - Outgoing message appeared in chat
2025-11-11 21:12:46,994 - INFO - Message appeared in chat after 0.5s
2025-11-11 21:13:18,038 - INFO - ✓ Message delivery confirmed (double-tick) after 31.5s
2025-11-11 21:13:19,040 - INFO - ✓ Sent to વખારીયા અતુલભાઇ 
2025-11-11 21:13:21,156 - INFO - Sending 16/21: યોગેશભાઇ
2025-11-11 21:13:37,444 - INFO - Found menu using selector: div[aria-label="Menu"]
2025-11-11 21:13:40,549 - INFO - Found chat_list using selector: #pane-side
2025-11-11 21:13:41,028 - INFO - Found message_input using selector: div[contenteditable="true"]
2025-11-11 21:13:43,506 - INFO - Found main_area using selector: #main
2025-11-11 21:13:43,506 - INFO - WhatsApp readiness probe found selectors: [('menu', 'div[aria-label="Menu"]'), ('chat_list', '#pane-side'), ('message_input', 'div[contenteditable="true"]'), ('main_area', '#main')]
2025-11-11 21:13:43,507 - INFO - WhatsApp Web interface appears ready
2025-11-11 21:14:37,884 - INFO - Attached file: D:\WorkflowAuto\Invitation\invitations\invitation_યોગેશભાઇ.pdf
2025-11-11 21:14:47,028 - INFO - Outgoing message appeared in chat
2025-11-11 21:14:47,625 - INFO - Message appeared in chat after 0.6s
2025-11-11 21:15:19,872 - INFO - ✓ Message delivery confirmed (double-tick) after 32.8s
2025-11-11 21:15:20,875 - INFO - ✓ Sent to યોગેશભાઇ
2025-11-11 21:15:23,000 - INFO - Sending 17/21: વીનુભાઈ ભાટિયા
2025-11-11 21:15:40,881 - INFO - Found menu using selector: div[aria-label="Menu"]
2025-11-11 21:15:43,778 - INFO - Found chat_list using selector: #pane-side
2025-11-11 21:15:44,272 - INFO - Found message_input using selector: div[contenteditable="true"]
2025-11-11 21:15:46,482 - INFO - Found main_area using selector: #main
2025-11-11 21:15:46,483 - INFO - WhatsApp readiness probe found selectors: [('menu', 'div[aria-label="Menu"]'), ('chat_list', '#pane-side'), ('message_input', 'div[contenteditable="true"]'), ('main_area', '#main')]
2025-11-11 21:15:46,484 - INFO - WhatsApp Web interface appears ready
2025-11-11 21:16:40,953 - INFO - Attached file: D:\WorkflowAuto\Invitation\invitations\invitation_વીનુભાઈ_ભાટિયા.pdf
2025-11-11 21:16:50,063 - INFO - Outgoing message appeared in chat
2025-11-11 21:16:50,673 - INFO - Message appeared in chat after 0.6s
2025-11-11 21:17:28,617 - INFO - ✓ Message delivery confirmed (double-tick) after 38.6s
2025-11-11 21:17:29,619 - INFO - ✓ Sent to વીનુભાઈ ભાટિયા
2025-11-11 21:17:31,745 - INFO - Sending 18/21: નાથાભાઇ રંઘોળા
2025-11-11 21:17:47,177 - INFO - Found menu using selector: div[aria-label="Menu"]
2025-11-11 21:17:50,354 - INFO - Found chat_list using selector: #pane-side
2025-11-11 21:17:50,855 - INFO - Found message_input using selector: div[contenteditable="true"]
2025-11-11 21:17:57,342 - INFO - WhatsApp readiness probe found selectors: [('menu', 'div[aria-label="Menu"]'), ('chat_list', '#pane-side'), ('message_input', 'div[contenteditable="true"]')]
2025-11-11 21:17:57,344 - INFO - WhatsApp Web interface appears ready
2025-11-11 21:18:38,028 - ERROR - Chat failed to load
2025-11-11 21:18:38,125 - WARNING - X Not sent to નાથાભાઇ રંઘોળા - 2025-11-11 21:18:38,028 - ERROR - Chat failed to load
2025-11-11 21:18:40,234 - INFO - Sending 19/21: સુવા મહેશભાઇ
2025-11-11 21:18:56,717 - INFO - Found menu using selector: div[aria-label="Menu"]
2025-11-11 21:18:59,360 - INFO - Found chat_list using selector: #pane-side
2025-11-11 21:18:59,452 - INFO - Found message_input using selector: div[contenteditable="true"]
2025-11-11 21:19:05,783 - INFO - WhatsApp readiness probe found selectors: [('menu', 'div[aria-label="Menu"]'), ('chat_list', '#pane-side'), ('message_input', 'div[contenteditable="true"]')]
2025-11-11 21:19:05,784 - INFO - WhatsApp Web interface appears ready
2025-11-11 21:19:46,468 - ERROR - Chat failed to load
2025-11-11 21:19:46,518 - WARNING - X Not sent to સુવા મહેશભાઇ - 2025-11-11 21:19:46,468 - ERROR - Chat failed to load
2025-11-11 21:19:48,630 - INFO - Sending 20/21: જાની મનીષભાઇ
2025-11-11 21:20:05,527 - INFO - Found menu using selector: div[aria-label="Menu"]
2025-11-11 21:20:07,936 - INFO - Found chat_list using selector: #pane-side
2025-11-11 21:20:08,015 - INFO - Found message_input using selector: div[contenteditable="true"]
2025-11-11 21:20:14,273 - INFO - WhatsApp readiness probe found selectors: [('menu', 'div[aria-label="Menu"]'), ('chat_list', '#pane-side'), ('message_input', 'div[contenteditable="true"]')]
2025-11-11 21:20:14,274 - INFO - WhatsApp Web interface appears ready
2025-11-11 21:20:54,829 - ERROR - Chat failed to load
2025-11-11 21:20:54,842 - WARNING - X Not sent to જાની મનીષભાઇ - 2025-11-11 21:20:54,829 - ERROR - Chat failed to load
2025-11-11 21:20:56,884 - INFO - Sending 21/21: ઝાલા મારખીભાઇ
2025-11-11 21:21:08,529 - INFO - Found menu using selector: div[aria-label="Menu"]
2025-11-11 21:21:10,645 - INFO - Found chat_list using selector: #pane-side
2025-11-11 21:21:10,677 - INFO - Found message_input using selector: div[contenteditable="true"]
2025-11-11 21:21:16,871 - INFO - WhatsApp readiness probe found selectors: [('menu', 'div[aria-label="Menu"]'), ('chat_list', '#pane-side'), ('message_input', 'div[contenteditable="true"]')]
2025-11-11 21:21:16,872 - INFO - WhatsApp Web interface appears ready
2025-11-11 21:21:57,666 - ERROR - Chat failed to load
2025-11-11 21:21:57,709 - WARNING - X Not sent to ઝાલા મારખીભાઇ - 2025-11-11 21:21:57,666 - ERROR - Chat failed to load
2025-11-11 21:21:59,812 - INFO - Completed sending: 17/21 sent
2025-11-11 21:26:51,598 - INFO - Attempting to close existing Chrome processes...
2025-11-11 21:26:53,901 - INFO - Starting WebDriver initialization...
2025-11-11 21:26:59,190 - INFO - Chrome browser launched
2025-11-11 21:26:59,264 - INFO - Browser window maximized
2025-11-11 21:26:59,264 - INFO - Loading WhatsApp Web...
2025-11-11 21:27:00,634 - INFO - Checking WhatsApp Web status (attempt 1/3)...
2025-11-11 21:27:08,285 - INFO - Found menu using selector: div[aria-label="Menu"]
2025-11-11 21:27:10,400 - INFO - Found chat_list using selector: #pane-side
2025-11-11 21:27:10,420 - INFO - Found message_input using selector: div[contenteditable="true"]
2025-11-11 21:27:12,474 - INFO - Found main_area using selector: #main
2025-11-11 21:27:12,474 - INFO - WhatsApp readiness probe found selectors: [('menu', 'div[aria-label="Menu"]'), ('chat_list', '#pane-side'), ('message_input', 'div[contenteditable="true"]'), ('main_area', '#main')]
2025-11-11 21:27:12,475 - INFO - WhatsApp Web interface appears ready
2025-11-11 21:27:12,475 - INFO - WhatsApp Web loaded successfully after 11s
2025-11-11 21:27:12,775 - INFO - Starting to send existing invitations to 49 contacts...
2025-11-11 21:27:12,776 - INFO - Sending 1/49: ભાદરકા વિરમભાઇ
2025-11-11 21:27:22,692 - INFO - Found menu using selector: div[aria-label="Menu"]
2025-11-11 21:27:24,736 - INFO - Found chat_list using selector: #pane-side
2025-11-11 21:27:24,749 - INFO - Found message_input using selector: div[contenteditable="true"]
2025-11-11 21:27:26,795 - INFO - Found main_area using selector: #main
2025-11-11 21:27:26,796 - INFO - WhatsApp readiness probe found selectors: [('menu', 'div[aria-label="Menu"]'), ('chat_list', '#pane-side'), ('message_input', 'div[contenteditable="true"]'), ('main_area', '#main')]
2025-11-11 21:27:26,796 - INFO - WhatsApp Web interface appears ready
2025-11-11 21:28:19,935 - INFO - Attached file: D:\WorkflowAuto\Invitation\invitations\invitation_ભાદરકા_વિરમભાઇ.pdf
2025-11-11 21:28:28,310 - INFO - Outgoing message appeared in chat
2025-11-11 21:28:28,365 - INFO - Message appeared in chat after 0.1s
2025-11-11 21:29:23,324 - INFO - ✓ Message delivery confirmed (double-tick) after 55.0s
2025-11-11 21:29:24,327 - INFO - ✓ Sent to ભાદરકા વિરમભાઇ
2025-11-11 21:29:26,383 - INFO - Sending 2/49: ગૌસ્વામી મુકેશબાપુ 
2025-11-11 21:29:36,157 - INFO - Found menu using selector: div[aria-label="Menu"]
2025-11-11 21:29:38,216 - INFO - Found chat_list using selector: #pane-side
2025-11-11 21:29:38,237 - INFO - Found message_input using selector: div[contenteditable="true"]
2025-11-11 21:29:40,297 - INFO - Found main_area using selector: #main
2025-11-11 21:29:40,298 - INFO - WhatsApp readiness probe found selectors: [('menu', 'div[aria-label="Menu"]'), ('chat_list', '#pane-side'), ('message_input', 'div[contenteditable="true"]'), ('main_area', '#main')]
2025-11-11 21:29:40,298 - INFO - WhatsApp Web interface appears ready
2025-11-11 21:30:33,429 - INFO - Attached file: D:\WorkflowAuto\Invitation\invitations\invitation_ગૌસ્વામી_મુકેશબાપુ.pdf
2025-11-11 21:30:41,798 - INFO - Outgoing message appeared in chat
2025-11-11 21:30:41,810 - INFO - Message appeared in chat after 0.0s
2025-11-11 21:31:21,368 - INFO - ✓ Message delivery confirmed (double-tick) after 39.6s
2025-11-11 21:31:22,369 - INFO - ✓ Sent to ગૌસ્વામી મુકેશબાપુ 
2025-11-11 21:31:24,414 - INFO - Sending 3/49: ચૌહાણ ચંદ્રેશભાઇ
2025-11-11 21:31:34,176 - INFO - Found menu using selector: div[aria-label="Menu"]
2025-11-11 21:31:36,241 - INFO - Found chat_list using selector: #pane-side
2025-11-11 21:31:36,258 - INFO - Found message_input using selector: div[contenteditable="true"]
2025-11-11 21:31:42,363 - INFO - WhatsApp readiness probe found selectors: [('menu', 'div[aria-label="Menu"]'), ('chat_list', '#pane-side'), ('message_input', 'div[contenteditable="true"]')]
2025-11-11 21:31:42,363 - INFO - WhatsApp Web interface appears ready
2025-11-11 21:32:22,594 - ERROR - Chat failed to load
2025-11-11 21:32:22,625 - WARNING - X Not sent to ચૌહાણ ચંદ્રેશભાઇ - 2025-11-11 21:32:22,594 - ERROR - Chat failed to load
2025-11-11 21:32:24,650 - INFO - Sending 4/49: ચૌહાણ ચંદ્રેશભાઇ
2025-11-11 21:32:34,172 - INFO - Found menu using selector: div[aria-label="Menu"]
2025-11-11 21:32:36,219 - INFO - Found chat_list using selector: #pane-side
2025-11-11 21:32:36,235 - INFO - Found message_input using selector: div[contenteditable="true"]
2025-11-11 21:32:38,282 - INFO - Found main_area using selector: #main
2025-11-11 21:32:38,282 - INFO - WhatsApp readiness probe found selectors: [('menu', 'div[aria-label="Menu"]'), ('chat_list', '#pane-side'), ('message_input', 'div[contenteditable="true"]'), ('main_area', '#main')]
2025-11-11 21:32:38,282 - INFO - WhatsApp Web interface appears ready
2025-11-11 21:33:31,358 - INFO - Attached file: D:\WorkflowAuto\Invitation\invitations\invitation_ચૌહાણ_ચંદ્રેશભાઇ.pdf
2025-11-11 21:33:39,649 - INFO - Outgoing message appeared in chat
2025-11-11 21:33:39,744 - INFO - Message appeared in chat after 0.1s
2025-11-11 21:34:12,449 - INFO - ✓ Message delivery confirmed (double-tick) after 32.8s
2025-11-11 21:34:13,450 - INFO - ✓ Sent to ચૌહાણ ચંદ્રેશભાઇ
2025-11-11 21:34:15,478 - INFO - Sending 5/49: કૈવલ્યભાઇ જોષી 
2025-11-11 21:34:24,939 - INFO - Found menu using selector: div[aria-label="Menu"]
2025-11-11 21:34:27,001 - INFO - Found chat_list using selector: #pane-side
2025-11-11 21:34:27,025 - INFO - Found message_input using selector: div[contenteditable="true"]
2025-11-11 21:34:29,085 - INFO - Found main_area using selector: #main
2025-11-11 21:34:29,086 - INFO - WhatsApp readiness probe found selectors: [('menu', 'div[aria-label="Menu"]'), ('chat_list', '#pane-side'), ('message_input', 'div[contenteditable="true"]'), ('main_area', '#main')]
2025-11-11 21:34:29,086 - INFO - WhatsApp Web interface appears ready
2025-11-11 21:35:22,218 - INFO - Attached file: D:\WorkflowAuto\Invitation\invitations\invitation_કૈવલ્યભાઇ_જોષી.pdf
2025-11-11 21:35:30,474 - INFO - Outgoing message appeared in chat
2025-11-11 21:35:30,562 - INFO - Message appeared in chat after 0.1s
2025-11-11 21:36:20,683 - INFO - ✓ Message delivery confirmed (double-tick) after 50.2s
2025-11-11 21:36:21,684 - INFO - ✓ Sent to કૈવલ્યભાઇ જોષી 
2025-11-11 21:36:23,728 - INFO - Sending 6/49: કૈવલ્યભાઇ જોષી 
2025-11-11 21:36:33,925 - INFO - Found menu using selector: div[aria-label="Menu"]
2025-11-11 21:36:35,983 - INFO - Found chat_list using selector: #pane-side
2025-11-11 21:36:36,002 - INFO - Found message_input using selector: div[contenteditable="true"]
2025-11-11 21:36:38,062 - INFO - Found main_area using selector: #main
2025-11-11 21:36:38,062 - INFO - WhatsApp readiness probe found selectors: [('menu', 'div[aria-label="Menu"]'), ('chat_list', '#pane-side'), ('message_input', 'div[contenteditable="true"]'), ('main_area', '#main')]
2025-11-11 21:36:38,062 - INFO - WhatsApp Web interface appears ready
2025-11-11 21:37:31,296 - INFO - Attached file: D:\WorkflowAuto\Invitation\invitations\invitation_કૈવલ્યભાઇ_જોષી.pdf
2025-11-11 21:37:39,686 - INFO - Outgoing message appeared in chat
2025-11-11 21:37:39,700 - INFO - Message appeared in chat after 0.0s
2025-11-11 21:39:39,854 - INFO - ✓ Single-tick verified (message sent) after 120.2s
2025-11-11 21:39:40,856 - INFO - ✓ Sent to કૈવલ્યભાઇ જોષી 
2025-11-11 21:39:42,889 - INFO - Sending 7/49: ઘૂલ અલ્પેશભાઇ 
2025-11-11 21:39:52,207 - INFO - Found menu using selector: div[aria-label="Menu"]
2025-11-11 21:39:54,265 - INFO - Found chat_list using selector: #pane-side
2025-11-11 21:39:54,287 - INFO - Found message_input using selector: div[contenteditable="true"]
2025-11-11 21:39:56,348 - INFO - Found main_area using selector: #main
2025-11-11 21:39:56,348 - INFO - WhatsApp readiness probe found selectors: [('menu', 'div[aria-label="Menu"]'), ('chat_list', '#pane-side'), ('message_input', 'div[contenteditable="true"]'), ('main_area', '#main')]
2025-11-11 21:39:56,348 - INFO - WhatsApp Web interface appears ready
2025-11-11 21:40:49,632 - INFO - Attached file: D:\WorkflowAuto\Invitation\invitations\invitation_ઘૂલ_અલ્પેશભાઇ.pdf
2025-11-11 21:40:57,980 - INFO - Outgoing message appeared in chat
2025-11-11 21:40:57,991 - INFO - Message appeared in chat after 0.0s
2025-11-11 21:41:21,907 - INFO - ✓ Message delivery confirmed (double-tick) after 23.9s
2025-11-11 21:41:22,908 - INFO - ✓ Sent to ઘૂલ અલ્પેશભાઇ 
2025-11-11 21:41:24,949 - INFO - Sending 8/49: ચાવડા અર્જુનભાઇ સુરેશભાઇ 
2025-11-11 21:41:34,739 - INFO - Found menu using selector: div[aria-label="Menu"]
2025-11-11 21:41:36,801 - INFO - Found chat_list using selector: #pane-side
2025-11-11 21:41:36,821 - INFO - Found message_input using selector: div[contenteditable="true"]
2025-11-11 21:41:38,882 - INFO - Found main_area using selector: #main
2025-11-11 21:41:38,882 - INFO - WhatsApp readiness probe found selectors: [('menu', 'div[aria-label="Menu"]'), ('chat_list', '#pane-side'), ('message_input', 'div[contenteditable="true"]'), ('main_area', '#main')]
2025-11-11 21:41:38,882 - INFO - WhatsApp Web interface appears ready
2025-11-11 21:42:32,168 - INFO - Attached file: D:\WorkflowAuto\Invitation\invitations\invitation_ચાવડા_અર્જુનભાઇ_સુરેશભાઇ.pdf
2025-11-11 21:42:40,565 - INFO - Outgoing message appeared in chat
2025-11-11 21:42:40,580 - INFO - Message appeared in chat after 0.0s
2025-11-11 21:43:03,044 - INFO - ✓ Message delivery confirmed (double-tick) after 22.5s
2025-11-11 21:43:04,045 - INFO - ✓ Sent to ચાવડા અર્જુનભાઇ સુરેશભાઇ 
2025-11-11 21:43:06,076 - INFO - Sending 9/49: માડમ અશ્વીનભાઇ 
2025-11-11 21:43:16,592 - INFO - Found menu using selector: div[aria-label="Menu"]
2025-11-11 21:43:18,661 - INFO - Found chat_list using selector: #pane-side
2025-11-11 21:43:18,685 - INFO - Found message_input using selector: div[contenteditable="true"]
2025-11-11 21:43:20,748 - INFO - Found main_area using selector: #main
2025-11-11 21:43:20,749 - INFO - WhatsApp readiness probe found selectors: [('menu', 'div[aria-label="Menu"]'), ('chat_list', '#pane-side'), ('message_input', 'div[contenteditable="true"]'), ('main_area', '#main')]
2025-11-11 21:43:20,749 - INFO - WhatsApp Web interface appears ready
2025-11-11 21:44:13,893 - INFO - Attached file: D:\WorkflowAuto\Invitation\invitations\invitation_માડમ_અશ્વીનભાઇ.pdf
2025-11-11 21:44:22,291 - INFO - Outgoing message appeared in chat
2025-11-11 21:44:22,312 - INFO - Message appeared in chat after 0.0s
2025-11-11 21:44:55,429 - INFO - ✓ Message delivery confirmed (double-tick) after 33.1s
2025-11-11 21:44:56,429 - INFO - ✓ Sent to માડમ અશ્વીનભાઇ 
2025-11-11 21:44:58,457 - INFO - Sending 10/49: રાવલીયા હર્ષદભાઇ 
2025-11-11 21:45:09,045 - INFO - Found menu using selector: div[aria-label="Menu"]
2025-11-11 21:45:11,101 - INFO - Found chat_list using selector: #pane-side
2025-11-11 21:45:11,116 - INFO - Found message_input using selector: div[contenteditable="true"]
2025-11-11 21:45:13,174 - INFO - Found main_area using selector: #main
2025-11-11 21:45:13,175 - INFO - WhatsApp readiness probe found selectors: [('menu', 'div[aria-label="Menu"]'), ('chat_list', '#pane-side'), ('message_input', 'div[contenteditable="true"]'), ('main_area', '#main')]
2025-11-11 21:45:13,175 - INFO - WhatsApp Web interface appears ready
2025-11-11 21:46:06,301 - INFO - Attached file: D:\WorkflowAuto\Invitation\invitations\invitation_રાવલીયા_હર્ષદભાઇ.pdf
2025-11-11 21:46:14,569 - INFO - Outgoing message appeared in chat
2025-11-11 21:46:14,628 - INFO - Message appeared in chat after 0.1s
2025-11-11 21:46:51,919 - INFO - ✓ Message delivery confirmed (double-tick) after 37.3s
2025-11-11 21:46:52,920 - INFO - ✓ Sent to રાવલીયા હર્ષદભાઇ 
2025-11-11 21:46:54,953 - INFO - Sending 11/49: રાવલીયા મીનાક્ષીબેન કૌશીકભાઇ 
2025-11-11 21:47:04,477 - INFO - Found menu using selector: div[aria-label="Menu"]
2025-11-11 21:47:06,538 - INFO - Found chat_list using selector: #pane-side
2025-11-11 21:47:06,561 - INFO - Found message_input using selector: div[contenteditable="true"]
2025-11-11 21:47:08,616 - INFO - Found main_area using selector: #main
2025-11-11 21:47:08,617 - INFO - WhatsApp readiness probe found selectors: [('menu', 'div[aria-label="Menu"]'), ('chat_list', '#pane-side'), ('message_input', 'div[contenteditable="true"]'), ('main_area', '#main')]
2025-11-11 21:47:08,617 - INFO - WhatsApp Web interface appears ready
2025-11-11 21:48:01,765 - INFO - Attached file: D:\WorkflowAuto\Invitation\invitations\invitation_રાવલીયા_મીનાક્ષીબેન_કૌશીકભાઇ.pdf
2025-11-11 21:48:10,166 - INFO - Outgoing message appeared in chat
2025-11-11 21:48:10,181 - INFO - Message appeared in chat after 0.0s
2025-11-11 21:48:48,468 - INFO - ✓ Message delivery confirmed (double-tick) after 38.3s
2025-11-11 21:48:49,469 - INFO - ✓ Sent to રાવલીયા મીનાક્ષીબેન કૌશીકભાઇ 
2025-11-11 21:48:51,512 - INFO - Sending 12/49: પીઠીયા પ્રદીપભાઇ 
2025-11-11 21:49:01,203 - INFO - Found menu using selector: div[aria-label="Menu"]
2025-11-11 21:49:03,260 - INFO - Found chat_list using selector: #pane-side
2025-11-11 21:49:03,281 - INFO - Found message_input using selector: div[contenteditable="true"]
2025-11-11 21:49:05,341 - INFO - Found main_area using selector: #main
2025-11-11 21:49:05,341 - INFO - WhatsApp readiness probe found selectors: [('menu', 'div[aria-label="Menu"]'), ('chat_list', '#pane-side'), ('message_input', 'div[contenteditable="true"]'), ('main_area', '#main')]
2025-11-11 21:49:05,341 - INFO - WhatsApp Web interface appears ready
2025-11-11 21:49:58,692 - INFO - Attached file: D:\WorkflowAuto\Invitation\invitations\invitation_પીઠીયા_પ્રદીપભાઇ.pdf
2025-11-11 21:50:06,984 - INFO - Outgoing message appeared in chat
2025-11-11 21:50:07,077 - INFO - Message appeared in chat after 0.1s
2025-11-11 21:50:50,730 - INFO - ✓ Message delivery confirmed (double-tick) after 43.7s
2025-11-11 21:50:51,731 - INFO - ✓ Sent to પીઠીયા પ્રદીપભાઇ 
2025-11-11 21:50:53,761 - INFO - Sending 13/49: રમેશભાઇ શીવધારા ફાર્મ 
2025-11-11 21:51:03,358 - INFO - Found menu using selector: div[aria-label="Menu"]
2025-11-11 21:51:05,421 - INFO - Found chat_list using selector: #pane-side
2025-11-11 21:51:05,441 - INFO - Found message_input using selector: div[contenteditable="true"]
2025-11-11 21:51:07,502 - INFO - Found main_area using selector: #main
2025-11-11 21:51:07,503 - INFO - WhatsApp readiness probe found selectors: [('menu', 'div[aria-label="Menu"]'), ('chat_list', '#pane-side'), ('message_input', 'div[contenteditable="true"]'), ('main_area', '#main')]
2025-11-11 21:51:07,503 - INFO - WhatsApp Web interface appears ready
2025-11-11 21:52:00,650 - INFO - Attached file: D:\WorkflowAuto\Invitation\invitations\invitation_રમેશભાઇ_શીવધારા_ફાર્મ.pdf
2025-11-11 21:52:08,920 - INFO - Outgoing message appeared in chat
2025-11-11 21:52:08,997 - INFO - Message appeared in chat after 0.1s
2025-11-11 21:52:46,736 - INFO - ✓ Message delivery confirmed (double-tick) after 37.8s
2025-11-11 21:52:47,737 - INFO - ✓ Sent to રમેશભાઇ શીવધારા ફાર્મ 
2025-11-11 21:52:49,769 - INFO - Sending 14/49: નરેન્દ્રભાઇ ગેરેજ 
2025-11-11 21:52:59,894 - INFO - Found menu using selector: div[aria-label="Menu"]
2025-11-11 21:53:01,952 - INFO - Found chat_list using selector: #pane-side
2025-11-11 21:53:01,976 - INFO - Found message_input using selector: div[contenteditable="true"]
2025-11-11 21:53:04,035 - INFO - Found main_area using selector: #main
2025-11-11 21:53:04,035 - INFO - WhatsApp readiness probe found selectors: [('menu', 'div[aria-label="Menu"]'), ('chat_list', '#pane-side'), ('message_input', 'div[contenteditable="true"]'), ('main_area', '#main')]
2025-11-11 21:53:04,035 - INFO - WhatsApp Web interface appears ready
2025-11-11 21:53:57,172 - INFO - Attached file: D:\WorkflowAuto\Invitation\invitations\invitation_નરેન્દ્રભાઇ_ગેરેજ.pdf
2025-11-11 21:54:05,521 - INFO - Outgoing message appeared in chat
2025-11-11 21:54:05,559 - INFO - Message appeared in chat after 0.0s
2025-11-11 21:55:10,823 - INFO - ✓ Message delivery confirmed (double-tick) after 65.3s
2025-11-11 21:55:11,824 - INFO - ✓ Sent to નરેન્દ્રભાઇ ગેરેજ 
2025-11-11 21:55:13,865 - INFO - Sending 15/49: સોલંકી મુકેશભાઇ કરશનભાઇ તથા સોલંકી પ્રવીણભાઇ કરશનભાઇ
2025-11-11 21:55:24,223 - INFO - Found menu using selector: div[aria-label="Menu"]
2025-11-11 21:55:26,286 - INFO - Found chat_list using selector: #pane-side
2025-11-11 21:55:26,306 - INFO - Found message_input using selector: div[contenteditable="true"]
2025-11-11 21:55:28,367 - INFO - Found main_area using selector: #main
2025-11-11 21:55:28,367 - INFO - WhatsApp readiness probe found selectors: [('menu', 'div[aria-label="Menu"]'), ('chat_list', '#pane-side'), ('message_input', 'div[contenteditable="true"]'), ('main_area', '#main')]
2025-11-11 21:55:28,368 - INFO - WhatsApp Web interface appears ready
2025-11-11 21:56:21,580 - INFO - Attached file: D:\WorkflowAuto\Invitation\invitations\invitation_સોલંકી_મુકેશભાઇ_કરશનભાઇ_તથા_સોલંકી_પ્રવીણભાઇ_કરશનભાઇ.pdf
2025-11-11 21:56:30,234 - INFO - Outgoing message appeared in chat
2025-11-11 21:56:30,931 - INFO - Message appeared in chat after 0.7s
2025-11-11 21:57:33,710 - INFO - ✓ Message delivery confirmed (double-tick) after 63.5s
2025-11-11 21:57:34,711 - INFO - ✓ Sent to સોલંકી મુકેશભાઇ કરશનભાઇ તથા સોલંકી પ્રવીણભાઇ કરશનભાઇ
2025-11-11 21:57:36,746 - INFO - Sending 16/49: વીઠ્ઠલભાઇ પટેલ 
2025-11-11 21:57:46,362 - INFO - Found menu using selector: div[aria-label="Menu"]
2025-11-11 21:57:48,419 - INFO - Found chat_list using selector: #pane-side
2025-11-11 21:57:48,439 - INFO - Found message_input using selector: div[contenteditable="true"]
2025-11-11 21:57:50,498 - INFO - Found main_area using selector: #main
2025-11-11 21:57:50,498 - INFO - WhatsApp readiness probe found selectors: [('menu', 'div[aria-label="Menu"]'), ('chat_list', '#pane-side'), ('message_input', 'div[contenteditable="true"]'), ('main_area', '#main')]
2025-11-11 21:57:50,498 - INFO - WhatsApp Web interface appears ready
2025-11-11 21:58:43,855 - INFO - Attached file: D:\WorkflowAuto\Invitation\invitations\invitation_વીઠ્ઠલભાઇ_પટેલ.pdf
2025-11-11 21:58:52,247 - INFO - Outgoing message appeared in chat
2025-11-11 21:58:52,263 - INFO - Message appeared in chat after 0.0s
2025-11-11 21:59:45,713 - INFO - ✓ Message delivery confirmed (double-tick) after 53.5s
2025-11-11 21:59:46,716 - INFO - ✓ Sent to વીઠ્ઠલભાઇ પટેલ 
2025-11-11 21:59:48,752 - INFO - Sending 17/49: અખેડ પ્રફુલભાઇ
2025-11-11 21:59:58,766 - INFO - Found menu using selector: div[aria-label="Menu"]
2025-11-11 22:00:00,839 - INFO - Found chat_list using selector: #pane-side
2025-11-11 22:00:00,859 - INFO - Found message_input using selector: div[contenteditable="true"]
2025-11-11 22:00:02,918 - INFO - Found main_area using selector: #main
2025-11-11 22:00:02,918 - INFO - WhatsApp readiness probe found selectors: [('menu', 'div[aria-label="Menu"]'), ('chat_list', '#pane-side'), ('message_input', 'div[contenteditable="true"]'), ('main_area', '#main')]
2025-11-11 22:00:02,918 - INFO - WhatsApp Web interface appears ready
2025-11-11 22:00:56,122 - INFO - Attached file: D:\WorkflowAuto\Invitation\invitations\invitation_અખેડ_પ્રફુલભાઇ.pdf
2025-11-11 22:01:04,474 - INFO - Outgoing message appeared in chat
2025-11-11 22:01:04,490 - INFO - Message appeared in chat after 0.0s
2025-11-11 22:01:45,282 - INFO - ✓ Message delivery confirmed (double-tick) after 40.8s
2025-11-11 22:01:46,283 - INFO - ✓ Sent to અખેડ પ્રફુલભાઇ
2025-11-11 22:01:48,316 - INFO - Sending 18/49: અખેડ પ્રફુલભાઇ
2025-11-11 22:01:57,755 - INFO - Found menu using selector: div[aria-label="Menu"]
2025-11-11 22:01:59,815 - INFO - Found chat_list using selector: #pane-side
2025-11-11 22:01:59,838 - INFO - Found message_input using selector: div[contenteditable="true"]
2025-11-11 22:02:01,898 - INFO - Found main_area using selector: #main
2025-11-11 22:02:01,898 - INFO - WhatsApp readiness probe found selectors: [('menu', 'div[aria-label="Menu"]'), ('chat_list', '#pane-side'), ('message_input', 'div[contenteditable="true"]'), ('main_area', '#main')]
2025-11-11 22:02:01,898 - INFO - WhatsApp Web interface appears ready
2025-11-11 22:02:55,037 - INFO - Attached file: D:\WorkflowAuto\Invitation\invitations\invitation_અખેડ_પ્રફુલભાઇ.pdf
2025-11-11 22:03:03,327 - INFO - Outgoing message appeared in chat
2025-11-11 22:03:03,418 - INFO - Message appeared in chat after 0.1s
2025-11-11 22:05:03,638 - INFO - ✓ Single-tick verified (message sent) after 120.3s
2025-11-11 22:05:04,639 - INFO - ✓ Sent to અખેડ પ્રફુલભાઇ
2025-11-11 22:05:06,671 - INFO - Sending 19/49: વીંછી વીક્રમભાઇ
2025-11-11 22:05:16,236 - INFO - Found menu using selector: div[aria-label="Menu"]
2025-11-11 22:05:18,305 - INFO - Found chat_list using selector: #pane-side
2025-11-11 22:05:18,325 - INFO - Found message_input using selector: div[contenteditable="true"]
2025-11-11 22:05:20,386 - INFO - Found main_area using selector: #main
2025-11-11 22:05:20,386 - INFO - WhatsApp readiness probe found selectors: [('menu', 'div[aria-label="Menu"]'), ('chat_list', '#pane-side'), ('message_input', 'div[contenteditable="true"]'), ('main_area', '#main')]
2025-11-11 22:05:20,387 - INFO - WhatsApp Web interface appears ready
2025-11-11 22:06:13,642 - INFO - Attached file: D:\WorkflowAuto\Invitation\invitations\invitation_વીંછી_વીક્રમભાઇ.pdf
2025-11-11 22:06:22,027 - INFO - Outgoing message appeared in chat
2025-11-11 22:06:22,042 - INFO - Message appeared in chat after 0.0s
2025-11-11 22:08:22,178 - INFO - ✓ Single-tick verified (message sent) after 120.1s
2025-11-11 22:08:23,179 - INFO - ✓ Sent to વીંછી વીક્રમભાઇ
2025-11-11 22:08:25,213 - INFO - Sending 20/49: વીંછી વીક્રમભાઇ
2025-11-11 22:08:35,206 - INFO - Found menu using selector: div[aria-label="Menu"]
2025-11-11 22:08:37,265 - INFO - Found chat_list using selector: #pane-side
2025-11-11 22:08:37,286 - INFO - Found message_input using selector: div[contenteditable="true"]
2025-11-11 22:08:39,347 - INFO - Found main_area using selector: #main
2025-11-11 22:08:39,347 - INFO - WhatsApp readiness probe found selectors: [('menu', 'div[aria-label="Menu"]'), ('chat_list', '#pane-side'), ('message_input', 'div[contenteditable="true"]'), ('main_area', '#main')]
2025-11-11 22:08:39,347 - INFO - WhatsApp Web interface appears ready
2025-11-11 22:09:32,687 - INFO - Attached file: D:\WorkflowAuto\Invitation\invitations\invitation_વીંછી_વીક્રમભાઇ.pdf
2025-11-11 22:09:41,043 - INFO - Outgoing message appeared in chat
2025-11-11 22:09:41,106 - INFO - Message appeared in chat after 0.0s
2025-11-11 22:09:47,038 - INFO - ✓ Message delivery confirmed (double-tick) after 6.0s
2025-11-11 22:09:48,039 - INFO - ✓ Sent to વીંછી વીક્રમભાઇ
2025-11-11 22:09:50,068 - INFO - Sending 21/49: પુછડીયા હર્ષદભાઇ
2025-11-11 22:09:59,819 - INFO - Found menu using selector: div[aria-label="Menu"]
2025-11-11 22:10:01,890 - INFO - Found chat_list using selector: #pane-side
2025-11-11 22:10:01,910 - INFO - Found message_input using selector: div[contenteditable="true"]
2025-11-11 22:10:03,971 - INFO - Found main_area using selector: #main
2025-11-11 22:10:03,971 - INFO - WhatsApp readiness probe found selectors: [('menu', 'div[aria-label="Menu"]'), ('chat_list', '#pane-side'), ('message_input', 'div[contenteditable="true"]'), ('main_area', '#main')]
2025-11-11 22:10:03,971 - INFO - WhatsApp Web interface appears ready
2025-11-11 22:10:57,461 - INFO - Attached file: D:\WorkflowAuto\Invitation\invitations\invitation_પુછડીયા_હર્ષદભાઇ.pdf
2025-11-11 22:11:00,466 - ERROR - Message box not found
2025-11-11 22:11:00,480 - WARNING - X Not sent to પુછડીયા હર્ષદભાઇ - 2025-11-11 22:11:00,466 - ERROR - Message box not found
2025-11-11 22:11:02,512 - INFO - Sending 22/49: વાળા જીગ્નેશભાઇ
2025-11-11 22:11:02,514 - ERROR - Error sending message: Message: invalid session id
Stacktrace:
Symbols not available. Dumping unresolved backtrace:
	0x11958d3
	0x1195914
	0xfae5bb
	0xfeceea
	0x101c826
	0x1018090
	0x10175c3
	0xf7e4ed
	0xf7ea7e
	0xf7ef3d
	0x1417974
	0x1412bea
	0x11be5c4
	0x11add38
	0x11b4d9d
	0xf7e1a3
	0xf7d858
	0x156ffdf
	0x76615d49
	0x776cd6db
	0x776cd661

2025-11-11 22:11:02,527 - WARNING - X Not sent to વાળા જીગ્નેશભાઇ - 0x776cd661
2025-11-11 22:15:02,700 - INFO - Starting WebDriver initialization...
2025-11-11 22:15:07,650 - INFO - Chrome browser launched
2025-11-11 22:15:07,659 - INFO - Browser window maximized
2025-11-11 22:15:07,660 - INFO - Loading WhatsApp Web...
2025-11-11 22:15:08,872 - INFO - Checking WhatsApp Web status (attempt 1/3)...
2025-11-11 22:15:17,417 - INFO - Found menu using selector: div[aria-label="Menu"]
2025-11-11 22:15:19,490 - INFO - Found chat_list using selector: #pane-side
2025-11-11 22:15:19,511 - INFO - Found message_input using selector: div[contenteditable="true"]
2025-11-11 22:15:21,574 - INFO - Found main_area using selector: #main
2025-11-11 22:15:21,574 - INFO - WhatsApp readiness probe found selectors: [('menu', 'div[aria-label="Menu"]'), ('chat_list', '#pane-side'), ('message_input', 'div[contenteditable="true"]'), ('main_area', '#main')]
2025-11-11 22:15:21,574 - INFO - WhatsApp Web interface appears ready
2025-11-11 22:15:21,575 - INFO - WhatsApp Web loaded successfully after 12s
2025-11-11 22:15:21,869 - INFO - Starting to send existing invitations to 29 contacts...
2025-11-11 22:15:21,869 - INFO - Sending 1/29: પુછડીયા હર્ષદભાઇ
2025-11-11 22:15:31,700 - INFO - Found menu using selector: div[aria-label="Menu"]
2025-11-11 22:15:33,751 - INFO - Found chat_list using selector: #pane-side
2025-11-11 22:15:33,767 - INFO - Found message_input using selector: div[contenteditable="true"]
2025-11-11 22:15:35,821 - INFO - Found main_area using selector: #main
2025-11-11 22:15:35,821 - INFO - WhatsApp readiness probe found selectors: [('menu', 'div[aria-label="Menu"]'), ('chat_list', '#pane-side'), ('message_input', 'div[contenteditable="true"]'), ('main_area', '#main')]
2025-11-11 22:15:35,821 - INFO - WhatsApp Web interface appears ready
2025-11-11 22:16:29,042 - INFO - Attached file: D:\WorkflowAuto\Invitation\invitations\invitation_પુછડીયા_હર્ષદભાઇ.pdf
2025-11-11 22:16:37,588 - INFO - Outgoing message appeared in chat
2025-11-11 22:16:37,677 - INFO - Message appeared in chat after 0.1s
2025-11-11 22:17:18,509 - INFO - ✓ Message delivery confirmed (double-tick) after 40.9s
2025-11-11 22:17:19,512 - INFO - ✓ Sent to પુછડીયા હર્ષદભાઇ
2025-11-11 22:17:21,548 - INFO - Sending 2/29: વાળા જીગ્નેશભાઇ
2025-11-11 22:17:30,837 - INFO - Found menu using selector: div[aria-label="Menu"]
2025-11-11 22:17:32,998 - INFO - Found chat_list using selector: #pane-side
2025-11-11 22:17:33,020 - INFO - Found message_input using selector: div[contenteditable="true"]
2025-11-11 22:17:35,079 - INFO - Found main_area using selector: #main
2025-11-11 22:17:35,079 - INFO - WhatsApp readiness probe found selectors: [('menu', 'div[aria-label="Menu"]'), ('chat_list', '#pane-side'), ('message_input', 'div[contenteditable="true"]'), ('main_area', '#main')]
2025-11-11 22:17:35,079 - INFO - WhatsApp Web interface appears ready
2025-11-11 22:18:28,295 - INFO - Attached file: D:\WorkflowAuto\Invitation\invitations\invitation_વાળા_જીગ્નેશભાઇ.pdf
2025-11-11 22:18:36,606 - INFO - Outgoing message appeared in chat
2025-11-11 22:18:36,660 - INFO - Message appeared in chat after 0.1s
2025-11-11 22:20:37,042 - INFO - ✓ Single-tick verified (message sent) after 120.4s
2025-11-11 22:20:38,043 - INFO - ✓ Sent to વાળા જીગ્નેશભાઇ
2025-11-11 22:20:40,077 - INFO - Sending 3/29: ઘ્રુવભાઇ શાહ
2025-11-11 22:20:49,353 - INFO - Found menu using selector: div[aria-label="Menu"]
2025-11-11 22:20:51,409 - INFO - Found chat_list using selector: #pane-side
2025-11-11 22:20:51,430 - INFO - Found message_input using selector: div[contenteditable="true"]
2025-11-11 22:20:53,488 - INFO - Found main_area using selector: #main
2025-11-11 22:20:53,488 - INFO - WhatsApp readiness probe found selectors: [('menu', 'div[aria-label="Menu"]'), ('chat_list', '#pane-side'), ('message_input', 'div[contenteditable="true"]'), ('main_area', '#main')]
2025-11-11 22:20:53,488 - INFO - WhatsApp Web interface appears ready
2025-11-11 22:21:46,815 - INFO - Attached file: D:\WorkflowAuto\Invitation\invitations\invitation_ઘ્રુવભાઇ_શાહ.pdf
2025-11-11 22:21:55,157 - INFO - Outgoing message appeared in chat
2025-11-11 22:21:55,218 - INFO - Message appeared in chat after 0.1s
2025-11-11 22:22:43,860 - INFO - ✓ Message delivery confirmed (double-tick) after 48.7s
2025-11-11 22:22:44,861 - INFO - ✓ Sent to ઘ્રુવભાઇ શાહ
2025-11-11 22:22:46,903 - INFO - Sending 4/29: કાંબલીયા અશ્વીનભાઇ
2025-11-11 22:22:56,769 - INFO - Found menu using selector: div[aria-label="Menu"]
2025-11-11 22:22:58,828 - INFO - Found chat_list using selector: #pane-side
2025-11-11 22:22:58,852 - INFO - Found message_input using selector: div[contenteditable="true"]
2025-11-11 22:23:00,956 - INFO - Found main_area using selector: #main
2025-11-11 22:23:00,956 - INFO - WhatsApp readiness probe found selectors: [('menu', 'div[aria-label="Menu"]'), ('chat_list', '#pane-side'), ('message_input', 'div[contenteditable="true"]'), ('main_area', '#main')]
2025-11-11 22:23:00,956 - INFO - WhatsApp Web interface appears ready
2025-11-11 22:23:54,115 - INFO - Attached file: D:\WorkflowAuto\Invitation\invitations\invitation_કાંબલીયા_અશ્વીનભાઇ.pdf
2025-11-11 22:24:02,559 - INFO - Outgoing message appeared in chat
2025-11-11 22:24:02,570 - INFO - Message appeared in chat after 0.0s
2025-11-11 22:24:40,301 - INFO - ✓ Message delivery confirmed (double-tick) after 37.7s
2025-11-11 22:24:41,302 - INFO - ✓ Sent to કાંબલીયા અશ્વીનભાઇ
2025-11-11 22:24:43,341 - INFO - Sending 5/29: કાંબલીયા જસ્વીનભાઇ
2025-11-11 22:24:52,711 - INFO - Found menu using selector: div[aria-label="Menu"]
2025-11-11 22:24:54,771 - INFO - Found chat_list using selector: #pane-side
2025-11-11 22:24:54,795 - INFO - Found message_input using selector: div[contenteditable="true"]
2025-11-11 22:24:56,859 - INFO - Found main_area using selector: #main
2025-11-11 22:24:56,859 - INFO - WhatsApp readiness probe found selectors: [('menu', 'div[aria-label="Menu"]'), ('chat_list', '#pane-side'), ('message_input', 'div[contenteditable="true"]'), ('main_area', '#main')]
2025-11-11 22:24:56,859 - INFO - WhatsApp Web interface appears ready
2025-11-11 22:25:50,004 - INFO - Attached file: D:\WorkflowAuto\Invitation\invitations\invitation_કાંબલીયા_જસ્વીનભાઇ.pdf
2025-11-11 22:25:58,364 - INFO - Outgoing message appeared in chat
2025-11-11 22:25:58,378 - INFO - Message appeared in chat after 0.0s
2025-11-11 22:26:36,940 - INFO - ✓ Message delivery confirmed (double-tick) after 38.6s
2025-11-11 22:26:37,941 - INFO - ✓ Sent to કાંબલીયા જસ્વીનભાઇ
2025-11-11 22:26:39,973 - INFO - Sending 6/29: નાધેરા હાર્દીકભાઇ 
2025-11-11 22:26:49,725 - INFO - Found menu using selector: div[aria-label="Menu"]
2025-11-11 22:26:51,785 - INFO - Found chat_list using selector: #pane-side
2025-11-11 22:26:51,806 - INFO - Found message_input using selector: div[contenteditable="true"]
2025-11-11 22:26:53,865 - INFO - Found main_area using selector: #main
2025-11-11 22:26:53,866 - INFO - WhatsApp readiness probe found selectors: [('menu', 'div[aria-label="Menu"]'), ('chat_list', '#pane-side'), ('message_input', 'div[contenteditable="true"]'), ('main_area', '#main')]
2025-11-11 22:26:53,866 - INFO - WhatsApp Web interface appears ready
2025-11-11 22:27:47,201 - INFO - Attached file: D:\WorkflowAuto\Invitation\invitations\invitation_નાધેરા_હાર્દીકભાઇ.pdf
2025-11-11 22:27:55,462 - INFO - Outgoing message appeared in chat
2025-11-11 22:27:55,553 - INFO - Message appeared in chat after 0.1s
2025-11-11 22:28:32,364 - INFO - ✓ Message delivery confirmed (double-tick) after 36.9s
2025-11-11 22:28:33,366 - INFO - ✓ Sent to નાધેરા હાર્દીકભાઇ 
2025-11-11 22:28:35,402 - INFO - Sending 7/29: જાદવ દેવેન્દ્રભાઇ 
2025-11-11 22:28:44,989 - INFO - Found menu using selector: div[aria-label="Menu"]
2025-11-11 22:28:47,049 - INFO - Found chat_list using selector: #pane-side
2025-11-11 22:28:47,073 - INFO - Found message_input using selector: div[contenteditable="true"]
2025-11-11 22:28:49,196 - INFO - Found main_area using selector: #main
2025-11-11 22:28:49,197 - INFO - WhatsApp readiness probe found selectors: [('menu', 'div[aria-label="Menu"]'), ('chat_list', '#pane-side'), ('message_input', 'div[contenteditable="true"]'), ('main_area', '#main')]
2025-11-11 22:28:49,197 - INFO - WhatsApp Web interface appears ready
2025-11-11 22:29:42,375 - INFO - Attached file: D:\WorkflowAuto\Invitation\invitations\invitation_જાદવ_દેવેન્દ્રભાઇ.pdf
2025-11-11 22:29:50,756 - INFO - Outgoing message appeared in chat
2025-11-11 22:29:50,769 - INFO - Message appeared in chat after 0.0s
2025-11-11 22:30:55,533 - INFO - ✓ Message delivery confirmed (double-tick) after 64.8s
2025-11-11 22:30:56,534 - INFO - ✓ Sent to જાદવ દેવેન્દ્રભાઇ 
2025-11-11 22:30:58,564 - INFO - Sending 8/29: પૂંજો ઇન્દ્રોડા 
2025-11-11 22:31:08,849 - INFO - Found menu using selector: div[aria-label="Menu"]
2025-11-11 22:31:10,908 - INFO - Found chat_list using selector: #pane-side
2025-11-11 22:31:10,928 - INFO - Found message_input using selector: div[contenteditable="true"]
2025-11-11 22:31:12,988 - INFO - Found main_area using selector: #main
2025-11-11 22:31:12,988 - INFO - WhatsApp readiness probe found selectors: [('menu', 'div[aria-label="Menu"]'), ('chat_list', '#pane-side'), ('message_input', 'div[contenteditable="true"]'), ('main_area', '#main')]
2025-11-11 22:31:12,988 - INFO - WhatsApp Web interface appears ready
2025-11-11 22:32:06,141 - INFO - Attached file: D:\WorkflowAuto\Invitation\invitations\invitation_પૂંજો_ઇન્દ્રોડા.pdf
2025-11-11 22:32:14,510 - INFO - Outgoing message appeared in chat
2025-11-11 22:32:14,524 - INFO - Message appeared in chat after 0.0s
2025-11-11 22:33:06,428 - INFO - ✓ Message delivery confirmed (double-tick) after 51.9s
2025-11-11 22:33:07,429 - INFO - ✓ Sent to પૂંજો ઇન્દ્રોડા 
2025-11-11 22:33:09,469 - INFO - Sending 9/29: પરમાર મહેન્દ્રભાઇ 
2025-11-11 22:33:19,117 - INFO - Found menu using selector: div[aria-label="Menu"]
2025-11-11 22:33:21,175 - INFO - Found chat_list using selector: #pane-side
2025-11-11 22:33:21,194 - INFO - Found message_input using selector: div[contenteditable="true"]
2025-11-11 22:33:23,253 - INFO - Found main_area using selector: #main
2025-11-11 22:33:23,253 - INFO - WhatsApp readiness probe found selectors: [('menu', 'div[aria-label="Menu"]'), ('chat_list', '#pane-side'), ('message_input', 'div[contenteditable="true"]'), ('main_area', '#main')]
2025-11-11 22:33:23,253 - INFO - WhatsApp Web interface appears ready
2025-11-11 22:34:16,390 - INFO - Attached file: D:\WorkflowAuto\Invitation\invitations\invitation_પરમાર_મહેન્દ્રભાઇ.pdf
2025-11-11 22:34:24,661 - INFO - Outgoing message appeared in chat
2025-11-11 22:34:24,749 - INFO - Message appeared in chat after 0.1s
2025-11-11 22:36:24,733 - INFO - ✓ Single-tick verified (message sent) after 120.1s
2025-11-11 22:36:25,735 - INFO - ✓ Sent to પરમાર મહેન્દ્રભાઇ 
2025-11-11 22:36:27,773 - INFO - Sending 10/29: પરમાર નરેન્દ્રભાઇ 
2025-11-11 22:36:38,980 - INFO - Found menu using selector: div[aria-label="Menu"]
2025-11-11 22:36:41,040 - INFO - Found chat_list using selector: #pane-side
2025-11-11 22:36:41,065 - INFO - Found message_input using selector: div[contenteditable="true"]
2025-11-11 22:36:43,123 - INFO - Found main_area using selector: #main
2025-11-11 22:36:43,123 - INFO - WhatsApp readiness probe found selectors: [('menu', 'div[aria-label="Menu"]'), ('chat_list', '#pane-side'), ('message_input', 'div[contenteditable="true"]'), ('main_area', '#main')]
2025-11-11 22:36:43,124 - INFO - WhatsApp Web interface appears ready
2025-11-11 22:37:36,396 - INFO - Attached file: D:\WorkflowAuto\Invitation\invitations\invitation_પરમાર_નરેન્દ્રભાઇ.pdf
2025-11-11 22:37:44,772 - INFO - Outgoing message appeared in chat
2025-11-11 22:37:44,788 - INFO - Message appeared in chat after 0.0s
2025-11-11 22:39:45,164 - INFO - ✓ Single-tick verified (message sent) after 120.4s
2025-11-11 22:39:46,165 - INFO - ✓ Sent to પરમાર નરેન્દ્રભાઇ 
2025-11-11 22:39:48,194 - INFO - Sending 11/29: પટેલ ભરતભાઇ રુદ્રત્રન્સપોર્ટ 
2025-11-11 22:40:07,606 - INFO - Found chat_list using selector: #pane-side
2025-11-11 22:40:07,781 - INFO - Found message_input using selector: div[contenteditable="true"]
2025-11-11 22:40:09,978 - INFO - Found main_area using selector: #main
2025-11-11 22:40:09,978 - INFO - WhatsApp readiness probe found selectors: [('chat_list', '#pane-side'), ('message_input', 'div[contenteditable="true"]'), ('main_area', '#main')]
2025-11-11 22:40:09,978 - INFO - WhatsApp Web interface appears ready
2025-11-11 22:41:03,122 - INFO - Attached file: D:\WorkflowAuto\Invitation\invitations\invitation_પટેલ_ભરતભાઇ_રુદ્રત્રન્સપોર્ટ.pdf
2025-11-11 22:41:11,450 - INFO - Outgoing message appeared in chat
2025-11-11 22:41:11,526 - INFO - Message appeared in chat after 0.1s
2025-11-11 22:41:52,697 - INFO - ✓ Message delivery confirmed (double-tick) after 41.2s
2025-11-11 22:41:53,698 - INFO - ✓ Sent to પટેલ ભરતભાઇ રુદ્રત્રન્સપોર્ટ 
2025-11-11 22:41:55,724 - INFO - Sending 12/29: પટેલ ઘનશ્યામભાઇ
2025-11-11 22:42:05,218 - INFO - Found menu using selector: div[aria-label="Menu"]
2025-11-11 22:42:07,280 - INFO - Found chat_list using selector: #pane-side
2025-11-11 22:42:07,306 - INFO - Found message_input using selector: div[contenteditable="true"]
2025-11-11 22:42:09,372 - INFO - Found main_area using selector: #main
2025-11-11 22:42:09,372 - INFO - WhatsApp readiness probe found selectors: [('menu', 'div[aria-label="Menu"]'), ('chat_list', '#pane-side'), ('message_input', 'div[contenteditable="true"]'), ('main_area', '#main')]
2025-11-11 22:42:09,372 - INFO - WhatsApp Web interface appears ready
2025-11-11 22:43:02,577 - INFO - Attached file: D:\WorkflowAuto\Invitation\invitations\invitation_પટેલ_ઘનશ્યામભાઇ.pdf
2025-11-11 22:43:10,950 - INFO - Outgoing message appeared in chat
2025-11-11 22:43:10,967 - INFO - Message appeared in chat after 0.0s
2025-11-11 22:43:37,084 - INFO - ✓ Message delivery confirmed (double-tick) after 26.1s
2025-11-11 22:43:38,112 - INFO - ✓ Sent to પટેલ ઘનશ્યામભાઇ
2025-11-11 22:43:40,141 - INFO - Sending 13/29: પાઠક કલ્પેશભાઇ
2025-11-11 22:43:49,625 - INFO - Found menu using selector: div[aria-label="Menu"]
2025-11-11 22:43:51,694 - INFO - Found chat_list using selector: #pane-side
2025-11-11 22:43:51,714 - INFO - Found message_input using selector: div[contenteditable="true"]
2025-11-11 22:43:53,776 - INFO - Found main_area using selector: #main
2025-11-11 22:43:53,776 - INFO - WhatsApp readiness probe found selectors: [('menu', 'div[aria-label="Menu"]'), ('chat_list', '#pane-side'), ('message_input', 'div[contenteditable="true"]'), ('main_area', '#main')]
2025-11-11 22:43:53,776 - INFO - WhatsApp Web interface appears ready
2025-11-11 22:44:46,944 - INFO - Attached file: D:\WorkflowAuto\Invitation\invitations\invitation_પાઠક_કલ્પેશભાઇ.pdf
2025-11-11 22:44:55,300 - INFO - Outgoing message appeared in chat
2025-11-11 22:44:55,315 - INFO - Message appeared in chat after 0.0s
2025-11-11 22:45:28,948 - INFO - ✓ Message delivery confirmed (double-tick) after 33.6s
2025-11-11 22:45:29,949 - INFO - ✓ Sent to પાઠક કલ્પેશભાઇ
2025-11-11 22:45:31,976 - INFO - Sending 14/29: ચૌહાણ અનીઋધભાઇ
2025-11-11 22:45:41,419 - INFO - Found menu using selector: div[aria-label="Menu"]
2025-11-11 22:45:43,478 - INFO - Found chat_list using selector: #pane-side
2025-11-11 22:45:43,499 - INFO - Found message_input using selector: div[contenteditable="true"]
2025-11-11 22:45:45,558 - INFO - Found main_area using selector: #main
2025-11-11 22:45:45,558 - INFO - WhatsApp readiness probe found selectors: [('menu', 'div[aria-label="Menu"]'), ('chat_list', '#pane-side'), ('message_input', 'div[contenteditable="true"]'), ('main_area', '#main')]
2025-11-11 22:45:45,559 - INFO - WhatsApp Web interface appears ready
2025-11-11 22:46:38,806 - INFO - Attached file: D:\WorkflowAuto\Invitation\invitations\invitation_ચૌહાણ_અનીઋધભાઇ.pdf
2025-11-11 22:46:47,079 - INFO - Outgoing message appeared in chat
2025-11-11 22:46:47,175 - INFO - Message appeared in chat after 0.1s
2025-11-11 22:47:49,463 - INFO - ✓ Message delivery confirmed (double-tick) after 62.4s
2025-11-11 22:47:50,464 - INFO - ✓ Sent to ચૌહાણ અનીઋધભાઇ
2025-11-11 22:47:52,504 - INFO - Sending 15/29: વ્યાસ વીજયભાઇ
2025-11-11 22:48:03,072 - INFO - Found menu using selector: div[aria-label="Menu"]
2025-11-11 22:48:05,130 - INFO - Found chat_list using selector: #pane-side
2025-11-11 22:48:05,149 - INFO - Found message_input using selector: div[contenteditable="true"]
2025-11-11 22:48:07,211 - INFO - Found main_area using selector: #main
2025-11-11 22:48:07,211 - INFO - WhatsApp readiness probe found selectors: [('menu', 'div[aria-label="Menu"]'), ('chat_list', '#pane-side'), ('message_input', 'div[contenteditable="true"]'), ('main_area', '#main')]
2025-11-11 22:48:07,211 - INFO - WhatsApp Web interface appears ready
2025-11-11 22:49:00,361 - INFO - Attached file: D:\WorkflowAuto\Invitation\invitations\invitation_વ્યાસ_વીજયભાઇ.pdf
2025-11-11 22:49:08,788 - INFO - Outgoing message appeared in chat
2025-11-11 22:49:08,811 - INFO - Message appeared in chat after 0.0s
2025-11-11 22:50:03,882 - INFO - ✓ Message delivery confirmed (double-tick) after 55.1s
2025-11-11 22:50:04,883 - INFO - ✓ Sent to વ્યાસ વીજયભાઇ
2025-11-11 22:50:06,910 - INFO - Sending 16/29: પુકાર કલ્પેશભાઇ
2025-11-11 22:50:16,918 - INFO - Found menu using selector: div[aria-label="Menu"]
2025-11-11 22:50:19,117 - INFO - Found chat_list using selector: #pane-side
2025-11-11 22:50:19,138 - INFO - Found message_input using selector: div[contenteditable="true"]
2025-11-11 22:50:21,198 - INFO - Found main_area using selector: #main
2025-11-11 22:50:21,198 - INFO - WhatsApp readiness probe found selectors: [('menu', 'div[aria-label="Menu"]'), ('chat_list', '#pane-side'), ('message_input', 'div[contenteditable="true"]'), ('main_area', '#main')]
2025-11-11 22:50:21,198 - INFO - WhatsApp Web interface appears ready
2025-11-11 22:51:14,344 - INFO - Attached file: D:\WorkflowAuto\Invitation\invitations\invitation_પુકાર_કલ્પેશભાઇ.pdf
2025-11-11 22:51:22,730 - INFO - Outgoing message appeared in chat
2025-11-11 22:51:22,747 - INFO - Message appeared in chat after 0.0s
2025-11-11 22:52:07,139 - INFO - ✓ Message delivery confirmed (double-tick) after 44.4s
2025-11-11 22:52:08,140 - INFO - ✓ Sent to પુકાર કલ્પેશભાઇ
2025-11-11 22:52:10,170 - INFO - Sending 17/29: પુકાર અશ્વીનભાઇ
2025-11-11 22:52:19,924 - INFO - Found menu using selector: div[aria-label="Menu"]
2025-11-11 22:52:21,982 - INFO - Found chat_list using selector: #pane-side
2025-11-11 22:52:22,001 - INFO - Found message_input using selector: div[contenteditable="true"]
2025-11-11 22:52:24,061 - INFO - Found main_area using selector: #main
2025-11-11 22:52:24,061 - INFO - WhatsApp readiness probe found selectors: [('menu', 'div[aria-label="Menu"]'), ('chat_list', '#pane-side'), ('message_input', 'div[contenteditable="true"]'), ('main_area', '#main')]
2025-11-11 22:52:24,061 - INFO - WhatsApp Web interface appears ready
2025-11-11 22:53:17,208 - INFO - Attached file: D:\WorkflowAuto\Invitation\invitations\invitation_પુકાર_અશ્વીનભાઇ.pdf
2025-11-11 22:53:25,481 - INFO - Outgoing message appeared in chat
2025-11-11 22:53:25,561 - INFO - Message appeared in chat after 0.1s
2025-11-11 22:54:01,747 - INFO - ✓ Message delivery confirmed (double-tick) after 36.3s
2025-11-11 22:54:02,748 - INFO - ✓ Sent to પુકાર અશ્વીનભાઇ
2025-11-11 22:54:04,776 - INFO - Sending 18/29: પટેલ કીર્તીભાઇ
2025-11-11 22:54:14,177 - INFO - Found menu using selector: div[aria-label="Menu"]
2025-11-11 22:54:16,239 - INFO - Found chat_list using selector: #pane-side
2025-11-11 22:54:16,260 - INFO - Found message_input using selector: div[contenteditable="true"]
2025-11-11 22:54:22,377 - INFO - WhatsApp readiness probe found selectors: [('menu', 'div[aria-label="Menu"]'), ('chat_list', '#pane-side'), ('message_input', 'div[contenteditable="true"]')]
2025-11-11 22:54:22,378 - INFO - WhatsApp Web interface appears ready
2025-11-11 22:55:02,644 - ERROR - Chat failed to load
2025-11-11 22:55:02,679 - WARNING - X Not sent to પટેલ કીર્તીભાઇ - 2025-11-11 22:55:02,644 - ERROR - Chat failed to load
2025-11-11 22:55:04,701 - INFO - Sending 19/29: પટેલ કીર્તીભાઇ
2025-11-11 22:55:05,049 - WARNING - WhatsApp readiness probe did not find expected selectors
2025-11-11 22:55:05,057 - WARNING - Readiness check failed; detected flags: {'menu': False, 'chat_list': False, 'message_input': False, 'main_area': False}
2025-11-11 22:55:05,058 - ERROR - WhatsApp Web not ready
2025-11-11 22:55:05,083 - WARNING - X Not sent to પટેલ કીર્તીભાઇ - 2025-11-11 22:55:05,058 - ERROR - WhatsApp Web not ready
2025-11-11 22:55:07,132 - INFO - Sending 20/29: પટેલ ભુપેન્દ્રભાઇ
2025-11-11 22:55:07,135 - ERROR - Error sending message: Message: no such window: target window already closed
from unknown error: web view not found
  (Session info: chrome=142.0.7444.60)
Stacktrace:
Symbols not available. Dumping unresolved backtrace:
	0x11958d3
	0x1195914
	0xfae76d
	0xf8c32d
	0x10232ee
	0x103e799
	0x101c766
	0xfedac0
	0xfeede4
	0x1417974
	0x1412bea
	0x11be5c4
	0x11add38
	0x11b4d9d
	0x119dee8
	0x119e0ac
	0x1187d2a
	0x76615d49
	0x776cd6db
	0x776cd661

2025-11-11 22:55:07,150 - WARNING - X Not sent to પટેલ ભુપેન્દ્રભાઇ - 0x776cd661
2025-11-11 22:55:09,182 - INFO - Sending 21/29: કાંબલીયા હર્ષદભાઇ કેશુભાઇ 
2025-11-11 22:55:09,183 - ERROR - Error sending message: Message: no such window: target window already closed
from unknown error: web view not found
  (Session info: chrome=142.0.7444.60)
Stacktrace:
Symbols not available. Dumping unresolved backtrace:
	0x11958d3
	0x1195914
	0xfae76d
	0xf8c32d
	0x10232ee
	0x103e799
	0x101c766
	0xfedac0
	0xfeede4
	0x1417974
	0x1412bea
	0x11be5c4
	0x11add38
	0x11b4d9d
	0x119dee8
	0x119e0ac
	0x1187d2a
	0x76615d49
	0x776cd6db
	0x776cd661

2025-11-11 22:55:09,196 - WARNING - X Not sent to કાંબલીયા હર્ષદભાઇ કેશુભાઇ  - 0x776cd661
2025-11-11 22:55:11,218 - INFO - Sending 22/29: કાંબલીયા મુન્નાભાઇ રામભાઇ 
2025-11-11 22:55:11,249 - ERROR - Error sending message: Message: no such window: target window already closed
from unknown error: web view not found
  (Session info: chrome=142.0.7444.60)
Stacktrace:
Symbols not available. Dumping unresolved backtrace:
	0x11958d3
	0x1195914
	0xfae76d
	0xf8c32d
	0x10232ee
	0x103e799
	0x101c766
	0xfedac0
	0xfeede4
	0x1417974
	0x1412bea
	0x11be5c4
	0x11add38
	0x11b4d9d
	0x119dee8
	0x119e0ac
	0x1187d2a
	0x76615d49
	0x776cd6db
	0x776cd661

2025-11-11 22:55:11,282 - WARNING - X Not sent to કાંબલીયા મુન્નાભાઇ રામભાઇ  - 0x776cd661
2025-11-11 23:04:30,400 - INFO - Sending 23/29: ભાદરકા વીક્રમભાઇ નાથાભાઇ 
2025-11-11 23:04:30,526 - ERROR - Error sending message: Message: no such window: target window already closed
from unknown error: web view not found
  (Session info: chrome=142.0.7444.60)
Stacktrace:
Symbols not available. Dumping unresolved backtrace:
	0x11958d3
	0x1195914
	0xfae76d
	0xf8c32d
	0x10232ee
	0x103e799
	0x101c766
	0xfedac0
	0xfeede4
	0x1417974
	0x1412bea
	0x11be5c4
	0x11add38
	0x11b4d9d
	0x119dee8
	0x119e0ac
	0x1187d2a
	0x76615d49
	0x776cd6db
	0x776cd661

2025-11-11 23:04:30,576 - WARNING - X Not sent to ભાદરકા વીક્રમભાઇ નાથાભાઇ  - 0x776cd661
2025-11-11 23:04:32,874 - INFO - Sending 24/29: ઢોલા પ્રકાશભાઇ ચીનાભાઇ 
2025-11-11 23:04:32,934 - ERROR - Error sending message: Message: no such window: target window already closed
from unknown error: web view not found
  (Session info: chrome=142.0.7444.60)
Stacktrace:
Symbols not available. Dumping unresolved backtrace:
	0x11958d3
	0x1195914
	0xfae76d
	0xf8c32d
	0x10232ee
	0x103e799
	0x101c766
	0xfedac0
	0xfeede4
	0x1417974
	0x1412bea
	0x11be5c4
	0x11add38
	0x11b4d9d
	0x119dee8
	0x119e0ac
	0x1187d2a
	0x76615d49
	0x776cd6db
	0x776cd661

2025-11-11 23:04:32,968 - WARNING - X Not sent to ઢોલા પ્રકાશભાઇ ચીનાભાઇ  - 0x776cd661
2025-11-11 23:04:35,069 - INFO - Sending 25/29: ભટ્ટ કમલેશભાઇ
2025-11-11 23:04:35,155 - ERROR - Error sending message: Message: no such window: target window already closed
from unknown error: web view not found
  (Session info: chrome=142.0.7444.60)
Stacktrace:
Symbols not available. Dumping unresolved backtrace:
	0x11958d3
	0x1195914
	0xfae76d
	0xf8c32d
	0x10232ee
	0x103e799
	0x101c766
	0xfedac0
	0xfeede4
	0x1417974
	0x1412bea
	0x11be5c4
	0x11add38
	0x11b4d9d
	0x119dee8
	0x119e0ac
	0x1187d2a
	0x76615d49
	0x776cd6db
	0x776cd661

2025-11-11 23:04:35,197 - WARNING - X Not sent to ભટ્ટ કમલેશભાઇ - 0x776cd661
2025-11-11 23:04:37,419 - INFO - Sending 26/29: પ્રતીકભાઇ 
2025-11-11 23:04:37,472 - ERROR - Error sending message: Message: no such window: target window already closed
from unknown error: web view not found
  (Session info: chrome=142.0.7444.60)
Stacktrace:
Symbols not available. Dumping unresolved backtrace:
	0x11958d3
	0x1195914
	0xfae76d
	0xf8c32d
	0x10232ee
	0x103e799
	0x101c766
	0xfedac0
	0xfeede4
	0x1417974
	0x1412bea
	0x11be5c4
	0x11add38
	0x11b4d9d
	0x119dee8
	0x119e0ac
	0x1187d2a
	0x76615d49
	0x776cd6db
	0x776cd661

2025-11-11 23:04:37,508 - WARNING - X Not sent to પ્રતીકભાઇ  - 0x776cd661
2025-11-11 23:04:39,556 - INFO - Sending 27/29: પટેલ પ્રફુલભાઇ
2025-11-11 23:04:39,563 - ERROR - Error sending message: Message: no such window: target window already closed
from unknown error: web view not found
  (Session info: chrome=142.0.7444.60)
Stacktrace:
Symbols not available. Dumping unresolved backtrace:
	0x11958d3
	0x1195914
	0xfae76d
	0xf8c32d
	0x10232ee
	0x103e799
	0x101c766
	0xfedac0
	0xfeede4
	0x1417974
	0x1412bea
	0x11be5c4
	0x11add38
	0x11b4d9d
	0x119dee8
	0x119e0ac
	0x1187d2a
	0x76615d49
	0x776cd6db
	0x776cd661

2025-11-11 23:04:39,589 - WARNING - X Not sent to પટેલ પ્રફુલભાઇ - 0x776cd661
2025-11-11 23:04:41,649 - INFO - Sending 28/29: સોની પ્રફુલભાઇ
2025-11-11 23:04:41,651 - ERROR - Error sending message: Message: no such window: target window already closed
from unknown error: web view not found
  (Session info: chrome=142.0.7444.60)
Stacktrace:
Symbols not available. Dumping unresolved backtrace:
	0x11958d3
	0x1195914
	0xfae76d
	0xf8c32d
	0x10232ee
	0x103e799
	0x101c766
	0xfedac0
	0xfeede4
	0x1417974
	0x1412bea
	0x11be5c4
	0x11add38
	0x11b4d9d
	0x119dee8
	0x119e0ac
	0x1187d2a
	0x76615d49
	0x776cd6db
	0x776cd661

2025-11-11 23:04:41,665 - WARNING - X Not sent to સોની પ્રફુલભાઇ - 0x776cd661
2025-11-11 23:04:43,691 - INFO - Sending 29/29: ચંદ્રવાડીયા હરદાસભાઇ
2025-11-11 23:04:43,726 - ERROR - Error sending message: Message: no such window: target window already closed
from unknown error: web view not found
  (Session info: chrome=142.0.7444.60)
Stacktrace:
Symbols not available. Dumping unresolved backtrace:
	0x11958d3
	0x1195914
	0xfae76d
	0xf8c32d
	0x10232ee
	0x103e799
	0x101c766
	0xfedac0
	0xfeede4
	0x1417974
	0x1412bea
	0x11be5c4
	0x11add38
	0x11b4d9d
	0x119dee8
	0x119e0ac
	0x1187d2a
	0x76615d49
	0x776cd6db
	0x776cd661

2025-11-11 23:04:43,739 - WARNING - X Not sent to ચંદ્રવાડીયા હરદાસભાઇ - 0x776cd661
2025-11-11 23:04:45,775 - INFO - Completed sending: 17/29 sent
2025-11-11 23:07:17,911 - INFO - Starting WebDriver initialization...
2025-11-11 23:07:22,805 - INFO - Chrome browser launched
2025-11-11 23:07:22,814 - INFO - Browser window maximized
2025-11-11 23:07:22,814 - INFO - Loading WhatsApp Web...
2025-11-11 23:07:27,168 - INFO - Checking WhatsApp Web status (attempt 1/3)...
2025-11-11 23:07:35,398 - INFO - Found menu using selector: div[aria-label="Menu"]
2025-11-11 23:07:37,660 - INFO - Found chat_list using selector: #pane-side
2025-11-11 23:07:37,777 - INFO - Found message_input using selector: div[contenteditable="true"]
2025-11-11 23:07:39,947 - INFO - Found main_area using selector: #main
2025-11-11 23:07:39,949 - INFO - WhatsApp readiness probe found selectors: [('menu', 'div[aria-label="Menu"]'), ('chat_list', '#pane-side'), ('message_input', 'div[contenteditable="true"]'), ('main_area', '#main')]
2025-11-11 23:07:39,950 - INFO - WhatsApp Web interface appears ready
2025-11-11 23:07:39,950 - INFO - WhatsApp Web loaded successfully after 12s
2025-11-11 23:07:40,868 - INFO - Starting to send existing invitations to 12 contacts...
2025-11-11 23:07:40,871 - INFO - Sending 1/12: પટેલ કીર્તીભાઇ
2025-11-11 23:07:51,922 - INFO - Found menu using selector: div[aria-label="Menu"]
2025-11-11 23:07:54,955 - INFO - Found chat_list using selector: #pane-side
2025-11-11 23:07:55,116 - INFO - Found message_input using selector: div[contenteditable="true"]
2025-11-11 23:08:01,347 - INFO - WhatsApp readiness probe found selectors: [('menu', 'div[aria-label="Menu"]'), ('chat_list', '#pane-side'), ('message_input', 'div[contenteditable="true"]')]
2025-11-11 23:08:01,348 - INFO - WhatsApp Web interface appears ready
2025-11-11 23:08:41,857 - ERROR - Chat failed to load
2025-11-11 23:08:41,881 - WARNING - X Not sent to પટેલ કીર્તીભાઇ - 2025-11-11 23:08:41,857 - ERROR - Chat failed to load
2025-11-11 23:08:43,952 - INFO - Sending 2/12: પટેલ કીર્તીભાઇ
2025-11-11 23:08:58,543 - INFO - Found menu using selector: div[aria-label="Menu"]
2025-11-11 23:09:01,152 - INFO - Found chat_list using selector: #pane-side
2025-11-11 23:09:01,681 - INFO - Found message_input using selector: div[contenteditable="true"]
2025-11-11 23:09:03,958 - INFO - Found main_area using selector: #main
2025-11-11 23:09:03,958 - INFO - WhatsApp readiness probe found selectors: [('menu', 'div[aria-label="Menu"]'), ('chat_list', '#pane-side'), ('message_input', 'div[contenteditable="true"]'), ('main_area', '#main')]
2025-11-11 23:09:03,958 - INFO - WhatsApp Web interface appears ready
2025-11-11 23:09:58,507 - INFO - Attached file: D:\WorkflowAuto\Invitation\invitations\invitation_પટેલ_કીર્તીભાઇ.pdf
2025-11-11 23:10:07,637 - INFO - Outgoing message appeared in chat
2025-11-11 23:10:07,883 - INFO - Message appeared in chat after 0.2s
2025-11-11 23:12:07,922 - INFO - ✓ Single-tick verified (message sent) after 120.3s
2025-11-11 23:12:08,925 - INFO - ✓ Sent to પટેલ કીર્તીભાઇ
2025-11-11 23:12:11,054 - INFO - Sending 3/12: પટેલ ભુપેન્દ્રભાઇ
2025-11-11 23:12:30,278 - INFO - Found menu using selector: div[aria-label="Menu"]
2025-11-11 23:12:33,816 - INFO - Found chat_list using selector: #pane-side
2025-11-11 23:12:34,121 - INFO - Found message_input using selector: div[contenteditable="true"]
2025-11-11 23:12:37,481 - INFO - Found main_area using selector: #main
2025-11-11 23:12:37,490 - INFO - WhatsApp readiness probe found selectors: [('menu', 'div[aria-label="Menu"]'), ('chat_list', '#pane-side'), ('message_input', 'div[contenteditable="true"]'), ('main_area', '#main')]
2025-11-11 23:12:37,499 - INFO - WhatsApp Web interface appears ready
2025-11-11 23:13:32,967 - INFO - Attached file: D:\WorkflowAuto\Invitation\invitations\invitation_પટેલ_ભુપેન્દ્રભાઇ.pdf
2025-11-11 23:13:42,261 - INFO - Outgoing message appeared in chat
2025-11-11 23:13:43,001 - INFO - Message appeared in chat after 0.7s
2025-11-11 23:14:02,942 - INFO - ✓ Message delivery confirmed (double-tick) after 20.7s
2025-11-11 23:14:03,944 - INFO - ✓ Sent to પટેલ ભુપેન્દ્રભાઇ
2025-11-11 23:14:06,038 - INFO - Sending 4/12: કાંબલીયા હર્ષદભાઇ કેશુભાઇ 
2025-11-11 23:14:24,815 - INFO - Found menu using selector: div[aria-label="Menu"]
2025-11-11 23:14:28,192 - INFO - Found chat_list using selector: #pane-side
2025-11-11 23:14:28,772 - INFO - Found message_input using selector: div[contenteditable="true"]
2025-11-11 23:14:31,423 - INFO - Found main_area using selector: #main
2025-11-11 23:14:31,428 - INFO - WhatsApp readiness probe found selectors: [('menu', 'div[aria-label="Menu"]'), ('chat_list', '#pane-side'), ('message_input', 'div[contenteditable="true"]'), ('main_area', '#main')]
2025-11-11 23:14:31,435 - INFO - WhatsApp Web interface appears ready
2025-11-11 23:15:26,455 - INFO - Attached file: D:\WorkflowAuto\Invitation\invitations\invitation_કાંબલીયા_હર્ષદભાઇ_કેશુભાઇ.pdf
2025-11-11 23:15:36,703 - INFO - Outgoing message appeared in chat
2025-11-11 23:15:37,103 - INFO - Message appeared in chat after 0.4s
2025-11-11 23:15:56,654 - INFO - ✓ Message delivery confirmed (double-tick) after 19.9s
2025-11-11 23:15:57,656 - INFO - ✓ Sent to કાંબલીયા હર્ષદભાઇ કેશુભાઇ 
2025-11-11 23:15:59,771 - INFO - Sending 5/12: કાંબલીયા મુન્નાભાઇ રામભાઇ 
2025-11-11 23:16:19,595 - INFO - Found menu using selector: div[aria-label="Menu"]
2025-11-11 23:16:22,408 - INFO - Found chat_list using selector: #pane-side
2025-11-11 23:16:23,122 - INFO - Found message_input using selector: div[contenteditable="true"]
2025-11-11 23:16:26,706 - INFO - Found main_area using selector: #main
2025-11-11 23:16:26,715 - INFO - WhatsApp readiness probe found selectors: [('menu', 'div[aria-label="Menu"]'), ('chat_list', '#pane-side'), ('message_input', 'div[contenteditable="true"]'), ('main_area', '#main')]
2025-11-11 23:16:26,720 - INFO - WhatsApp Web interface appears ready
2025-11-11 23:17:21,569 - INFO - Attached file: D:\WorkflowAuto\Invitation\invitations\invitation_કાંબલીયા_મુન્નાભાઇ_રામભાઇ.pdf
2025-11-11 23:17:30,815 - INFO - Outgoing message appeared in chat
2025-11-11 23:17:31,302 - INFO - Message appeared in chat after 0.5s
2025-11-11 23:17:51,307 - INFO - ✓ Message delivery confirmed (double-tick) after 20.5s
2025-11-11 23:17:52,309 - INFO - ✓ Sent to કાંબલીયા મુન્નાભાઇ રામભાઇ 
2025-11-11 23:17:54,424 - INFO - Sending 6/12: ભાદરકા વીક્રમભાઇ નાથાભાઇ 
2025-11-11 23:18:14,216 - INFO - Found menu using selector: div[aria-label="Menu"]
2025-11-11 23:18:17,231 - INFO - Found chat_list using selector: #pane-side
2025-11-11 23:18:17,483 - INFO - Found message_input using selector: div[contenteditable="true"]
2025-11-11 23:18:20,420 - INFO - Found main_area using selector: #main
2025-11-11 23:18:20,423 - INFO - WhatsApp readiness probe found selectors: [('menu', 'div[aria-label="Menu"]'), ('chat_list', '#pane-side'), ('message_input', 'div[contenteditable="true"]'), ('main_area', '#main')]
2025-11-11 23:18:20,427 - INFO - WhatsApp Web interface appears ready
2025-11-11 23:19:15,462 - INFO - Attached file: D:\WorkflowAuto\Invitation\invitations\invitation_ભાદરકા_વીક્રમભાઇ_નાથાભાઇ.pdf
2025-11-11 23:19:24,541 - INFO - Outgoing message appeared in chat
2025-11-11 23:19:25,130 - INFO - Message appeared in chat after 0.6s
2025-11-11 23:19:58,214 - INFO - ✓ Message delivery confirmed (double-tick) after 33.7s
2025-11-11 23:19:59,216 - INFO - ✓ Sent to ભાદરકા વીક્રમભાઇ નાથાભાઇ 
2025-11-11 23:20:01,403 - INFO - Sending 7/12: ઢોલા પ્રકાશભાઇ ચીનાભાઇ 
2025-11-11 23:20:19,962 - INFO - Found menu using selector: div[aria-label="Menu"]
2025-11-11 23:20:23,197 - INFO - Found chat_list using selector: #pane-side
2025-11-11 23:20:23,924 - INFO - Found message_input using selector: div[contenteditable="true"]
2025-11-11 23:20:26,813 - INFO - Found main_area using selector: #main
2025-11-11 23:20:26,814 - INFO - WhatsApp readiness probe found selectors: [('menu', 'div[aria-label="Menu"]'), ('chat_list', '#pane-side'), ('message_input', 'div[contenteditable="true"]'), ('main_area', '#main')]
2025-11-11 23:20:26,815 - INFO - WhatsApp Web interface appears ready
2025-11-11 23:21:21,996 - INFO - Attached file: D:\WorkflowAuto\Invitation\invitations\invitation_ઢોલા_પ્રકાશભાઇ_ચીનાભાઇ.pdf
2025-11-11 23:21:31,862 - INFO - Outgoing message appeared in chat
2025-11-11 23:21:32,664 - INFO - Message appeared in chat after 0.8s
2025-11-11 23:21:53,265 - INFO - ✓ Message delivery confirmed (double-tick) after 21.4s
2025-11-11 23:21:54,267 - INFO - ✓ Sent to ઢોલા પ્રકાશભાઇ ચીનાભાઇ 
2025-11-11 23:21:56,340 - INFO - Sending 8/12: ભટ્ટ કમલેશભાઇ
2025-11-11 23:22:15,327 - INFO - Found menu using selector: div[aria-label="Menu"]
2025-11-11 23:22:18,272 - INFO - Found chat_list using selector: #pane-side
2025-11-11 23:22:19,338 - INFO - Found message_input using selector: div[contenteditable="true"]
2025-11-11 23:22:26,086 - INFO - WhatsApp readiness probe found selectors: [('menu', 'div[aria-label="Menu"]'), ('chat_list', '#pane-side'), ('message_input', 'div[contenteditable="true"]')]
2025-11-11 23:22:26,091 - INFO - WhatsApp Web interface appears ready
2025-11-11 23:23:06,189 - ERROR - Chat failed to load
2025-11-11 23:23:06,257 - WARNING - X Not sent to ભટ્ટ કમલેશભાઇ - 2025-11-11 23:23:06,189 - ERROR - Chat failed to load
2025-11-11 23:23:08,333 - INFO - Sending 9/12: પ્રતીકભાઇ 
2025-11-11 23:23:25,360 - INFO - Found menu using selector: div[aria-label="Menu"]
2025-11-11 23:23:27,729 - INFO - Found chat_list using selector: #pane-side
2025-11-11 23:23:28,146 - INFO - Found message_input using selector: div[contenteditable="true"]
2025-11-11 23:23:31,483 - INFO - Found main_area using selector: #main
2025-11-11 23:23:31,486 - INFO - WhatsApp readiness probe found selectors: [('menu', 'div[aria-label="Menu"]'), ('chat_list', '#pane-side'), ('message_input', 'div[contenteditable="true"]'), ('main_area', '#main')]
2025-11-11 23:23:31,487 - INFO - WhatsApp Web interface appears ready
2025-11-11 23:24:26,439 - INFO - Attached file: D:\WorkflowAuto\Invitation\invitations\invitation_પ્રતીકભાઇ.pdf
2025-11-11 23:24:37,438 - INFO - Outgoing message appeared in chat
2025-11-11 23:24:37,928 - INFO - Message appeared in chat after 0.5s
2025-11-11 23:25:00,269 - INFO - ✓ Message delivery confirmed (double-tick) after 22.8s
2025-11-11 23:25:01,270 - INFO - ✓ Sent to પ્રતીકભાઇ 
2025-11-11 23:25:03,383 - INFO - Sending 10/12: પટેલ પ્રફુલભાઇ
2025-11-11 23:25:23,536 - INFO - Found menu using selector: div[aria-label="Menu"]
2025-11-11 23:25:27,078 - INFO - Found chat_list using selector: #pane-side
2025-11-11 23:25:27,955 - INFO - Found message_input using selector: div[contenteditable="true"]
2025-11-11 23:25:30,491 - INFO - Found main_area using selector: #main
2025-11-11 23:25:30,493 - INFO - WhatsApp readiness probe found selectors: [('menu', 'div[aria-label="Menu"]'), ('chat_list', '#pane-side'), ('message_input', 'div[contenteditable="true"]'), ('main_area', '#main')]
2025-11-11 23:25:30,496 - INFO - WhatsApp Web interface appears ready
2025-11-11 23:26:25,563 - INFO - Attached file: D:\WorkflowAuto\Invitation\invitations\invitation_પટેલ_પ્રફુલભાઇ.pdf
2025-11-11 23:26:35,475 - INFO - Outgoing message appeared in chat
2025-11-11 23:26:35,655 - INFO - Message appeared in chat after 0.2s
2025-11-11 23:26:56,633 - INFO - ✓ Message delivery confirmed (double-tick) after 21.2s
2025-11-11 23:26:57,635 - INFO - ✓ Sent to પટેલ પ્રફુલભાઇ
2025-11-11 23:26:59,707 - INFO - Sending 11/12: સોની પ્રફુલભાઇ
2025-11-11 23:27:20,015 - INFO - Found menu using selector: div[aria-label="Menu"]
2025-11-11 23:27:22,846 - INFO - Found chat_list using selector: #pane-side
2025-11-11 23:27:23,041 - INFO - Found message_input using selector: div[contenteditable="true"]
2025-11-11 23:27:25,682 - INFO - Found main_area using selector: #main
2025-11-11 23:27:25,685 - INFO - WhatsApp readiness probe found selectors: [('menu', 'div[aria-label="Menu"]'), ('chat_list', '#pane-side'), ('message_input', 'div[contenteditable="true"]'), ('main_area', '#main')]
2025-11-11 23:27:25,688 - INFO - WhatsApp Web interface appears ready
2025-11-11 23:28:21,135 - INFO - Attached file: D:\WorkflowAuto\Invitation\invitations\invitation_સોની_પ્રફુલભાઇ.pdf
2025-11-11 23:28:30,691 - INFO - Outgoing message appeared in chat
2025-11-11 23:28:31,288 - INFO - Message appeared in chat after 0.6s
2025-11-11 23:28:52,290 - INFO - ✓ Message delivery confirmed (double-tick) after 21.6s
2025-11-11 23:28:53,294 - INFO - ✓ Sent to સોની પ્રફુલભાઇ
2025-11-11 23:28:55,408 - INFO - Sending 12/12: ચંદ્રવાડીયા હરદાસભાઇ
2025-11-11 23:29:15,934 - INFO - Found menu using selector: div[aria-label="Menu"]
2025-11-11 23:29:19,927 - INFO - Found chat_list using selector: #pane-side
2025-11-11 23:29:20,176 - INFO - Found message_input using selector: div[contenteditable="true"]
2025-11-11 23:29:23,600 - INFO - Found main_area using selector: #main
2025-11-11 23:29:23,608 - INFO - WhatsApp readiness probe found selectors: [('menu', 'div[aria-label="Menu"]'), ('chat_list', '#pane-side'), ('message_input', 'div[contenteditable="true"]'), ('main_area', '#main')]
2025-11-11 23:29:23,609 - INFO - WhatsApp Web interface appears ready
2025-11-11 23:30:18,780 - INFO - Attached file: D:\WorkflowAuto\Invitation\invitations\invitation_ચંદ્રવાડીયા_હરદાસભાઇ.pdf
2025-11-11 23:30:27,904 - INFO - Outgoing message appeared in chat
2025-11-11 23:30:28,312 - INFO - Message appeared in chat after 0.4s
2025-11-11 23:30:47,125 - INFO - ✓ Message delivery confirmed (double-tick) after 19.2s
2025-11-11 23:30:48,126 - INFO - ✓ Sent to ચંદ્રવાડીયા હરદાસભાઇ
2025-11-11 23:30:50,277 - INFO - Completed sending: 10/12 sent
2025-11-12 00:22:01,392 - INFO - Attempting to close existing Chrome processes...
2025-11-12 00:22:03,808 - INFO - Starting WebDriver initialization...
2025-11-12 00:22:13,404 - ERROR - Failed to initialize WebDriver: [WinError 193] %1 is not a valid Win32 application
2025-11-12 00:22:13,404 - ERROR - Failed to initialize: [WinError 193] %1 is not a valid Win32 application
2025-11-12 00:23:01,716 - INFO - Starting WebDriver initialization...
2025-11-12 00:23:04,295 - ERROR - Failed to initialize WebDriver: [WinError 193] %1 is not a valid Win32 application
2025-11-12 00:23:04,295 - ERROR - Failed to initialize: [WinError 193] %1 is not a valid Win32 application
2025-11-12 00:24:07,627 - INFO - Starting WebDriver initialization...
2025-11-12 00:24:09,640 - ERROR - Failed to initialize WebDriver: [WinError 193] %1 is not a valid Win32 application
2025-11-12 00:24:09,640 - ERROR - Failed to initialize: [WinError 193] %1 is not a valid Win32 application
2025-11-12 00:26:37,577 - INFO - Starting WebDriver initialization...
2025-11-12 00:26:43,434 - ERROR - Failed to initialize WebDriver: [WinError 193] %1 is not a valid Win32 application
2025-11-12 00:26:43,434 - ERROR - Failed to initialize: [WinError 193] %1 is not a valid Win32 application
2025-11-12 00:29:13,495 - INFO - Starting WebDriver initialization...
2025-11-12 00:29:15,462 - ERROR - Failed to initialize WebDriver: [WinError 193] %1 is not a valid Win32 application
2025-11-12 00:29:15,463 - ERROR - Failed to initialize: [WinError 193] %1 is not a valid Win32 application
2025-11-12 00:32:16,662 - INFO - Starting WebDriver initialization...
2025-11-12 00:32:16,663 - INFO - Attempting to get ChromeDriver (attempt 1/3)...
2025-11-12 00:32:24,910 - INFO - ChromeDriver obtained: C:\Users\Plutomen Tech1\.wdm\drivers\chromedriver\win64\142.0.7444.61\chromedriver-win32/chromedriver.exe
2025-11-12 00:32:24,911 - INFO - ChromeDriver file size: 17297408 bytes
2025-11-12 00:33:20,819 - INFO - Attempting to close existing Chrome processes...
2025-11-12 00:33:23,039 - INFO - Starting WebDriver initialization...
2025-11-12 00:33:23,040 - INFO - Attempting to get ChromeDriver (attempt 1/3)...
2025-11-12 00:33:25,125 - INFO - ChromeDriver obtained: C:\Users\Plutomen Tech1\.wdm\drivers\chromedriver\win64\142.0.7444.61\chromedriver-win32/chromedriver.exe
2025-11-12 00:33:25,127 - INFO - ChromeDriver file size: 17297408 bytes
2025-11-12 00:33:27,215 - INFO - Chrome browser launched successfully
2025-11-12 00:33:30,234 - INFO - Browser window maximized
2025-11-12 00:33:30,234 - INFO - Loading WhatsApp Web...
2025-11-12 00:33:31,288 - INFO - Checking WhatsApp Web status (attempt 1/3)...
2025-11-12 00:34:24,199 - INFO - Attempting to close existing Chrome processes...
2025-11-12 00:34:26,389 - INFO - Starting WebDriver initialization...
2025-11-12 00:34:26,389 - INFO - Attempting to get ChromeDriver (attempt 1/3)...
2025-11-12 00:34:28,810 - INFO - ChromeDriver obtained: C:\Users\Plutomen Tech1\.wdm\drivers\chromedriver\win64\142.0.7444.61\chromedriver-win32/chromedriver.exe
2025-11-12 00:34:28,810 - INFO - ChromeDriver file size: 17297408 bytes
2025-11-12 00:34:28,810 - INFO - Creating ChromeDriver service...
2025-11-12 00:34:28,810 - INFO - Initializing WebDriver with extended timeout...
2025-11-12 00:34:28,811 - ERROR - Failed with Service: WebDriver.__init__() got an unexpected keyword argument 'suppress_warnings'
2025-11-12 00:34:28,811 - INFO - Attempting direct WebDriver initialization...
2025-11-12 00:34:28,811 - ERROR - Direct method failed: WebDriver.__init__() got multiple values for argument 'options'
2025-11-12 00:34:28,812 - INFO - Final attempt: default discovery...
2025-11-12 00:34:28,812 - ERROR - Failed to initialize WebDriver: WebDriver.__init__() got an unexpected keyword argument 'suppress_warnings'
2025-11-12 00:34:28,812 - ERROR - Failed to initialize: WebDriver.__init__() got an unexpected keyword argument 'suppress_warnings'
2025-11-12 00:34:59,602 - INFO - Starting WebDriver initialization...
2025-11-12 00:34:59,602 - INFO - Attempting to get ChromeDriver (attempt 1/3)...
2025-11-12 00:35:01,556 - INFO - ChromeDriver obtained: C:\Users\Plutomen Tech1\.wdm\drivers\chromedriver\win64\142.0.7444.61\chromedriver-win32/chromedriver.exe
2025-11-12 00:35:01,557 - INFO - ChromeDriver file size: 17297408 bytes
2025-11-12 00:35:01,558 - INFO - Creating ChromeDriver service...
2025-11-12 00:35:01,559 - INFO - Initializing WebDriver...
2025-11-12 00:35:03,451 - INFO - Chrome browser launched successfully
2025-11-12 00:35:08,529 - INFO - Browser window maximized
2025-11-12 00:35:08,530 - INFO - Loading WhatsApp Web...
2025-11-12 00:35:11,500 - INFO - Checking WhatsApp Web status (attempt 1/3)...
2025-11-12 00:35:22,011 - INFO - Found menu using selector: div[aria-label="Menu"]
2025-11-12 00:35:24,137 - INFO - Found chat_list using selector: #pane-side
2025-11-12 00:35:24,167 - INFO - Found message_input using selector: div[contenteditable="true"]
2025-11-12 00:35:26,315 - INFO - Found main_area using selector: #main
2025-11-12 00:35:26,316 - INFO - WhatsApp readiness probe found selectors: [('menu', 'div[aria-label="Menu"]'), ('chat_list', '#pane-side'), ('message_input', 'div[contenteditable="true"]'), ('main_area', '#main')]
2025-11-12 00:35:26,316 - INFO - WhatsApp Web interface appears ready
2025-11-12 00:35:26,317 - INFO - WhatsApp Web loaded successfully after 14s
2025-11-12 00:35:28,073 - INFO - Starting to send existing invitations to 14 contacts...
2025-11-12 00:35:28,074 - INFO - Sending 1/14: ભેડા મયુરભાઇ બાદુરભાઇ    
2025-11-12 00:35:36,342 - INFO - Found menu using selector: div[aria-label="Menu"]
2025-11-12 00:35:38,609 - INFO - Found chat_list using selector: #pane-side
2025-11-12 00:35:38,635 - INFO - Found message_input using selector: div[contenteditable="true"]
2025-11-12 00:35:40,777 - INFO - Found main_area using selector: #main
2025-11-12 00:35:40,777 - INFO - WhatsApp readiness probe found selectors: [('menu', 'div[aria-label="Menu"]'), ('chat_list', '#pane-side'), ('message_input', 'div[contenteditable="true"]'), ('main_area', '#main')]
2025-11-12 00:35:40,778 - INFO - WhatsApp Web interface appears ready
2025-11-12 00:36:35,321 - INFO - Attached file: D:\WorkflowAuto\Invitation\invitations\invitation_ભેડા મયુરભાઇ_બાદુરભાઇ.pdf
2025-11-12 00:36:44,144 - INFO - Outgoing message appeared in chat
2025-11-12 00:36:44,192 - INFO - Message appeared in chat after 0.0s
2025-11-12 00:36:57,980 - INFO - ✓ Message delivery confirmed (double-tick) after 13.8s
2025-11-12 00:36:58,992 - INFO - ✓ Sent to ભેડા મયુરભાઇ બાદુરભાઇ    
2025-11-12 00:44:32,431 - INFO - Starting WebDriver initialization...
2025-11-12 00:44:32,432 - INFO - Attempting to get ChromeDriver (attempt 1/3)...
2025-11-12 00:44:40,451 - INFO - ChromeDriver obtained: C:\Users\Plutomen Tech1\.wdm\drivers\chromedriver\win64\142.0.7444.162\chromedriver-win32/chromedriver.exe
2025-11-12 00:44:40,452 - INFO - ChromeDriver file size: 17272320 bytes
2025-11-12 00:44:40,452 - INFO - Creating ChromeDriver service...
2025-11-12 00:44:40,453 - INFO - Initializing WebDriver...
2025-11-12 00:44:44,886 - INFO - Chrome browser launched successfully
2025-11-12 00:44:49,915 - INFO - Browser window maximized
2025-11-12 00:44:49,917 - INFO - Loading WhatsApp Web...
2025-11-12 00:44:52,979 - INFO - Checking WhatsApp Web status (attempt 1/3)...
2025-11-12 00:45:03,518 - INFO - Found menu using selector: div[aria-label="Menu"]
2025-11-12 00:45:05,822 - INFO - Found chat_list using selector: #pane-side
2025-11-12 00:45:06,033 - INFO - Found message_input using selector: div[contenteditable="true"]
2025-11-12 00:45:08,397 - INFO - Found main_area using selector: #main
2025-11-12 00:45:08,399 - INFO - WhatsApp readiness probe found selectors: [('menu', 'div[aria-label="Menu"]'), ('chat_list', '#pane-side'), ('message_input', 'div[contenteditable="true"]'), ('main_area', '#main')]
2025-11-12 00:45:08,401 - INFO - WhatsApp Web interface appears ready
2025-11-12 00:45:08,403 - INFO - WhatsApp Web loaded successfully after 15s
2025-11-12 00:45:10,054 - INFO - Starting to send existing invitations to 14 contacts...
2025-11-12 00:45:10,056 - INFO - Sending 1/14: ભેડા મયુરભાઇ બાદુરભાઇ 
2025-11-12 00:45:20,147 - INFO - Found menu using selector: div[aria-label="Menu"]
2025-11-12 00:45:22,325 - INFO - Found chat_list using selector: #pane-side
2025-11-12 00:45:22,366 - INFO - Found message_input using selector: div[contenteditable="true"]
2025-11-12 00:45:24,482 - INFO - Found main_area using selector: #main
2025-11-12 00:45:24,482 - INFO - WhatsApp readiness probe found selectors: [('menu', 'div[aria-label="Menu"]'), ('chat_list', '#pane-side'), ('message_input', 'div[contenteditable="true"]'), ('main_area', '#main')]
2025-11-12 00:45:24,483 - INFO - WhatsApp Web interface appears ready
2025-11-12 00:46:19,290 - INFO - Attached file: D:\WorkflowAuto\Invitation\invitations\invitation_ભેડા મયુરભાઇ_બાદુરભાઇ.pdf
2025-11-12 00:46:27,604 - INFO - Outgoing message appeared in chat
2025-11-12 00:46:27,626 - INFO - Message appeared in chat after 0.0s
2025-11-12 00:46:27,651 - INFO - ✓ Message delivery confirmed (double-tick) after 0.0s
2025-11-12 00:46:28,679 - INFO - ✓ Sent to ભેડા મયુરભાઇ બાદુરભાઇ 
2025-11-12 00:46:30,758 - INFO - Sending 2/14: મહેતા મુકેશભાઇ
2025-11-12 00:46:48,515 - INFO - Found menu using selector: div[aria-label="Menu"]
2025-11-12 00:46:51,090 - INFO - Found chat_list using selector: #pane-side
2025-11-12 00:46:51,241 - INFO - Found message_input using selector: div[contenteditable="true"]
2025-11-12 00:46:55,957 - INFO - Found main_area using selector: #main
2025-11-12 00:46:55,961 - INFO - WhatsApp readiness probe found selectors: [('menu', 'div[aria-label="Menu"]'), ('chat_list', '#pane-side'), ('message_input', 'div[contenteditable="true"]'), ('main_area', '#main')]
2025-11-12 00:46:55,961 - INFO - WhatsApp Web interface appears ready
2025-11-12 00:47:50,241 - INFO - Attached file: D:\WorkflowAuto\Invitation\invitations\invitation_મહેતા_મુકેશભાઇ.pdf
2025-11-12 00:47:59,614 - INFO - Outgoing message appeared in chat
2025-11-12 00:47:59,648 - INFO - Message appeared in chat after 0.0s
2025-11-12 00:49:08,104 - INFO - ✓ Message delivery confirmed (double-tick) after 68.5s
2025-11-12 00:49:09,105 - INFO - ✓ Sent to મહેતા મુકેશભાઇ
2025-11-12 00:49:11,156 - INFO - Sending 3/14: મહેશભાઇ 
2025-11-12 00:49:26,703 - INFO - Found menu using selector: div[aria-label="Menu"]
2025-11-12 00:49:30,096 - INFO - Found chat_list using selector: #pane-side
2025-11-12 00:49:30,615 - INFO - Found message_input using selector: div[contenteditable="true"]
2025-11-12 00:49:33,108 - INFO - Found main_area using selector: #main
2025-11-12 00:49:33,108 - INFO - WhatsApp readiness probe found selectors: [('menu', 'div[aria-label="Menu"]'), ('chat_list', '#pane-side'), ('message_input', 'div[contenteditable="true"]'), ('main_area', '#main')]
2025-11-12 00:49:33,108 - INFO - WhatsApp Web interface appears ready
2025-11-12 00:50:27,563 - INFO - Attached file: D:\WorkflowAuto\Invitation\invitations\invitation_મહેશભાઇ.pdf
2025-11-12 00:50:36,492 - INFO - Outgoing message appeared in chat
2025-11-12 00:50:36,813 - INFO - Message appeared in chat after 0.3s
2025-11-12 00:50:57,275 - INFO - ✓ Message delivery confirmed (double-tick) after 20.8s
2025-11-12 00:50:58,276 - INFO - ✓ Sent to મહેશભાઇ 
2025-11-12 00:51:00,315 - INFO - Sending 4/14: શીલાભાઇ 
2025-11-12 00:51:16,511 - INFO - Found menu using selector: div[aria-label="Menu"]
2025-11-12 00:51:19,661 - INFO - Found chat_list using selector: #pane-side
2025-11-12 00:51:20,265 - INFO - Found message_input using selector: div[contenteditable="true"]
2025-11-12 00:51:22,699 - INFO - Found main_area using selector: #main
2025-11-12 00:51:22,699 - INFO - WhatsApp readiness probe found selectors: [('menu', 'div[aria-label="Menu"]'), ('chat_list', '#pane-side'), ('message_input', 'div[contenteditable="true"]'), ('main_area', '#main')]
2025-11-12 00:51:22,699 - INFO - WhatsApp Web interface appears ready
2025-11-12 00:52:17,000 - INFO - Attached file: D:\WorkflowAuto\Invitation\invitations\invitation_શીલાભાઇ.pdf
2025-11-12 00:52:25,793 - INFO - Outgoing message appeared in chat
2025-11-12 00:52:26,153 - INFO - Message appeared in chat after 0.4s
2025-11-12 00:52:57,910 - INFO - ✓ Message delivery confirmed (double-tick) after 32.1s
2025-11-12 00:52:58,911 - INFO - ✓ Sent to શીલાભાઇ 
2025-11-12 00:53:00,972 - INFO - Sending 5/14: કાંબલીયા કીશનભાઇ    
2025-11-12 00:53:15,911 - INFO - Found menu using selector: div[aria-label="Menu"]
2025-11-12 00:53:18,687 - INFO - Found chat_list using selector: #pane-side
2025-11-12 00:53:18,860 - INFO - Found message_input using selector: div[contenteditable="true"]
2025-11-12 00:53:21,704 - INFO - Found main_area using selector: #main
2025-11-12 00:53:21,706 - INFO - WhatsApp readiness probe found selectors: [('menu', 'div[aria-label="Menu"]'), ('chat_list', '#pane-side'), ('message_input', 'div[contenteditable="true"]'), ('main_area', '#main')]
2025-11-12 00:53:21,707 - INFO - WhatsApp Web interface appears ready
2025-11-12 00:54:16,351 - INFO - Attached file: D:\WorkflowAuto\Invitation\invitations\invitation_કાંબલીયા_કીશનભાઇ.pdf
2025-11-12 00:54:25,321 - INFO - Outgoing message appeared in chat
2025-11-12 00:54:25,537 - INFO - Message appeared in chat after 0.2s
2025-11-12 00:56:25,632 - INFO - ✓ Single-tick verified (message sent) after 120.3s
2025-11-12 00:56:26,635 - INFO - ✓ Sent to કાંબલીયા કીશનભાઇ    
2025-11-12 00:56:28,735 - INFO - Sending 6/14: સુવા જયેશભાઇ
2025-11-12 00:56:45,128 - INFO - Found menu using selector: div[aria-label="Menu"]
2025-11-12 00:56:47,908 - INFO - Found chat_list using selector: #pane-side
2025-11-12 00:56:48,726 - INFO - Found message_input using selector: div[contenteditable="true"]
2025-11-12 00:56:51,242 - INFO - Found main_area using selector: #main
2025-11-12 00:56:51,242 - INFO - WhatsApp readiness probe found selectors: [('menu', 'div[aria-label="Menu"]'), ('chat_list', '#pane-side'), ('message_input', 'div[contenteditable="true"]'), ('main_area', '#main')]
2025-11-12 00:56:51,242 - INFO - WhatsApp Web interface appears ready
2025-11-12 00:57:45,480 - INFO - Attached file: D:\WorkflowAuto\Invitation\invitations\invitation_સુવા_જયેશભાઇ.pdf
2025-11-12 00:57:54,428 - INFO - Outgoing message appeared in chat
2025-11-12 00:57:54,755 - INFO - Message appeared in chat after 0.3s
2025-11-12 00:58:14,211 - INFO - ✓ Message delivery confirmed (double-tick) after 19.8s
2025-11-12 00:58:15,212 - INFO - ✓ Sent to સુવા જયેશભાઇ
2025-11-12 00:58:17,269 - INFO - Sending 7/14: સોલંકી કીશોરભાઇ
2025-11-12 00:58:33,147 - INFO - Found menu using selector: div[aria-label="Menu"]
2025-11-12 00:58:36,120 - INFO - Found chat_list using selector: #pane-side
2025-11-12 00:58:36,537 - INFO - Found message_input using selector: div[contenteditable="true"]
2025-11-12 00:58:38,869 - INFO - Found main_area using selector: #main
2025-11-12 00:58:38,870 - INFO - WhatsApp readiness probe found selectors: [('menu', 'div[aria-label="Menu"]'), ('chat_list', '#pane-side'), ('message_input', 'div[contenteditable="true"]'), ('main_area', '#main')]
2025-11-12 00:58:38,870 - INFO - WhatsApp Web interface appears ready
2025-11-12 00:59:33,334 - INFO - Attached file: D:\WorkflowAuto\Invitation\invitations\invitation_સોલંકી_કીશોરભાઇ.pdf
2025-11-12 00:59:42,613 - INFO - Outgoing message appeared in chat
2025-11-12 00:59:43,095 - INFO - Message appeared in chat after 0.5s
2025-11-12 00:59:56,236 - INFO - ✓ Message delivery confirmed (double-tick) after 13.6s
2025-11-12 00:59:57,237 - INFO - ✓ Sent to સોલંકી કીશોરભાઇ
2025-11-12 00:59:59,301 - INFO - Sending 8/14: પીઠીયા પરાગભાઇ
2025-11-12 01:00:14,553 - INFO - Found menu using selector: div[aria-label="Menu"]
2025-11-12 01:00:16,848 - INFO - Found chat_list using selector: #pane-side
2025-11-12 01:00:17,253 - INFO - Found message_input using selector: div[contenteditable="true"]
2025-11-12 01:00:19,624 - INFO - Found main_area using selector: #main
2025-11-12 01:00:19,625 - INFO - WhatsApp readiness probe found selectors: [('menu', 'div[aria-label="Menu"]'), ('chat_list', '#pane-side'), ('message_input', 'div[contenteditable="true"]'), ('main_area', '#main')]
2025-11-12 01:00:19,625 - INFO - WhatsApp Web interface appears ready
2025-11-12 01:01:14,281 - INFO - Attached file: D:\WorkflowAuto\Invitation\invitations\invitation_પીઠીયા_પરાગભાઇ.pdf
2025-11-12 01:01:23,126 - INFO - Outgoing message appeared in chat
2025-11-12 01:01:23,462 - INFO - Message appeared in chat after 0.3s
2025-11-12 01:03:23,152 - INFO - ✓ Single-tick verified (message sent) after 120.0s
2025-11-12 01:03:24,154 - INFO - ✓ Sent to પીઠીયા પરાગભાઇ
2025-11-12 01:03:26,213 - INFO - Sending 9/14: પીઠીયા પરાગભાઇ
2025-11-12 01:03:43,688 - INFO - Found menu using selector: div[aria-label="Menu"]
2025-11-12 01:03:46,217 - INFO - Found chat_list using selector: #pane-side
2025-11-12 01:03:46,315 - INFO - Found message_input using selector: div[contenteditable="true"]
2025-11-12 01:03:48,900 - INFO - Found main_area using selector: #main
2025-11-12 01:03:48,903 - INFO - WhatsApp readiness probe found selectors: [('menu', 'div[aria-label="Menu"]'), ('chat_list', '#pane-side'), ('message_input', 'div[contenteditable="true"]'), ('main_area', '#main')]
2025-11-12 01:03:48,904 - INFO - WhatsApp Web interface appears ready
2025-11-12 01:04:43,370 - INFO - Attached file: D:\WorkflowAuto\Invitation\invitations\invitation_પીઠીયા_પરાગભાઇ.pdf
2025-11-12 01:04:52,339 - INFO - Outgoing message appeared in chat
2025-11-12 01:04:52,710 - INFO - Message appeared in chat after 0.4s
2025-11-12 01:06:52,616 - INFO - ✓ Single-tick verified (message sent) after 120.3s
2025-11-12 01:06:53,618 - INFO - ✓ Sent to પીઠીયા પરાગભાઇ
2025-11-12 01:06:55,724 - INFO - Sending 10/14: ભારવડીયા રામદેભાઇ
2025-11-12 01:07:06,413 - INFO - Found menu using selector: div[aria-label="Menu"]
2025-11-12 01:07:08,528 - INFO - Found chat_list using selector: #pane-side
2025-11-12 01:07:08,578 - INFO - Found message_input using selector: div[contenteditable="true"]
2025-11-12 01:07:10,689 - INFO - Found main_area using selector: #main
2025-11-12 01:07:10,690 - INFO - WhatsApp readiness probe found selectors: [('menu', 'div[aria-label="Menu"]'), ('chat_list', '#pane-side'), ('message_input', 'div[contenteditable="true"]'), ('main_area', '#main')]
2025-11-12 01:07:10,691 - INFO - WhatsApp Web interface appears ready
2025-11-12 01:08:05,245 - INFO - Attached file: D:\WorkflowAuto\Invitation\invitations\invitation_ભારવડીયા_રામદેભાઇ.pdf
2025-11-12 01:08:14,021 - INFO - Outgoing message appeared in chat
2025-11-12 01:08:14,036 - INFO - Message appeared in chat after 0.0s
2025-11-12 01:10:14,150 - INFO - ✓ Single-tick verified (message sent) after 120.1s
2025-11-12 01:10:15,151 - INFO - ✓ Sent to ભારવડીયા રામદેભાઇ
2025-11-12 01:10:17,184 - INFO - Sending 11/14: જાદવ ભુપતભાઇ
2025-11-12 01:10:27,071 - INFO - Found menu using selector: div[aria-label="Menu"]
2025-11-12 01:10:29,135 - INFO - Found chat_list using selector: #pane-side
2025-11-12 01:10:29,152 - INFO - Found message_input using selector: div[contenteditable="true"]
2025-11-12 01:10:31,219 - INFO - Found main_area using selector: #main
2025-11-12 01:10:31,219 - INFO - WhatsApp readiness probe found selectors: [('menu', 'div[aria-label="Menu"]'), ('chat_list', '#pane-side'), ('message_input', 'div[contenteditable="true"]'), ('main_area', '#main')]
2025-11-12 01:10:31,219 - INFO - WhatsApp Web interface appears ready
2025-11-12 01:11:24,446 - INFO - Attached file: D:\WorkflowAuto\Invitation\invitations\invitation_જાદવ_ભુપતભાઇ.pdf
2025-11-12 01:11:32,836 - INFO - Outgoing message appeared in chat
2025-11-12 01:11:32,854 - INFO - Message appeared in chat after 0.0s
2025-11-12 01:11:51,399 - INFO - ✓ Message delivery confirmed (double-tick) after 18.6s
2025-11-12 01:11:52,401 - INFO - ✓ Sent to જાદવ ભુપતભાઇ
2025-11-12 01:11:54,427 - INFO - Sending 12/14: કાંબલીયા ગોવીંદભાઇ ટપુભાઇ
2025-11-12 01:12:04,973 - INFO - Found menu using selector: div[aria-label="Menu"]
2025-11-12 01:12:07,037 - INFO - Found chat_list using selector: #pane-side
2025-11-12 01:12:07,056 - INFO - Found message_input using selector: div[contenteditable="true"]
2025-11-12 01:12:09,118 - INFO - Found main_area using selector: #main
2025-11-12 01:12:09,118 - INFO - WhatsApp readiness probe found selectors: [('menu', 'div[aria-label="Menu"]'), ('chat_list', '#pane-side'), ('message_input', 'div[contenteditable="true"]'), ('main_area', '#main')]
2025-11-12 01:12:09,118 - INFO - WhatsApp Web interface appears ready
2025-11-12 01:13:02,424 - INFO - Attached file: D:\WorkflowAuto\Invitation\invitations\invitation_કાંબલીયા_ગોવીંદભાઇ_ટપુભાઇ.pdf
2025-11-12 01:13:10,875 - INFO - Outgoing message appeared in chat
2025-11-12 01:13:10,889 - INFO - Message appeared in chat after 0.0s
2025-11-12 01:15:11,181 - INFO - ✓ Single-tick verified (message sent) after 120.3s
2025-11-12 01:15:12,183 - INFO - ✓ Sent to કાંબલીયા ગોવીંદભાઇ ટપુભાઇ
2025-11-12 01:15:14,241 - INFO - Sending 13/14: ભાદરકા ઉકાભાઇ કાનાભાઇ
2025-11-12 01:15:25,524 - INFO - Found menu using selector: div[aria-label="Menu"]
2025-11-12 01:15:27,580 - INFO - Found chat_list using selector: #pane-side
2025-11-12 01:15:27,601 - INFO - Found message_input using selector: div[contenteditable="true"]
2025-11-12 01:15:29,670 - INFO - Found main_area using selector: #main
2025-11-12 01:15:29,670 - INFO - WhatsApp readiness probe found selectors: [('menu', 'div[aria-label="Menu"]'), ('chat_list', '#pane-side'), ('message_input', 'div[contenteditable="true"]'), ('main_area', '#main')]
2025-11-12 01:15:29,670 - INFO - WhatsApp Web interface appears ready
2025-11-12 01:16:23,061 - INFO - Attached file: D:\WorkflowAuto\Invitation\invitations\invitation_ભાદરકા_ઉકાભાઇ_કાનાભાઇ.pdf
2025-11-12 01:16:31,402 - INFO - Outgoing message appeared in chat
2025-11-12 01:16:31,504 - INFO - Message appeared in chat after 0.1s
2025-11-12 01:18:31,797 - INFO - ✓ Single-tick verified (message sent) after 120.4s
2025-11-12 01:18:32,798 - INFO - ✓ Sent to ભાદરકા ઉકાભાઇ કાનાભાઇ
2025-11-12 01:18:34,884 - INFO - Sending 14/14: નાઘેરા કીશોરભાઇ પરબતભાઇ
2025-11-12 01:18:45,808 - INFO - Found menu using selector: div[aria-label="Menu"]
2025-11-12 01:18:47,879 - INFO - Found chat_list using selector: #pane-side
2025-11-12 01:18:47,903 - INFO - Found message_input using selector: div[contenteditable="true"]
2025-11-12 01:18:49,969 - INFO - Found main_area using selector: #main
2025-11-12 01:18:49,969 - INFO - WhatsApp readiness probe found selectors: [('menu', 'div[aria-label="Menu"]'), ('chat_list', '#pane-side'), ('message_input', 'div[contenteditable="true"]'), ('main_area', '#main')]
2025-11-12 01:18:49,969 - INFO - WhatsApp Web interface appears ready
2025-11-12 01:19:43,298 - INFO - Attached file: D:\WorkflowAuto\Invitation\invitations\invitation_નાઘેરા_કીશોરભાઇ_પરબતભાઇ.pdf
2025-11-12 01:19:51,711 - INFO - Outgoing message appeared in chat
2025-11-12 01:19:51,839 - INFO - Message appeared in chat after 0.1s
2025-11-12 01:20:21,110 - INFO - ✓ Message delivery confirmed (double-tick) after 29.4s
2025-11-12 01:20:22,114 - INFO - ✓ Sent to નાઘેરા કીશોરભાઇ પરબતભાઇ
2025-11-12 01:20:24,157 - INFO - Completed sending: 14/14 sent
2025-11-14 12:58:23,572 - INFO - Starting creation of invitations for 6 contacts...
2025-11-14 12:58:30,347 - INFO - Created PDF for ભાદરકા લીલાભાઇ 
2025-11-14 12:58:32,334 - INFO - Created PDF for ભાદરકા બાલાભાઇ 
2025-11-14 12:58:34,113 - INFO - Created PDF for ઝાલા સવદાસભાઇ 
2025-11-14 12:58:36,050 - INFO - Created PDF for ઝાલા મારખીભાઇ 
2025-11-14 12:58:37,874 - INFO - Created PDF for ઝાલા મારખીભાઇ 
2025-11-14 12:58:41,432 - INFO - Created PDF for ઝાલા ભરતભાઇ સરમણભાઇ 
2025-11-14 13:00:22,703 - INFO - Attempting to close existing Chrome processes...
2025-11-14 13:00:25,345 - INFO - Starting WebDriver initialization...
2025-11-14 13:00:25,345 - INFO - Attempting to get ChromeDriver (attempt 1/3)...
2025-11-14 13:00:34,349 - INFO - ChromeDriver obtained: C:\Users\Plutomen Tech1\.wdm\drivers\chromedriver\win64\142.0.7444.162\chromedriver-win32/chromedriver.exe
2025-11-14 13:00:34,351 - INFO - ChromeDriver file size: 17272320 bytes
2025-11-14 13:00:34,357 - INFO - Creating ChromeDriver service...
2025-11-14 13:00:34,359 - INFO - Initializing WebDriver...
2025-11-14 13:00:40,263 - INFO - Chrome browser launched successfully
2025-11-14 13:00:45,288 - INFO - Browser window maximized
2025-11-14 13:00:45,288 - INFO - Loading WhatsApp Web...
2025-11-14 13:00:51,394 - INFO - Checking WhatsApp Web status (attempt 1/3)...
2025-11-14 13:01:18,795 - INFO - Found message_input using selector: div[contenteditable="true"]
2025-11-14 13:01:21,090 - INFO - Found main_area using selector: #main
2025-11-14 13:01:21,091 - INFO - WhatsApp readiness probe found selectors: [('message_input', 'div[contenteditable="true"]'), ('main_area', '#main')]
2025-11-14 13:01:21,097 - INFO - WhatsApp Web interface appears ready
2025-11-14 13:01:21,098 - INFO - WhatsApp Web loaded successfully after 29s
2025-11-14 13:01:23,911 - INFO - Starting to send existing invitations to 6 contacts...
2025-11-14 13:01:23,915 - INFO - Sending 1/6: ભાદરકા લીલાભાઇ 
2025-11-14 13:01:38,202 - INFO - Found menu using selector: div[aria-label="Menu"]
2025-11-14 13:01:40,906 - INFO - Found chat_list using selector: #pane-side
2025-11-14 13:01:40,988 - INFO - Found message_input using selector: div[contenteditable="true"]
2025-11-14 13:01:47,910 - INFO - WhatsApp readiness probe found selectors: [('menu', 'div[aria-label="Menu"]'), ('chat_list', '#pane-side'), ('message_input', 'div[contenteditable="true"]')]
2025-11-14 13:01:47,923 - INFO - WhatsApp Web interface appears ready
2025-11-14 13:02:28,300 - ERROR - Chat failed to load
2025-11-14 13:02:28,777 - WARNING - X Not sent to ભાદરકા લીલાભાઇ  - 2025-11-14 13:02:28,300 - ERROR - Chat failed to load
2025-11-14 13:02:31,153 - INFO - Sending 2/6: ભાદરકા બાલાભાઇ 
2025-11-14 13:02:44,009 - INFO - Found menu using selector: div[aria-label="Menu"]
2025-11-14 13:02:46,421 - INFO - Found chat_list using selector: #pane-side
2025-11-14 13:02:46,474 - INFO - Found message_input using selector: div[contenteditable="true"]
2025-11-14 13:02:48,864 - INFO - Found main_area using selector: #main
2025-11-14 13:02:48,864 - INFO - WhatsApp readiness probe found selectors: [('menu', 'div[aria-label="Menu"]'), ('chat_list', '#pane-side'), ('message_input', 'div[contenteditable="true"]'), ('main_area', '#main')]
2025-11-14 13:02:48,867 - INFO - WhatsApp Web interface appears ready
2025-11-14 13:03:45,049 - INFO - Attached file: D:\WorkflowAuto\Invitation\invitations\invitation_ભાદરકા_બાલાભાઇ.pdf
2025-11-14 13:03:54,390 - INFO - Outgoing message appeared in chat
2025-11-14 13:03:54,610 - INFO - Message appeared in chat after 0.2s
2025-11-14 13:04:14,713 - INFO - ✓ Message delivery confirmed (double-tick) after 20.3s
2025-11-14 13:04:15,868 - INFO - ✓ Sent to ભાદરકા બાલાભાઇ 
2025-11-14 13:04:18,078 - INFO - Sending 3/6: ઝાલા સવદાસભાઇ 
2025-11-14 13:04:30,453 - INFO - Found menu using selector: div[aria-label="Menu"]
2025-11-14 13:04:32,632 - INFO - WhatsApp readiness probe found selectors: [('menu', 'div[aria-label="Menu"]')]
2025-11-14 13:04:32,633 - WARNING - Readiness check failed; detected flags: {'menu': True, 'chat_list': False, 'message_input': False, 'main_area': False}
2025-11-14 13:04:32,635 - ERROR - WhatsApp Web not ready
2025-11-14 13:04:32,769 - WARNING - X Not sent to ઝાલા સવદાસભાઇ  - 2025-11-14 13:04:32,635 - ERROR - WhatsApp Web not ready
2025-11-14 13:04:34,804 - INFO - Sending 4/6: ઝાલા મારખીભાઇ 
2025-11-14 13:04:34,807 - ERROR - Error sending message: Message: no such window: target window already closed
from unknown error: web view not found
  (Session info: chrome=142.0.7444.136)
Stacktrace:
Symbols not available. Dumping unresolved backtrace:
	0xf14093
	0xf140d4
	0xd1e71d
	0xcfc32d
	0xd9329e
	0xdae749
	0xd8c706
	0xd5da30
	0xd5ed54
	0x1185744
	0x118091a
	0xf3c322
	0xf2c458
	0xf331dd
	0xf1c408
	0xf1c5cc
	0xf0675a
	0x76615d49
	0x776cd6db
	0x776cd661

2025-11-14 13:04:34,836 - WARNING - X Not sent to ઝાલા મારખીભાઇ  - 0x776cd661
2025-11-14 13:04:36,872 - INFO - Sending 5/6: ઝાલા મારખીભાઇ 
2025-11-14 13:04:36,874 - ERROR - Error sending message: Message: no such window: target window already closed
from unknown error: web view not found
  (Session info: chrome=142.0.7444.136)
Stacktrace:
Symbols not available. Dumping unresolved backtrace:
	0xf14093
	0xf140d4
	0xd1e71d
	0xcfc32d
	0xd9329e
	0xdae749
	0xd8c706
	0xd5da30
	0xd5ed54
	0x1185744
	0x118091a
	0xf3c322
	0xf2c458
	0xf331dd
	0xf1c408
	0xf1c5cc
	0xf0675a
	0x76615d49
	0x776cd6db
	0x776cd661

2025-11-14 13:04:36,903 - WARNING - X Not sent to ઝાલા મારખીભાઇ  - 0x776cd661
2025-11-14 13:04:38,951 - INFO - Sending 6/6: ઝાલા ભરતભાઇ સરમણભાઇ 
2025-11-14 13:04:38,954 - ERROR - Error sending message: Message: no such window: target window already closed
from unknown error: web view not found
  (Session info: chrome=142.0.7444.136)
Stacktrace:
Symbols not available. Dumping unresolved backtrace:
	0xf14093
	0xf140d4
	0xd1e71d
	0xcfc32d
	0xd9329e
	0xdae749
	0xd8c706
	0xd5da30
	0xd5ed54
	0x1185744
	0x118091a
	0xf3c322
	0xf2c458
	0xf331dd
	0xf1c408
	0xf1c5cc
	0xf0675a
	0x76615d49
	0x776cd6db
	0x776cd661

2025-11-14 13:04:38,983 - WARNING - X Not sent to ઝાલા ભરતભાઇ સરમણભાઇ  - 0x776cd661
2025-11-14 13:04:41,015 - INFO - Completed sending: 1/6 sent
2025-11-14 13:05:35,394 - INFO - Starting creation of invitations for 10 contacts...
2025-11-14 13:05:37,420 - INFO - Created PDF for મારુ આશિષભાઈ
2025-11-14 13:05:39,234 - INFO - Created PDF for કમલેશભાઈ
2025-11-14 13:05:40,991 - INFO - Created PDF for ઘુઘાભાઈ
2025-11-14 13:05:42,579 - INFO - Created PDF for અરજણભાઈ જાદવ
2025-11-14 13:05:44,605 - INFO - Created PDF for કાંબલીયા વજસીભાઈ
2025-11-14 13:05:46,499 - INFO - Created PDF for લાખાભાઈ સેલરા
2025-11-14 13:05:48,149 - INFO - Created PDF for વિરમબાપા જાદવ
2025-11-14 13:05:49,972 - INFO - Created PDF for ભાદરકા કિશોરભાઈ
2025-11-14 13:05:51,842 - INFO - Created PDF for ખમલ ભરતભાઈ
2025-11-14 13:05:53,538 - INFO - Created PDF for ખમલ ભરતભાઈ
2025-11-14 13:06:16,645 - INFO - Starting WebDriver initialization...
2025-11-14 13:06:16,649 - INFO - Attempting to get ChromeDriver (attempt 1/3)...
2025-11-14 13:06:19,474 - INFO - ChromeDriver obtained: C:\Users\Plutomen Tech1\.wdm\drivers\chromedriver\win64\142.0.7444.162\chromedriver-win32/chromedriver.exe
2025-11-14 13:06:19,475 - INFO - ChromeDriver file size: 17272320 bytes
2025-11-14 13:06:19,475 - INFO - Creating ChromeDriver service...
2025-11-14 13:06:19,476 - INFO - Initializing WebDriver...
2025-11-14 13:06:22,110 - INFO - Chrome browser launched successfully
2025-11-14 13:06:27,130 - INFO - Browser window maximized
2025-11-14 13:06:27,130 - INFO - Loading WhatsApp Web...
2025-11-14 13:06:28,411 - INFO - Checking WhatsApp Web status (attempt 1/3)...
2025-11-14 13:06:37,590 - INFO - Found menu using selector: div[aria-label="Menu"]
2025-11-14 13:06:39,700 - INFO - Found chat_list using selector: #pane-side
2025-11-14 13:06:39,761 - INFO - Found message_input using selector: div[contenteditable="true"]
2025-11-14 13:06:41,884 - INFO - Found main_area using selector: #main
2025-11-14 13:06:41,887 - INFO - WhatsApp readiness probe found selectors: [('menu', 'div[aria-label="Menu"]'), ('chat_list', '#pane-side'), ('message_input', 'div[contenteditable="true"]'), ('main_area', '#main')]
2025-11-14 13:06:41,887 - INFO - WhatsApp Web interface appears ready
2025-11-14 13:06:41,890 - INFO - WhatsApp Web loaded successfully after 13s
2025-11-14 13:06:42,445 - INFO - Starting to send existing invitations to 10 contacts...
2025-11-14 13:06:42,446 - INFO - Sending 1/10: મારુ આશિષભાઈ
2025-11-14 13:06:52,327 - INFO - Found menu using selector: div[aria-label="Menu"]
2025-11-14 13:06:54,407 - INFO - Found chat_list using selector: #pane-side
2025-11-14 13:06:54,423 - INFO - Found message_input using selector: div[contenteditable="true"]
2025-11-14 13:06:56,483 - INFO - Found main_area using selector: #main
2025-11-14 13:06:56,483 - INFO - WhatsApp readiness probe found selectors: [('menu', 'div[aria-label="Menu"]'), ('chat_list', '#pane-side'), ('message_input', 'div[contenteditable="true"]'), ('main_area', '#main')]
2025-11-14 13:06:56,484 - INFO - WhatsApp Web interface appears ready
2025-11-14 13:07:50,441 - INFO - Attached file: D:\WorkflowAuto\Invitation\invitations\invitation_મારુ_આશિષભાઈ.pdf
2025-11-14 13:07:59,560 - INFO - Outgoing message appeared in chat
2025-11-14 13:07:59,653 - INFO - Message appeared in chat after 0.1s
2025-11-14 13:08:24,185 - INFO - ✓ Message delivery confirmed (double-tick) after 24.6s
2025-11-14 13:08:25,254 - INFO - ✓ Sent to મારુ આશિષભાઈ
2025-11-14 13:08:27,409 - INFO - Sending 2/10: કમલેશભાઈ
2025-11-14 13:08:38,193 - INFO - Found menu using selector: div[aria-label="Menu"]
2025-11-14 13:08:40,261 - INFO - Found chat_list using selector: #pane-side
2025-11-14 13:08:40,283 - INFO - Found message_input using selector: div[contenteditable="true"]
2025-11-14 13:08:42,346 - INFO - Found main_area using selector: #main
2025-11-14 13:08:42,346 - INFO - WhatsApp readiness probe found selectors: [('menu', 'div[aria-label="Menu"]'), ('chat_list', '#pane-side'), ('message_input', 'div[contenteditable="true"]'), ('main_area', '#main')]
2025-11-14 13:08:42,347 - INFO - WhatsApp Web interface appears ready
2025-11-14 13:09:36,030 - INFO - Attached file: D:\WorkflowAuto\Invitation\invitations\invitation_કમલેશભાઈ.pdf
2025-11-14 13:09:44,894 - INFO - Outgoing message appeared in chat
2025-11-14 13:09:45,029 - INFO - Message appeared in chat after 0.1s
2025-11-14 13:10:01,812 - INFO - ✓ Message delivery confirmed (double-tick) after 16.9s
2025-11-14 13:10:02,911 - INFO - ✓ Sent to કમલેશભાઈ
2025-11-14 13:10:05,215 - INFO - Sending 3/10: ઘુઘાભાઈ
2025-11-14 13:10:18,479 - INFO - Found menu using selector: div[aria-label="Menu"]
2025-11-14 13:10:20,545 - INFO - Found chat_list using selector: #pane-side
2025-11-14 13:10:20,596 - INFO - Found message_input using selector: div[contenteditable="true"]
2025-11-14 13:10:22,676 - INFO - Found main_area using selector: #main
2025-11-14 13:10:22,676 - INFO - WhatsApp readiness probe found selectors: [('menu', 'div[aria-label="Menu"]'), ('chat_list', '#pane-side'), ('message_input', 'div[contenteditable="true"]'), ('main_area', '#main')]
2025-11-14 13:10:22,678 - INFO - WhatsApp Web interface appears ready
2025-11-14 13:11:16,163 - INFO - Attached file: D:\WorkflowAuto\Invitation\invitations\invitation_ઘુઘાભાઈ.pdf
2025-11-14 13:11:24,747 - INFO - Outgoing message appeared in chat
2025-11-14 13:11:24,766 - INFO - Message appeared in chat after 0.0s
2025-11-14 13:13:24,907 - INFO - ✓ Single-tick verified (message sent) after 120.2s
2025-11-14 13:13:25,951 - INFO - ✓ Sent to ઘુઘાભાઈ
2025-11-14 13:13:28,148 - INFO - Sending 4/10: અરજણભાઈ જાદવ
2025-11-14 13:13:39,008 - INFO - Found menu using selector: div[aria-label="Menu"]
2025-11-14 13:13:41,085 - INFO - Found chat_list using selector: #pane-side
2025-11-14 13:13:41,117 - INFO - Found message_input using selector: div[contenteditable="true"]
2025-11-14 13:13:43,367 - INFO - Found main_area using selector: #main
2025-11-14 13:13:43,373 - INFO - WhatsApp readiness probe found selectors: [('menu', 'div[aria-label="Menu"]'), ('chat_list', '#pane-side'), ('message_input', 'div[contenteditable="true"]'), ('main_area', '#main')]
2025-11-14 13:13:43,379 - INFO - WhatsApp Web interface appears ready
2025-11-14 13:14:38,437 - INFO - Attached file: D:\WorkflowAuto\Invitation\invitations\invitation_અરજણભાઈ_જાદવ.pdf
2025-11-14 13:14:50,232 - INFO - Outgoing message appeared in chat
2025-11-14 13:14:51,202 - INFO - Message appeared in chat after 1.0s
2025-11-14 13:15:12,580 - INFO - ✓ Message delivery confirmed (double-tick) after 22.3s
2025-11-14 13:15:13,617 - INFO - ✓ Sent to અરજણભાઈ જાદવ
2025-11-14 13:15:16,174 - INFO - Sending 5/10: કાંબલીયા વજસીભાઈ
2025-11-14 13:15:27,745 - INFO - Found menu using selector: div[aria-label="Menu"]
2025-11-14 13:15:29,868 - INFO - Found chat_list using selector: #pane-side
2025-11-14 13:15:29,943 - INFO - Found message_input using selector: div[contenteditable="true"]
2025-11-14 13:15:32,010 - INFO - Found main_area using selector: #main
2025-11-14 13:15:32,010 - INFO - WhatsApp readiness probe found selectors: [('menu', 'div[aria-label="Menu"]'), ('chat_list', '#pane-side'), ('message_input', 'div[contenteditable="true"]'), ('main_area', '#main')]
2025-11-14 13:15:32,011 - INFO - WhatsApp Web interface appears ready
2025-11-14 13:16:26,599 - INFO - Attached file: D:\WorkflowAuto\Invitation\invitations\invitation_કાંબલીયા_વજસીભાઈ.pdf
2025-11-14 13:16:35,340 - INFO - Outgoing message appeared in chat
2025-11-14 13:16:35,599 - INFO - Message appeared in chat after 0.3s
2025-11-14 13:16:52,338 - INFO - ✓ Message delivery confirmed (double-tick) after 17.0s
2025-11-14 13:16:53,371 - INFO - ✓ Sent to કાંબલીયા વજસીભાઈ
2025-11-14 13:16:55,636 - INFO - Sending 6/10: લાખાભાઈ સેલરા
2025-11-14 13:17:12,823 - INFO - Found menu using selector: div[aria-label="Menu"]
2025-11-14 13:17:15,585 - INFO - Found chat_list using selector: #pane-side
2025-11-14 13:17:15,652 - INFO - Found message_input using selector: div[contenteditable="true"]
2025-11-14 13:17:18,010 - INFO - Found main_area using selector: #main
2025-11-14 13:17:18,010 - INFO - WhatsApp readiness probe found selectors: [('menu', 'div[aria-label="Menu"]'), ('chat_list', '#pane-side'), ('message_input', 'div[contenteditable="true"]'), ('main_area', '#main')]
2025-11-14 13:17:18,013 - INFO - WhatsApp Web interface appears ready
2025-11-14 13:18:18,453 - INFO - Attached file: D:\WorkflowAuto\Invitation\invitations\invitation_લાખાભાઈ_સેલરા.pdf
2025-11-14 13:18:22,909 - ERROR - Message box not found
2025-11-14 13:18:27,207 - WARNING - X Not sent to લાખાભાઈ સેલરા - 2025-11-14 13:18:22,909 - ERROR - Message box not found
2025-11-14 13:18:33,787 - INFO - Sending 7/10: વિરમબાપા જાદવ
2025-11-14 13:18:50,640 - INFO - Found menu using selector: div[aria-label="Menu"]
2025-11-14 13:18:52,916 - INFO - Found chat_list using selector: #pane-side
2025-11-14 13:18:53,176 - INFO - Found message_input using selector: div[contenteditable="true"]
2025-11-14 13:18:59,452 - INFO - WhatsApp readiness probe found selectors: [('menu', 'div[aria-label="Menu"]'), ('chat_list', '#pane-side'), ('message_input', 'div[contenteditable="true"]')]
2025-11-14 13:18:59,475 - INFO - WhatsApp Web interface appears ready
2025-11-14 13:19:39,920 - ERROR - Chat failed to load
2025-11-14 13:19:40,751 - WARNING - X Not sent to વિરમબાપા જાદવ - 2025-11-14 13:19:39,920 - ERROR - Chat failed to load
2025-11-14 13:19:43,333 - INFO - Sending 8/10: ભાદરકા કિશોરભાઈ
2025-11-14 13:20:11,066 - INFO - Found menu using selector: div[aria-label="Menu"]
2025-11-14 13:20:13,973 - INFO - Found chat_list using selector: #pane-side
2025-11-14 13:20:14,005 - INFO - Found message_input using selector: div[contenteditable="true"]
2025-11-14 13:20:16,528 - INFO - Found main_area using selector: #main
2025-11-14 13:20:16,533 - INFO - WhatsApp readiness probe found selectors: [('menu', 'div[aria-label="Menu"]'), ('chat_list', '#pane-side'), ('message_input', 'div[contenteditable="true"]'), ('main_area', '#main')]
2025-11-14 13:20:16,541 - INFO - WhatsApp Web interface appears ready
2025-11-14 13:21:10,517 - INFO - Attached file: D:\WorkflowAuto\Invitation\invitations\invitation_ભાદરકા_કિશોરભાઈ.pdf
2025-11-14 13:21:19,590 - INFO - Outgoing message appeared in chat
2025-11-14 13:21:20,174 - INFO - Message appeared in chat after 0.6s
2025-11-14 13:23:20,893 - INFO - ✓ Single-tick verified (message sent) after 121.2s
2025-11-14 13:23:22,559 - INFO - ✓ Sent to ભાદરકા કિશોરભાઈ
2025-11-14 13:23:25,971 - INFO - Sending 9/10: ખમલ ભરતભાઈ
2025-11-14 13:23:45,302 - INFO - Found menu using selector: div[aria-label="Menu"]
2025-11-14 13:23:48,449 - INFO - Found chat_list using selector: #pane-side
2025-11-14 13:23:48,811 - INFO - Found message_input using selector: div[contenteditable="true"]
2025-11-14 13:23:50,903 - INFO - Found main_area using selector: #main
2025-11-14 13:23:50,905 - INFO - WhatsApp readiness probe found selectors: [('menu', 'div[aria-label="Menu"]'), ('chat_list', '#pane-side'), ('message_input', 'div[contenteditable="true"]'), ('main_area', '#main')]
2025-11-14 13:23:50,906 - INFO - WhatsApp Web interface appears ready
2025-11-14 13:24:48,035 - INFO - Attached file: D:\WorkflowAuto\Invitation\invitations\invitation_ખમલ_ભરતભાઈ.pdf
2025-11-14 13:24:57,582 - INFO - Outgoing message appeared in chat
2025-11-14 13:24:57,846 - INFO - Message appeared in chat after 0.3s
2025-11-14 13:25:20,765 - INFO - ✓ Message delivery confirmed (double-tick) after 23.2s
2025-11-14 13:25:21,865 - INFO - ✓ Sent to ખમલ ભરતભાઈ
2025-11-14 13:25:24,373 - INFO - Sending 10/10: ખમલ ભરતભાઈ
2025-11-14 13:25:42,323 - INFO - Found menu using selector: div[aria-label="Menu"]
2025-11-14 13:25:44,910 - INFO - Found chat_list using selector: #pane-side
2025-11-14 13:25:45,561 - INFO - Found message_input using selector: div[contenteditable="true"]
2025-11-14 13:25:48,144 - INFO - Found main_area using selector: #main
2025-11-14 13:25:48,151 - INFO - WhatsApp readiness probe found selectors: [('menu', 'div[aria-label="Menu"]'), ('chat_list', '#pane-side'), ('message_input', 'div[contenteditable="true"]'), ('main_area', '#main')]
2025-11-14 13:25:48,160 - INFO - WhatsApp Web interface appears ready
2025-11-14 13:26:45,031 - INFO - Attached file: D:\WorkflowAuto\Invitation\invitations\invitation_ખમલ_ભરતભાઈ.pdf
2025-11-14 13:26:54,998 - INFO - Outgoing message appeared in chat
2025-11-14 13:26:55,577 - INFO - Message appeared in chat after 0.6s
2025-11-14 13:28:26,227 - INFO - ✓ Message delivery confirmed (double-tick) after 91.2s
2025-11-14 13:28:27,289 - INFO - ✓ Sent to ખમલ ભરતભાઈ
2025-11-14 13:28:29,653 - INFO - Completed sending: 8/10 sent
2025-11-14 13:35:55,387 - INFO - Starting WebDriver initialization...
2025-11-14 13:35:55,388 - INFO - Attempting to get ChromeDriver (attempt 1/3)...
2025-11-14 13:36:03,736 - INFO - ChromeDriver obtained: C:\Users\Plutomen Tech1\.wdm\drivers\chromedriver\win64\142.0.7444.162\chromedriver-win32/chromedriver.exe
2025-11-14 13:36:03,782 - INFO - ChromeDriver file size: 17272320 bytes
2025-11-14 13:36:03,794 - INFO - Creating ChromeDriver service...
2025-11-14 13:36:03,800 - INFO - Initializing WebDriver...
2025-11-14 13:36:12,964 - INFO - Chrome browser launched successfully
2025-11-14 13:36:18,005 - INFO - Browser window maximized
2025-11-14 13:36:18,005 - INFO - Loading WhatsApp Web...
2025-11-14 13:36:21,052 - INFO - Checking WhatsApp Web status (attempt 1/3)...
2025-11-14 13:36:39,931 - INFO - Found menu using selector: div[aria-label="Menu"]
2025-11-14 13:36:42,926 - INFO - Found chat_list using selector: #pane-side
2025-11-14 13:36:43,045 - INFO - Found message_input using selector: div[contenteditable="true"]
2025-11-14 13:36:45,780 - INFO - Found main_area using selector: #main
2025-11-14 13:36:45,782 - INFO - WhatsApp readiness probe found selectors: [('menu', 'div[aria-label="Menu"]'), ('chat_list', '#pane-side'), ('message_input', 'div[contenteditable="true"]'), ('main_area', '#main')]
2025-11-14 13:36:45,785 - INFO - WhatsApp Web interface appears ready
2025-11-14 13:36:45,788 - INFO - WhatsApp Web loaded successfully after 24s
2025-11-14 13:36:58,998 - INFO - Starting to send existing invitations to 2 contacts...
2025-11-14 13:36:59,375 - INFO - Sending 1/2: લાખાભાઈ સેલરા
2025-11-14 13:37:36,713 - INFO - Found menu using selector: div[aria-label="Menu"]
2025-11-14 13:37:41,477 - INFO - Found chat_list using selector: #pane-side
2025-11-14 13:37:43,497 - INFO - Found message_input using selector: div[contenteditable="true"]
2025-11-14 13:37:46,781 - INFO - Found main_area using selector: #main
2025-11-14 13:37:46,786 - INFO - WhatsApp readiness probe found selectors: [('menu', 'div[aria-label="Menu"]'), ('chat_list', '#pane-side'), ('message_input', 'div[contenteditable="true"]'), ('main_area', '#main')]
2025-11-14 13:37:46,795 - INFO - WhatsApp Web interface appears ready
2025-11-14 13:38:43,542 - INFO - Attached file: D:\WorkflowAuto\Invitation\invitations\invitation_લાખાભાઈ_સેલરા.pdf
2025-11-14 13:38:54,772 - INFO - Outgoing message appeared in chat
2025-11-14 13:38:55,012 - INFO - Message appeared in chat after 0.2s
2025-11-14 13:39:15,844 - INFO - ✓ Message delivery confirmed (double-tick) after 21.1s
2025-11-14 13:39:17,340 - INFO - ✓ Sent to લાખાભાઈ સેલરા
2025-11-14 13:39:20,725 - INFO - Sending 2/2: વિરમબાપા જાદવ
2025-11-14 13:39:37,938 - INFO - Found menu using selector: div[aria-label="Menu"]
2025-11-14 13:39:40,490 - INFO - Found chat_list using selector: #pane-side
2025-11-14 13:39:40,879 - INFO - Found message_input using selector: div[contenteditable="true"]
2025-11-14 13:39:47,285 - INFO - WhatsApp readiness probe found selectors: [('menu', 'div[aria-label="Menu"]'), ('chat_list', '#pane-side'), ('message_input', 'div[contenteditable="true"]')]
2025-11-14 13:39:47,288 - INFO - WhatsApp Web interface appears ready
2025-11-14 13:40:28,051 - ERROR - Chat failed to load
2025-11-14 13:40:28,365 - WARNING - X Not sent to વિરમબાપા જાદવ - 2025-11-14 13:40:28,051 - ERROR - Chat failed to load
2025-11-14 13:40:30,747 - INFO - Completed sending: 1/2 sent
2025-11-14 13:44:32,427 - INFO - Starting WebDriver initialization...
2025-11-14 13:44:32,443 - INFO - Attempting to get ChromeDriver (attempt 1/3)...
2025-11-14 13:44:35,473 - INFO - ChromeDriver obtained: C:\Users\Plutomen Tech1\.wdm\drivers\chromedriver\win64\142.0.7444.162\chromedriver-win32/chromedriver.exe
2025-11-14 13:44:35,474 - INFO - ChromeDriver file size: 17272320 bytes
2025-11-14 13:44:35,474 - INFO - Creating ChromeDriver service...
2025-11-14 13:44:35,475 - INFO - Initializing WebDriver...
2025-11-14 13:44:39,891 - INFO - Chrome browser launched successfully
2025-11-14 13:44:44,920 - INFO - Browser window maximized
2025-11-14 13:44:44,921 - INFO - Loading WhatsApp Web...
2025-11-14 13:44:50,041 - INFO - Checking WhatsApp Web status (attempt 1/3)...
2025-11-14 13:45:00,225 - INFO - Found menu using selector: div[aria-label="Menu"]
2025-11-14 13:45:02,375 - INFO - Found chat_list using selector: #pane-side
2025-11-14 13:45:02,404 - INFO - Found message_input using selector: div[contenteditable="true"]
2025-11-14 13:45:04,573 - INFO - Found main_area using selector: #main
2025-11-14 13:45:04,573 - INFO - WhatsApp readiness probe found selectors: [('menu', 'div[aria-label="Menu"]'), ('chat_list', '#pane-side'), ('message_input', 'div[contenteditable="true"]'), ('main_area', '#main')]
2025-11-14 13:45:04,574 - INFO - WhatsApp Web interface appears ready
2025-11-14 13:45:04,575 - INFO - WhatsApp Web loaded successfully after 14s
2025-11-14 13:45:06,920 - INFO - Starting to send existing invitations to 1 contacts...
2025-11-14 13:45:06,935 - INFO - Sending 1/1: વિરમબાપા જાદવ
2025-11-14 13:45:17,754 - INFO - Found menu using selector: div[aria-label="Menu"]
2025-11-14 13:45:19,999 - INFO - Found chat_list using selector: #pane-side
2025-11-14 13:45:20,073 - INFO - Found message_input using selector: div[contenteditable="true"]
2025-11-14 13:45:26,598 - INFO - WhatsApp readiness probe found selectors: [('menu', 'div[aria-label="Menu"]'), ('chat_list', '#pane-side'), ('message_input', 'div[contenteditable="true"]')]
2025-11-14 13:45:26,599 - INFO - WhatsApp Web interface appears ready
2025-11-14 13:46:06,738 - ERROR - Chat failed to load
2025-11-14 13:46:06,970 - WARNING - X Not sent to વિરમબાપા જાદવ - 2025-11-14 13:46:06,738 - ERROR - Chat failed to load
2025-11-14 13:46:09,706 - INFO - Completed sending: 0/1 sent
2025-11-14 13:47:29,513 - INFO - Starting WebDriver initialization...
2025-11-14 13:47:29,513 - INFO - Attempting to get ChromeDriver (attempt 1/3)...
2025-11-14 13:47:32,589 - INFO - ChromeDriver obtained: C:\Users\Plutomen Tech1\.wdm\drivers\chromedriver\win64\142.0.7444.162\chromedriver-win32/chromedriver.exe
2025-11-14 13:47:32,590 - INFO - ChromeDriver file size: 17272320 bytes
2025-11-14 13:47:32,590 - INFO - Creating ChromeDriver service...
2025-11-14 13:47:32,591 - INFO - Initializing WebDriver...
2025-11-14 13:47:34,595 - INFO - Chrome browser launched successfully
2025-11-14 13:47:39,634 - INFO - Browser window maximized
2025-11-14 13:47:39,635 - INFO - Loading WhatsApp Web...
2025-11-14 13:47:41,813 - INFO - Checking WhatsApp Web status (attempt 1/3)...
2025-11-14 13:48:01,546 - INFO - Found menu using selector: div[aria-label="Menu"]
2025-11-14 13:48:10,949 - INFO - Found chat_list using selector: #pane-side
2025-11-14 13:48:11,493 - INFO - Found message_input using selector: div[contenteditable="true"]
2025-11-14 13:48:13,563 - INFO - Found main_area using selector: #main
2025-11-14 13:48:13,563 - INFO - WhatsApp readiness probe found selectors: [('menu', 'div[aria-label="Menu"]'), ('chat_list', '#pane-side'), ('message_input', 'div[contenteditable="true"]'), ('main_area', '#main')]
2025-11-14 13:48:13,564 - INFO - WhatsApp Web interface appears ready
2025-11-14 13:48:13,565 - INFO - WhatsApp Web loaded successfully after 31s
2025-11-14 13:48:15,590 - INFO - Starting to send existing invitations to 1 contacts...
2025-11-14 13:48:15,592 - INFO - Sending 1/1: વિરમબાપા જાદવ
2025-11-14 13:48:38,226 - INFO - Found menu using selector: div[aria-label="Menu"]
2025-11-14 13:48:41,128 - INFO - Found chat_list using selector: #pane-side
2025-11-14 13:48:41,730 - INFO - Found message_input using selector: div[contenteditable="true"]
2025-11-14 13:48:49,631 - INFO - WhatsApp readiness probe found selectors: [('menu', 'div[aria-label="Menu"]'), ('chat_list', '#pane-side'), ('message_input', 'div[contenteditable="true"]')]
2025-11-14 13:48:49,636 - INFO - WhatsApp Web interface appears ready
2025-11-14 13:49:30,298 - ERROR - Chat failed to load
2025-11-14 13:49:30,413 - WARNING - X Not sent to વિરમબાપા જાદવ - 2025-11-14 13:49:30,298 - ERROR - Chat failed to load
2025-11-14 13:49:32,974 - INFO - Completed sending: 0/1 sent
2025-11-25 10:47:59,832 - INFO - Starting creation of invitations for 5 contacts...
2025-11-25 10:48:02,728 - INFO - Created PDF for કેતનભાઈ સુવા
2025-11-25 10:48:05,854 - INFO - Created PDF for પરેશભાઈ સુવા
2025-11-25 10:48:08,677 - INFO - Created PDF for વિનુભાઈ ચંદ્રવાડિયા
2025-11-25 10:48:11,752 - INFO - Created PDF for કિશોરભાઈ ચંદ્રવાડિયા
2025-11-25 10:48:17,947 - INFO - Created PDF for રામદેભાઈ ડાંગર
2025-11-25 10:57:46,734 - INFO - Attempting to close existing Chrome processes...
2025-11-25 10:57:49,245 - INFO - Starting WebDriver initialization...
2025-11-25 10:57:49,246 - INFO - Attempting to get ChromeDriver (attempt 1/3)...
2025-11-25 10:57:56,170 - INFO - ChromeDriver obtained: C:\Users\Plutomen Tech1\.wdm\drivers\chromedriver\win64\142.0.7444.175\chromedriver-win32/chromedriver.exe
2025-11-25 10:57:56,171 - INFO - ChromeDriver file size: 17272320 bytes
2025-11-25 10:57:56,171 - INFO - Creating ChromeDriver service...
2025-11-25 10:57:56,171 - INFO - Initializing WebDriver...
2025-11-25 10:58:00,475 - INFO - Chrome browser launched successfully
2025-11-25 10:58:05,495 - INFO - Browser window maximized
2025-11-25 10:58:05,496 - INFO - Loading WhatsApp Web...
2025-11-25 10:58:10,292 - INFO - Checking WhatsApp Web status (attempt 1/3)...
2025-11-25 10:58:25,113 - INFO - Found chat_list using selector: #pane-side
2025-11-25 10:58:25,487 - INFO - Found message_input using selector: div[contenteditable="true"]
2025-11-25 10:58:27,677 - INFO - Found main_area using selector: #main
2025-11-25 10:58:27,678 - INFO - WhatsApp readiness probe found selectors: [('chat_list', '#pane-side'), ('message_input', 'div[contenteditable="true"]'), ('main_area', '#main')]
2025-11-25 10:58:27,678 - INFO - WhatsApp Web interface appears ready
2025-11-25 10:58:27,681 - INFO - WhatsApp Web loaded successfully after 17s
2025-11-25 10:58:29,109 - INFO - Starting to send existing invitations to 5 contacts...
2025-11-25 10:58:29,111 - INFO - Sending 1/5: કેતનભાઈ સુવા
2025-11-25 10:58:44,421 - INFO - Found chat_list using selector: #pane-side
2025-11-25 10:58:44,446 - INFO - Found message_input using selector: div[contenteditable="true"]
2025-11-25 10:58:46,601 - INFO - Found main_area using selector: #main
2025-11-25 10:58:46,602 - INFO - WhatsApp readiness probe found selectors: [('chat_list', '#pane-side'), ('message_input', 'div[contenteditable="true"]'), ('main_area', '#main')]
2025-11-25 10:58:46,602 - INFO - WhatsApp Web interface appears ready
2025-11-25 10:59:41,386 - INFO - Attached file: D:\WorkflowAuto\Invitation\invitations\invitation_કેતનભાઈ_સુવા.pdf
2025-11-25 10:59:44,486 - ERROR - Message box not found
2025-11-25 10:59:44,551 - WARNING - X Not sent to કેતનભાઈ સુવા - 2025-11-25 10:59:44,486 - ERROR - Message box not found
2025-11-25 10:59:44,664 - WARNING - Permission denied saving contacts.xlsx; saving statuses to contacts_with_status_1764048584.xlsx instead
2025-11-25 10:59:46,666 - INFO - Sending 2/5: પરેશભાઈ સુવા
2025-11-25 10:59:59,164 - INFO - Found chat_list using selector: #pane-side
2025-11-25 10:59:59,198 - INFO - Found message_input using selector: div[contenteditable="true"]
2025-11-25 11:00:01,325 - INFO - Found main_area using selector: #main
2025-11-25 11:00:01,326 - INFO - WhatsApp readiness probe found selectors: [('chat_list', '#pane-side'), ('message_input', 'div[contenteditable="true"]'), ('main_area', '#main')]
2025-11-25 11:00:01,326 - INFO - WhatsApp Web interface appears ready
